contrast,predicted_pixel_index,mean_cumulative_bits_per_image
A10_minus_A00,1,0.0
A10_minus_A00,2,-4.702813088031362e-10
A10_minus_A00,3,-1.1106162213257378e-09
A10_minus_A00,4,-2.538402894319986e-09
A10_minus_A00,5,-4.486561831521208e-09
A10_minus_A00,6,-2.18330019713775e-09
A10_minus_A00,7,4.926580229722125e-09
A10_minus_A00,8,1.4481671507051427e-08
A10_minus_A00,9,1.870703503598718e-08
A10_minus_A00,10,2.123940951273109e-08
A10_minus_A00,11,1.91596576193931e-08
A10_minus_A00,12,2.0042268820011148e-08
A10_minus_A00,13,1.6529417516447058e-08
A10_minus_A00,14,1.061177067676543e-08
A10_minus_A00,15,2.1125573035207784e-09
A10_minus_A00,16,-9.7735128740147e-09
A10_minus_A00,17,-1.6397657126199266e-08
A10_minus_A00,18,-1.9487629603241936e-08
A10_minus_A00,19,-2.2023568158600044e-08
A10_minus_A00,20,-2.5017035438730283e-08
A10_minus_A00,21,-2.693735835925706e-08
A10_minus_A00,22,-3.228911123602455e-08
A10_minus_A00,23,-3.511313277681739e-08
A10_minus_A00,24,-3.793039388755513e-08
A10_minus_A00,25,-4.707782841938971e-08
A10_minus_A00,26,-6.196622694134211e-08
A10_minus_A00,27,-8.155737147151766e-08
A10_minus_A00,28,-1.0655876648682212e-07
A10_minus_A00,29,-1.378264876909483e-07
A10_minus_A00,30,-1.726851223294312e-07
A10_minus_A00,31,-2.928097238287434e-07
A10_minus_A00,32,-5.930935962322855e-07
A10_minus_A00,33,-1.3038074619449133e-06
A10_minus_A00,34,-2.7645912990754385e-06
A10_minus_A00,35,-4.880814704468024e-06
A10_minus_A00,36,-6.508950525788162e-06
A10_minus_A00,37,-5.357316150168294e-06
A10_minus_A00,38,-4.093501433620469e-06
A10_minus_A00,39,-2.4638006941085517e-06
A10_minus_A00,40,-8.875616771786176e-07
A10_minus_A00,41,4.83142716255638e-07
A10_minus_A00,42,1.7322080436903037e-06
A10_minus_A00,43,2.8093293397998957e-06
A10_minus_A00,44,3.7076347532590015e-06
A10_minus_A00,45,4.503027936332905e-06
A10_minus_A00,46,5.147367617828051e-06
A10_minus_A00,47,5.578384662974984e-06
A10_minus_A00,48,5.8409408998270325e-06
A10_minus_A00,49,5.90953355140693e-06
A10_minus_A00,50,5.892402796020267e-06
A10_minus_A00,51,5.888993987922467e-06
A10_minus_A00,52,5.90389640660993e-06
A10_minus_A00,53,5.926460904963315e-06
A10_minus_A00,54,5.957597808243043e-06
A10_minus_A00,55,6.000074427801386e-06
A10_minus_A00,56,6.052894891587817e-06
A10_minus_A00,57,6.118619753384406e-06
A10_minus_A00,58,6.190569333012612e-06
A10_minus_A00,59,6.264291111457098e-06
A10_minus_A00,60,1.894596080134136e-06
A10_minus_A00,61,-3.986597014779031e-06
A10_minus_A00,62,-1.1846260776670001e-05
A10_minus_A00,63,-2.2944052364315113e-05
A10_minus_A00,64,-5.011032452432029e-05
A10_minus_A00,65,-0.00013414510059859685
A10_minus_A00,66,0.0008372521103615386
A10_minus_A00,67,-0.0006373093720949791
A10_minus_A00,68,-0.00037630232328193455
A10_minus_A00,69,-0.0009461695841694751
A10_minus_A00,70,-0.00011325469694582391
A10_minus_A00,71,-0.0009414209134902444
A10_minus_A00,72,-0.002044536468024279
A10_minus_A00,73,-0.002018978370106994
A10_minus_A00,74,-0.0014144361051770722
A10_minus_A00,75,-0.0018460245249365959
A10_minus_A00,76,-0.0005509269045946561
A10_minus_A00,77,-0.0005108415114291615
A10_minus_A00,78,-0.0005116472931770569
A10_minus_A00,79,-0.000511862408925234
A10_minus_A00,80,-0.0005121342842510871
A10_minus_A00,81,-0.0005124250546719793
A10_minus_A00,82,-0.0005127427235485807
A10_minus_A00,83,-0.0005130966613997791
A10_minus_A00,84,-0.0005135429423308215
A10_minus_A00,85,-0.0005140284565215319
A10_minus_A00,86,-0.0005159273496064456
A10_minus_A00,87,-0.0005179737334645596
A10_minus_A00,88,-0.000522731279296417
A10_minus_A00,89,-0.0005448891926575651
A10_minus_A00,90,-0.0005894599708945478
A10_minus_A00,91,-0.0006310838962228878
A10_minus_A00,92,-0.0006090580795030363
A10_minus_A00,93,-0.002262153008621242
A10_minus_A00,94,-0.002406828163742097
A10_minus_A00,95,0.0020496296761869696
A10_minus_A00,96,0.0007471894332688688
A10_minus_A00,97,0.0007553474611577302
A10_minus_A00,98,0.0006315209528744497
A10_minus_A00,99,-0.0015249131888864765
A10_minus_A00,100,0.0008093449222805536
A10_minus_A00,101,0.0005809522522339395
A10_minus_A00,102,0.0014445906366234284
A10_minus_A00,103,-0.004342221207716409
A10_minus_A00,104,-0.0041864636436277775
A10_minus_A00,105,-0.004185232836927423
A10_minus_A00,106,-0.004183933593220707
A10_minus_A00,107,-0.004185591945167767
A10_minus_A00,108,-0.004186294378890634
A10_minus_A00,109,-0.004186705801488775
A10_minus_A00,110,-0.004187140866309031
A10_minus_A00,111,-0.004187613603973529
A10_minus_A00,112,-0.004187925168239323
A10_minus_A00,113,-0.00418847100455541
A10_minus_A00,114,-0.004189472256065071
A10_minus_A00,115,-0.004193518301021291
A10_minus_A00,116,-0.004237286191480395
A10_minus_A00,117,-0.004222959445017751
A10_minus_A00,118,-0.00425733821280382
A10_minus_A00,119,-0.0043347089431813495
A10_minus_A00,120,-0.003821058585050275
A10_minus_A00,121,0.007053869625424081
A10_minus_A00,122,0.006316236425731168
A10_minus_A00,123,0.00646360428981802
A10_minus_A00,124,0.006100121909196251
A10_minus_A00,125,0.01205148597908762
A10_minus_A00,126,0.021534435806179916
A10_minus_A00,127,0.0023924278709517993
A10_minus_A00,128,0.001375056075709558
A10_minus_A00,129,0.0066473477774201106
A10_minus_A00,130,0.010527938711359382
A10_minus_A00,131,0.0196177853206802
A10_minus_A00,132,0.021491610924134517
A10_minus_A00,133,0.015780769193148733
A10_minus_A00,134,0.010496848607922209
A10_minus_A00,135,0.010701062546941368
A10_minus_A00,136,0.010696272404390044
A10_minus_A00,137,0.010693244894361143
A10_minus_A00,138,0.010690371541974535
A10_minus_A00,139,0.010688372405212825
A10_minus_A00,140,0.010686250603163455
A10_minus_A00,141,0.01068504710159983
A10_minus_A00,142,0.010681280449291036
A10_minus_A00,143,0.010672496745983626
A10_minus_A00,144,0.01062232936584735
A10_minus_A00,145,0.010613518588799041
A10_minus_A00,146,0.011245178102230798
A10_minus_A00,147,0.012210159040254347
A10_minus_A00,148,0.01114731869019007
A10_minus_A00,149,0.01953046641259042
A10_minus_A00,150,0.02034471770435399
A10_minus_A00,151,0.024164172461665342
A10_minus_A00,152,0.030729314487901248
A10_minus_A00,153,0.02327498284520263
A10_minus_A00,154,0.02597279573399328
A10_minus_A00,155,0.03705883336811245
A10_minus_A00,156,0.04078958084995148
A10_minus_A00,157,0.08915604066981313
A10_minus_A00,158,0.08382530327242109
A10_minus_A00,159,0.08698673977411134
A10_minus_A00,160,0.0857803175135935
A10_minus_A00,161,0.08463330101726275
A10_minus_A00,162,0.08194192418332802
A10_minus_A00,163,0.08448255755352606
A10_minus_A00,164,0.08447833593568208
A10_minus_A00,165,0.08447105049380849
A10_minus_A00,166,0.0844674623561804
A10_minus_A00,167,0.0844642187765849
A10_minus_A00,168,0.08446105908121543
A10_minus_A00,169,0.08445789521618388
A10_minus_A00,170,0.08444939701288409
A10_minus_A00,171,0.08441431969338409
A10_minus_A00,172,0.08449069632660196
A10_minus_A00,173,0.08646573339361635
A10_minus_A00,174,0.08921578443089771
A10_minus_A00,175,0.06880563607847957
A10_minus_A00,176,0.07252604059712617
A10_minus_A00,177,0.07563976583343691
A10_minus_A00,178,0.08093345471754128
A10_minus_A00,179,0.07037233897098438
A10_minus_A00,180,0.05418540277952599
A10_minus_A00,181,0.025840587396141836
A10_minus_A00,182,0.024547669077806932
A10_minus_A00,183,0.006241380709930074
A10_minus_A00,184,0.009373080681057763
A10_minus_A00,185,0.015049273850921899
A10_minus_A00,186,0.0014290071148509284
A10_minus_A00,187,0.021108786841862157
A10_minus_A00,188,0.014794028109336483
A10_minus_A00,189,0.024381880188522317
A10_minus_A00,190,0.024830533594057947
A10_minus_A00,191,0.02517132475742238
A10_minus_A00,192,0.025139894512582906
A10_minus_A00,193,0.025133223186781357
A10_minus_A00,194,0.025127829956250073
A10_minus_A00,195,0.025123589078455345
A10_minus_A00,196,0.025116047503522525
A10_minus_A00,197,0.025089894077362496
A10_minus_A00,198,0.024977920089143665
A10_minus_A00,199,0.02464227294425776
A10_minus_A00,200,0.0244720616186364
A10_minus_A00,201,0.029833680931855802
A10_minus_A00,202,0.028339009422800897
A10_minus_A00,203,0.04249310169521883
A10_minus_A00,204,0.0544338766065334
A10_minus_A00,205,0.05874856201454351
A10_minus_A00,206,0.044883946488194465
A10_minus_A00,207,-0.1014273021291425
A10_minus_A00,208,-0.115357172568205
A10_minus_A00,209,-0.17038757276366107
A10_minus_A00,210,-0.1616849943127517
A10_minus_A00,211,-0.12958946124895895
A10_minus_A00,212,-0.14792624685914268
A10_minus_A00,213,-0.16408317917551266
A10_minus_A00,214,-0.14307985654101202
A10_minus_A00,215,-0.12406059209531753
A10_minus_A00,216,-0.1210808712656311
A10_minus_A00,217,-0.1214608934926205
A10_minus_A00,218,-0.1181239200560404
A10_minus_A00,219,-0.12222196386410183
A10_minus_A00,220,-0.12247510337521564
A10_minus_A00,221,-0.12247969291960607
A10_minus_A00,222,-0.1224822082425754
A10_minus_A00,223,-0.1224843696435918
A10_minus_A00,224,-0.1224867706776218
A10_minus_A00,225,-0.12248475099210894
A10_minus_A00,226,-0.12252886617800116
A10_minus_A00,227,-0.12331236325793553
A10_minus_A00,228,-0.1337694979192788
A10_minus_A00,229,-0.11384421915494403
A10_minus_A00,230,-0.1229714202157753
A10_minus_A00,231,-0.12468916372360611
A10_minus_A00,232,-0.09766364123470979
A10_minus_A00,233,-0.09632800011180381
A10_minus_A00,234,-0.10320023032200812
A10_minus_A00,235,-0.10860409120811684
A10_minus_A00,236,-0.09255770643392032
A10_minus_A00,237,-0.14577765880462257
A10_minus_A00,238,-0.14218949317354404
A10_minus_A00,239,-0.15337186336827566
A10_minus_A00,240,-0.16100906875473178
A10_minus_A00,241,-0.15807992760788644
A10_minus_A00,242,-0.09588682908232993
A10_minus_A00,243,-0.08406216988298168
A10_minus_A00,244,-0.11940759854052897
A10_minus_A00,245,-0.1084238820303852
A10_minus_A00,246,-0.1125157582665959
A10_minus_A00,247,-0.11366582512161615
A10_minus_A00,248,-0.11114647574886949
A10_minus_A00,249,-0.11115585594038711
A10_minus_A00,250,-0.11115780407067583
A10_minus_A00,251,-0.1111592410393363
A10_minus_A00,252,-0.11116070223411177
A10_minus_A00,253,-0.11116278212290036
A10_minus_A00,254,-0.11116406077349163
A10_minus_A00,255,-0.11122816154411247
A10_minus_A00,256,-0.10823779831242393
A10_minus_A00,257,-0.10285678684189802
A10_minus_A00,258,-0.08807001729877469
A10_minus_A00,259,-0.12220865274635506
A10_minus_A00,260,-0.09682908486272544
A10_minus_A00,261,-0.13824584824308364
A10_minus_A00,262,-0.13195252624130754
A10_minus_A00,263,-0.14059214198569214
A10_minus_A00,264,-0.12178312210610998
A10_minus_A00,265,-0.15984719913626988
A10_minus_A00,266,-0.14790482692089799
A10_minus_A00,267,-0.15389028904509666
A10_minus_A00,268,-0.1846603909642296
A10_minus_A00,269,-0.13253519255430923
A10_minus_A00,270,-0.10170214000939216
A10_minus_A00,271,-0.11247500181800367
A10_minus_A00,272,-0.10632396247719886
A10_minus_A00,273,-0.09907639891033372
A10_minus_A00,274,-0.09629537066239004
A10_minus_A00,275,-0.09347642769400316
A10_minus_A00,276,-0.10532281616130791
A10_minus_A00,277,-0.10532577855814994
A10_minus_A00,278,-0.10532694035818253
A10_minus_A00,279,-0.1053278945062896
A10_minus_A00,280,-0.10532888238646756
A10_minus_A00,281,-0.10533005536646131
A10_minus_A00,282,-0.1053317078111348
A10_minus_A00,283,-0.1053966829137611
A10_minus_A00,284,-0.09519697971264163
A10_minus_A00,285,-0.10478425030873537
A10_minus_A00,286,-0.10227781768544802
A10_minus_A00,287,-0.1268852610037341
A10_minus_A00,288,-0.13107477389733968
A10_minus_A00,289,-0.13531302296369194
A10_minus_A00,290,-0.12010584415414456
A10_minus_A00,291,-0.14346055767340102
A10_minus_A00,292,-0.23096234770073745
A10_minus_A00,293,-0.2674107479674139
A10_minus_A00,294,-0.2893831069729298
A10_minus_A00,295,-0.27282144452630175
A10_minus_A00,296,-0.23641575583009194
A10_minus_A00,297,-0.14516738257896764
A10_minus_A00,298,-0.12980577214763184
A10_minus_A00,299,-0.12034343094661841
A10_minus_A00,300,-0.11915383804364554
A10_minus_A00,301,-0.12072213428326367
A10_minus_A00,302,-0.11200136523580431
A10_minus_A00,303,-0.11564183614248426
A10_minus_A00,304,-0.11565006577039233
A10_minus_A00,305,-0.11565228287206156
A10_minus_A00,306,-0.11565322568494982
A10_minus_A00,307,-0.11565401155594003
A10_minus_A00,308,-0.11565483500729128
A10_minus_A00,309,-0.11565617113478051
A10_minus_A00,310,-0.11565805896351974
A10_minus_A00,311,-0.11677898627880119
A10_minus_A00,312,-0.1160071717727387
A10_minus_A00,313,-0.11663540298075843
A10_minus_A00,314,-0.13729399209396953
A10_minus_A00,315,-0.1310739619040514
A10_minus_A00,316,-0.12433887081037429
A10_minus_A00,317,-0.14343485042721538
A10_minus_A00,318,-0.13385734367899454
A10_minus_A00,319,-0.13355783599253995
A10_minus_A00,320,-0.10068658499263938
A10_minus_A00,321,-0.09923052943110915
A10_minus_A00,322,-0.11042102975006579
A10_minus_A00,323,-0.12120341893548198
A10_minus_A00,324,-0.13566622813101437
A10_minus_A00,325,-0.11366311241852618
A10_minus_A00,326,-0.17201390505730385
A10_minus_A00,327,-0.1541684509782465
A10_minus_A00,328,-0.162094918604774
A10_minus_A00,329,-0.15493567025525287
A10_minus_A00,330,-0.1488034852249485
A10_minus_A00,331,-0.1050055501452482
A10_minus_A00,332,-0.1050094816955271
A10_minus_A00,333,-0.10501373723197754
A10_minus_A00,334,-0.10501500494212565
A10_minus_A00,335,-0.10501620029397996
A10_minus_A00,336,-0.1050173218367766
A10_minus_A00,337,-0.10501864359860622
A10_minus_A00,338,-0.10502135134809915
A10_minus_A00,339,-0.10488461110700806
A10_minus_A00,340,-0.10401859931639582
A10_minus_A00,341,-0.13611606717812766
A10_minus_A00,342,-0.0916798254250557
A10_minus_A00,343,-0.08940212495178829
A10_minus_A00,344,-0.06334778228308803
A10_minus_A00,345,-0.052457540616314184
A10_minus_A00,346,-0.0821271676715644
A10_minus_A00,347,-0.08420449082594733
A10_minus_A00,348,-0.10102313955367608
A10_minus_A00,349,-0.07012046321800479
A10_minus_A00,350,-0.06682389356655746
A10_minus_A00,351,-0.05457418867245599
A10_minus_A00,352,-0.03662904576684624
A10_minus_A00,353,0.004590539030214189
A10_minus_A00,354,-0.07970817986280576
A10_minus_A00,355,-0.12095663505716252
A10_minus_A00,356,-0.13717810451996743
A10_minus_A00,357,-0.1578795320054706
A10_minus_A00,358,-0.1688435671445319
A10_minus_A00,359,-0.164909050423728
A10_minus_A00,360,-0.164914801251429
A10_minus_A00,361,-0.16491775820505594
A10_minus_A00,362,-0.16491886556367458
A10_minus_A00,363,-0.16491945969230504
A10_minus_A00,364,-0.16492000389547076
A10_minus_A00,365,-0.1649205739948451
A10_minus_A00,366,-0.16492127015507407
A10_minus_A00,367,-0.1642282718978243
A10_minus_A00,368,-0.15474820057284994
A10_minus_A00,369,-0.13602320251303734
A10_minus_A00,370,-0.12800148168405098
A10_minus_A00,371,-0.18201793161924065
A10_minus_A00,372,-0.1942434624852201
A10_minus_A00,373,-0.1722311746788936
A10_minus_A00,374,-0.2224717716946915
A10_minus_A00,375,-0.2189862574165767
A10_minus_A00,376,-0.21197188239396408
A10_minus_A00,377,-0.24787471412619247
A10_minus_A00,378,-0.23436939608408636
A10_minus_A00,379,-0.24565228964610947
A10_minus_A00,380,-0.2509027355053906
A10_minus_A00,381,-0.22917067911307742
A10_minus_A00,382,-0.23538084222731567
A10_minus_A00,383,-0.2600465465145869
A10_minus_A00,384,-0.32966816618678496
A10_minus_A00,385,-0.32316396834052724
A10_minus_A00,386,-0.32896669539235845
A10_minus_A00,387,-0.3057933454785002
A10_minus_A00,388,-0.30929703377302176
A10_minus_A00,389,-0.3116943062358868
A10_minus_A00,390,-0.31171870764247006
A10_minus_A00,391,-0.3117197948715817
A10_minus_A00,392,-0.31172048776526096
A10_minus_A00,393,-0.3117212497471706
A10_minus_A00,394,-0.311723000073982
A10_minus_A00,395,-0.31070310897602
A10_minus_A00,396,-0.30637697208582926
A10_minus_A00,397,-0.30731026571633807
A10_minus_A00,398,-0.3011083570862151
A10_minus_A00,399,-0.3172127531516532
A10_minus_A00,400,-0.3091205760224038
A10_minus_A00,401,-0.3535014861714298
A10_minus_A00,402,-0.36995034831959944
A10_minus_A00,403,-0.3700786668786086
A10_minus_A00,404,-0.379886771658029
A10_minus_A00,405,-0.33582017586068164
A10_minus_A00,406,-0.3157113064047798
A10_minus_A00,407,-0.3149553561201678
A10_minus_A00,408,-0.28561303226754803
A10_minus_A00,409,-0.3082970552487624
A10_minus_A00,410,-0.3741546296332717
A10_minus_A00,411,-0.31753434141838255
A10_minus_A00,412,-0.31378193778671587
A10_minus_A00,413,-0.2944279082816107
A10_minus_A00,414,-0.28107081914355103
A10_minus_A00,415,-0.28490620593152505
A10_minus_A00,416,-0.3057077043099163
A10_minus_A00,417,-0.30561370162418816
A10_minus_A00,418,-0.3056194210949532
A10_minus_A00,419,-0.3056202935719061
A10_minus_A00,420,-0.3056209969964728
A10_minus_A00,421,-0.3056217608271316
A10_minus_A00,422,-0.30563101121967695
A10_minus_A00,423,-0.30569352227219154
A10_minus_A00,424,-0.30811193662622277
A10_minus_A00,425,-0.29505944926487254
A10_minus_A00,426,-0.31129306411827673
A10_minus_A00,427,-0.30586524588116865
A10_minus_A00,428,-0.3188808842303951
A10_minus_A00,429,-0.32763169234213335
A10_minus_A00,430,-0.3610415361472216
A10_minus_A00,431,-0.33712064961208965
A10_minus_A00,432,-0.3171602083391214
A10_minus_A00,433,-0.3065559239133423
A10_minus_A00,434,-0.34490514462928307
A10_minus_A00,435,-0.3341069609620937
A10_minus_A00,436,-0.3179500836329714
A10_minus_A00,437,-0.32130852152048756
A10_minus_A00,438,-0.3218329898252104
A10_minus_A00,439,-0.36671170549941534
A10_minus_A00,440,-0.3813033403498525
A10_minus_A00,441,-0.36036513006404397
A10_minus_A00,442,-0.3212895179249167
A10_minus_A00,443,-0.33070318760333806
A10_minus_A00,444,-0.3374133046289496
A10_minus_A00,445,-0.3387636039230294
A10_minus_A00,446,-0.3356118630694338
A10_minus_A00,447,-0.33561275409828134
A10_minus_A00,448,-0.3356134754682998
A10_minus_A00,449,-0.33561457608095246
A10_minus_A00,450,-0.33562313441391917
A10_minus_A00,451,-0.33567690794478644
A10_minus_A00,452,-0.3314743557288583
A10_minus_A00,453,-0.3381194820574045
A10_minus_A00,454,-0.3463277402890203
A10_minus_A00,455,-0.36737638815435325
A10_minus_A00,456,-0.32634749072556085
A10_minus_A00,457,-0.37108142886688406
A10_minus_A00,458,-0.3614889111757779
A10_minus_A00,459,-0.3359519673452694
A10_minus_A00,460,-0.3522619962895585
A10_minus_A00,461,-0.355888176144143
A10_minus_A00,462,-0.3543363520807033
A10_minus_A00,463,-0.32724605152074715
A10_minus_A00,464,-0.296794571477804
A10_minus_A00,465,-0.22507005665521293
A10_minus_A00,466,-0.22764989072107733
A10_minus_A00,467,-0.21823289722811087
A10_minus_A00,468,-0.1812301889852978
A10_minus_A00,469,-0.1948757820957105
A10_minus_A00,470,-0.24472743098648744
A10_minus_A00,471,-0.2597771102053799
A10_minus_A00,472,-0.24414305424067698
A10_minus_A00,473,-0.3272219608459381
A10_minus_A00,474,-0.3287806708650497
A10_minus_A00,475,-0.32878130553548607
A10_minus_A00,476,-0.32878177140857817
A10_minus_A00,477,-0.32878253862892115
A10_minus_A00,478,-0.32878523727816383
A10_minus_A00,479,-0.32880508997745483
A10_minus_A00,480,-0.32983001007500085
A10_minus_A00,481,-0.306350209970668
A10_minus_A00,482,-0.3308410355404175
A10_minus_A00,483,-0.32016860090818894
A10_minus_A00,484,-0.2594390165813346
A10_minus_A00,485,-0.2774683830469701
A10_minus_A00,486,-0.19203190053179336
A10_minus_A00,487,-0.2110868992736757
A10_minus_A00,488,-0.17978952728708766
A10_minus_A00,489,-0.12268649002881037
A10_minus_A00,490,-0.1368106652946482
A10_minus_A00,491,-0.20921675567445042
A10_minus_A00,492,-0.21248528654838864
A10_minus_A00,493,-0.18612287087602827
A10_minus_A00,494,-0.11786949306718073
A10_minus_A00,495,-0.08152653778455951
A10_minus_A00,496,-0.09204464660220105
A10_minus_A00,497,-0.009365829908446784
A10_minus_A00,498,0.01124574696042686
A10_minus_A00,499,0.07636037129016633
A10_minus_A00,500,0.06912558584308787
A10_minus_A00,501,0.07708094431635672
A10_minus_A00,502,0.07966231587311319
A10_minus_A00,503,0.07966096947349426
A10_minus_A00,504,0.07966045340659111
A10_minus_A00,505,0.07965939290031292
A10_minus_A00,506,0.07965625453188031
A10_minus_A00,507,0.0796023160575092
A10_minus_A00,508,0.07503952785392246
A10_minus_A00,509,0.07032845133182807
A10_minus_A00,510,0.08440489462484083
A10_minus_A00,511,0.12063472401266549
A10_minus_A00,512,0.10506698983250863
A10_minus_A00,513,0.07425031995208263
A10_minus_A00,514,0.06756385622775088
A10_minus_A00,515,-0.002360474682006182
A10_minus_A00,516,-0.08926164216386692
A10_minus_A00,517,-0.13061432860396105
A10_minus_A00,518,-0.07904032524594053
A10_minus_A00,519,-0.06971759225623375
A10_minus_A00,520,-0.22561413738667233
A10_minus_A00,521,-0.20867504489273467
A10_minus_A00,522,-0.2030389379791313
A10_minus_A00,523,-0.2742456678371966
A10_minus_A00,524,-0.3542829575512263
A10_minus_A00,525,-0.35402959782045884
A10_minus_A00,526,-0.39155398444231965
A10_minus_A00,527,-0.3922815867543022
A10_minus_A00,528,-0.39289330327283367
A10_minus_A00,529,-0.3943264095605974
A10_minus_A00,530,-0.3034273774869019
A10_minus_A00,531,-0.30342732086148144
A10_minus_A00,532,-0.3034276751006414
A10_minus_A00,533,-0.3034278584221888
A10_minus_A00,534,-0.30342916600989356
A10_minus_A00,535,-0.3034300195289175
A10_minus_A00,536,-0.282075413127619
A10_minus_A00,537,-0.3148318339483679
A10_minus_A00,538,-0.29662024838186224
A10_minus_A00,539,-0.25576843371030145
A10_minus_A00,540,-0.2538354818440491
A10_minus_A00,541,-0.2793552946604801
A10_minus_A00,542,-0.2749356571034329
A10_minus_A00,543,-0.2554332481558751
A10_minus_A00,544,-0.2724360916217444
A10_minus_A00,545,-0.2610936278305119
A10_minus_A00,546,-0.23653974157737767
A10_minus_A00,547,-0.17179332282478535
A10_minus_A00,548,-0.1396805689486466
A10_minus_A00,549,-0.23248284278705156
A10_minus_A00,550,-0.22575789750760406
A10_minus_A00,551,-0.25202380336247865
A10_minus_A00,552,-0.2484886561941138
A10_minus_A00,553,-0.24147594812215328
A10_minus_A00,554,-0.2367953738364842
A10_minus_A00,555,-0.2349035418832798
A10_minus_A00,556,-0.2343112502878454
A10_minus_A00,557,-0.23476709036899332
A10_minus_A00,558,-0.2347884602732198
A10_minus_A00,559,-0.2347888176415291
A10_minus_A00,560,-0.23478920877564333
A10_minus_A00,561,-0.23478961212582583
A10_minus_A00,562,-0.23479041231262607
A10_minus_A00,563,-0.23479181443440456
A10_minus_A00,564,-0.23433334376075615
A10_minus_A00,565,-0.24630982879958346
A10_minus_A00,566,-0.24630394654037668
A10_minus_A00,567,-0.2411968671078009
A10_minus_A00,568,-0.24634361498663487
A10_minus_A00,569,-0.2787274181132159
A10_minus_A00,570,-0.14308816545687886
A10_minus_A00,571,-0.19894803953200846
A10_minus_A00,572,-0.2051411715924637
A10_minus_A00,573,-0.1129401880643161
A10_minus_A00,574,-0.30468837679108995
A10_minus_A00,575,-0.3707547488076964
A10_minus_A00,576,-0.3745633296866049
A10_minus_A00,577,-0.35755351410350833
A10_minus_A00,578,-0.42309489782366616
A10_minus_A00,579,-0.4453992429408379
A10_minus_A00,580,-0.4171451202735023
A10_minus_A00,581,-0.42069482545318404
A10_minus_A00,582,-0.4189247088214093
A10_minus_A00,583,-0.4189166707217875
A10_minus_A00,584,-0.4189081964088075
A10_minus_A00,585,-0.41890761171232116
A10_minus_A00,586,-0.41890881630705284
A10_minus_A00,587,-0.4189095190584637
A10_minus_A00,588,-0.41891013123594456
A10_minus_A00,589,-0.4189109351137436
A10_minus_A00,590,-0.41891347532559153
A10_minus_A00,591,-0.4189110195861886
A10_minus_A00,592,-0.3698380474064287
A10_minus_A00,593,-0.41096233437914964
A10_minus_A00,594,-0.4085352291535201
A10_minus_A00,595,-0.4269477562880845
A10_minus_A00,596,-0.43375631884941745
A10_minus_A00,597,-0.46734065853354717
A10_minus_A00,598,-0.4717473579285329
A10_minus_A00,599,-0.4561737924040085
A10_minus_A00,600,-0.3402769540749888
A10_minus_A00,601,-0.37679016021769884
A10_minus_A00,602,-0.30701268678982774
A10_minus_A00,603,-0.3260319733429323
A10_minus_A00,604,-0.3212470338015159
A10_minus_A00,605,-0.336672865092694
A10_minus_A00,606,-0.3700949405414247
A10_minus_A00,607,-0.3901181699504724
A10_minus_A00,608,-0.4271225933683722
A10_minus_A00,609,-0.51574582988098
A10_minus_A00,610,-0.5155841365351677
A10_minus_A00,611,-0.5155750138005023
A10_minus_A00,612,-0.5155748293596717
A10_minus_A00,613,-0.5155753005676778
A10_minus_A00,614,-0.5155761909433976
A10_minus_A00,615,-0.5155769195728921
A10_minus_A00,616,-0.5155775997427463
A10_minus_A00,617,-0.5155783258437481
A10_minus_A00,618,-0.5155788854793731
A10_minus_A00,619,-0.5155813088989125
A10_minus_A00,620,-0.48769475499269754
A10_minus_A00,621,-0.4777716436871908
A10_minus_A00,622,-0.2460501913964135
A10_minus_A00,623,-0.20557185624729069
A10_minus_A00,624,-0.16631093225496985
A10_minus_A00,625,-0.15434525587981485
A10_minus_A00,626,-0.13458610973347468
A10_minus_A00,627,-0.10403040544112582
A10_minus_A00,628,-0.13578522041932647
A10_minus_A00,629,0.17686548736101665
A10_minus_A00,630,0.19438733903505556
A10_minus_A00,631,0.178588481253645
A10_minus_A00,632,0.169271895103912
A10_minus_A00,633,0.12543616728012125
A10_minus_A00,634,0.10252222893090282
A10_minus_A00,635,0.06263720274332807
A10_minus_A00,636,0.052233748782529885
A10_minus_A00,637,0.04733060322781976
A10_minus_A00,638,0.04733273382107195
A10_minus_A00,639,0.04733306896807682
A10_minus_A00,640,0.04733301990663519
A10_minus_A00,641,0.04733303212191377
A10_minus_A00,642,0.04733235898993633
A10_minus_A00,643,0.047331776553299953
A10_minus_A00,644,0.047330832043027904
A10_minus_A00,645,0.04732993050064642
A10_minus_A00,646,0.04732907401875777
A10_minus_A00,647,0.04731835573836936
A10_minus_A00,648,0.047271654635312604
A10_minus_A00,649,0.04835655525492373
A10_minus_A00,650,0.0503682006900881
A10_minus_A00,651,0.0448275268701485
A10_minus_A00,652,0.06541659527744757
A10_minus_A00,653,0.06616406788626623
A10_minus_A00,654,0.09655729368216356
A10_minus_A00,655,0.09749644724863459
A10_minus_A00,656,0.03427048933120809
A10_minus_A00,657,0.006373048689622837
A10_minus_A00,658,0.04140756624464591
A10_minus_A00,659,0.04791293658719023
A10_minus_A00,660,0.03879217652331382
A10_minus_A00,661,0.1728700959619118
A10_minus_A00,662,0.35073073338047717
A10_minus_A00,663,0.3485302549560828
A10_minus_A00,664,0.3539241132321145
A10_minus_A00,665,0.3386425514047224
A10_minus_A00,666,0.33865454320936444
A10_minus_A00,667,0.3386535232443121
A10_minus_A00,668,0.33865369758552105
A10_minus_A00,669,0.33865323848212786
A10_minus_A00,670,0.33865258695452743
A10_minus_A00,671,0.33865211257166494
A10_minus_A00,672,0.3386517167945603
A10_minus_A00,673,0.33865127778350873
A10_minus_A00,674,0.33865093653477485
A10_minus_A00,675,0.3386507254796886
A10_minus_A00,676,0.33865109979342173
A10_minus_A00,677,0.3379981961275744
A10_minus_A00,678,0.33818586941552675
A10_minus_A00,679,0.3421853633707645
A10_minus_A00,680,0.3414336807262824
A10_minus_A00,681,0.3224468457003018
A10_minus_A00,682,0.3462409400301582
A10_minus_A00,683,0.3731657873710534
A10_minus_A00,684,0.3684953890060537
A10_minus_A00,685,0.3977676373355934
A10_minus_A00,686,0.3990420419294997
A10_minus_A00,687,0.34147223820133116
A10_minus_A00,688,0.3427819085736639
A10_minus_A00,689,0.3591167255268282
A10_minus_A00,690,0.34899281555731354
A10_minus_A00,691,0.33755160378570326
A10_minus_A00,692,0.3315201234043883
A10_minus_A00,693,0.33154957595004525
A10_minus_A00,694,0.33155707180090915
A10_minus_A00,695,0.3315567939035557
A10_minus_A00,696,0.3315571616315989
A10_minus_A00,697,0.3315572547292152
A10_minus_A00,698,0.3315570470632833
A10_minus_A00,699,0.3315569032377693
A10_minus_A00,700,0.33155686812190255
A10_minus_A00,701,0.33155691376582097
A10_minus_A00,702,0.33155669131158066
A10_minus_A00,703,0.33155657426908064
A10_minus_A00,704,0.3315433854689557
A10_minus_A00,705,0.3294006884329595
A10_minus_A00,706,0.3309045444169214
A10_minus_A00,707,0.3280850194482461
A10_minus_A00,708,0.3260046634869696
A10_minus_A00,709,0.32382937860798733
A10_minus_A00,710,0.32053701924822653
A10_minus_A00,711,0.3148731090614742
A10_minus_A00,712,0.32928309266961436
A10_minus_A00,713,0.3271861394858517
A10_minus_A00,714,0.336384244817152
A10_minus_A00,715,0.3431836072418039
A10_minus_A00,716,0.3794953587581902
A10_minus_A00,717,0.3688821471897592
A10_minus_A00,718,0.36269339184655075
A10_minus_A00,719,0.3600704648947246
A10_minus_A00,720,0.36007267213022426
A10_minus_A00,721,0.3600783223041284
A10_minus_A00,722,0.3600815478954069
A10_minus_A00,723,0.36008575864785325
A10_minus_A00,724,0.3600891905661254
A10_minus_A00,725,0.36009288810683326
A10_minus_A00,726,0.3600961457995248
A10_minus_A00,727,0.36009640803838605
A10_minus_A00,728,0.36009895764461636
A10_minus_A00,729,0.3601008998686648
A10_minus_A00,730,0.36010336135995535
A10_minus_A00,731,0.3601098519565731
A10_minus_A00,732,0.36012935802427914
A10_minus_A00,733,0.3601750022187504
A10_minus_A00,734,0.3641775378952965
A10_minus_A00,735,0.36594840296819925
A10_minus_A00,736,0.36656041024866576
A10_minus_A00,737,0.37654526785786185
A10_minus_A00,738,0.37031467102250004
A10_minus_A00,739,0.3702072494447113
A10_minus_A00,740,0.3759345410558641
A10_minus_A00,741,0.3745732240424546
A10_minus_A00,742,0.3586358222562986
A10_minus_A00,743,0.3578616206548917
A10_minus_A00,744,0.35489978447174625
A10_minus_A00,745,0.34902231578076626
A10_minus_A00,746,0.34902247898413785
A10_minus_A00,747,0.34902284392483607
A10_minus_A00,748,0.3490255103160766
A10_minus_A00,749,0.34902597740441993
A10_minus_A00,750,0.3490266310640771
A10_minus_A00,751,0.3490260651699391
A10_minus_A00,752,0.3490254027203002
A10_minus_A00,753,0.3490246454467784
A10_minus_A00,754,0.3490234601234693
A10_minus_A00,755,0.34902366070313107
A10_minus_A00,756,0.3490236602064536
A10_minus_A00,757,0.3490235905781425
A10_minus_A00,758,0.349023615087781
A10_minus_A00,759,0.34902361708975393
A10_minus_A00,760,0.3490235973946654
A10_minus_A00,761,0.34902358009200707
A10_minus_A00,762,0.34902367370107845
A10_minus_A00,763,0.34902372158579403
A10_minus_A00,764,0.3490237682445859
A10_minus_A00,765,0.34902374015695226
A10_minus_A00,766,0.34902366762760695
A10_minus_A00,767,0.34902363792524405
A10_minus_A00,768,0.349023542981212
A10_minus_A00,769,0.34902340630928025
A10_minus_A00,770,0.3490233284971419
A10_minus_A00,771,0.3490231188128482
A10_minus_A00,772,0.3490229689377333
A10_minus_A00,773,0.34902281608186114
A10_minus_A00,774,0.3490226911699058
A10_minus_A00,775,0.349022581837639
A10_minus_A00,776,0.34902248980892864
A10_minus_A00,777,0.3490224089154799
A10_minus_A00,778,0.3490223146982124
A10_minus_A00,779,0.349022188188558
A10_minus_A00,780,0.349022151157012
A10_minus_A00,781,0.34902212178407377
A10_minus_A00,782,0.3490219799467804
A10_minus_A00,783,0.3490217615068293
A01_minus_A00,1,0.0
A01_minus_A00,2,2.983097156505221e-09
A01_minus_A00,3,6.973157102905218e-09
A01_minus_A00,4,5.723307865219333e-09
A01_minus_A00,5,1.103767530186344e-08
A01_minus_A00,6,1.7044095939154958e-08
A01_minus_A00,7,1.268499387761421e-08
A01_minus_A00,8,7.95316873705389e-09
A01_minus_A00,9,2.550553441242624e-09
A01_minus_A00,10,-1.204435296466804e-10
A01_minus_A00,11,-1.6830637037314826e-09
A01_minus_A00,12,-4.352127554771001e-09
A01_minus_A00,13,-7.337275555212865e-09
A01_minus_A00,14,-1.2411716478711067e-08
A01_minus_A00,15,-2.2715089215831414e-08
A01_minus_A00,16,-3.998936903547492e-08
A01_minus_A00,17,-5.8428646455693653e-08
A01_minus_A00,18,-8.367808877173031e-08
A01_minus_A00,19,-1.1210259016151735e-07
A01_minus_A00,20,-1.3943336006088958e-07
A01_minus_A00,21,-1.5705096901055272e-07
A01_minus_A00,22,-1.6554250972179604e-07
A01_minus_A00,23,-1.684829365250089e-07
A01_minus_A00,24,-1.6483897702476887e-07
A01_minus_A00,25,-1.5034731904271363e-07
A01_minus_A00,26,-1.247409268829093e-07
A01_minus_A00,27,-8.67347759194928e-08
A01_minus_A00,28,-4.091041442056433e-08
A01_minus_A00,29,1.6275132092463553e-08
A01_minus_A00,30,8.289372108707125e-08
A01_minus_A00,31,9.067612618730804e-08
A01_minus_A00,32,1.2854657376619676e-07
A01_minus_A00,33,2.411924197868168e-07
A01_minus_A00,34,4.923553465570583e-07
A01_minus_A00,35,8.539881480013244e-07
A01_minus_A00,36,1.3118917386256175e-06
A01_minus_A00,37,2.4709962391192793e-06
A01_minus_A00,38,3.858012292872835e-06
A01_minus_A00,39,5.331943308399813e-06
A01_minus_A00,40,6.605501590091752e-06
A01_minus_A00,41,7.840911605853366e-06
A01_minus_A00,42,8.983334405449682e-06
A01_minus_A00,43,9.939534963533672e-06
A01_minus_A00,44,1.08516119905204e-05
A01_minus_A00,45,1.1676010359275449e-05
A01_minus_A00,46,1.2480023009369194e-05
A01_minus_A00,47,1.322196869062027e-05
A01_minus_A00,48,1.3913340237283553e-05
A01_minus_A00,49,1.4566692565854042e-05
A01_minus_A00,50,1.4591657392612507e-05
A01_minus_A00,51,1.4643713911040624e-05
A01_minus_A00,52,1.4709370340491073e-05
A01_minus_A00,53,1.4778867424445772e-05
A01_minus_A00,54,1.4853005829123098e-05
A01_minus_A00,55,1.493508735986685e-05
A01_minus_A00,56,1.502246888631822e-05
A01_minus_A00,57,1.5115393100413498e-05
A01_minus_A00,58,1.5206259814660986e-05
A01_minus_A00,59,1.5296499391874134e-05
A01_minus_A00,60,1.6798482159917743e-05
A01_minus_A00,61,1.8503686519076632e-05
A01_minus_A00,62,2.1497919422071352e-05
A01_minus_A00,63,2.8848610293216814e-05
A01_minus_A00,64,5.9962116527433955e-05
A01_minus_A00,65,0.00015999796680471985
A01_minus_A00,66,-0.0012977224107763427
A01_minus_A00,67,-0.0021431618048049013
A01_minus_A00,68,-0.0016287440653090573
A01_minus_A00,69,-0.0023266274641366384
A01_minus_A00,70,-0.0022786383821298524
A01_minus_A00,71,-0.002370986673569779
A01_minus_A00,72,-0.0032826431571446896
A01_minus_A00,73,-0.004361564377987826
A01_minus_A00,74,-0.005795461271594384
A01_minus_A00,75,-0.006080177249745161
A01_minus_A00,76,-0.008406476982748549
A01_minus_A00,77,-0.00831907755206839
A01_minus_A00,78,-0.008319293075474776
A01_minus_A00,79,-0.00831948383051272
A01_minus_A00,80,-0.008319601376381575
A01_minus_A00,81,-0.008319825179569812
A01_minus_A00,82,-0.008320053921927272
A01_minus_A00,83,-0.008320425395030848
A01_minus_A00,84,-0.008320878124746713
A01_minus_A00,85,-0.008321300332124616
A01_minus_A00,86,-0.008320933342033722
A01_minus_A00,87,-0.008321166283086084
A01_minus_A00,88,-0.008318326112498184
A01_minus_A00,89,-0.008305573923031991
A01_minus_A00,90,-0.008252977533597189
A01_minus_A00,91,-0.008183904936760326
A01_minus_A00,92,-0.008067686970194738
A01_minus_A00,93,-0.00846786101628299
A01_minus_A00,94,-0.008911007163233113
A01_minus_A00,95,-0.010554758634255729
A01_minus_A00,96,-0.01070252254701553
A01_minus_A00,97,-0.009835933199499942
A01_minus_A00,98,-0.009409986605249119
A01_minus_A00,99,-0.006450003691081085
A01_minus_A00,100,-0.010600202956170693
A01_minus_A00,101,-0.012536951117468031
A01_minus_A00,102,-0.01201431075992333
A01_minus_A00,103,-0.011745076252415351
A01_minus_A00,104,-0.011790855775991468
A01_minus_A00,105,-0.011778312761728745
A01_minus_A00,106,-0.011772523218952462
A01_minus_A00,107,-0.011772859050998064
A01_minus_A00,108,-0.011772816141493874
A01_minus_A00,109,-0.011772979856816784
A01_minus_A00,110,-0.011773146046539434
A01_minus_A00,111,-0.011773245676532762
A01_minus_A00,112,-0.011773427270599966
A01_minus_A00,113,-0.011773715126487876
A01_minus_A00,114,-0.011773822356787195
A01_minus_A00,115,-0.011771177413086604
A01_minus_A00,116,-0.01172499352332126
A01_minus_A00,117,-0.011641845309415304
A01_minus_A00,118,-0.011401330262511982
A01_minus_A00,119,-0.012507198526654445
A01_minus_A00,120,-0.010721762333623337
A01_minus_A00,121,-0.015090116782193628
A01_minus_A00,122,-0.015285310095450477
A01_minus_A00,123,-0.017824712824440626
A01_minus_A00,124,-0.017380584813830834
A01_minus_A00,125,-0.014554629594413736
A01_minus_A00,126,-0.018790237163304885
A01_minus_A00,127,-0.021370726900985088
A01_minus_A00,128,-0.017364241394863714
A01_minus_A00,129,-0.017914626299820463
A01_minus_A00,130,-0.01835428138469028
A01_minus_A00,131,-0.02244368315276768
A01_minus_A00,132,-0.021797029329430315
A01_minus_A00,133,-0.017712598847601034
A01_minus_A00,134,-0.023756361646804214
A01_minus_A00,135,-0.023713183247461474
A01_minus_A00,136,-0.023710964895393358
A01_minus_A00,137,-0.023711453869625074
A01_minus_A00,138,-0.02371181527814979
A01_minus_A00,139,-0.023711764788278498
A01_minus_A00,140,-0.02371221012008383
A01_minus_A00,141,-0.023711823406421733
A01_minus_A00,142,-0.023709746368816603
A01_minus_A00,143,-0.02369041876013797
A01_minus_A00,144,-0.02350629350354716
A01_minus_A00,145,-0.023379483655214615
A01_minus_A00,146,-0.022758731494484916
A01_minus_A00,147,-0.0259092331589113
A01_minus_A00,148,-0.029743317777631745
A01_minus_A00,149,-0.03177155811882461
A01_minus_A00,150,-0.02956991318326636
A01_minus_A00,151,-0.02877982985093199
A01_minus_A00,152,-0.026542518397546094
A01_minus_A00,153,-0.03457148974759653
A01_minus_A00,154,-0.03335057402080935
A01_minus_A00,155,-0.02876719183799319
A01_minus_A00,156,-0.033886985838591746
A01_minus_A00,157,-0.01863369511389851
A01_minus_A00,158,-0.017663387097338175
A01_minus_A00,159,-0.02513842340197633
A01_minus_A00,160,-0.021193321248709165
A01_minus_A00,161,-0.020777925294456975
A01_minus_A00,162,-0.01728773806027791
A01_minus_A00,163,-0.017354914733110263
A01_minus_A00,164,-0.01733338433527091
A01_minus_A00,165,-0.017333000427181333
A01_minus_A00,166,-0.01733331872326504
A01_minus_A00,167,-0.017333479085324552
A01_minus_A00,168,-0.01733377506535179
A01_minus_A00,169,-0.017333475919817626
A01_minus_A00,170,-0.017314287212744337
A01_minus_A00,171,-0.01715599932629759
A01_minus_A00,172,-0.016610508276594833
A01_minus_A00,173,-0.01876135379597493
A01_minus_A00,174,-0.011357247313149407
A01_minus_A00,175,-0.01287337019794891
A01_minus_A00,176,-0.014727903139489698
A01_minus_A00,177,-0.011468840957162448
A01_minus_A00,178,-0.01025519937469114
A01_minus_A00,179,-0.005477522827499625
A01_minus_A00,180,-0.019257084522425888
A01_minus_A00,181,-0.0039202718141888755
A01_minus_A00,182,0.012711890368989764
A01_minus_A00,183,0.02034097933354447
A01_minus_A00,184,0.023419660585006736
A01_minus_A00,185,0.0305141122276888
A01_minus_A00,186,0.04171700512131795
A01_minus_A00,187,0.06968230762109298
A01_minus_A00,188,0.058276534700513076
A01_minus_A00,189,0.06259928237896191
A01_minus_A00,190,0.06198717923082443
A01_minus_A00,191,0.06447175526749796
A01_minus_A00,192,0.06456462691933623
A01_minus_A00,193,0.06457758231008456
A01_minus_A00,194,0.06457843349303248
A01_minus_A00,195,0.06457891965519322
A01_minus_A00,196,0.06458276558811811
A01_minus_A00,197,0.06462675532251208
A01_minus_A00,198,0.06501905025359571
A01_minus_A00,199,0.06567781052803649
A01_minus_A00,200,0.06651174414164403
A01_minus_A00,201,0.062156339828998486
A01_minus_A00,202,0.07454441486341261
A01_minus_A00,203,0.0707760341161655
A01_minus_A00,204,0.046331438303172205
A01_minus_A00,205,0.05243737958174695
A01_minus_A00,206,0.04601311116546884
A01_minus_A00,207,-0.05491572682120114
A01_minus_A00,208,-0.044788003812196296
A01_minus_A00,209,-0.0696788185930233
A01_minus_A00,210,-0.06454185382628307
A01_minus_A00,211,-0.030959602557603598
A01_minus_A00,212,-0.009551157526884419
A01_minus_A00,213,-0.005161158702045196
A01_minus_A00,214,0.0001825863439606076
A01_minus_A00,215,0.03542543284078778
A01_minus_A00,216,0.01802145328844885
A01_minus_A00,217,0.011557121718151408
A01_minus_A00,218,0.016362011011492136
A01_minus_A00,219,0.02347117440845132
A01_minus_A00,220,0.02325453375693424
A01_minus_A00,221,0.0232545349704978
A01_minus_A00,222,0.023255064907363548
A01_minus_A00,223,0.023255438692300286
A01_minus_A00,224,0.02325551305406665
A01_minus_A00,225,0.023250940231193534
A01_minus_A00,226,0.023334198211403624
A01_minus_A00,227,0.02398652823489889
A01_minus_A00,228,0.01606208871241674
A01_minus_A00,229,0.02427670598463371
A01_minus_A00,230,0.06062065460594681
A01_minus_A00,231,0.07680228982972742
A01_minus_A00,232,0.08578081781405571
A01_minus_A00,233,0.08282778556231489
A01_minus_A00,234,0.09593265866606537
A01_minus_A00,235,0.09626515271636717
A01_minus_A00,236,0.10008190472370723
A01_minus_A00,237,0.07921887786139255
A01_minus_A00,238,0.07948303836924217
A01_minus_A00,239,0.07212800053696156
A01_minus_A00,240,0.06384057125898884
A01_minus_A00,241,0.055261647782839915
A01_minus_A00,242,0.07214300527795328
A01_minus_A00,243,0.1296897012849716
A01_minus_A00,244,0.11817240735070196
A01_minus_A00,245,0.11903614073956555
A01_minus_A00,246,0.12373824132131506
A01_minus_A00,247,0.12991676989564313
A01_minus_A00,248,0.13411383368437427
A01_minus_A00,249,0.1341177008953408
A01_minus_A00,250,0.13411848587679825
A01_minus_A00,251,0.1341193183568286
A01_minus_A00,252,0.13412022524094624
A01_minus_A00,253,0.13412090243414315
A01_minus_A00,254,0.1341256484559119
A01_minus_A00,255,0.13433316576427287
A01_minus_A00,256,0.13848957694607705
A01_minus_A00,257,0.15435535324348743
A01_minus_A00,258,0.14147606321261447
A01_minus_A00,259,0.16108273604647647
A01_minus_A00,260,0.13203362994324902
A01_minus_A00,261,0.126529150458953
A01_minus_A00,262,0.11315342725066349
A01_minus_A00,263,0.10996500234300331
A01_minus_A00,264,0.11387892338607498
A01_minus_A00,265,0.11222890437715882
A01_minus_A00,266,0.11181866353108115
A01_minus_A00,267,0.11280998026744882
A01_minus_A00,268,0.12492930877893205
A01_minus_A00,269,0.11329596035011746
A01_minus_A00,270,0.12076288417959609
A01_minus_A00,271,0.1265599276473969
A01_minus_A00,272,0.133185737089212
A01_minus_A00,273,0.129958193536576
A01_minus_A00,274,0.13241209640317753
A01_minus_A00,275,0.1316424333258508
A01_minus_A00,276,0.12232978791008532
A01_minus_A00,277,0.12232905485848827
A01_minus_A00,278,0.12232959196001095
A01_minus_A00,279,0.12233029767342839
A01_minus_A00,280,0.12233102401035696
A01_minus_A00,281,0.12233188980612812
A01_minus_A00,282,0.12234101367246777
A01_minus_A00,283,0.1224447504100377
A01_minus_A00,284,0.1269562279669492
A01_minus_A00,285,0.1314058055474619
A01_minus_A00,286,0.11564550050433049
A01_minus_A00,287,0.13841978435867772
A01_minus_A00,288,0.13737397398368006
A01_minus_A00,289,0.13906724497922632
A01_minus_A00,290,0.14414245070970338
A01_minus_A00,291,0.16006761824202337
A01_minus_A00,292,0.17954204941237684
A01_minus_A00,293,0.2168437383661915
A01_minus_A00,294,0.24854816986987535
A01_minus_A00,295,0.2401164439905253
A01_minus_A00,296,0.2606896674575002
A01_minus_A00,297,0.2665289691091156
A01_minus_A00,298,0.2628346347027043
A01_minus_A00,299,0.2870237766009496
A01_minus_A00,300,0.2831355201981523
A01_minus_A00,301,0.2987344263674766
A01_minus_A00,302,0.2907729793295344
A01_minus_A00,303,0.2991305038823201
A01_minus_A00,304,0.2972375589533058
A01_minus_A00,305,0.2972382180756367
A01_minus_A00,306,0.2972391794112849
A01_minus_A00,307,0.29724015160249456
A01_minus_A00,308,0.2972412023846357
A01_minus_A00,309,0.2972422192228637
A01_minus_A00,310,0.29724312843781536
A01_minus_A00,311,0.2979176810078987
A01_minus_A00,312,0.2974206989172069
A01_minus_A00,313,0.33340833036715756
A01_minus_A00,314,0.3557303149512269
A01_minus_A00,315,0.35745785316923767
A01_minus_A00,316,0.3937305391769101
A01_minus_A00,317,0.44456965209406807
A01_minus_A00,318,0.44464230471297317
A01_minus_A00,319,0.4942626480388195
A01_minus_A00,320,0.4770122797713657
A01_minus_A00,321,0.4957252799415073
A01_minus_A00,322,0.49705113124282907
A01_minus_A00,323,0.4992808708768914
A01_minus_A00,324,0.5124745126387621
A01_minus_A00,325,0.5215158105768892
A01_minus_A00,326,0.5320877568291857
A01_minus_A00,327,0.5444467367990722
A01_minus_A00,328,0.5431749566595907
A01_minus_A00,329,0.5448412588295246
A01_minus_A00,330,0.5620459105884742
A01_minus_A00,331,0.5650712607817864
A01_minus_A00,332,0.5650720743837467
A01_minus_A00,333,0.5650759243375285
A01_minus_A00,334,0.5650774707426571
A01_minus_A00,335,0.565079022903495
A01_minus_A00,336,0.5650804599763657
A01_minus_A00,337,0.5650823496364146
A01_minus_A00,338,0.565082504522121
A01_minus_A00,339,0.5650629961367643
A01_minus_A00,340,0.5647095968304885
A01_minus_A00,341,0.5445957696083908
A01_minus_A00,342,0.5263350958263828
A01_minus_A00,343,0.5299892273529997
A01_minus_A00,344,0.5375982287740348
A01_minus_A00,345,0.5388890460006172
A01_minus_A00,346,0.5380916900350511
A01_minus_A00,347,0.5344432308289738
A01_minus_A00,348,0.5215213694649957
A01_minus_A00,349,0.5271216589076357
A01_minus_A00,350,0.5139307535246902
A01_minus_A00,351,0.5087588498450182
A01_minus_A00,352,0.5056302452995701
A01_minus_A00,353,0.5000688457768991
A01_minus_A00,354,0.5012394435484936
A01_minus_A00,355,0.5203424426215807
A01_minus_A00,356,0.5371022993732534
A01_minus_A00,357,0.5184816827267643
A01_minus_A00,358,0.523720384196082
A01_minus_A00,359,0.521333745765891
A01_minus_A00,360,0.5213438651067768
A01_minus_A00,361,0.5213459158770231
A01_minus_A00,362,0.5213474705095973
A01_minus_A00,363,0.5213485361517998
A01_minus_A00,364,0.5213495958585699
A01_minus_A00,365,0.5213507442222579
A01_minus_A00,366,0.5213520831326416
A01_minus_A00,367,0.5215112213301293
A01_minus_A00,368,0.521677366697674
A01_minus_A00,369,0.51038744728984
A01_minus_A00,370,0.5025892461874392
A01_minus_A00,371,0.492804053862715
A01_minus_A00,372,0.4862003785132368
A01_minus_A00,373,0.5260510009872689
A01_minus_A00,374,0.5654048423589346
A01_minus_A00,375,0.5852289054606058
A01_minus_A00,376,0.615613046363275
A01_minus_A00,377,0.6347270741616906
A01_minus_A00,378,0.6357211992020604
A01_minus_A00,379,0.6520976735781648
A01_minus_A00,380,0.6515816029123668
A01_minus_A00,381,0.6458192843259082
A01_minus_A00,382,0.6321293912406086
A01_minus_A00,383,0.6008785514002825
A01_minus_A00,384,0.5743326549454135
A01_minus_A00,385,0.5668608218414299
A01_minus_A00,386,0.563841941695698
A01_minus_A00,387,0.5813509942089728
A01_minus_A00,388,0.5785019007086112
A01_minus_A00,389,0.5805384939592562
A01_minus_A00,390,0.5806012055056141
A01_minus_A00,391,0.580603669655902
A01_minus_A00,392,0.5806057895770443
A01_minus_A00,393,0.5806075884443931
A01_minus_A00,394,0.5806089297937648
A01_minus_A00,395,0.5803658028884553
A01_minus_A00,396,0.5809201344075909
A01_minus_A00,397,0.583870969748544
A01_minus_A00,398,0.5780448892765776
A01_minus_A00,399,0.5659993148324497
A01_minus_A00,400,0.5650444684483783
A01_minus_A00,401,0.5572235327838524
A01_minus_A00,402,0.5352016558744329
A01_minus_A00,403,0.5419241603560032
A01_minus_A00,404,0.5155653730161011
A01_minus_A00,405,0.5150636667444358
A01_minus_A00,406,0.5242855397542708
A01_minus_A00,407,0.5123364318864458
A01_minus_A00,408,0.5313653936455375
A01_minus_A00,409,0.552132640519959
A01_minus_A00,410,0.5677514188759414
A01_minus_A00,411,0.5895957952083857
A01_minus_A00,412,0.5802631189685015
A01_minus_A00,413,0.5690698137513316
A01_minus_A00,414,0.5847431723779463
A01_minus_A00,415,0.5824689166852398
A01_minus_A00,416,0.6434023786861587
A01_minus_A00,417,0.6447679988244455
A01_minus_A00,418,0.6447887152668712
A01_minus_A00,419,0.6447902971078717
A01_minus_A00,420,0.6447918990142032
A01_minus_A00,421,0.644793708430319
A01_minus_A00,422,0.6448405296995956
A01_minus_A00,423,0.6446919186988996
A01_minus_A00,424,0.6519265138648012
A01_minus_A00,425,0.6629368677755595
A01_minus_A00,426,0.6805723362047287
A01_minus_A00,427,0.7561333261793086
A01_minus_A00,428,0.7810522042962306
A01_minus_A00,429,0.7912736520886695
A01_minus_A00,430,0.8183163314147786
A01_minus_A00,431,0.816157093748599
A01_minus_A00,432,0.8289764241838188
A01_minus_A00,433,0.8547888730575478
A01_minus_A00,434,0.8503565501467542
A01_minus_A00,435,0.8893893119834724
A01_minus_A00,436,0.904700277246196
A01_minus_A00,437,0.8967917880427123
A01_minus_A00,438,0.8971239454847053
A01_minus_A00,439,0.8776975250220405
A01_minus_A00,440,0.8960303526902811
A01_minus_A00,441,0.897149079548528
A01_minus_A00,442,0.8994295688963954
A01_minus_A00,443,0.9035013062011367
A01_minus_A00,444,0.926711646769651
A01_minus_A00,445,0.9314653738810613
A01_minus_A00,446,0.9302998668231788
A01_minus_A00,447,0.9303011807889887
A01_minus_A00,448,0.9303025223129793
A01_minus_A00,449,0.930304137019487
A01_minus_A00,450,0.9303160940501974
A01_minus_A00,451,0.9302936564280704
A01_minus_A00,452,0.9227823860722523
A01_minus_A00,453,0.9164359426927451
A01_minus_A00,454,0.9176071185058688
A01_minus_A00,455,0.9135204323757063
A01_minus_A00,456,0.9085340538875815
A01_minus_A00,457,0.9437732929289546
A01_minus_A00,458,0.9360679423722503
A01_minus_A00,459,0.9286708843500937
A01_minus_A00,460,0.9218680483326175
A01_minus_A00,461,0.9262800699360788
A01_minus_A00,462,0.9312348870691529
A01_minus_A00,463,0.909900685625931
A01_minus_A00,464,0.9314051107489889
A01_minus_A00,465,0.8945939339165263
A01_minus_A00,466,0.8873393566509583
A01_minus_A00,467,0.8629727947874316
A01_minus_A00,468,0.8344209511263061
A01_minus_A00,469,0.8268713367693576
A01_minus_A00,470,0.8170281899787475
A01_minus_A00,471,0.8247216076614302
A01_minus_A00,472,0.8286654560909182
A01_minus_A00,473,0.8178140009789434
A01_minus_A00,474,0.8172583328987627
A01_minus_A00,475,0.8172593557937452
A01_minus_A00,476,0.8172604424256055
A01_minus_A00,477,0.8172620348322758
A01_minus_A00,478,0.8172654310346091
A01_minus_A00,479,0.8172667864379509
A01_minus_A00,480,0.8191758773170968
A01_minus_A00,481,0.8186530186482421
A01_minus_A00,482,0.8227531991101141
A01_minus_A00,483,0.823766338672424
A01_minus_A00,484,0.8294724282532654
A01_minus_A00,485,0.8767087747603032
A01_minus_A00,486,0.86669863503242
A01_minus_A00,487,0.8622327270952647
A01_minus_A00,488,0.8889640637271414
A01_minus_A00,489,0.9195762618126307
A01_minus_A00,490,0.9325029331407924
A01_minus_A00,491,0.9266576706341306
A01_minus_A00,492,0.934376191599478
A01_minus_A00,493,0.936338946877288
A01_minus_A00,494,0.9540483626381516
A01_minus_A00,495,0.9430273067632509
A01_minus_A00,496,0.9391933573583404
A01_minus_A00,497,0.9174533160567246
A01_minus_A00,498,0.9242996713282822
A01_minus_A00,499,0.9111810143321181
A01_minus_A00,500,0.9286257415134483
A01_minus_A00,501,0.9282022700329258
A01_minus_A00,502,0.8534432871949441
A01_minus_A00,503,0.8534454068853468
A01_minus_A00,504,0.8534458745109277
A01_minus_A00,505,0.8534466510807179
A01_minus_A00,506,0.853448489237507
A01_minus_A00,507,0.8535610316315569
A01_minus_A00,508,0.8531852766183832
A01_minus_A00,509,0.8507261666018174
A01_minus_A00,510,0.8570324331514416
A01_minus_A00,511,0.8562348150605344
A01_minus_A00,512,0.8501240156409471
A01_minus_A00,513,0.812006764473087
A01_minus_A00,514,0.8961903190859627
A01_minus_A00,515,0.9572497635252192
A01_minus_A00,516,1.0225897221543754
A01_minus_A00,517,1.0371748800250804
A01_minus_A00,518,1.0356249341550499
A01_minus_A00,519,1.1217655669794284
A01_minus_A00,520,1.2069303045535746
A01_minus_A00,521,1.2267491742968046
A01_minus_A00,522,1.242533965555076
A01_minus_A00,523,1.3909798304758048
A01_minus_A00,524,1.3357020601269511
A01_minus_A00,525,1.3295095279288993
A01_minus_A00,526,1.3316683041504915
A01_minus_A00,527,1.331506403122204
A01_minus_A00,528,1.3314684082921984
A01_minus_A00,529,1.3320106721488485
A01_minus_A00,530,1.3360173060498268
A01_minus_A00,531,1.3360188098141201
A01_minus_A00,532,1.3360200043103085
A01_minus_A00,533,1.3360210339507002
A01_minus_A00,534,1.3360197406429697
A01_minus_A00,535,1.33603309956302
A01_minus_A00,536,1.3279164931391907
A01_minus_A00,537,1.3303965120586398
A01_minus_A00,538,1.3328397331406847
A01_minus_A00,539,1.3610026415182521
A01_minus_A00,540,1.344713184073017
A01_minus_A00,541,1.342159740976614
A01_minus_A00,542,1.3506855008335856
A01_minus_A00,543,1.3508685430660874
A01_minus_A00,544,1.3519902322947586
A01_minus_A00,545,1.3841660594571008
A01_minus_A00,546,1.3911024514049215
A01_minus_A00,547,1.3503750969856128
A01_minus_A00,548,1.3740487378232915
A01_minus_A00,549,1.3290651112542589
A01_minus_A00,550,1.3815097807087438
A01_minus_A00,551,1.3724961837709182
A01_minus_A00,552,1.3791710618132824
A01_minus_A00,553,1.3532740968141175
A01_minus_A00,554,1.3562712654538829
A01_minus_A00,555,1.3585680174037233
A01_minus_A00,556,1.3593230310055457
A01_minus_A00,557,1.3587569670792345
A01_minus_A00,558,1.3586716339664404
A01_minus_A00,559,1.3586721458017128
A01_minus_A00,560,1.3586728941667179
A01_minus_A00,561,1.3586738197499595
A01_minus_A00,562,1.3586750853394178
A01_minus_A00,563,1.3586799405010292
A01_minus_A00,564,1.356627998773533
A01_minus_A00,565,1.3599381668889232
A01_minus_A00,566,1.3852241452994343
A01_minus_A00,567,1.4219649468077602
A01_minus_A00,568,1.423013954021496
A01_minus_A00,569,1.453998206237517
A01_minus_A00,570,1.5130919235399412
A01_minus_A00,571,1.490925038333667
A01_minus_A00,572,1.5210725256384878
A01_minus_A00,573,1.5238806805950067
A01_minus_A00,574,1.5218313173835227
A01_minus_A00,575,1.5706951948251318
A01_minus_A00,576,1.580455494733543
A01_minus_A00,577,1.5960727652127147
A01_minus_A00,578,1.5800299247190108
A01_minus_A00,579,1.5809351811294132
A01_minus_A00,580,1.6243680568153227
A01_minus_A00,581,1.5712498665747299
A01_minus_A00,582,1.5687537216715186
A01_minus_A00,583,1.568751310158973
A01_minus_A00,584,1.5687459818639875
A01_minus_A00,585,1.56874580943721
A01_minus_A00,586,1.5687466838030562
A01_minus_A00,587,1.5687475537363096
A01_minus_A00,588,1.5687486136971085
A01_minus_A00,589,1.568749586634523
A01_minus_A00,590,1.5687512037661036
A01_minus_A00,591,1.5687529840599457
A01_minus_A00,592,1.6479922609059123
A01_minus_A00,593,1.657128743751795
A01_minus_A00,594,1.6357631345443024
A01_minus_A00,595,1.633797327902223
A01_minus_A00,596,1.645605150554945
A01_minus_A00,597,1.672861812737896
A01_minus_A00,598,1.6466179843133513
A01_minus_A00,599,1.6574012220906689
A01_minus_A00,600,1.6015626582658329
A01_minus_A00,601,1.5857960180395325
A01_minus_A00,602,1.5340573016211645
A01_minus_A00,603,1.5155056833933063
A01_minus_A00,604,1.5195153654973288
A01_minus_A00,605,1.527524368376059
A01_minus_A00,606,1.553848192551054
A01_minus_A00,607,1.5434536108644286
A01_minus_A00,608,1.5134732168648313
A01_minus_A00,609,1.5018539356003502
A01_minus_A00,610,1.5019017949981164
A01_minus_A00,611,1.5019017387248181
A01_minus_A00,612,1.5018954092025683
A01_minus_A00,613,1.5018962635973083
A01_minus_A00,614,1.501897368222925
A01_minus_A00,615,1.5018981998660323
A01_minus_A00,616,1.5018988712586296
A01_minus_A00,617,1.5018995849252474
A01_minus_A00,618,1.501899345028582
A01_minus_A00,619,1.5019032241784511
A01_minus_A00,620,1.4781106718902255
A01_minus_A00,621,1.478530089062922
A01_minus_A00,622,1.4372329428067674
A01_minus_A00,623,1.447927031239451
A01_minus_A00,624,1.4540724643746603
A01_minus_A00,625,1.4524283449401598
A01_minus_A00,626,1.4270725939488653
A01_minus_A00,627,1.448840808618187
A01_minus_A00,628,1.4105887871085383
A01_minus_A00,629,1.5797916955276174
A01_minus_A00,630,1.5671675504300007
A01_minus_A00,631,1.5632248530928388
A01_minus_A00,632,1.5749596134746764
A01_minus_A00,633,1.6149103752972336
A01_minus_A00,634,1.607126790837157
A01_minus_A00,635,1.5922408315771126
A01_minus_A00,636,1.5967779340689123
A01_minus_A00,637,1.5973491358755898
A01_minus_A00,638,1.5973683238936713
A01_minus_A00,639,1.5973733402553267
A01_minus_A00,640,1.5973705028527259
A01_minus_A00,641,1.5973713514760617
A01_minus_A00,642,1.5973734765999845
A01_minus_A00,643,1.5973745968849138
A01_minus_A00,644,1.5973760671935433
A01_minus_A00,645,1.5973761966412456
A01_minus_A00,646,1.5973763681103244
A01_minus_A00,647,1.5973911959570632
A01_minus_A00,648,1.597405370585069
A01_minus_A00,649,1.5998950478229461
A01_minus_A00,650,1.5999750191910824
A01_minus_A00,651,1.6098727220241138
A01_minus_A00,652,1.603576073573832
A01_minus_A00,653,1.64328795049967
A01_minus_A00,654,1.6291824351911393
A01_minus_A00,655,1.6575387163629558
A01_minus_A00,656,1.6929176258393686
A01_minus_A00,657,1.665314252153288
A01_minus_A00,658,1.6632769700325272
A01_minus_A00,659,1.6853735170537354
A01_minus_A00,660,1.698546791182343
A01_minus_A00,661,1.7249063757109226
A01_minus_A00,662,1.7275015412883852
A01_minus_A00,663,1.743142280502145
A01_minus_A00,664,1.7419094554993677
A01_minus_A00,665,1.754018741921614
A01_minus_A00,666,1.7540175757477305
A01_minus_A00,667,1.754018380700909
A01_minus_A00,668,1.754018548252541
A01_minus_A00,669,1.754019401777775
A01_minus_A00,670,1.7540198682191515
A01_minus_A00,671,1.7540201607990027
A01_minus_A00,672,1.7540206381770815
A01_minus_A00,673,1.754021124262745
A01_minus_A00,674,1.7540217222155312
A01_minus_A00,675,1.7540222487001564
A01_minus_A00,676,1.7540244941398093
A01_minus_A00,677,1.7541244677374923
A01_minus_A00,678,1.759734645298299
A01_minus_A00,679,1.7583502801861648
A01_minus_A00,680,1.7710869230310917
A01_minus_A00,681,1.7477064851211892
A01_minus_A00,682,1.7704656311841083
A01_minus_A00,683,1.7682638546297933
A01_minus_A00,684,1.7808774778319985
A01_minus_A00,685,1.8432859246515094
A01_minus_A00,686,1.8178361146262645
A01_minus_A00,687,1.8340220040339776
A01_minus_A00,688,1.8539642820277646
A01_minus_A00,689,1.8915472922382661
A01_minus_A00,690,1.8909411999633872
A01_minus_A00,691,1.8980134778452926
A01_minus_A00,692,1.9034853503403213
A01_minus_A00,693,1.903488944801533
A01_minus_A00,694,1.9034769499967161
A01_minus_A00,695,1.903485085247736
A01_minus_A00,696,1.903487784341818
A01_minus_A00,697,1.9034891833132963
A01_minus_A00,698,1.9034903373553573
A01_minus_A00,699,1.90349145572314
A01_minus_A00,700,1.9034925529887214
A01_minus_A00,701,1.9034936427612257
A01_minus_A00,702,1.9034943917704223
A01_minus_A00,703,1.9034938628969664
A01_minus_A00,704,1.9034825397778885
A01_minus_A00,705,1.9044235289242735
A01_minus_A00,706,1.9046761923248756
A01_minus_A00,707,1.935039259322662
A01_minus_A00,708,1.9303800147990189
A01_minus_A00,709,1.9444701962069983
A01_minus_A00,710,1.948271614239219
A01_minus_A00,711,1.951460160999185
A01_minus_A00,712,1.973046376296952
A01_minus_A00,713,1.9844510281926997
A01_minus_A00,714,2.021310641354271
A01_minus_A00,715,2.01564931407043
A01_minus_A00,716,2.031613391592371
A01_minus_A00,717,2.0324420087664716
A01_minus_A00,718,2.035912331405839
A01_minus_A00,719,2.030522622827191
A01_minus_A00,720,2.0305238327401494
A01_minus_A00,721,2.030521581823126
A01_minus_A00,722,2.030523748960857
A01_minus_A00,723,2.0305215777886403
A01_minus_A00,724,2.0305204500772387
A01_minus_A00,725,2.0305174398240884
A01_minus_A00,726,2.0305183439636245
A01_minus_A00,727,2.030521165596982
A01_minus_A00,728,2.0305245577209767
A01_minus_A00,729,2.030526387490326
A01_minus_A00,730,2.030526393191607
A01_minus_A00,731,2.0305270400178426
A01_minus_A00,732,2.0305241670086476
A01_minus_A00,733,2.0304959534815787
A01_minus_A00,734,2.0418530728241198
A01_minus_A00,735,2.0579475560520852
A01_minus_A00,736,2.0685552385799504
A01_minus_A00,737,2.06625415942169
A01_minus_A00,738,2.066144655442855
A01_minus_A00,739,2.0666183590901652
A01_minus_A00,740,2.061742690239986
A01_minus_A00,741,2.06314752582519
A01_minus_A00,742,2.0840153996558946
A01_minus_A00,743,2.082670348171058
A01_minus_A00,744,2.1047243785477447
A01_minus_A00,745,2.107541492009595
A01_minus_A00,746,2.107559073706351
A01_minus_A00,747,2.1075650653195583
A01_minus_A00,748,2.1075726191600754
A01_minus_A00,749,2.1075730672702044
A01_minus_A00,750,2.1075727125979618
A01_minus_A00,751,2.1075738852909667
A01_minus_A00,752,2.107575001236111
A01_minus_A00,753,2.1075766374033944
A01_minus_A00,754,2.1075777818319583
A01_minus_A00,755,2.10757815067749
A01_minus_A00,756,2.107578322294015
A01_minus_A00,757,2.1075786364508766
A01_minus_A00,758,2.107578996770764
A01_minus_A00,759,2.107579344053866
A01_minus_A00,760,2.107579728715375
A01_minus_A00,761,2.107579968679575
A01_minus_A00,762,2.107580136897745
A01_minus_A00,763,2.107580314808345
A01_minus_A00,764,2.1075804838293184
A01_minus_A00,765,2.1075806571083717
A01_minus_A00,766,2.1075808826195916
A01_minus_A00,767,2.107581001658362
A01_minus_A00,768,2.1075812614774003
A01_minus_A00,769,2.107581614375512
A01_minus_A00,770,2.1075824827000407
A01_minus_A00,771,2.107583206169463
A01_minus_A00,772,2.1075837516142
A01_minus_A00,773,2.107584157247185
A01_minus_A00,774,2.1075844347074364
A01_minus_A00,775,2.1075847078752545
A01_minus_A00,776,2.107585034826353
A01_minus_A00,777,2.1075853656842636
A01_minus_A00,778,2.107585749658343
A01_minus_A00,779,2.107586377087242
A01_minus_A00,780,2.107587240542658
A01_minus_A00,781,2.107588403342558
A01_minus_A00,782,2.1075896475716713
A01_minus_A00,783,2.1075904326779487
A11_minus_A00,1,0.0
A11_minus_A00,2,2.508352830016682e-09
A11_minus_A00,3,5.875789630843426e-09
A11_minus_A00,4,3.2684571807338188e-09
A11_minus_A00,5,6.611252743388957e-09
A11_minus_A00,6,1.4889427993639033e-08
A11_minus_A00,7,1.757275426248842e-08
A11_minus_A00,8,2.230381378840254e-08
A11_minus_A00,9,2.1114632440960087e-08
A11_minus_A00,10,2.093199898361649e-08
A11_minus_A00,11,1.736739857306791e-08
A11_minus_A00,12,1.4654809452379032e-08
A11_minus_A00,13,6.436687958717467e-09
A11_minus_A00,14,-7.045517826396621e-09
A11_minus_A00,15,-2.7097124695031053e-08
A11_minus_A00,16,-5.74201290092057e-08
A11_minus_A00,17,-8.361359636405149e-08
A11_minus_A00,18,-1.1307047477018892e-07
A11_minus_A00,19,-1.4597109869998082e-07
A11_minus_A00,20,-1.7906051015269274e-07
A11_minus_A00,21,-2.0212006946215219e-07
A11_minus_A00,22,-2.2016001303537154e-07
A11_minus_A00,23,-2.3068099648830185e-07
A11_minus_A00,24,-2.3459670185688547e-07
A11_minus_A00,25,-2.34396978778849e-07
A11_minus_A00,26,-2.2892918954216074e-07
A11_minus_A00,27,-2.1575615003156985e-07
A11_minus_A00,28,-2.0004319079839712e-07
A11_minus_A00,29,-1.803178533326892e-07
A11_minus_A00,30,-1.5508345226852195e-07
A11_minus_A00,31,-2.7354027185333813e-07
A11_minus_A00,32,-5.460947821476603e-07
A11_minus_A00,33,-1.1850103503273852e-06
A11_minus_A00,34,-2.4554528408412944e-06
A11_minus_A00,35,-4.311676984427426e-06
A11_minus_A00,36,-5.446462342235908e-06
A11_minus_A00,37,-3.053196959730709e-06
A11_minus_A00,38,-3.350594316017698e-07
A11_minus_A00,39,2.7387045335503567e-06
A11_minus_A00,40,5.5750945584400854e-06
A11_minus_A00,41,8.215856536487194e-06
A11_minus_A00,42,1.056564979113803e-05
A11_minus_A00,43,1.2546886664306684e-05
A11_minus_A00,44,1.427270817197892e-05
A11_minus_A00,45,1.5767672293356632e-05
A11_minus_A00,46,1.7061256510379562e-05
A11_minus_A00,47,1.8063634616006965e-05
A11_minus_A00,48,1.8885805195710952e-05
A11_minus_A00,49,1.9475120135550517e-05
A11_minus_A00,50,1.947355785840353e-05
A11_minus_A00,51,1.951212494237552e-05
A11_minus_A00,52,1.9585446725506108e-05
A11_minus_A00,53,1.9675008681292153e-05
A11_minus_A00,54,1.977400480982691e-05
A11_minus_A00,55,1.9892297282884916e-05
A11_minus_A00,56,2.002634378115197e-05
A11_minus_A00,57,2.017791475232184e-05
A11_minus_A00,58,2.0334267935660992e-05
A11_minus_A00,59,2.0491836178308683e-05
A11_minus_A00,60,1.7710047769563948e-05
A11_minus_A00,61,1.3974111404338156e-05
A11_minus_A00,62,9.58341923303513e-06
A11_minus_A00,63,6.566991360832777e-06
A11_minus_A00,64,8.850894540576073e-06
A11_minus_A00,65,2.7745402721028207e-05
A11_minus_A00,66,-0.00044902656931367416
A11_minus_A00,67,-0.0028393486964471727
A11_minus_A00,68,-0.0022038513091678716
A11_minus_A00,69,-0.0035194293204623677
A11_minus_A00,70,-0.0027251646991034834
A11_minus_A00,71,-0.0035926741096882864
A11_minus_A00,72,-0.005508221296503127
A11_minus_A00,73,-0.0064146551294348075
A11_minus_A00,74,-0.007166273414535385
A11_minus_A00,75,-0.007878031082601883
A11_minus_A00,76,-0.009640138398494851
A11_minus_A00,77,-0.00950680301470909
A11_minus_A00,78,-0.009507881465115565
A11_minus_A00,79,-0.009508304599095482
A11_minus_A00,80,-0.009508721749306679
A11_minus_A00,81,-0.00950925362271431
A11_minus_A00,82,-0.009509813834616705
A11_minus_A00,83,-0.009510555005472389
A11_minus_A00,84,-0.00951147424943532
A11_minus_A00,85,-0.00951241986022848
A11_minus_A00,86,-0.00951434803046788
A11_minus_A00,87,-0.009516814456499701
A11_minus_A00,88,-0.009518446439999755
A11_minus_A00,89,-0.009527141190629324
A11_minus_A00,90,-0.009523473958043552
A11_minus_A00,91,-0.00949839398550178
A11_minus_A00,92,-0.009375585665952892
A11_minus_A00,93,-0.01090618992208661
A11_minus_A00,94,-0.011192640036811596
A11_minus_A00,95,-0.008174415745274766
A11_minus_A00,96,-0.009519247998082738
A11_minus_A00,97,-0.008373187299616173
A11_minus_A00,98,-0.008437083773099558
A11_minus_A00,99,-0.007817281309398587
A11_minus_A00,100,-0.008700712340962771
A11_minus_A00,101,-0.01095244437282026
A11_minus_A00,102,-0.009269556898053673
A11_minus_A00,103,-0.013888279388396204
A11_minus_A00,104,-0.013769965788280299
A11_minus_A00,105,-0.013755909249120681
A11_minus_A00,106,-0.013749354874134439
A11_minus_A00,107,-0.013751490346480476
A11_minus_A00,108,-0.013752255219234892
A11_minus_A00,109,-0.013752851346659054
A11_minus_A00,110,-0.013753470644422418
A11_minus_A00,111,-0.013754090695991764
A11_minus_A00,112,-0.013754601252084761
A11_minus_A00,113,-0.013755443652975468
A11_minus_A00,114,-0.013756626662140423
A11_minus_A00,115,-0.013758577844817843
A11_minus_A00,116,-0.013761093862474361
A11_minus_A00,117,-0.013663418638321729
A11_minus_A00,118,-0.013451362007465068
A11_minus_A00,119,-0.014691772081767671
A11_minus_A00,120,-0.012647336482163452
A11_minus_A00,121,-0.004721493429338529
A11_minus_A00,122,-0.00656724824239158
A11_minus_A00,123,-0.009302127857678262
A11_minus_A00,124,-0.008339844070703904
A11_minus_A00,125,0.00208224218865301
A11_minus_A00,126,0.008164859405390744
A11_minus_A00,127,-0.011706661072038275
A11_minus_A00,128,-0.010815450927812751
A11_minus_A00,129,-0.003641772798824515
A11_minus_A00,130,-0.00024136783705531865
A11_minus_A00,131,0.0058105144742393085
A11_minus_A00,132,0.008840379523322364
A11_minus_A00,133,0.007529994863972267
A11_minus_A00,134,-0.0028649608564740824
A11_minus_A00,135,-0.002437204242033338
A11_minus_A00,136,-0.0024406057764608845
A11_minus_A00,137,-0.0024443842545059276
A11_minus_A00,138,-0.0024479396283413014
A11_minus_A00,139,-0.0024501026459951896
A11_minus_A00,140,-0.0024527463009525498
A11_minus_A00,141,-0.0024536565117224633
A11_minus_A00,142,-0.0024561389751525465
A11_minus_A00,143,-0.00244252083427817
A11_minus_A00,144,-0.0022826618444020536
A11_minus_A00,145,-0.002128636227820351
A11_minus_A00,146,-0.0004884797589571176
A11_minus_A00,147,-0.0017041060775515818
A11_minus_A00,148,-0.005199594344059765
A11_minus_A00,149,0.0006060494608199562
A11_minus_A00,150,0.0075191630796009054
A11_minus_A00,151,0.009716075423451624
A11_minus_A00,152,0.02115574764033631
A11_minus_A00,153,0.008011921013005666
A11_minus_A00,154,0.012683910261376429
A11_minus_A00,155,0.028592823008128987
A11_minus_A00,156,0.02726206002803817
A11_minus_A00,157,0.08900738695709196
A11_minus_A00,158,0.08307053882646395
A11_minus_A00,159,0.07868441455312021
A11_minus_A00,160,0.07967568298068829
A11_minus_A00,161,0.0791147642899068
A11_minus_A00,162,0.07904917146789761
A11_minus_A00,163,0.07939704915187487
A11_minus_A00,164,0.07941608844651936
A11_minus_A00,165,0.07940806031996579
A11_minus_A00,166,0.07940400635129283
A11_minus_A00,167,0.07940038138742428
A11_minus_A00,168,0.07939667550787598
A11_minus_A00,169,0.07939335668744364
A11_minus_A00,170,0.0793949224892853
A11_minus_A00,171,0.07948035071431828
A11_minus_A00,172,0.07993361129425498
A11_minus_A00,173,0.0795580254965607
A11_minus_A00,174,0.08973436933782793
A11_minus_A00,175,0.06987109108163929
A11_minus_A00,176,0.07285887656393544
A11_minus_A00,177,0.07925516576814545
A11_minus_A00,178,0.08530486730207872
A11_minus_A00,179,0.08302994299281061
A11_minus_A00,180,0.05627316262764326
A11_minus_A00,181,0.04766706747447208
A11_minus_A00,182,0.05987103634613982
A11_minus_A00,183,0.04787847033961042
A11_minus_A00,184,0.04905879938588594
A11_minus_A00,185,0.06359943488049408
A11_minus_A00,186,0.059201465655274
A11_minus_A00,187,0.1098597759656065
A11_minus_A00,188,0.09178943938754311
A11_minus_A00,189,0.10435910144938507
A11_minus_A00,190,0.10484400322095067
A11_minus_A00,191,0.10660297325337229
A11_minus_A00,192,0.1066559317998875
A11_minus_A00,193,0.10665602935874316
A11_minus_A00,194,0.10665052893727345
A11_minus_A00,195,0.10664615135338427
A11_minus_A00,196,0.10664028150180857
A11_minus_A00,197,0.10666385064913275
A11_minus_A00,198,0.10689039485100624
A11_minus_A00,199,0.10709746566674495
A11_minus_A00,200,0.1077027476345681
A11_minus_A00,201,0.10972296040716305
A11_minus_A00,202,0.12224581080445994
A11_minus_A00,203,0.14081478945775816
A11_minus_A00,204,0.13160107959606432
A11_minus_A00,205,0.14439755574667007
A11_minus_A00,206,0.12249213325833708
A11_minus_A00,207,-0.07017545179814474
A11_minus_A00,208,-0.07479338708615017
A11_minus_A00,209,-0.1469571657457239
A11_minus_A00,210,-0.1385376242454792
A11_minus_A00,211,-0.06705869076092237
A11_minus_A00,212,-0.06336054562357872
A11_minus_A00,213,-0.07498057800681836
A11_minus_A00,214,-0.039563801060118545
A11_minus_A00,215,0.020308729674801664
A11_minus_A00,216,0.008157212957670232
A11_minus_A00,217,0.004334954254960112
A11_minus_A00,218,0.012845796672291994
A11_minus_A00,219,0.014808749021669369
A11_minus_A00,220,0.014279820845299331
A11_minus_A00,221,0.014274574089116364
A11_minus_A00,222,0.014272425832702534
A11_minus_A00,223,0.014270499349341256
A11_minus_A00,224,0.014268151038874249
A11_minus_A00,225,0.014263670710741031
A11_minus_A00,226,0.01429892497546372
A11_minus_A00,227,0.014087772921308766
A11_minus_A00,228,-0.005845926319644925
A11_minus_A00,229,0.025306144139551283
A11_minus_A00,230,0.045472193807886335
A11_minus_A00,231,0.056087424613682074
A11_minus_A00,232,0.09498461431673574
A11_minus_A00,233,0.09484833059996345
A11_minus_A00,234,0.11219453701261424
A11_minus_A00,235,0.105870471417793
A11_minus_A00,236,0.134130900407921
A11_minus_A00,237,0.06383897932809289
A11_minus_A00,238,0.06664994954550263
A11_minus_A00,239,0.04683915988283846
A11_minus_A00,240,0.03217081968691234
A11_minus_A00,241,0.030552577991110278
A11_minus_A00,242,0.09640247590475817
A11_minus_A00,243,0.162300410711931
A11_minus_A00,244,0.13193968569567907
A11_minus_A00,245,0.1441139747432973
A11_minus_A00,246,0.14702067648936326
A11_minus_A00,247,0.1532021226015262
A11_minus_A00,248,0.1610991145701359
A11_minus_A00,249,0.16109568444890018
A11_minus_A00,250,0.16109427458088535
A11_minus_A00,251,0.16109350704090142
A11_minus_A00,252,0.1610926994463856
A11_minus_A00,253,0.16109110700987359
A11_minus_A00,254,0.16109203466016347
A11_minus_A00,255,0.16125967107211434
A11_minus_A00,256,0.1701779350091421
A11_minus_A00,257,0.1831574120804581
A11_minus_A00,258,0.17664146865208807
A11_minus_A00,259,0.15843940759035194
A11_minus_A00,260,0.15129452548951172
A11_minus_A00,261,0.09920789834179204
A11_minus_A00,262,0.09293189754166468
A11_minus_A00,263,0.08115336702332508
A11_minus_A00,264,0.14441974388213266
A11_minus_A00,265,0.11829304907745221
A11_minus_A00,266,0.13126956488953942
A11_minus_A00,267,0.12570356327491328
A11_minus_A00,268,0.10380341835634661
A11_minus_A00,269,0.17652655919945992
A11_minus_A00,270,0.23029441271537543
A11_minus_A00,271,0.22339312533085004
A11_minus_A00,272,0.23416859279129448
A11_minus_A00,273,0.23417873069594825
A11_minus_A00,274,0.24104581753283738
A11_minus_A00,275,0.24319353810071007
A11_minus_A00,276,0.21133074599354673
A11_minus_A00,277,0.2113275029690502
A11_minus_A00,278,0.21132685924099537
A11_minus_A00,279,0.21132648993245678
A11_minus_A00,280,0.21132617537528522
A11_minus_A00,281,0.21132567751891712
A11_minus_A00,282,0.2113334975914289
A11_minus_A00,283,0.2114065750718483
A11_minus_A00,284,0.22743362495299152
A11_minus_A00,285,0.21346674297968776
A11_minus_A00,286,0.1915316706233356
A11_minus_A00,287,0.1874996162920899
A11_minus_A00,288,0.18166059843223936
A11_minus_A00,289,0.17326275337223956
A11_minus_A00,290,0.1940125912906876
A11_minus_A00,291,0.19506966877910661
A11_minus_A00,292,0.11557207504061814
A11_minus_A00,293,0.09898394304391034
A11_minus_A00,294,0.07755377846497938
A11_minus_A00,295,0.08882741930751542
A11_minus_A00,296,0.1559715461133253
A11_minus_A00,297,0.2822053550461002
A11_minus_A00,298,0.29447610789304746
A11_minus_A00,299,0.3210555962678626
A11_minus_A00,300,0.31871690387068086
A11_minus_A00,301,0.3284163200195592
A11_minus_A00,302,0.33040092384365666
A11_minus_A00,303,0.33439773764454045
A11_minus_A00,304,0.3320144212402777
A11_minus_A00,305,0.332012663073726
A11_minus_A00,306,0.33201244007004804
A11_minus_A00,307,0.3320125235796672
A11_minus_A00,308,0.3320126476159174
A11_minus_A00,309,0.3320121061387437
A11_minus_A00,310,0.3320107514803579
A11_minus_A00,311,0.3318704791865701
A11_minus_A00,312,0.33159951261708315
A11_minus_A00,313,0.34462239472819556
A11_minus_A00,314,0.3366040787998664
A11_minus_A00,315,0.3407298419700448
A11_minus_A00,316,0.37995953215950573
A11_minus_A00,317,0.4190508303021855
A11_minus_A00,318,0.43327201950354416
A11_minus_A00,319,0.48124040284883846
A11_minus_A00,320,0.49409859071727014
A11_minus_A00,321,0.5257418665049421
A11_minus_A00,322,0.517467660268904
A11_minus_A00,323,0.5060185447525908
A11_minus_A00,324,0.5079827627099005
A11_minus_A00,325,0.5434957904781824
A11_minus_A00,326,0.48391011078797835
A11_minus_A00,327,0.5095227473534102
A11_minus_A00,328,0.4992423915419786
A11_minus_A00,329,0.5087885730035125
A11_minus_A00,330,0.5310469697792874
A11_minus_A00,331,0.5883235511416455
A11_minus_A00,332,0.588320017891584
A11_minus_A00,333,0.5883161155734313
A11_minus_A00,334,0.5883162050515167
A11_minus_A00,335,0.5883163458100046
A11_minus_A00,336,0.5883165197365373
A11_minus_A00,337,0.5883168319611521
A11_minus_A00,338,0.5883143148254351
A11_minus_A00,339,0.5879519991876447
A11_minus_A00,340,0.588330157905458
A11_minus_A00,341,0.5584844717008663
A11_minus_A00,342,0.5901360637253421
A11_minus_A00,343,0.600815953111801
A11_minus_A00,344,0.6318767232996396
A11_minus_A00,345,0.6569585970155319
A11_minus_A00,346,0.6277893713401742
A11_minus_A00,347,0.6177026202720406
A11_minus_A00,348,0.5798258347463437
A11_minus_A00,349,0.6034027323061126
A11_minus_A00,350,0.5821962053082821
A11_minus_A00,351,0.5893444979429737
A11_minus_A00,352,0.7278155923327742
A11_minus_A00,353,0.7721184762889695
A11_minus_A00,354,0.6954591883151223
A11_minus_A00,355,0.6669059115709604
A11_minus_A00,356,0.6697955173006217
A11_minus_A00,357,0.6263252010510253
A11_minus_A00,358,0.621236192172081
A11_minus_A00,359,0.6232738931069749
A11_minus_A00,360,0.6232729812998332
A11_minus_A00,361,0.6232704174812327
A11_minus_A00,362,0.6232703915924872
A11_minus_A00,363,0.6232706923093165
A11_minus_A00,364,0.6232710977934471
A11_minus_A00,365,0.6232714579249473
A11_minus_A00,366,0.6232718331116952
A11_minus_A00,367,0.6238134487245576
A11_minus_A00,368,0.6336749939794928
A11_minus_A00,369,0.6411576452437159
A11_minus_A00,370,0.6457424691873308
A11_minus_A00,371,0.5834226350471721
A11_minus_A00,372,0.5666608119989851
A11_minus_A00,373,0.64242841106409
A11_minus_A00,374,0.6400291811756278
A11_minus_A00,375,0.6638677447564624
A11_minus_A00,376,0.7072763986367306
A11_minus_A00,377,0.6699067901554302
A11_minus_A00,378,0.6825015649755971
A11_minus_A00,379,0.685117898873137
A11_minus_A00,380,0.6908548952055307
A11_minus_A00,381,0.7009772402565216
A11_minus_A00,382,0.6876575755115153
A11_minus_A00,383,0.6402287439921911
A11_minus_A00,384,0.5543990342255352
A11_minus_A00,385,0.5513398825391741
A11_minus_A00,386,0.5428277611380594
A11_minus_A00,387,0.5773455198540877
A11_minus_A00,388,0.5700612910896303
A11_minus_A00,389,0.5695442884192493
A11_minus_A00,390,0.5695769944578871
A11_minus_A00,391,0.5695780266081135
A11_minus_A00,392,0.5695789708336985
A11_minus_A00,393,0.569579855546402
A11_minus_A00,394,0.5695787624663519
A11_minus_A00,395,0.5702509918360427
A11_minus_A00,396,0.5746135858331953
A11_minus_A00,397,0.5784684273277201
A11_minus_A00,398,0.5794079075868019
A11_minus_A00,399,0.5562619979815561
A11_minus_A00,400,0.5626383280992913
A11_minus_A00,401,0.5257422983065204
A11_minus_A00,402,0.4907131392212869
A11_minus_A00,403,0.4962326900776577
A11_minus_A00,404,0.4527720297952848
A11_minus_A00,405,0.510904454498262
A11_minus_A00,406,0.5351169086667981
A11_minus_A00,407,0.547901192207564
A11_minus_A00,408,0.6146548868845348
A11_minus_A00,409,0.6223083638779895
A11_minus_A00,410,0.5652911820609717
A11_minus_A00,411,0.6305701785408298
A11_minus_A00,412,0.6336494676975933
A11_minus_A00,413,0.6486407224999946
A11_minus_A00,414,0.6781501845801216
A11_minus_A00,415,0.6743678010201897
A11_minus_A00,416,0.7234078359132176
A11_minus_A00,417,0.727194847215664
A11_minus_A00,418,0.7272065297203619
A11_minus_A00,419,0.7272070381725105
A11_minus_A00,420,0.7272077171128198
A11_minus_A00,421,0.7272085333793108
A11_minus_A00,422,0.7272233634295187
A11_minus_A00,423,0.7270541800270026
A11_minus_A00,424,0.7310706636776079
A11_minus_A00,425,0.7568279059317118
A11_minus_A00,426,0.7711726539532194
A11_minus_A00,427,0.8707728847601085
A11_minus_A00,428,0.8763891508314803
A11_minus_A00,429,0.8768352867680766
A11_minus_A00,430,0.8896434295395297
A11_minus_A00,431,0.9058129351073717
A11_minus_A00,432,0.9517548660776894
A11_minus_A00,433,0.9714225969134523
A11_minus_A00,434,0.9269142157431263
A11_minus_A00,435,0.9848441896012101
A11_minus_A00,436,1.0317966359059645
A11_minus_A00,437,1.018374144723227
A11_minus_A00,438,1.000591741198528
A11_minus_A00,439,0.9427142373544509
A11_minus_A00,440,0.9653363653588672
A11_minus_A00,441,0.9934892781860069
A11_minus_A00,442,1.0195659439141966
A11_minus_A00,443,1.0091038612343384
A11_minus_A00,444,1.0122085284177689
A11_minus_A00,445,1.0155099029643286
A11_minus_A00,446,1.0202713670096017
A11_minus_A00,447,1.0202710773744186
A11_minus_A00,448,1.0202714146305365
A11_minus_A00,449,1.0202715385898995
A11_minus_A00,450,1.0202724114329669
A11_minus_A00,451,1.0201956289223217
A11_minus_A00,452,1.0156576906352934
A11_minus_A00,453,1.0048514529780912
A11_minus_A00,454,0.9979540986755926
A11_minus_A00,455,0.9660380990620351
A11_minus_A00,456,1.0122908131482056
A11_minus_A00,457,1.0198176345866736
A11_minus_A00,458,1.0119964140631204
A11_minus_A00,459,1.0552415429285555
A11_minus_A00,460,1.0369149174030368
A11_minus_A00,461,1.0439045335258164
A11_minus_A00,462,1.0469598508933835
A11_minus_A00,463,1.0731474435388426
A11_minus_A00,464,1.1178216031259396
A11_minus_A00,465,1.1542721854297477
A11_minus_A00,466,1.1426775202310728
A11_minus_A00,467,1.1225472005103356
A11_minus_A00,468,1.1540467417698554
A11_minus_A00,469,1.1484576272982474
A11_minus_A00,470,1.0980433556775
A11_minus_A00,471,1.0925891421358205
A11_minus_A00,472,1.1177362161939692
A11_minus_A00,473,1.0290372466934519
A11_minus_A00,474,1.0282506518491825
A11_minus_A00,475,1.028250926569611
A11_minus_A00,476,1.0282514942203809
A11_minus_A00,477,1.0282520997638347
A11_minus_A00,478,1.02825175673971
A11_minus_A00,479,1.0282283016276583
A11_minus_A00,480,1.0288121558340593
A11_minus_A00,481,1.0596006113897325
A11_minus_A00,482,1.030556803470389
A11_minus_A00,483,1.043839427587307
A11_minus_A00,484,1.1064328919784747
A11_minus_A00,485,1.1415388870407777
A11_minus_A00,486,1.29387114019171
A11_minus_A00,487,1.2529423011726217
A11_minus_A00,488,1.333338002088089
A11_minus_A00,489,1.442724851111353
A11_minus_A00,490,1.4378366453356581
A11_minus_A00,491,1.3946586273664086
A11_minus_A00,492,1.4259883578649877
A11_minus_A00,493,1.4568192444107784
A11_minus_A00,494,1.593004419963532
A11_minus_A00,495,1.623195180304836
A11_minus_A00,496,1.6286499754859267
A11_minus_A00,497,1.6883516675680759
A11_minus_A00,498,1.7199453594077971
A11_minus_A00,499,1.8281288361701986
A11_minus_A00,500,1.8388757534994062
A11_minus_A00,501,1.8457601087194884
A11_minus_A00,502,1.7833385361972944
A11_minus_A00,503,1.7833402697637373
A11_minus_A00,504,1.7833402648311316
A11_minus_A00,505,1.783339622241378
A11_minus_A00,506,1.7833369588578496
A11_minus_A00,507,1.783349261904501
A11_minus_A00,508,1.7749813220115358
A11_minus_A00,509,1.7733721037939483
A11_minus_A00,510,1.797354418211854
A11_minus_A00,511,1.8469932491564862
A11_minus_A00,512,1.833156402478747
A11_minus_A00,513,1.7681125408923115
A11_minus_A00,514,1.857680532818179
A11_minus_A00,515,1.8942526880435917
A11_minus_A00,516,1.930590399608754
A11_minus_A00,517,1.9352474639065362
A11_minus_A00,518,1.9811581680197683
A11_minus_A00,519,2.1439334951272127
A11_minus_A00,520,2.0402041921599037
A11_minus_A00,521,2.0781025627266896
A11_minus_A00,522,2.1052684694483492
A11_minus_A00,523,2.1817764810407785
A11_minus_A00,524,2.1341319055652055
A11_minus_A00,525,2.101243787883871
A11_minus_A00,526,2.072317911537885
A11_minus_A00,527,2.0715099368409478
A11_minus_A00,528,2.0707556721013227
A11_minus_A00,529,2.069514538300583
A11_minus_A00,530,2.1595629788441504
A11_minus_A00,531,2.1595653004159074
A11_minus_A00,532,2.1595660307631506
A11_minus_A00,533,2.1595665720770185
A11_minus_A00,534,2.1595634887300603
A11_minus_A00,535,2.1595752205178993
A11_minus_A00,536,2.1709295396478328
A11_minus_A00,537,2.15123061387278
A11_minus_A00,538,2.1747869593129234
A11_minus_A00,539,2.2400146478301695
A11_minus_A00,540,2.2423272133931063
A11_minus_A00,541,2.2241515158400125
A11_minus_A00,542,2.336703838757065
A11_minus_A00,543,2.367684492852721
A11_minus_A00,544,2.353223990617147
A11_minus_A00,545,2.4088792532918117
A11_minus_A00,546,2.4376953117063973
A11_minus_A00,547,2.5435195384136784
A11_minus_A00,548,2.6424973502341857
A11_minus_A00,549,2.5158612030384044
A11_minus_A00,550,2.5892572070787736
A11_minus_A00,551,2.5526312090453938
A11_minus_A00,552,2.563854006364463
A11_minus_A00,553,2.581319994365639
A11_minus_A00,554,2.5952206464031993
A11_minus_A00,555,2.5989490254240177
A11_minus_A00,556,2.5995890531191224
A11_minus_A00,557,2.5985004873996735
A11_minus_A00,558,2.5983309457959556
A11_minus_A00,559,2.5983308492806034
A11_minus_A00,560,2.5983310553592966
A11_minus_A00,561,2.5983314147892176
A11_minus_A00,562,2.598331286057964
A11_minus_A00,563,2.5983336063089375
A11_minus_A00,564,2.584731926528225
A11_minus_A00,565,2.5750881844002964
A11_minus_A00,566,2.5996604300028827
A11_minus_A00,567,2.6700403328577944
A11_minus_A00,568,2.668826016518688
A11_minus_A00,569,2.654576766064898
A11_minus_A00,570,2.8708030105394347
A11_minus_A00,571,2.779658831345949
A11_minus_A00,572,2.8351955436446485
A11_minus_A00,573,3.000215159801498
A11_minus_A00,574,2.7916718226514643
A11_minus_A00,575,2.7775177830651954
A11_minus_A00,576,2.8181772161118643
A11_minus_A00,577,2.866745099954764
A11_minus_A00,578,2.7898299477160675
A11_minus_A00,579,2.7604901982198524
A11_minus_A00,580,2.818706599265514
A11_minus_A00,581,2.8121420929856824
A11_minus_A00,582,2.812764742070813
A11_minus_A00,583,2.8127702279303715
A11_minus_A00,584,2.8127694611480942
A11_minus_A00,585,2.812769559582435
A11_minus_A00,586,2.8127687687206286
A11_minus_A00,587,2.812768967810616
A11_minus_A00,588,2.812769353536155
A11_minus_A00,589,2.812769564503575
A11_minus_A00,590,2.8127691015340464
A11_minus_A00,591,2.8127687932267564
A11_minus_A00,592,2.936202866428583
A11_minus_A00,593,2.893858122087495
A11_minus_A00,594,2.8989908681245726
A11_minus_A00,595,2.8767754152606444
A11_minus_A00,596,2.883369379582907
A11_minus_A00,597,2.872777604606617
A11_minus_A00,598,2.912768297146345
A11_minus_A00,599,2.952717416594628
A11_minus_A00,600,3.037196563428926
A11_minus_A00,601,2.989690127232008
A11_minus_A00,602,3.002743140931627
A11_minus_A00,603,2.9763474222774504
A11_minus_A00,604,2.986652167950257
A11_minus_A00,605,2.979236549467532
A11_minus_A00,606,3.020924109706293
A11_minus_A00,607,2.9860532177209107
A11_minus_A00,608,2.930249634570962
A11_minus_A00,609,2.832957300217678
A11_minus_A00,610,2.8332023952663534
A11_minus_A00,611,2.8332071051453642
A11_minus_A00,612,2.833200659309999
A11_minus_A00,613,2.833199812557119
A11_minus_A00,614,2.8331994810059844
A11_minus_A00,615,2.833199203881191
A11_minus_A00,616,2.833199126511366
A11_minus_A00,617,2.833199009370121
A11_minus_A00,618,2.833198080418693
A11_minus_A00,619,2.8331977616136688
A11_minus_A00,620,2.8068046543973053
A11_minus_A00,621,2.8053156148897944
A11_minus_A00,622,3.04565823807957
A11_minus_A00,623,3.1014408231878763
A11_minus_A00,624,3.1495587404427074
A11_minus_A00,625,3.155848215691652
A11_minus_A00,626,3.1543018610261053
A11_minus_A00,627,3.27628401749727
A11_minus_A00,628,3.309457320731013
A11_minus_A00,629,3.7138875318327993
A11_minus_A00,630,3.7178658512618212
A11_minus_A00,631,3.6972567376439565
A11_minus_A00,632,3.690036807933074
A11_minus_A00,633,3.6745951510139285
A11_minus_A00,634,3.6387128844176018
A11_minus_A00,635,3.592567149876942
A11_minus_A00,636,3.588880945472854
A11_minus_A00,637,3.5849931539245117
A11_minus_A00,638,3.5850097737543956
A11_minus_A00,639,3.585012064497107
A11_minus_A00,640,3.5850088916344327
A11_minus_A00,641,3.5850088080635873
A11_minus_A00,642,3.5850094552965435
A11_minus_A00,643,3.5850093843420816
A11_minus_A00,644,3.5850094875914373
A11_minus_A00,645,3.5850088822030295
A11_minus_A00,646,3.585008447642574
A11_minus_A00,647,3.5850068631449536
A11_minus_A00,648,3.584972836419258
A11_minus_A00,649,3.5964489016416605
A11_minus_A00,650,3.602112862813146
A11_minus_A00,651,3.60740930057587
A11_minus_A00,652,3.6395248611296447
A11_minus_A00,653,3.6616568026337504
A11_minus_A00,654,3.7152734426186553
A11_minus_A00,655,3.7404757748976714
A11_minus_A00,656,3.7554534055252677
A11_minus_A00,657,3.7186141963542756
A11_minus_A00,658,3.7487735105797566
A11_minus_A00,659,3.7886876027884493
A11_minus_A00,660,3.8224846241004427
A11_minus_A00,661,4.021795550489053
A11_minus_A00,662,4.208693218131797
A11_minus_A00,663,4.212976846954448
A11_minus_A00,664,4.22892229452025
A11_minus_A00,665,4.203365676582558
A11_minus_A00,666,4.203375869462831
A11_minus_A00,667,4.203377710755481
A11_minus_A00,668,4.203377472037319
A11_minus_A00,669,4.20337764140603
A11_minus_A00,670,4.203377564662634
A11_minus_A00,671,4.203377461731079
A11_minus_A00,672,4.203377457499975
A11_minus_A00,673,4.203377434060067
A11_minus_A00,674,4.203377510504122
A11_minus_A00,675,4.203377688899951
A11_minus_A00,676,4.203377905908478
A11_minus_A00,677,4.20302275823841
A11_minus_A00,678,4.207320912794651
A11_minus_A00,679,4.2124549247157805
A11_minus_A00,680,4.226896553762958
A11_minus_A00,681,4.183772564205855
A11_minus_A00,682,4.2662616938317495
A11_minus_A00,683,4.280298801164066
A11_minus_A00,684,4.298939793141022
A11_minus_A00,685,4.411890570921687
A11_minus_A00,686,4.389148358123717
A11_minus_A00,687,4.320283146401564
A11_minus_A00,688,4.343176562825216
A11_minus_A00,689,4.416523720993596
A11_minus_A00,690,4.407959403862429
A11_minus_A00,691,4.401712885001637
A11_minus_A00,692,4.400694057625078
A11_minus_A00,693,4.400739418269906
A11_minus_A00,694,4.4007366650942386
A11_minus_A00,695,4.400747167213397
A11_minus_A00,696,4.400749493662756
A11_minus_A00,697,4.400750789847312
A11_minus_A00,698,4.400751634210139
A11_minus_A00,699,4.400752541212317
A11_minus_A00,700,4.400753652831542
A11_minus_A00,701,4.400754650524807
A11_minus_A00,702,4.400755199822473
A11_minus_A00,703,4.40075469749214
A11_minus_A00,704,4.400741453968207
A11_minus_A00,705,4.399973941619138
A11_minus_A00,706,4.402065295085859
A11_minus_A00,707,4.395880462298005
A11_minus_A00,708,4.386918323335269
A11_minus_A00,709,4.419238693759445
A11_minus_A00,710,4.419452469170105
A11_minus_A00,711,4.418902230923271
A11_minus_A00,712,4.500405703878505
A11_minus_A00,713,4.524101638190992
A11_minus_A00,714,4.563487532997257
A11_minus_A00,715,4.562666414936195
A11_minus_A00,716,4.622551240669457
A11_minus_A00,717,4.610255937690341
A11_minus_A00,718,4.609195030824068
A11_minus_A00,719,4.608791071243142
A11_minus_A00,720,4.6087929749221415
A11_minus_A00,721,4.608794449321012
A11_minus_A00,722,4.608798990883626
A11_minus_A00,723,4.608799053383214
A11_minus_A00,724,4.608800819556551
A11_minus_A00,725,4.608800914833504
A11_minus_A00,726,4.608807898385982
A11_minus_A00,727,4.608811624652198
A11_minus_A00,728,4.608816742402022
A11_minus_A00,729,4.60882020933537
A11_minus_A00,730,4.608823685915283
A11_minus_A00,731,4.608828188101636
A11_minus_A00,732,4.608836004294274
A11_minus_A00,733,4.608829791432397
A11_minus_A00,734,4.623002041252233
A11_minus_A00,735,4.6423198012078695
A11_minus_A00,736,4.654149614681976
A11_minus_A00,737,4.675332709557845
A11_minus_A00,738,4.670936789626814
A11_minus_A00,739,4.671181100387393
A11_minus_A00,740,4.6735826780667455
A11_minus_A00,741,4.671482387815821
A11_minus_A00,742,4.672690995389457
A11_minus_A00,743,4.671055422493512
A11_minus_A00,744,4.695436667442008
A11_minus_A00,745,4.695779476253525
A11_minus_A00,746,4.695789379659231
A11_minus_A00,747,4.6957922432443215
A11_minus_A00,748,4.695798851195836
A11_minus_A00,749,4.695800140990597
A11_minus_A00,750,4.695801368359086
A11_minus_A00,751,4.69580217313319
A11_minus_A00,752,4.6958023569032
A11_minus_A00,753,4.695802820345109
A11_minus_A00,754,4.695802381818897
A11_minus_A00,755,4.6958028897173785
A11_minus_A00,756,4.695803307497773
A11_minus_A00,757,4.69580368834485
A11_minus_A00,758,4.695804259551671
A11_minus_A00,759,4.69580475820245
A11_minus_A00,760,4.695805227504945
A11_minus_A00,761,4.6958056038415386
A11_minus_A00,762,4.695805942792513
A11_minus_A00,763,4.695806216798322
A11_minus_A00,764,4.695806535044286
A11_minus_A00,765,4.695806856280018
A11_minus_A00,766,4.695807145739711
A11_minus_A00,767,4.695807410286078
A11_minus_A00,768,4.695807647058872
A11_minus_A00,769,4.695807945746985
A11_minus_A00,770,4.69580925352016
A11_minus_A00,771,4.695810192929178
A11_minus_A00,772,4.695810818497918
A11_minus_A00,773,4.695811223527742
A11_minus_A00,774,4.695811495288248
A11_minus_A00,775,4.695811831036711
A11_minus_A00,776,4.6958122330915435
A11_minus_A00,777,4.695812649664589
A11_minus_A00,778,4.69581301230078
A11_minus_A00,779,4.695813497673049
A11_minus_A00,780,4.695814084971957
A11_minus_A00,781,4.695815095426898
A11_minus_A00,782,4.695816213446031
A11_minus_A00,783,4.695816892482327
FP16_minus_A00,1,0.0
FP16_minus_A00,2,-1.0248133074159779e-10
FP16_minus_A00,3,-2.1807688133814568e-10
FP16_minus_A00,4,-5.739608016442926e-10
FP16_minus_A00,5,-6.228764749703554e-10
FP16_minus_A00,6,-5.463447127619338e-10
FP16_minus_A00,7,-8.558242386588531e-10
FP16_minus_A00,8,1.5546043465518663e-10
FP16_minus_A00,9,1.5975404691335234e-09
FP16_minus_A00,10,2.9870248441760705e-09
FP16_minus_A00,11,4.205057416204381e-09
FP16_minus_A00,12,4.237309299534166e-09
FP16_minus_A00,13,2.4699775837198558e-09
FP16_minus_A00,14,-1.1547851309952074e-09
FP16_minus_A00,15,-6.549478203198944e-09
FP16_minus_A00,16,-1.3645264219769096e-08
FP16_minus_A00,17,-2.2365872136697845e-08
FP16_minus_A00,18,-3.274654135164856e-08
FP16_minus_A00,19,-4.39151301001707e-08
FP16_minus_A00,20,-5.671292311417051e-08
FP16_minus_A00,21,-7.036374821693148e-08
FP16_minus_A00,22,-8.351867682757163e-08
FP16_minus_A00,23,-9.586694824445346e-08
FP16_minus_A00,24,-1.0786570151094155e-07
FP16_minus_A00,25,-1.195539606254245e-07
FP16_minus_A00,26,-1.3091010994982762e-07
FP16_minus_A00,27,-1.4209453745101478e-07
FP16_minus_A00,28,-1.5321363530216893e-07
FP16_minus_A00,29,-1.6460831269033043e-07
FP16_minus_A00,30,-1.7618057854076083e-07
FP16_minus_A00,31,-1.5613804812978666e-07
FP16_minus_A00,32,-1.0620048611755399e-07
FP16_minus_A00,33,2.012990626375154e-08
FP16_minus_A00,34,2.603713257477354e-07
FP16_minus_A00,35,6.032605931889048e-07
FP16_minus_A00,36,9.214450461476636e-07
FP16_minus_A00,37,8.076454585626197e-07
FP16_minus_A00,38,6.796569047823416e-07
FP16_minus_A00,39,5.396961423704734e-07
FP16_minus_A00,40,4.1421770746244627e-07
FP16_minus_A00,41,2.885004747576427e-07
FP16_minus_A00,42,1.1677235239865094e-07
FP16_minus_A00,43,-1.2768560198690967e-07
FP16_minus_A00,44,-4.1209885907829807e-07
FP16_minus_A00,45,-7.137319855310887e-07
FP16_minus_A00,46,-1.0244464677450434e-06
FP16_minus_A00,47,-1.3421063066153297e-06
FP16_minus_A00,48,-1.6541880197262499e-06
FP16_minus_A00,49,-1.9356320224175043e-06
FP16_minus_A00,50,-1.944905733022886e-06
FP16_minus_A00,51,-1.9512330713045277e-06
FP16_minus_A00,52,-1.9569513606527043e-06
FP16_minus_A00,53,-1.964178575459606e-06
FP16_minus_A00,54,-1.97008021796184e-06
FP16_minus_A00,55,-1.9748990635804116e-06
FP16_minus_A00,56,-1.978659019717058e-06
FP16_minus_A00,57,-1.9822224512729607e-06
FP16_minus_A00,58,-1.98512100725851e-06
FP16_minus_A00,59,-1.9877350162111636e-06
FP16_minus_A00,60,-2.0755434296339705e-06
FP16_minus_A00,61,-3.3514461201279018e-06
FP16_minus_A00,62,-4.576291503897913e-06
FP16_minus_A00,63,-5.10715604339221e-06
FP16_minus_A00,64,-4.536557405734453e-06
FP16_minus_A00,65,-6.341754071336632e-07
FP16_minus_A00,66,-3.738018049007939e-05
FP16_minus_A00,67,-4.122092907020148e-05
FP16_minus_A00,68,7.542598509783927e-05
FP16_minus_A00,69,0.0005413375235221715
FP16_minus_A00,70,0.0007979082914710689
FP16_minus_A00,71,0.0011327051776382835
FP16_minus_A00,72,0.0007358675708845832
FP16_minus_A00,73,4.04603629603513e-05
FP16_minus_A00,74,0.00040351111383870035
FP16_minus_A00,75,0.0016890299122985296
FP16_minus_A00,76,0.0012310297161367018
FP16_minus_A00,77,0.0012242626960229036
FP16_minus_A00,78,0.0012245581276251257
FP16_minus_A00,79,0.0012245454143911877
FP16_minus_A00,80,0.0012245063105364164
FP16_minus_A00,81,0.0012244330006764507
FP16_minus_A00,82,0.00122437066434339
FP16_minus_A00,83,0.001224374235401955
FP16_minus_A00,84,0.0012243779247340517
FP16_minus_A00,85,0.0012243930255555644
FP16_minus_A00,86,0.0012243241897129766
FP16_minus_A00,87,0.0012237573833758864
FP16_minus_A00,88,0.001223849260097918
FP16_minus_A00,89,0.0012254023431238163
FP16_minus_A00,90,0.0012218062212921174
FP16_minus_A00,91,0.0012171134087916118
FP16_minus_A00,92,0.0011684808738166373
FP16_minus_A00,93,0.0013599404759679962
FP16_minus_A00,94,0.0010869509074680887
FP16_minus_A00,95,0.0011646312446812535
FP16_minus_A00,96,0.0008283302103623575
FP16_minus_A00,97,0.0005234595187807156
FP16_minus_A00,98,0.0006388554165752602
FP16_minus_A00,99,0.0014874948315114576
FP16_minus_A00,100,0.001054020541567841
FP16_minus_A00,101,0.0013265566973473166
FP16_minus_A00,102,0.0012509909316112421
FP16_minus_A00,103,0.001126557680424089
FP16_minus_A00,104,0.0011567902623151225
FP16_minus_A00,105,0.001155746482594614
FP16_minus_A00,106,0.001156353260960369
FP16_minus_A00,107,0.0011561448112857825
FP16_minus_A00,108,0.0011560530911915337
FP16_minus_A00,109,0.0011560387004231425
FP16_minus_A00,110,0.0011560200073359706
FP16_minus_A00,111,0.0011560413455402587
FP16_minus_A00,112,0.0011560525788327294
FP16_minus_A00,113,0.0011560823636344005
FP16_minus_A00,114,0.0011560918410177582
FP16_minus_A00,115,0.0011563186021067663
FP16_minus_A00,116,0.0011577293057988868
FP16_minus_A00,117,0.0011022429054690654
FP16_minus_A00,118,0.0010504883046034354
FP16_minus_A00,119,0.0010254474638918098
FP16_minus_A00,120,0.0009768438236562227
FP16_minus_A00,121,-0.003527561801092589
FP16_minus_A00,122,-0.004031269512846913
FP16_minus_A00,123,-0.007474211552244653
FP16_minus_A00,124,-0.00371794459712357
FP16_minus_A00,125,-0.005401218662639525
FP16_minus_A00,126,-0.00705839459657108
FP16_minus_A00,127,-0.008874986639276425
FP16_minus_A00,128,-0.0113990169727594
FP16_minus_A00,129,-0.010289916357946063
FP16_minus_A00,130,-0.008466023211200666
FP16_minus_A00,131,-0.011830488798427961
FP16_minus_A00,132,-0.011290091847816042
FP16_minus_A00,133,-0.012101127951194168
FP16_minus_A00,134,-0.013975818007056082
FP16_minus_A00,135,-0.014351465560203037
FP16_minus_A00,136,-0.01435107873161465
FP16_minus_A00,137,-0.014351049843723304
FP16_minus_A00,138,-0.014351051005314136
FP16_minus_A00,139,-0.014351156010921812
FP16_minus_A00,140,-0.014351133860965768
FP16_minus_A00,141,-0.014351403690062776
FP16_minus_A00,142,-0.014351594961090244
FP16_minus_A00,143,-0.014343873263404989
FP16_minus_A00,144,-0.014309286538076676
FP16_minus_A00,145,-0.014207371777155373
FP16_minus_A00,146,-0.014312302630474616
FP16_minus_A00,147,-0.014132104560583142
FP16_minus_A00,148,-0.01499591961993106
FP16_minus_A00,149,-0.013712536777634846
FP16_minus_A00,150,-0.009924562360649689
FP16_minus_A00,151,-0.007886254739568289
FP16_minus_A00,152,-0.011561225107308698
FP16_minus_A00,153,-0.0136952173906092
FP16_minus_A00,154,-0.014819391061268776
FP16_minus_A00,155,-0.01661858028399156
FP16_minus_A00,156,-0.019697252347115446
FP16_minus_A00,157,-0.01309904620381475
FP16_minus_A00,158,-0.0135432423707506
FP16_minus_A00,159,-0.013247266037029234
FP16_minus_A00,160,-0.013392097266901791
FP16_minus_A00,161,-0.01325046314232379
FP16_minus_A00,162,-0.012980247225360682
FP16_minus_A00,163,-0.011058591859170862
FP16_minus_A00,164,-0.011056271406173615
FP16_minus_A00,165,-0.011056120114657132
FP16_minus_A00,166,-0.011056155550942729
FP16_minus_A00,167,-0.011056229713115493
FP16_minus_A00,168,-0.011056542692049908
FP16_minus_A00,169,-0.011057176834423985
FP16_minus_A00,170,-0.01105763492639594
FP16_minus_A00,171,-0.011045319928712717
FP16_minus_A00,172,-0.010944814303549176
FP16_minus_A00,173,-0.01120773767703451
FP16_minus_A00,174,-0.006112386694041641
FP16_minus_A00,175,0.00034013636026099475
FP16_minus_A00,176,-0.002843814840791621
FP16_minus_A00,177,-0.0022538262428060192
FP16_minus_A00,178,-0.001043821896543313
FP16_minus_A00,179,-0.0023949417494963906
FP16_minus_A00,180,-0.002533972497387396
FP16_minus_A00,181,0.0005871200174655391
FP16_minus_A00,182,0.00478291278116763
FP16_minus_A00,183,0.004852507772642808
FP16_minus_A00,184,0.007647484402718437
FP16_minus_A00,185,0.005923869844545663
FP16_minus_A00,186,0.004136134262762595
FP16_minus_A00,187,0.013451266110252586
FP16_minus_A00,188,0.013451826484265319
FP16_minus_A00,189,0.013480403138851172
FP16_minus_A00,190,0.015405160485967039
FP16_minus_A00,191,0.01544715750815657
FP16_minus_A00,192,0.015448656563991131
FP16_minus_A00,193,0.0154487703242531
FP16_minus_A00,194,0.015448719476952817
FP16_minus_A00,195,0.015448633804144806
FP16_minus_A00,196,0.015448853071347529
FP16_minus_A00,197,0.01544782440144157
FP16_minus_A00,198,0.015442079276063522
FP16_minus_A00,199,0.015440510167232841
FP16_minus_A00,200,0.015406431059445785
FP16_minus_A00,201,0.01621240980404469
FP16_minus_A00,202,0.015854477607611484
FP16_minus_A00,203,0.015400117228503624
FP16_minus_A00,204,0.014652419379716931
FP16_minus_A00,205,0.01589784030249178
FP16_minus_A00,206,0.016239730915820372
FP16_minus_A00,207,0.04057530097995564
FP16_minus_A00,208,0.03703759610077981
FP16_minus_A00,209,0.024288344989490153
FP16_minus_A00,210,0.025978268258347828
FP16_minus_A00,211,0.02810293160263977
FP16_minus_A00,212,0.025357543079840564
FP16_minus_A00,213,0.024330941795495286
FP16_minus_A00,214,0.028028665545779548
FP16_minus_A00,215,0.033465786974042705
FP16_minus_A00,216,0.03232715891631171
FP16_minus_A00,217,0.033213462134378424
FP16_minus_A00,218,0.03396506517306145
FP16_minus_A00,219,0.0332383942738606
FP16_minus_A00,220,0.03326033113571021
FP16_minus_A00,221,0.03325996912346136
FP16_minus_A00,222,0.03325993283635975
FP16_minus_A00,223,0.03325990949517596
FP16_minus_A00,224,0.03325991279335421
FP16_minus_A00,225,0.033259634264379306
FP16_minus_A00,226,0.033256556485091904
FP16_minus_A00,227,0.03332130713839114
FP16_minus_A00,228,0.03114373392317813
FP16_minus_A00,229,0.030164753578703705
FP16_minus_A00,230,0.03610385852585167
FP16_minus_A00,231,0.033930331684749314
FP16_minus_A00,232,0.03655451699627022
FP16_minus_A00,233,0.035220719222405564
FP16_minus_A00,234,0.040596714291258454
FP16_minus_A00,235,0.03755780175788344
FP16_minus_A00,236,0.0372150408346
FP16_minus_A00,237,0.026472580032131682
FP16_minus_A00,238,0.025930409888944385
FP16_minus_A00,239,0.026896690515521654
FP16_minus_A00,240,0.022085578904075732
FP16_minus_A00,241,0.02189502553336388
FP16_minus_A00,242,0.026206529503959526
FP16_minus_A00,243,0.03010305405964067
FP16_minus_A00,244,0.038991854860064984
FP16_minus_A00,245,0.0391293746148087
FP16_minus_A00,246,0.03959403366077268
FP16_minus_A00,247,0.03935629205932405
FP16_minus_A00,248,0.03996192960492255
FP16_minus_A00,249,0.03996109885752985
FP16_minus_A00,250,0.03996111622713476
FP16_minus_A00,251,0.039961132404735006
FP16_minus_A00,252,0.039961176074166924
FP16_minus_A00,253,0.03996125716585707
FP16_minus_A00,254,0.039961607445231875
FP16_minus_A00,255,0.039938329208615474
FP16_minus_A00,256,0.03985128319848846
FP16_minus_A00,257,0.04092638067019778
FP16_minus_A00,258,0.034191413882788305
FP16_minus_A00,259,0.03277409190927459
FP16_minus_A00,260,0.033693394161567795
FP16_minus_A00,261,0.02542709920156995
FP16_minus_A00,262,0.022344757539942278
FP16_minus_A00,263,0.027422385532824486
FP16_minus_A00,264,0.027968813558558257
FP16_minus_A00,265,0.02133499338920613
FP16_minus_A00,266,0.025350293215435644
FP16_minus_A00,267,0.03411300279357908
FP16_minus_A00,268,0.03395192984988585
FP16_minus_A00,269,0.03599871668084012
FP16_minus_A00,270,0.04526967215462505
FP16_minus_A00,271,0.04455858476343334
FP16_minus_A00,272,0.045673598786148156
FP16_minus_A00,273,0.04597614107186791
FP16_minus_A00,274,0.04646005579452971
FP16_minus_A00,275,0.04674264608952783
FP16_minus_A00,276,0.044814170737551874
FP16_minus_A00,277,0.04481485800646148
FP16_minus_A00,278,0.04481494201354212
FP16_minus_A00,279,0.04481502956087214
FP16_minus_A00,280,0.044815095927610335
FP16_minus_A00,281,0.04481518255924808
FP16_minus_A00,282,0.04481594721417223
FP16_minus_A00,283,0.04483238232658404
FP16_minus_A00,284,0.04555652581769373
FP16_minus_A00,285,0.04767499644009616
FP16_minus_A00,286,0.04847285129113912
FP16_minus_A00,287,0.04515991320713468
FP16_minus_A00,288,0.04443155165882565
FP16_minus_A00,289,0.03651639806472008
FP16_minus_A00,290,0.0446024031100966
FP16_minus_A00,291,0.0537139734696079
FP16_minus_A00,292,0.04400101350811998
FP16_minus_A00,293,0.0583400666676226
FP16_minus_A00,294,0.0846799829161605
FP16_minus_A00,295,0.08440475614709389
FP16_minus_A00,296,0.08837738781831941
FP16_minus_A00,297,0.08463239149150735
FP16_minus_A00,298,0.08432688418525465
FP16_minus_A00,299,0.08742699823032715
FP16_minus_A00,300,0.08636670574742113
FP16_minus_A00,301,0.08675104140905927
FP16_minus_A00,302,0.08658980367487093
FP16_minus_A00,303,0.08662682232092919
FP16_minus_A00,304,0.08705337618328154
FP16_minus_A00,305,0.08705352887427158
FP16_minus_A00,306,0.08705359535403102
FP16_minus_A00,307,0.0870536574171892
FP16_minus_A00,308,0.08705372490001079
FP16_minus_A00,309,0.0870538143973734
FP16_minus_A00,310,0.0870538154913214
FP16_minus_A00,311,0.0871659509685723
FP16_minus_A00,312,0.08712994033546735
FP16_minus_A00,313,0.09353530730885662
FP16_minus_A00,314,0.09885351787871374
FP16_minus_A00,315,0.09815290641727813
FP16_minus_A00,316,0.10120326515682079
FP16_minus_A00,317,0.10673835120630783
FP16_minus_A00,318,0.10874438778121298
FP16_minus_A00,319,0.12830974612322202
FP16_minus_A00,320,0.12763828337518734
FP16_minus_A00,321,0.12867056142882524
FP16_minus_A00,322,0.12951275539061038
FP16_minus_A00,323,0.12780877326271034
FP16_minus_A00,324,0.12457327509146882
FP16_minus_A00,325,0.12725123730178892
FP16_minus_A00,326,0.11688385436381542
FP16_minus_A00,327,0.12004756521633249
FP16_minus_A00,328,0.12029370910155371
FP16_minus_A00,329,0.11970869536807333
FP16_minus_A00,330,0.12033280729679714
FP16_minus_A00,331,0.12366002071139637
FP16_minus_A00,332,0.12365949507952625
FP16_minus_A00,333,0.12365902520422543
FP16_minus_A00,334,0.12365915516245632
FP16_minus_A00,335,0.12365927909964829
FP16_minus_A00,336,0.12365938991203093
FP16_minus_A00,337,0.12365953342208062
FP16_minus_A00,338,0.12365924640100028
FP16_minus_A00,339,0.1237244385487451
FP16_minus_A00,340,0.12358936444886946
FP16_minus_A00,341,0.12721530305760725
FP16_minus_A00,342,0.1284726881148472
FP16_minus_A00,343,0.12832212193315673
FP16_minus_A00,344,0.13332937649205398
FP16_minus_A00,345,0.13548064184352487
FP16_minus_A00,346,0.13131946039949624
FP16_minus_A00,347,0.1250750879039572
FP16_minus_A00,348,0.12803621124740655
FP16_minus_A00,349,0.12913791577661454
FP16_minus_A00,350,0.13279997890419237
FP16_minus_A00,351,0.1344109608389635
FP16_minus_A00,352,0.1320986654617877
FP16_minus_A00,353,0.13113829552838108
FP16_minus_A00,354,0.12161745754782077
FP16_minus_A00,355,0.12528161425585504
FP16_minus_A00,356,0.12625871873477307
FP16_minus_A00,357,0.12620979210292468
FP16_minus_A00,358,0.12909317657490038
FP16_minus_A00,359,0.12838900391127794
FP16_minus_A00,360,0.12838815222185618
FP16_minus_A00,361,0.12838808857559109
FP16_minus_A00,362,0.12838811917362813
FP16_minus_A00,363,0.12838822506344874
FP16_minus_A00,364,0.1283883372459254
FP16_minus_A00,365,0.12838846573307533
FP16_minus_A00,366,0.12838858798501174
FP16_minus_A00,367,0.12841782192810366
FP16_minus_A00,368,0.1276703699610976
FP16_minus_A00,369,0.12728259190738875
FP16_minus_A00,370,0.12417950411171808
FP16_minus_A00,371,0.12264921162526635
FP16_minus_A00,372,0.12147258509708289
FP16_minus_A00,373,0.12772463000517822
FP16_minus_A00,374,0.13292268150480846
FP16_minus_A00,375,0.13161018657156695
FP16_minus_A00,376,0.12792139826857682
FP16_minus_A00,377,0.15009620191654513
FP16_minus_A00,378,0.15061071741319934
FP16_minus_A00,379,0.15015007284638077
FP16_minus_A00,380,0.14811271133047907
FP16_minus_A00,381,0.14780786237389476
FP16_minus_A00,382,0.14422473150316278
FP16_minus_A00,383,0.14060965276805623
FP16_minus_A00,384,0.14521807850716
FP16_minus_A00,385,0.1447251288676118
FP16_minus_A00,386,0.14456680522539503
FP16_minus_A00,387,0.14610200970828455
FP16_minus_A00,388,0.14666101913587032
FP16_minus_A00,389,0.14651902647140475
FP16_minus_A00,390,0.14652483566247623
FP16_minus_A00,391,0.14652499466143984
FP16_minus_A00,392,0.1465250937141578
FP16_minus_A00,393,0.14652522880835864
FP16_minus_A00,394,0.14652540902472744
FP16_minus_A00,395,0.14632943416251376
FP16_minus_A00,396,0.14579820007060618
FP16_minus_A00,397,0.14562795070589651
FP16_minus_A00,398,0.14425799462780572
FP16_minus_A00,399,0.14357509035902544
FP16_minus_A00,400,0.14229684815011076
FP16_minus_A00,401,0.14489889759851407
FP16_minus_A00,402,0.1397729497178841
FP16_minus_A00,403,0.13978631188169874
FP16_minus_A00,404,0.14272156539424252
FP16_minus_A00,405,0.13855449456827426
FP16_minus_A00,406,0.13932725405558366
FP16_minus_A00,407,0.1428385911734668
FP16_minus_A00,408,0.1459901237513381
FP16_minus_A00,409,0.14509868675785248
FP16_minus_A00,410,0.14159664412426326
FP16_minus_A00,411,0.14025248044697816
FP16_minus_A00,412,0.14034167706222775
FP16_minus_A00,413,0.13949855119439553
FP16_minus_A00,414,0.14006956048917643
FP16_minus_A00,415,0.14088786803023126
FP16_minus_A00,416,0.14698444927669546
FP16_minus_A00,417,0.14713992264048664
FP16_minus_A00,418,0.1471442285349158
FP16_minus_A00,419,0.1471443514770903
FP16_minus_A00,420,0.14714445152024005
FP16_minus_A00,421,0.14714454532604454
FP16_minus_A00,422,0.14714746180606364
FP16_minus_A00,423,0.1471405224780601
FP16_minus_A00,424,0.14747163492795298
FP16_minus_A00,425,0.15103324624610875
FP16_minus_A00,426,0.1463712135582212
FP16_minus_A00,427,0.14825274686103218
FP16_minus_A00,428,0.15233049580696376
FP16_minus_A00,429,0.1529804688025589
FP16_minus_A00,430,0.15931591791601887
FP16_minus_A00,431,0.1573420014701452
FP16_minus_A00,432,0.15937549720321484
FP16_minus_A00,433,0.16155685170686707
FP16_minus_A00,434,0.15926243974530183
FP16_minus_A00,435,0.16350821222471662
FP16_minus_A00,436,0.16411940757058677
FP16_minus_A00,437,0.16287419314852333
FP16_minus_A00,438,0.1613643818367758
FP16_minus_A00,439,0.16121559078354974
FP16_minus_A00,440,0.15659747850730668
FP16_minus_A00,441,0.15948237168753157
FP16_minus_A00,442,0.1537288192920305
FP16_minus_A00,443,0.15319990438857972
FP16_minus_A00,444,0.15138258543883298
FP16_minus_A00,445,0.1515213934976666
FP16_minus_A00,446,0.15144155826969846
FP16_minus_A00,447,0.15144158784041784
FP16_minus_A00,448,0.15144166146540844
FP16_minus_A00,449,0.15144175221353717
FP16_minus_A00,450,0.1514422464790623
FP16_minus_A00,451,0.15143760780543422
FP16_minus_A00,452,0.15052467124567406
FP16_minus_A00,453,0.1502390707868224
FP16_minus_A00,454,0.14900635823418953
FP16_minus_A00,455,0.1433627859318539
FP16_minus_A00,456,0.1435346740110942
FP16_minus_A00,457,0.14961333118749512
FP16_minus_A00,458,0.1473662726243486
FP16_minus_A00,459,0.13818851569077975
FP16_minus_A00,460,0.13745055575916557
FP16_minus_A00,461,0.1366838026718583
FP16_minus_A00,462,0.13499471010904449
FP16_minus_A00,463,0.1360944030343133
FP16_minus_A00,464,0.1298883971089848
FP16_minus_A00,465,0.12767235992067413
FP16_minus_A00,466,0.1264681846328954
FP16_minus_A00,467,0.12104847051817826
FP16_minus_A00,468,0.11792128466565686
FP16_minus_A00,469,0.10185526977224009
FP16_minus_A00,470,0.10423366796748383
FP16_minus_A00,471,0.10267862323999212
FP16_minus_A00,472,0.10358914560812592
FP16_minus_A00,473,0.10835494039097468
FP16_minus_A00,474,0.10678095515305967
FP16_minus_A00,475,0.1067810233869292
FP16_minus_A00,476,0.10678110334223496
FP16_minus_A00,477,0.10678123766590042
FP16_minus_A00,478,0.10678111864514775
FP16_minus_A00,479,0.10677427966857254
FP16_minus_A00,480,0.10657911071589678
FP16_minus_A00,481,0.10493773973115131
FP16_minus_A00,482,0.10609006908553588
FP16_minus_A00,483,0.1063693478809678
FP16_minus_A00,484,0.1048780968751673
FP16_minus_A00,485,0.1006511619768527
FP16_minus_A00,486,0.10206113907648344
FP16_minus_A00,487,0.1124998503383584
FP16_minus_A00,488,0.11267286436131171
FP16_minus_A00,489,0.12651693213344412
FP16_minus_A00,490,0.12689688465516935
FP16_minus_A00,491,0.1266218088872615
FP16_minus_A00,492,0.1268134798752956
FP16_minus_A00,493,0.12680794906649887
FP16_minus_A00,494,0.135005200030919
FP16_minus_A00,495,0.13799183426705033
FP16_minus_A00,496,0.1345049233395282
FP16_minus_A00,497,0.1269486949960786
FP16_minus_A00,498,0.12935148760000448
FP16_minus_A00,499,0.1297605131343216
FP16_minus_A00,500,0.13059796740540178
FP16_minus_A00,501,0.1324443538538011
FP16_minus_A00,502,0.10724633225127914
FP16_minus_A00,503,0.10724649282328716
FP16_minus_A00,504,0.10724645118066324
FP16_minus_A00,505,0.10724637709861225
FP16_minus_A00,506,0.1072461247326774
FP16_minus_A00,507,0.107257099803951
FP16_minus_A00,508,0.10679126533493231
FP16_minus_A00,509,0.1035857386915485
FP16_minus_A00,510,0.10492551214295555
FP16_minus_A00,511,0.10047859393046409
FP16_minus_A00,512,0.09519195593123371
FP16_minus_A00,513,0.09902308243395463
FP16_minus_A00,514,0.09453708899749358
FP16_minus_A00,515,0.08717361903795717
FP16_minus_A00,516,0.08473950392751987
FP16_minus_A00,517,0.09613273426841189
FP16_minus_A00,518,0.09769890068495286
FP16_minus_A00,519,0.10465592947075723
FP16_minus_A00,520,0.0763718706086628
FP16_minus_A00,521,0.08166565576644265
FP16_minus_A00,522,0.08516641096599155
FP16_minus_A00,523,0.07994462537803033
FP16_minus_A00,524,0.08922388717953442
FP16_minus_A00,525,0.08296855512725801
FP16_minus_A00,526,0.07683878222061304
FP16_minus_A00,527,0.07671439055769542
FP16_minus_A00,528,0.07654873017561473
FP16_minus_A00,529,0.07627774658156461
FP16_minus_A00,530,0.08295567331601592
FP16_minus_A00,531,0.08295615447420411
FP16_minus_A00,532,0.08295614845115994
FP16_minus_A00,533,0.08295607840714468
FP16_minus_A00,534,0.08295536810597647
FP16_minus_A00,535,0.08295690126704731
FP16_minus_A00,536,0.08253527790849957
FP16_minus_A00,537,0.0794844748631197
FP16_minus_A00,538,0.0817191725846462
FP16_minus_A00,539,0.08264514032297046
FP16_minus_A00,540,0.073301516057258
FP16_minus_A00,541,0.07266686742401608
FP16_minus_A00,542,0.07245146620801637
FP16_minus_A00,543,0.07442384951130027
FP16_minus_A00,544,0.07619464297854264
FP16_minus_A00,545,0.07604454219866057
FP16_minus_A00,546,0.08065443620916257
FP16_minus_A00,547,0.08117980702826741
FP16_minus_A00,548,0.07111001326445933
FP16_minus_A00,549,0.05431850239614244
FP16_minus_A00,550,0.05738987007524767
FP16_minus_A00,551,0.0499095454821448
FP16_minus_A00,552,0.05203920077884141
FP16_minus_A00,553,0.044913871886674686
FP16_minus_A00,554,0.044935202934731466
FP16_minus_A00,555,0.046020802470210405
FP16_minus_A00,556,0.0464028529216841
FP16_minus_A00,557,0.04656677944475149
FP16_minus_A00,558,0.04656122329808387
FP16_minus_A00,559,0.046561308654058116
FP16_minus_A00,560,0.046561434819667895
FP16_minus_A00,561,0.04656157505325896
FP16_minus_A00,562,0.04656172748989716
FP16_minus_A00,563,0.046562354537962244
FP16_minus_A00,564,0.0446684770599771
FP16_minus_A00,565,0.04498918255942247
FP16_minus_A00,566,0.049193856606156786
FP16_minus_A00,567,0.034463143298504265
FP16_minus_A00,568,0.032169815524353315
FP16_minus_A00,569,0.034131145493842927
FP16_minus_A00,570,0.045725741308745085
FP16_minus_A00,571,0.03007768357294255
FP16_minus_A00,572,0.02148303256908895
FP16_minus_A00,573,0.02636867748519098
FP16_minus_A00,574,-0.0016165264631447856
FP16_minus_A00,575,-0.005757944509679155
FP16_minus_A00,576,-0.008349750983916254
FP16_minus_A00,577,-0.012195157232125602
FP16_minus_A00,578,0.0008796572120706265
FP16_minus_A00,579,-0.008099550441645884
FP16_minus_A00,580,-0.01794084614926501
FP16_minus_A00,581,-0.02475135032007273
FP16_minus_A00,582,-0.025154535072829887
FP16_minus_A00,583,-0.025154673153732675
FP16_minus_A00,584,-0.02515588151586504
FP16_minus_A00,585,-0.025155896426171987
FP16_minus_A00,586,-0.025155947175380874
FP16_minus_A00,587,-0.025155936971170814
FP16_minus_A00,588,-0.02515588326479272
FP16_minus_A00,589,-0.025155861798847115
FP16_minus_A00,590,-0.02515612984545639
FP16_minus_A00,591,-0.025155831529325927
FP16_minus_A00,592,-0.033036273371587654
FP16_minus_A00,593,-0.02742335449822108
FP16_minus_A00,594,-0.027020002596556326
FP16_minus_A00,595,-0.02658884834935791
FP16_minus_A00,596,-0.026704871584474828
FP16_minus_A00,597,-0.02873533546762178
FP16_minus_A00,598,-0.028680265185904195
FP16_minus_A00,599,-0.02642356289294375
FP16_minus_A00,600,-0.026502528701920977
FP16_minus_A00,601,-0.02262853382207164
FP16_minus_A00,602,-0.02168420222020268
FP16_minus_A00,603,-0.019772890529563974
FP16_minus_A00,604,-0.01901894067615135
FP16_minus_A00,605,-0.013511904960461635
FP16_minus_A00,606,-0.004242811789222702
FP16_minus_A00,607,-0.019484483662239288
FP16_minus_A00,608,-0.030884599999111754
FP16_minus_A00,609,-0.042680379167091595
FP16_minus_A00,610,-0.04266340925327442
FP16_minus_A00,611,-0.0426621564787647
FP16_minus_A00,612,-0.04266321928102617
FP16_minus_A00,613,-0.042663211797537515
FP16_minus_A00,614,-0.04266310747039807
FP16_minus_A00,615,-0.04266307332586683
FP16_minus_A00,616,-0.04266308484652815
FP16_minus_A00,617,-0.042663084931443954
FP16_minus_A00,618,-0.042663163911841585
FP16_minus_A00,619,-0.04266256978256601
FP16_minus_A00,620,-0.06315833015759438
FP16_minus_A00,621,-0.06382891907418775
FP16_minus_A00,622,-0.07953610977109815
FP16_minus_A00,623,-0.07401806788217138
FP16_minus_A00,624,-0.07192892590067194
FP16_minus_A00,625,-0.08056678053006702
FP16_minus_A00,626,-0.07823046383442309
FP16_minus_A00,627,-0.07396917209599953
FP16_minus_A00,628,-0.081436121593626
FP16_minus_A00,629,-0.07304228044646698
FP16_minus_A00,630,-0.07209965292744823
FP16_minus_A00,631,-0.07462952281672564
FP16_minus_A00,632,-0.07771047776446117
FP16_minus_A00,633,-0.09011463464447253
FP16_minus_A00,634,-0.09790268429974772
FP16_minus_A00,635,-0.11450389156569313
FP16_minus_A00,636,-0.1155507907731152
FP16_minus_A00,637,-0.11641769477188879
FP16_minus_A00,638,-0.11641526524686208
FP16_minus_A00,639,-0.11641476823884235
FP16_minus_A00,640,-0.11641496448813464
FP16_minus_A00,641,-0.11641502726572708
FP16_minus_A00,642,-0.11641492813790873
FP16_minus_A00,643,-0.11641495064057016
FP16_minus_A00,644,-0.1164146839724294
FP16_minus_A00,645,-0.11641468984625591
FP16_minus_A00,646,-0.11641468309273269
FP16_minus_A00,647,-0.11641475465349806
FP16_minus_A00,648,-0.11642012822337476
FP16_minus_A00,649,-0.11733113921347618
FP16_minus_A00,650,-0.11579391940776508
FP16_minus_A00,651,-0.1133699747978413
FP16_minus_A00,652,-0.11704045396143556
FP16_minus_A00,653,-0.1136879288624015
FP16_minus_A00,654,-0.1099073065427668
FP16_minus_A00,655,-0.11615164755345041
FP16_minus_A00,656,-0.11500219305141376
FP16_minus_A00,657,-0.1262448828367824
FP16_minus_A00,658,-0.12978219116218553
FP16_minus_A00,659,-0.12945770701278642
FP16_minus_A00,660,-0.12988284467847255
FP16_minus_A00,661,-0.12747576143570902
FP16_minus_A00,662,-0.1367346429128215
FP16_minus_A00,663,-0.14232494388468855
FP16_minus_A00,664,-0.14281242625713192
FP16_minus_A00,665,-0.14725683678899798
FP16_minus_A00,666,-0.14725754964498422
FP16_minus_A00,667,-0.14725723832336418
FP16_minus_A00,668,-0.14725727544465647
FP16_minus_A00,669,-0.14725722217577467
FP16_minus_A00,670,-0.14725720061031156
FP16_minus_A00,671,-0.1472572023728959
FP16_minus_A00,672,-0.14725716932321087
FP16_minus_A00,673,-0.1472571642682624
FP16_minus_A00,674,-0.14725716447833825
FP16_minus_A00,675,-0.14725714663312406
FP16_minus_A00,676,-0.14725736766278397
FP16_minus_A00,677,-0.14725595878940437
FP16_minus_A00,678,-0.14719813325721806
FP16_minus_A00,679,-0.14773343521140792
FP16_minus_A00,680,-0.14634656765498105
FP16_minus_A00,681,-0.1563319842694458
FP16_minus_A00,682,-0.15334376598494368
FP16_minus_A00,683,-0.1505166061017363
FP16_minus_A00,684,-0.15124240026833977
FP16_minus_A00,685,-0.13792925334942258
FP16_minus_A00,686,-0.14232261441246438
FP16_minus_A00,687,-0.1507258056191358
FP16_minus_A00,688,-0.15164352892956215
FP16_minus_A00,689,-0.15066694421136984
FP16_minus_A00,690,-0.15204263739607557
FP16_minus_A00,691,-0.15286342019471574
FP16_minus_A00,692,-0.15260610911963443
FP16_minus_A00,693,-0.15260612571648063
FP16_minus_A00,694,-0.15260509803771052
FP16_minus_A00,695,-0.15260437955327416
FP16_minus_A00,696,-0.1526040143698713
FP16_minus_A00,697,-0.1526037733656362
FP16_minus_A00,698,-0.15260355984871138
FP16_minus_A00,699,-0.15260330880935502
FP16_minus_A00,700,-0.1526031471129272
FP16_minus_A00,701,-0.15260293267642155
FP16_minus_A00,702,-0.15260276776955392
FP16_minus_A00,703,-0.1526027747104849
FP16_minus_A00,704,-0.15260566931304617
FP16_minus_A00,705,-0.15271897147187508
FP16_minus_A00,706,-0.15336756441025978
FP16_minus_A00,707,-0.15390172464367047
FP16_minus_A00,708,-0.15504790529780954
FP16_minus_A00,709,-0.1592508287868024
FP16_minus_A00,710,-0.15883443216148663
FP16_minus_A00,711,-0.15969300724711044
FP16_minus_A00,712,-0.1572169281435546
FP16_minus_A00,713,-0.15691099781921278
FP16_minus_A00,714,-0.14720599825210298
FP16_minus_A00,715,-0.15110713003496998
FP16_minus_A00,716,-0.14365444136695918
FP16_minus_A00,717,-0.1440537590727149
FP16_minus_A00,718,-0.14442011476018127
FP16_minus_A00,719,-0.14544747637466
FP16_minus_A00,720,-0.1454469105472835
FP16_minus_A00,721,-0.14544688555887128
FP16_minus_A00,722,-0.14544642968238514
FP16_minus_A00,723,-0.1454459621781243
FP16_minus_A00,724,-0.14544549907794518
FP16_minus_A00,725,-0.14544510388505497
FP16_minus_A00,726,-0.1454445127546525
FP16_minus_A00,727,-0.14544425410182568
FP16_minus_A00,728,-0.14544389635655253
FP16_minus_A00,729,-0.14544371045874263
FP16_minus_A00,730,-0.1454434372124095
FP16_minus_A00,731,-0.145442745077877
FP16_minus_A00,732,-0.1454408391452909
FP16_minus_A00,733,-0.14544081240375697
FP16_minus_A00,734,-0.1429925913885768
FP16_minus_A00,735,-0.1395449366690411
FP16_minus_A00,736,-0.13973223679368724
FP16_minus_A00,737,-0.13390294623417476
FP16_minus_A00,738,-0.13391791502052844
FP16_minus_A00,739,-0.13392043081278604
FP16_minus_A00,740,-0.13380449044673304
FP16_minus_A00,741,-0.13455204798532996
FP16_minus_A00,742,-0.131797510635978
FP16_minus_A00,743,-0.13255439082118015
FP16_minus_A00,744,-0.12986496239408268
FP16_minus_A00,745,-0.12818498099014483
FP16_minus_A00,746,-0.12818323295351475
FP16_minus_A00,747,-0.12818289170327846
FP16_minus_A00,748,-0.1281824044229956
FP16_minus_A00,749,-0.1281824525806327
FP16_minus_A00,750,-0.12818246193575053
FP16_minus_A00,751,-0.12818246715057824
FP16_minus_A00,752,-0.12818248640227348
FP16_minus_A00,753,-0.12818244394497658
FP16_minus_A00,754,-0.12818246675720027
FP16_minus_A00,755,-0.12818244509824422
FP16_minus_A00,756,-0.1281824148322269
FP16_minus_A00,757,-0.12818236530131139
FP16_minus_A00,758,-0.12818231029426136
FP16_minus_A00,759,-0.128182264142814
FP16_minus_A00,760,-0.12818220929928087
FP16_minus_A00,761,-0.12818217677339383
FP16_minus_A00,762,-0.12818216023497558
FP16_minus_A00,763,-0.12818213964071537
FP16_minus_A00,764,-0.12818211330087786
FP16_minus_A00,765,-0.1281820747529216
FP16_minus_A00,766,-0.128182031681236
FP16_minus_A00,767,-0.12818200017073034
FP16_minus_A00,768,-0.12818196414371583
FP16_minus_A00,769,-0.12818191913108753
FP16_minus_A00,770,-0.12818186501649936
FP16_minus_A00,771,-0.1281818218367266
FP16_minus_A00,772,-0.12818177516499935
FP16_minus_A00,773,-0.1281817273836086
FP16_minus_A00,774,-0.12818167809929196
FP16_minus_A00,775,-0.12818162355433838
FP16_minus_A00,776,-0.12818156037848316
FP16_minus_A00,777,-0.1281814921783074
FP16_minus_A00,778,-0.12818143302922425
FP16_minus_A00,779,-0.12818137700140697
FP16_minus_A00,780,-0.12818137026283868
FP16_minus_A00,781,-0.12818132174002445
FP16_minus_A00,782,-0.1281812557831564
FP16_minus_A00,783,-0.12818118568832879
pair_minus_A00,1,0.0
pair_minus_A00,2,2.8926994555702036e-12
pair_minus_A00,3,-1.2275516080821754e-12
pair_minus_A00,4,3.769160887145685e-12
pair_minus_A00,5,-2.549872938426153e-13
pair_minus_A00,6,-5.437174756584592e-12
pair_minus_A00,7,-8.75624584538231e-12
pair_minus_A00,8,-2.4068961893641643e-11
pair_minus_A00,9,-3.953384285595554e-11
pair_minus_A00,10,-5.3411104662662496e-11
pair_minus_A00,11,-5.801507613477667e-11
pair_minus_A00,12,-6.437677146210421e-11
pair_minus_A00,13,-7.879509389832151e-11
pair_minus_A00,14,-1.0205488482654542e-10
pair_minus_A00,15,-1.234557237069254e-10
pair_minus_A00,16,-1.3759822437989648e-10
pair_minus_A00,17,-1.4651881169026572e-10
pair_minus_A00,18,-1.502114047190481e-10
pair_minus_A00,19,-1.5464174885516997e-10
pair_minus_A00,20,-1.5348242349915204e-10
pair_minus_A00,21,-1.3492494586417894e-10
pair_minus_A00,22,-1.0405027280081249e-10
pair_minus_A00,23,-7.551858821115646e-11
pair_minus_A00,24,-4.8742387573470715e-11
pair_minus_A00,25,-3.881047102778599e-11
pair_minus_A00,26,-4.509816342516989e-11
pair_minus_A00,27,-5.266306660021771e-11
pair_minus_A00,28,-4.447541791046495e-11
pair_minus_A00,29,-3.199133189641737e-11
pair_minus_A00,30,-6.198138803114141e-13
pair_minus_A00,31,6.547276018487163e-11
pair_minus_A00,32,2.0468300676457292e-10
pair_minus_A00,33,3.5949706091221683e-10
pair_minus_A00,34,3.6376604915129766e-10
pair_minus_A00,35,1.5420334748680731e-10
pair_minus_A00,36,-2.335215202958742e-10
pair_minus_A00,37,-2.0146187716978626e-09
pair_minus_A00,38,-3.1854828572891264e-09
pair_minus_A00,39,-4.063271536760072e-09
pair_minus_A00,40,-4.641776473585707e-09
pair_minus_A00,41,-4.416221249456483e-09
pair_minus_A00,42,-3.976791668815593e-09
pair_minus_A00,43,-4.038053772034698e-09
pair_minus_A00,44,-3.633385703909933e-09
pair_minus_A00,45,-3.5225791579507924e-09
pair_minus_A00,46,-3.152307813983127e-09
pair_minus_A00,47,-3.3824369306194986e-09
pair_minus_A00,48,-2.9320596057754563e-09
pair_minus_A00,49,-2.5291087342396084e-09
pair_minus_A00,50,-2.3857928333727333e-09
pair_minus_A00,51,-2.209537612977765e-09
pair_minus_A00,52,-2.026861417765617e-09
pair_minus_A00,53,-1.8723978792109507e-09
pair_minus_A00,54,-1.7487856726400458e-09
pair_minus_A00,55,-1.6296262307929881e-09
pair_minus_A00,56,-1.5457667278440867e-09
pair_minus_A00,57,-1.4626414602258353e-09
pair_minus_A00,58,-1.406464130130355e-09
pair_minus_A00,59,-1.3674703465415597e-09
pair_minus_A00,60,6.931920304399554e-10
pair_minus_A00,61,4.623368159371353e-09
pair_minus_A00,62,9.450049119720101e-09
pair_minus_A00,63,1.7456857131248952e-08
pair_minus_A00,64,2.8127529213946557e-08
pair_minus_A00,65,3.7307753527968033e-08
pair_minus_A00,66,-1.153734414618324e-07
pair_minus_A00,67,-2.146964791245826e-06
pair_minus_A00,68,-1.960144456963731e-07
pair_minus_A00,69,-2.413378803484304e-07
pair_minus_A00,70,1.6292216540685334e-06
pair_minus_A00,71,1.2906026915497253e-06
pair_minus_A00,72,1.579637312475883e-06
pair_minus_A00,73,-1.5445600352208331e-06
pair_minus_A00,74,-1.263378314672414e-06
pair_minus_A00,75,-5.45152581786397e-07
pair_minus_A00,76,-2.7236362606503386e-06
pair_minus_A00,77,-2.7138786088197702e-06
pair_minus_A00,78,-2.7148851124515772e-06
pair_minus_A00,79,-2.7152233517478153e-06
pair_minus_A00,80,-2.715341583389844e-06
pair_minus_A00,81,-2.7154531445566764e-06
pair_minus_A00,82,-2.7156649735637826e-06
pair_minus_A00,83,-2.716032027603844e-06
pair_minus_A00,84,-2.71638888747254e-06
pair_minus_A00,85,-2.7166473258203853e-06
pair_minus_A00,86,-2.716815338271859e-06
pair_minus_A00,87,-2.7168260922278783e-06
pair_minus_A00,88,-2.717272189185246e-06
pair_minus_A00,89,-2.7174390793596667e-06
pair_minus_A00,90,-2.7193808880996364e-06
pair_minus_A00,91,-2.730139273428973e-06
pair_minus_A00,92,-2.8153801852637997e-06
pair_minus_A00,93,-5.639267069717678e-06
pair_minus_A00,94,-6.15046559265766e-06
pair_minus_A00,95,-7.41277526784105e-06
pair_minus_A00,96,-6.9093827279434244e-06
pair_minus_A00,97,-7.696167557188775e-06
pair_minus_A00,98,-1.0086812547796149e-05
pair_minus_A00,99,-1.376801676602003e-05
pair_minus_A00,100,-1.1243757857658614e-05
pair_minus_A00,101,-1.2107080686890208e-05
pair_minus_A00,102,-1.0131717764159821e-05
pair_minus_A00,103,-1.2121706591244646e-05
pair_minus_A00,104,-1.1849470127877208e-05
pair_minus_A00,105,-1.186610965266665e-05
pair_minus_A00,106,-1.1870893573377069e-05
pair_minus_A00,107,-1.1871135374842445e-05
pair_minus_A00,108,-1.1870892076259183e-05
pair_minus_A00,109,-1.1870773106925971e-05
pair_minus_A00,110,-1.1870661383459875e-05
pair_minus_A00,111,-1.1870512897562415e-05
pair_minus_A00,112,-1.1870529079943695e-05
pair_minus_A00,113,-1.1870603603690816e-05
pair_minus_A00,114,-1.1870501170526915e-05
pair_minus_A00,115,-1.1869986552089509e-05
pair_minus_A00,116,-1.1850122074608956e-05
pair_minus_A00,117,-1.1848669404868712e-05
pair_minus_A00,118,-1.1879730528988773e-05
pair_minus_A00,119,-1.2289264987629165e-05
pair_minus_A00,120,-1.2462070571263023e-05
pair_minus_A00,121,-1.3898702378098902e-05
pair_minus_A00,122,-9.529359584505353e-06
pair_minus_A00,123,-5.468695359925649e-06
pair_minus_A00,124,4.186170746227068e-06
pair_minus_A00,125,2.718231505262775e-06
pair_minus_A00,126,2.7033215891183867e-06
pair_minus_A00,127,2.2979053096445126e-06
pair_minus_A00,128,-3.1924087693990974e-06
pair_minus_A00,129,-1.4751947275696482e-06
pair_minus_A00,130,-9.102043561259136e-08
pair_minus_A00,131,-3.822474683638003e-06
pair_minus_A00,132,-4.0808482796452137e-07
pair_minus_A00,133,1.3337084232685998e-07
pair_minus_A00,134,-2.700221024671446e-07
pair_minus_A00,135,-4.919004014427228e-07
pair_minus_A00,136,-4.931750463534436e-07
pair_minus_A00,137,-4.934293449147865e-07
pair_minus_A00,138,-4.937469421334938e-07
pair_minus_A00,139,-4.937434984353368e-07
pair_minus_A00,140,-4.93840468921852e-07
pair_minus_A00,141,-4.947086420386911e-07
pair_minus_A00,142,-4.956534843625962e-07
pair_minus_A00,143,-4.96236526534262e-07
pair_minus_A00,144,-3.6775924433656014e-07
pair_minus_A00,145,-2.400194344727834e-08
pair_minus_A00,146,5.559165603190452e-07
pair_minus_A00,147,-5.475409604431293e-07
pair_minus_A00,148,6.103213769551396e-06
pair_minus_A00,149,-2.3789404114688797e-07
pair_minus_A00,150,-3.1170228643500888e-06
pair_minus_A00,151,-1.9286461700154807e-05
pair_minus_A00,152,-6.598651897624085e-05
pair_minus_A00,153,-4.4361299319042e-05
pair_minus_A00,154,-3.730100521481303e-05
pair_minus_A00,155,-2.867934712003567e-05
pair_minus_A00,156,-5.108371143063813e-05
pair_minus_A00,157,-4.1327687066200346e-05
pair_minus_A00,158,-4.835408852389638e-05
pair_minus_A00,159,-4.8643823595995136e-05
pair_minus_A00,160,-4.010098033914221e-05
pair_minus_A00,161,-3.853488534655892e-05
pair_minus_A00,162,-4.0693644965114775e-05
pair_minus_A00,163,-4.400024884471636e-05
pair_minus_A00,164,-4.40212656654011e-05
pair_minus_A00,165,-4.402537735099658e-05
pair_minus_A00,166,-4.4025913306743526e-05
pair_minus_A00,167,-4.402654488526444e-05
pair_minus_A00,168,-4.4027711790810426e-05
pair_minus_A00,169,-4.402910983486113e-05
pair_minus_A00,170,-4.403439719667038e-05
pair_minus_A00,171,-4.404175363890757e-05
pair_minus_A00,172,-4.3910826342063465e-05
pair_minus_A00,173,-1.8441217689535338e-05
pair_minus_A00,174,-1.349364518899861e-05
pair_minus_A00,175,4.145886950211276e-05
pair_minus_A00,176,3.820539975054913e-05
pair_minus_A00,177,4.2390370374363095e-05
pair_minus_A00,178,5.203311668016822e-05
pair_minus_A00,179,3.968883061840417e-05
pair_minus_A00,180,2.1303126738581716e-05
pair_minus_A00,181,6.606556555667293e-06
pair_minus_A00,182,9.102174626593054e-06
pair_minus_A00,183,1.1835013964525375e-05
pair_minus_A00,184,1.4758130156669989e-06
pair_minus_A00,185,4.887508702618253e-06
pair_minus_A00,186,8.440830652660567e-05
pair_minus_A00,187,0.00015358954534167753
pair_minus_A00,188,0.000152609163138272
pair_minus_A00,189,0.00015280550765032228
pair_minus_A00,190,0.0001494636308136409
pair_minus_A00,191,0.00015093769953343096
pair_minus_A00,192,0.00015091644903772567
pair_minus_A00,193,0.00015090960143427593
pair_minus_A00,194,0.00015090867649317612
pair_minus_A00,195,0.00015090838112951686
pair_minus_A00,196,0.00015090894977218215
pair_minus_A00,197,0.00015091665698410792
pair_minus_A00,198,0.00015094959368101908
pair_minus_A00,199,0.00015090472682242705
pair_minus_A00,200,0.000141935932048959
pair_minus_A00,201,4.2668097154560546e-05
pair_minus_A00,202,5.421327578415461e-05
pair_minus_A00,203,7.579500407548561e-05
pair_minus_A00,204,-1.3627206517263755e-05
pair_minus_A00,205,-2.178247003818762e-05
pair_minus_A00,206,-2.6998092722661968e-05
pair_minus_A00,207,-0.00020551361430711656
pair_minus_A00,208,-0.0002105240221011091
pair_minus_A00,209,-0.00021458851759052045
pair_minus_A00,210,-0.00023727401791636356
pair_minus_A00,211,-0.0002557590570739739
pair_minus_A00,212,-0.00025076845702462535
pair_minus_A00,213,-0.0002539782784091953
pair_minus_A00,214,-0.00023716906142059083
pair_minus_A00,215,-0.00017835989311614043
pair_minus_A00,216,-0.00021727285726426008
pair_minus_A00,217,-0.00023506737492093752
pair_minus_A00,218,-0.00023437733512725125
pair_minus_A00,219,-0.00023409225943725963
pair_minus_A00,220,-0.00023389755869834524
pair_minus_A00,221,-0.00023390123579257775
pair_minus_A00,222,-0.00023390170507604479
pair_minus_A00,223,-0.00023390211786806746
pair_minus_A00,224,-0.00023390256643245202
pair_minus_A00,225,-0.00023390292627369904
pair_minus_A00,226,-0.0002338842523982044
pair_minus_A00,227,-0.00023311517792877183
pair_minus_A00,228,-0.00022684265557473937
pair_minus_A00,229,-0.00026777922182622877
pair_minus_A00,230,-0.00010431444158465478
pair_minus_A00,231,-7.102726651545263e-05
pair_minus_A00,232,-6.106791688236867e-05
pair_minus_A00,233,-6.535906614686629e-05
pair_minus_A00,234,-1.5044640463642372e-05
pair_minus_A00,235,-8.318330695761831e-06
pair_minus_A00,236,-3.195645845003398e-05
pair_minus_A00,237,-1.7124027613953307e-05
pair_minus_A00,238,-1.9677844115525987e-05
pair_minus_A00,239,-3.083133332872856e-05
pair_minus_A00,240,-2.9329738556505148e-05
pair_minus_A00,241,-1.9788335222324035e-05
pair_minus_A00,242,-1.1075409069694327e-05
pair_minus_A00,243,-6.315256856823422e-05
pair_minus_A00,244,-0.00016427458854117088
pair_minus_A00,245,-0.00013729774815486015
pair_minus_A00,246,-0.00014630815361989962
pair_minus_A00,247,-0.00015169031092940693
pair_minus_A00,248,-0.00014902276564470075
pair_minus_A00,249,-0.00014902442635758234
pair_minus_A00,250,-0.00014902445705881583
pair_minus_A00,251,-0.0001490245418661654
pair_minus_A00,252,-0.0001490247045021221
pair_minus_A00,253,-0.00014902776031954645
pair_minus_A00,254,-0.0001490337771855581
pair_minus_A00,255,-0.00014914995840987894
pair_minus_A00,256,-0.00018683482447332133
pair_minus_A00,257,-0.00019122419340183568
pair_minus_A00,258,-0.00017368230722653475
pair_minus_A00,259,-0.00015964055897341626
pair_minus_A00,260,-0.00016412189518312886
pair_minus_A00,261,-0.0001829657280865901
pair_minus_A00,262,-0.00014647893760686123
pair_minus_A00,263,-0.00010339875230122776
pair_minus_A00,264,-8.951397172714484e-05
pair_minus_A00,265,-9.352876043178311e-05
pair_minus_A00,266,-0.00011177879580113313
pair_minus_A00,267,-0.00013621783702562129
pair_minus_A00,268,-0.0001325387224364301
pair_minus_A00,269,-0.00014343732943117345
pair_minus_A00,270,-0.00018657095099321896
pair_minus_A00,271,-0.00015805217591387016
pair_minus_A00,272,-0.000169860826287812
pair_minus_A00,273,-0.00016444754689869508
pair_minus_A00,274,-0.00016252451913327233
pair_minus_A00,275,-0.00016269588399110628
pair_minus_A00,276,-0.00015313870154577062
pair_minus_A00,277,-0.00015313899048999545
pair_minus_A00,278,-0.00015313882821598774
pair_minus_A00,279,-0.00015313859453344335
pair_minus_A00,280,-0.00015313838948496542
pair_minus_A00,281,-0.00015313835057340655
pair_minus_A00,282,-0.00015313672315421387
pair_minus_A00,283,-0.00015137162781846282
pair_minus_A00,284,-0.00016165105301293062
pair_minus_A00,285,-0.00015210074685598104
pair_minus_A00,286,-0.00013896804706749715
pair_minus_A00,287,-0.00014688756259613204
pair_minus_A00,288,-0.00014240521665914718
pair_minus_A00,289,-0.00015436825579924384
pair_minus_A00,290,-0.0001458777214633418
pair_minus_A00,291,-0.00013302595455839017
pair_minus_A00,292,-0.00011303424918512406
pair_minus_A00,293,-5.178266917802158e-05
pair_minus_A00,294,1.69830189813395e-05
pair_minus_A00,295,4.287094893610625e-05
pair_minus_A00,296,4.0195179868815714e-05
pair_minus_A00,297,4.3897306744967565e-05
pair_minus_A00,298,2.439504481521454e-05
pair_minus_A00,299,1.7826741382961873e-05
pair_minus_A00,300,1.2324160449810867e-05
pair_minus_A00,301,1.0769036485405671e-05
pair_minus_A00,302,7.512731545008237e-06
pair_minus_A00,303,1.3195671432378566e-05
pair_minus_A00,304,1.6899493337919373e-05
pair_minus_A00,305,1.6898386005645755e-05
pair_minus_A00,306,1.6898496042393006e-05
pair_minus_A00,307,1.6898592514562913e-05
pair_minus_A00,308,1.6898684224086677e-05
pair_minus_A00,309,1.689831523444056e-05
pair_minus_A00,310,1.689798615306956e-05
pair_minus_A00,311,2.0795544125505253e-05
pair_minus_A00,312,1.8128370738401174e-05
pair_minus_A00,313,1.5530877207967474e-05
pair_minus_A00,314,0.00010308146242698635
pair_minus_A00,315,0.0001021900343491757
pair_minus_A00,316,0.00011517511130961976
pair_minus_A00,317,0.00020298475781509317
pair_minus_A00,318,0.00019402239349024944
pair_minus_A00,319,0.00023960453694880256
pair_minus_A00,320,0.00022781426049115156
pair_minus_A00,321,0.0001955888336881102
pair_minus_A00,322,0.00019006883380235867
pair_minus_A00,323,0.00018183338583522483
pair_minus_A00,324,0.00017228725564197907
pair_minus_A00,325,0.00019759895494675112
pair_minus_A00,326,0.00018267964669570853
pair_minus_A00,327,0.00022035863036553585
pair_minus_A00,328,0.0002014495372229775
pair_minus_A00,329,0.00020569823351810945
pair_minus_A00,330,0.0002039549683171313
pair_minus_A00,331,0.0002301221341192356
pair_minus_A00,332,0.0002301201309429379
pair_minus_A00,333,0.0002301213289190474
pair_minus_A00,334,0.00023012128416941647
pair_minus_A00,335,0.00023012142867036623
pair_minus_A00,336,0.00023012151825582927
pair_minus_A00,337,0.00023012163950829253
pair_minus_A00,338,0.00023012151717938717
pair_minus_A00,339,0.00023198987162261544
pair_minus_A00,340,0.00022655158350537268
pair_minus_A00,341,0.00018648504136392283
pair_minus_A00,342,0.0002018446670069957
pair_minus_A00,343,0.00017993749398322422
pair_minus_A00,344,0.0001759373529598815
pair_minus_A00,345,0.00019040922795829758
pair_minus_A00,346,0.00018727432292505155
pair_minus_A00,347,0.0001907286400189341
pair_minus_A00,348,0.00017002607412320718
pair_minus_A00,349,0.00017260668317335793
pair_minus_A00,350,0.00018174255101315457
pair_minus_A00,351,0.00016972086144680283
pair_minus_A00,352,0.0001663990403485741
pair_minus_A00,353,0.00017400509157098373
pair_minus_A00,354,0.00011996574645028709
pair_minus_A00,355,4.6367765232563444e-05
pair_minus_A00,356,3.740121858830032e-05
pair_minus_A00,357,5.5184668202169234e-05
pair_minus_A00,358,4.428335196012769e-05
pair_minus_A00,359,4.037701102508019e-05
pair_minus_A00,360,4.0370823746503593e-05
pair_minus_A00,361,4.037131194171646e-05
pair_minus_A00,362,4.037138345054063e-05
pair_minus_A00,363,4.037157454539365e-05
pair_minus_A00,364,4.0371745720536384e-05
pair_minus_A00,365,4.037190011562587e-05
pair_minus_A00,366,4.0372210992763814e-05
pair_minus_A00,367,4.124544133796653e-05
pair_minus_A00,368,2.606402167776463e-05
pair_minus_A00,369,2.9231840818393662e-05
pair_minus_A00,370,-1.7725687820182792e-06
pair_minus_A00,371,-3.127383802771686e-05
pair_minus_A00,372,-5.8339679035332234e-05
pair_minus_A00,373,1.1879248468343569e-05
pair_minus_A00,374,-1.9786606269338352e-05
pair_minus_A00,375,-1.2943133378270696e-05
pair_minus_A00,376,-1.4164626409917828e-05
pair_minus_A00,377,4.164482823681721e-06
pair_minus_A00,378,-1.9003191334374594e-05
pair_minus_A00,379,-1.9952164946243392e-05
pair_minus_A00,380,-5.445389415631915e-06
pair_minus_A00,381,-9.604850365974805e-06
pair_minus_A00,382,-7.082934862975349e-05
pair_minus_A00,383,-7.12910329104125e-05
pair_minus_A00,384,-0.00018802260942257998
pair_minus_A00,385,-0.00019902457119633617
pair_minus_A00,386,-0.00019113760047250472
pair_minus_A00,387,-0.0002208594164810162
pair_minus_A00,388,-0.00021991407251436865
pair_minus_A00,389,-0.0002192133593658313
pair_minus_A00,390,-0.000219224323778785
pair_minus_A00,391,-0.0002192237615761266
pair_minus_A00,392,-0.0002192232614066052
pair_minus_A00,393,-0.0002192225389162398
pair_minus_A00,394,-0.0002192217786944407
pair_minus_A00,395,-0.00021882176512412878
pair_minus_A00,396,-0.000225551707305423
pair_minus_A00,397,-0.00022907703725024483
pair_minus_A00,398,-0.00021607182122822241
pair_minus_A00,399,-0.00020637987317806764
pair_minus_A00,400,-0.00022109178450443236
pair_minus_A00,401,-0.00023214403586726775
pair_minus_A00,402,-0.00024339627711859679
pair_minus_A00,403,-0.0002548494431024338
pair_minus_A00,404,-0.00022719414985515545
pair_minus_A00,405,-0.00026192275773141043
pair_minus_A00,406,-0.0002834788409631871
pair_minus_A00,407,-0.0002675313602105364
pair_minus_A00,408,-0.00026195944431603717
pair_minus_A00,409,-0.00024936693205738364
pair_minus_A00,410,-0.0003451292155892848
pair_minus_A00,411,-0.0003570384938347351
pair_minus_A00,412,-0.00033879849989683147
pair_minus_A00,413,-0.00035153795488525796
pair_minus_A00,414,-0.00033981593888532315
pair_minus_A00,415,-0.0003329882743628136
pair_minus_A00,416,-0.00029672594598902395
pair_minus_A00,417,-0.00030499144189605925
pair_minus_A00,418,-0.0003049927193787225
pair_minus_A00,419,-0.0003049921230114899
pair_minus_A00,420,-0.00030499177003441395
pair_minus_A00,421,-0.00030499145418854426
pair_minus_A00,422,-0.00030498259267229164
pair_minus_A00,423,-0.0003049918960604952
pair_minus_A00,424,-0.00030996164243383463
pair_minus_A00,425,-0.0003162451856996009
pair_minus_A00,426,-0.0003006585619071536
pair_minus_A00,427,-0.00028634399701283204
pair_minus_A00,428,-0.0002903347304676271
pair_minus_A00,429,-0.00028606031512476285
pair_minus_A00,430,-0.0002566863247033158
pair_minus_A00,431,-0.0002855395139809904
pair_minus_A00,432,-0.00029831555692631106
pair_minus_A00,433,-0.00031760452541685117
pair_minus_A00,434,-0.0003437320880312725
pair_minus_A00,435,-0.0003549812790598345
pair_minus_A00,436,-0.00036780377253186106
pair_minus_A00,437,-0.0003673139690624837
pair_minus_A00,438,-0.00040978467861045776
pair_minus_A00,439,-0.0004420561248141573
pair_minus_A00,440,-0.0004627664236838196
pair_minus_A00,441,-0.00045446647721649917
pair_minus_A00,442,-0.00047853086515356165
pair_minus_A00,443,-0.00047303164984320584
pair_minus_A00,444,-0.0004990384189035985
pair_minus_A00,445,-0.0004961999428972489
pair_minus_A00,446,-0.0005025216253890731
pair_minus_A00,447,-0.0005025208873889281
pair_minus_A00,448,-0.0005025206492719823
pair_minus_A00,449,-0.0005025204095246868
pair_minus_A00,450,-0.000502518263018342
pair_minus_A00,451,-0.0005025048579109228
pair_minus_A00,452,-0.0005019121541088126
pair_minus_A00,453,-0.0005086387566898729
pair_minus_A00,454,-0.0005119303587345733
pair_minus_A00,455,-0.0005081061282152015
pair_minus_A00,456,-0.0004929319573401477
pair_minus_A00,457,-0.0004979429795994933
pair_minus_A00,458,-0.0004931435532085674
pair_minus_A00,459,-0.000489689033035909
pair_minus_A00,460,-0.0004663915780442636
pair_minus_A00,461,-0.00047428797120142185
pair_minus_A00,462,-0.00046704655759018153
pair_minus_A00,463,-0.0004356978792261769
pair_minus_A00,464,-0.000403369815946494
pair_minus_A00,465,-0.00041611269511015466
pair_minus_A00,466,-0.0004057749145771346
pair_minus_A00,467,-0.0004202812386408844
pair_minus_A00,468,-0.0004280294634474936
pair_minus_A00,469,-0.0004340786860447911
pair_minus_A00,470,-0.0003243329287860525
pair_minus_A00,471,-0.0003263121902454641
pair_minus_A00,472,-0.00032439712538692516
pair_minus_A00,473,-0.0002177035841047107
pair_minus_A00,474,-0.00022552920286312054
pair_minus_A00,475,-0.00022552880232132414
pair_minus_A00,476,-0.0002255285461992763
pair_minus_A00,477,-0.00022552824567400036
pair_minus_A00,478,-0.00022552999062202834
pair_minus_A00,479,-0.0002255107428291788
pair_minus_A00,480,-0.00022790061138409627
pair_minus_A00,481,-0.00022506280815810098
pair_minus_A00,482,-0.0002179649558226374
pair_minus_A00,483,-0.00021798436542704884
pair_minus_A00,484,-0.00022021883982029577
pair_minus_A00,485,-0.00027743091699003637
pair_minus_A00,486,-0.0002976493393488246
pair_minus_A00,487,-0.000286950655283353
pair_minus_A00,488,-0.00028114735671025805
pair_minus_A00,489,-0.00027822027164000577
pair_minus_A00,490,-0.0002675122829880624
pair_minus_A00,491,-0.00026887634334554403
pair_minus_A00,492,-0.00031187024279952236
pair_minus_A00,493,-0.0002827077900494437
pair_minus_A00,494,-0.00026244817030783606
pair_minus_A00,495,-0.0002686664683590434
pair_minus_A00,496,-0.00027574344155144597
pair_minus_A00,497,-0.00034244042815129985
pair_minus_A00,498,-0.0003509168290431117
pair_minus_A00,499,-0.00032573673081146557
pair_minus_A00,500,-0.00032032833206870347
pair_minus_A00,501,-0.00031382297185062136
pair_minus_A00,502,-0.0002921023470422918
pair_minus_A00,503,-0.00029210198177279925
pair_minus_A00,504,-0.0002921019267335599
pair_minus_A00,505,-0.0002921017897009879
pair_minus_A00,506,-0.00029209976332460213
pair_minus_A00,507,-0.00029206631727922715
pair_minus_A00,508,-0.0002909217891160715
pair_minus_A00,509,-0.0002943639019846529
pair_minus_A00,510,-0.00029740326073630495
pair_minus_A00,511,-0.0002857150204519249
pair_minus_A00,512,-0.00032270974885526384
pair_minus_A00,513,-0.0003233547099185049
pair_minus_A00,514,-0.00031129080402555564
pair_minus_A00,515,-0.0002772939130243659
pair_minus_A00,516,-0.00023764794794124726
pair_minus_A00,517,-0.0002458978262399793
pair_minus_A00,518,-0.00024198657271061683
pair_minus_A00,519,-0.00030872265271317516
pair_minus_A00,520,-0.000384290791447034
pair_minus_A00,521,-0.0004182569450743833
pair_minus_A00,522,-0.000403347481057958
pair_minus_A00,523,-0.0003835369688468266
pair_minus_A00,524,-0.0005359146902118098
pair_minus_A00,525,-0.0005759032405413336
pair_minus_A00,526,-0.0005518882718997439
pair_minus_A00,527,-0.0005515920260085331
pair_minus_A00,528,-0.000551543108188897
pair_minus_A00,529,-0.0005509131936947729
pair_minus_A00,530,-0.0005628089947882599
pair_minus_A00,531,-0.0005628079353018509
pair_minus_A00,532,-0.0005628078855988133
pair_minus_A00,533,-0.0005628085269174294
pair_minus_A00,534,-0.0005628092100240959
pair_minus_A00,535,-0.000562799793940363
pair_minus_A00,536,-0.0005619293454612787
pair_minus_A00,537,-0.0005505142899032924
pair_minus_A00,538,-0.0005505958295313582
pair_minus_A00,539,-0.000529689714084775
pair_minus_A00,540,-0.0005232836669721711
pair_minus_A00,541,-0.0005780240709326974
pair_minus_A00,542,-0.0006159009158720302
pair_minus_A00,543,-0.0006231704499964707
pair_minus_A00,544,-0.0006268081775394332
pair_minus_A00,545,-0.0006185427282887469
pair_minus_A00,546,-0.0006111622630460885
pair_minus_A00,547,-0.0006005904413364555
pair_minus_A00,548,-0.0006806831376056284
pair_minus_A00,549,-0.0006816811901544332
pair_minus_A00,550,-0.0006640772325144473
pair_minus_A00,551,-0.0006759294631860889
pair_minus_A00,552,-0.0006714652016342196
pair_minus_A00,553,-0.0006463232440129743
pair_minus_A00,554,-0.0006386097308293216
pair_minus_A00,555,-0.0006386791735528765
pair_minus_A00,556,-0.0006401950301196022
pair_minus_A00,557,-0.0006403333190193628
pair_minus_A00,558,-0.000640313119983734
pair_minus_A00,559,-0.000640312820959374
pair_minus_A00,560,-0.0006403125931804817
pair_minus_A00,561,-0.0006403122565761276
pair_minus_A00,562,-0.0006403122751769111
pair_minus_A00,563,-0.000640310071400865
pair_minus_A00,564,-0.0006497791831787589
pair_minus_A00,565,-0.0006442715222390647
pair_minus_A00,566,-0.0006382347969743353
pair_minus_A00,567,-0.0006745782078926525
pair_minus_A00,568,-0.0006947727744740685
pair_minus_A00,569,-0.0007024398238131203
pair_minus_A00,570,-0.0006986259464465283
pair_minus_A00,571,-0.0006823785536121836
pair_minus_A00,572,-0.000697301186115077
pair_minus_A00,573,-0.0006864802394211918
pair_minus_A00,574,-0.0007410359299832346
pair_minus_A00,575,-0.0007695183969378957
pair_minus_A00,576,-0.0007832375247179448
pair_minus_A00,577,-0.0008100689086982692
pair_minus_A00,578,-0.0007986238423845084
pair_minus_A00,579,-0.0008216983819500182
pair_minus_A00,580,-0.0008279732180470343
pair_minus_A00,581,-0.0007670205425164454
pair_minus_A00,582,-0.0007688290837878477
pair_minus_A00,583,-0.0007688293614443101
pair_minus_A00,584,-0.0007688315034493345
pair_minus_A00,585,-0.0007688316685204086
pair_minus_A00,586,-0.000768831692712797
pair_minus_A00,587,-0.000768831374324646
pair_minus_A00,588,-0.0007688311624447911
pair_minus_A00,589,-0.0007688307861271834
pair_minus_A00,590,-0.0007688321365821853
pair_minus_A00,591,-0.000768831881727208
pair_minus_A00,592,-0.0007837031541019738
pair_minus_A00,593,-0.0007773704274034984
pair_minus_A00,594,-0.0007758333377682001
pair_minus_A00,595,-0.0007334535988487148
pair_minus_A00,596,-0.0007487175577483746
pair_minus_A00,597,-0.0007490943001252068
pair_minus_A00,598,-0.0007139736832845659
pair_minus_A00,599,-0.0007366073232075278
pair_minus_A00,600,-0.0007384687355399947
pair_minus_A00,601,-0.0007377029923737008
pair_minus_A00,602,-0.0007902569296897539
pair_minus_A00,603,-0.000751257072885078
pair_minus_A00,604,-0.0007573906532694127
pair_minus_A00,605,-0.0007168996997787321
pair_minus_A00,606,-0.0007000944784561094
pair_minus_A00,607,-0.0007300182821611476
pair_minus_A00,608,-0.0007347645379644391
pair_minus_A00,609,-0.0007576859446561168
pair_minus_A00,610,-0.0007575033065086231
pair_minus_A00,611,-0.0007574915191874704
pair_minus_A00,612,-0.0007574907882403194
pair_minus_A00,613,-0.0007574892734574482
pair_minus_A00,614,-0.0007574884087164057
pair_minus_A00,615,-0.0007574880373473569
pair_minus_A00,616,-0.0007574878442729574
pair_minus_A00,617,-0.0007574875609086104
pair_minus_A00,618,-0.0007574870964789303
pair_minus_A00,619,-0.0007574847143981045
pair_minus_A00,620,-0.0008729272424185682
pair_minus_A00,621,-0.0008709962521389497
pair_minus_A00,622,-0.0009879152875197073
pair_minus_A00,623,-0.0009688670433786981
pair_minus_A00,624,-0.0009817587929553165
pair_minus_A00,625,-0.001002759312309514
pair_minus_A00,626,-0.0010160193559670787
pair_minus_A00,627,-0.0010056597404203497
pair_minus_A00,628,-0.0009815135519099588
pair_minus_A00,629,-0.0008796819105408322
pair_minus_A00,630,-0.0008773597404976399
pair_minus_A00,631,-0.0008773404121627484
pair_minus_A00,632,-0.0008470978600484417
pair_minus_A00,633,-0.0008567244584021533
pair_minus_A00,634,-0.0008583389335451823
pair_minus_A00,635,-0.0008708990988297148
pair_minus_A00,636,-0.0008671913822176001
pair_minus_A00,637,-0.0008675042702021401
pair_minus_A00,638,-0.0008674835934018218
pair_minus_A00,639,-0.000867481576292506
pair_minus_A00,640,-0.0008674815811930754
pair_minus_A00,641,-0.0008674805285404991
pair_minus_A00,642,-0.0008674795754031132
pair_minus_A00,643,-0.0008674793565539662
pair_minus_A00,644,-0.0008674780562717729
pair_minus_A00,645,-0.0008674774655770463
pair_minus_A00,646,-0.0008674769234121968
pair_minus_A00,647,-0.0008674880517727505
pair_minus_A00,648,-0.0008674744448169309
pair_minus_A00,649,-0.000870452529232902
pair_minus_A00,650,-0.0008740404588077689
pair_minus_A00,651,-0.0008664745004858061
pair_minus_A00,652,-0.0008740641338753049
pair_minus_A00,653,-0.0008772105303726034
pair_minus_A00,654,-0.0008602607251658598
pair_minus_A00,655,-0.000841251353924247
pair_minus_A00,656,-0.0007460307962345637
pair_minus_A00,657,-0.000788079664728727
pair_minus_A00,658,-0.0007913560330637824
pair_minus_A00,659,-0.0007865289149146076
pair_minus_A00,660,-0.0008366774762993773
pair_minus_A00,661,-0.0008235492029409554
pair_minus_A00,662,-0.0007962874898813099
pair_minus_A00,663,-0.0007943917929426068
pair_minus_A00,664,-0.0007908925514721321
pair_minus_A00,665,-0.0008205568895537694
pair_minus_A00,666,-0.0008205567481017644
pair_minus_A00,667,-0.0008205545162974259
pair_minus_A00,668,-0.0008205540161165108
pair_minus_A00,669,-0.0008205536386550972
pair_minus_A00,670,-0.0008205535987717048
pair_minus_A00,671,-0.0008205533369110364
pair_minus_A00,672,-0.000820553032001443
pair_minus_A00,673,-0.0008205526718293291
pair_minus_A00,674,-0.0008205523873564693
pair_minus_A00,675,-0.0008205520049626998
pair_minus_A00,676,-0.0008205525048426873
pair_minus_A00,677,-0.0008212367621818578
pair_minus_A00,678,-0.0008294574259776945
pair_minus_A00,679,-0.0008276552701628749
pair_minus_A00,680,-0.0008221095835290219
pair_minus_A00,681,-0.0008345155051781409
pair_minus_A00,682,-0.0008400622771475143
pair_minus_A00,683,-0.0008478445059175949
pair_minus_A00,684,-0.0008431423051368625
pair_minus_A00,685,-0.0008289686734831274
pair_minus_A00,686,-0.0008388534341610797
pair_minus_A00,687,-0.0008448798759841341
pair_minus_A00,688,-0.0008503973289318076
pair_minus_A00,689,-0.0008367847534859863
pair_minus_A00,690,-0.0008672751793674438
pair_minus_A00,691,-0.0008696363829765833
pair_minus_A00,692,-0.0008674275009182389
pair_minus_A00,693,-0.0008674250490374901
pair_minus_A00,694,-0.0008674275009857053
pair_minus_A00,695,-0.000867424072076821
pair_minus_A00,696,-0.0008674235430598596
pair_minus_A00,697,-0.0008674232537196942
pair_minus_A00,698,-0.0008674228514452228
pair_minus_A00,699,-0.0008674223359618775
pair_minus_A00,700,-0.0008674219225145505
pair_minus_A00,701,-0.0008674209984734597
pair_minus_A00,702,-0.0008674205726453958
pair_minus_A00,703,-0.0008674203752760912
pair_minus_A00,704,-0.0008674258068298498
pair_minus_A00,705,-0.0008687740108491625
pair_minus_A00,706,-0.0008705085635987185
pair_minus_A00,707,-0.0008705608249641352
pair_minus_A00,708,-0.0008727862295916682
pair_minus_A00,709,-0.000871314288006248
pair_minus_A00,710,-0.0008721051041061217
pair_minus_A00,711,-0.000868941550344812
pair_minus_A00,712,-0.0008672198828547664
pair_minus_A00,713,-0.0008727824013907913
pair_minus_A00,714,-0.0008477546697835516
pair_minus_A00,715,-0.0008790110572659945
pair_minus_A00,716,-0.0009117472733455229
pair_minus_A00,717,-0.000900985283101921
pair_minus_A00,718,-0.0009061060582484495
pair_minus_A00,719,-0.0009203978575944834
pair_minus_A00,720,-0.0009203955188580395
pair_minus_A00,721,-0.0009203966629886801
pair_minus_A00,722,-0.0009203965665599959
pair_minus_A00,723,-0.0009203963223568081
pair_minus_A00,724,-0.000920396603271043
pair_minus_A00,725,-0.0009203963694364042
pair_minus_A00,726,-0.0009203952188622909
pair_minus_A00,727,-0.0009203938734735942
pair_minus_A00,728,-0.0009203931996557242
pair_minus_A00,729,-0.0009203928481933209
pair_minus_A00,730,-0.0009203930965308555
pair_minus_A00,731,-0.0009203923122968224
pair_minus_A00,732,-0.0009203874933380934
pair_minus_A00,733,-0.0009203875914205323
pair_minus_A00,734,-0.000914085980637869
pair_minus_A00,735,-0.0009029817260567419
pair_minus_A00,736,-0.0009035355484249825
pair_minus_A00,737,-0.0009050768027351468
pair_minus_A00,738,-0.0009038314421757355
pair_minus_A00,739,-0.0009037989117953404
pair_minus_A00,740,-0.0009134839313605081
pair_minus_A00,741,-0.0009161211435641235
pair_minus_A00,742,-0.00087504084003961
pair_minus_A00,743,-0.0008779710210480791
pair_minus_A00,744,-0.0008443687992832704
pair_minus_A00,745,-0.0008499076564731653
pair_minus_A00,746,-0.0008498963348151775
pair_minus_A00,747,-0.0008498927923811679
pair_minus_A00,748,-0.0008498863770179088
pair_minus_A00,749,-0.0008498843400607937
pair_minus_A00,750,-0.0008498836693399489
pair_minus_A00,751,-0.0008498828906228432
pair_minus_A00,752,-0.0008498820122282812
pair_minus_A00,753,-0.0008498813550769662
pair_minus_A00,754,-0.000849880612103071
pair_minus_A00,755,-0.0008498804617586785
pair_minus_A00,756,-0.000849880409612711
pair_minus_A00,757,-0.0008498801458478826
pair_minus_A00,758,-0.0008498799076092799
pair_minus_A00,759,-0.00084987977331356
pair_minus_A00,760,-0.0008498797062837356
pair_minus_A00,761,-0.000849879755964961
pair_minus_A00,762,-0.0008498797607735776
pair_minus_A00,763,-0.0008498797520704261
pair_minus_A00,764,-0.0008498797972992696
pair_minus_A00,765,-0.0008498797297022978
pair_minus_A00,766,-0.0008498795950288555
pair_minus_A00,767,-0.0008498795777742545
pair_minus_A00,768,-0.0008498795285618143
pair_minus_A00,769,-0.0008498793832040379
pair_minus_A00,770,-0.0008498792741290424
pair_minus_A00,771,-0.0008498792296488023
pair_minus_A00,772,-0.00084987910174832
pair_minus_A00,773,-0.0008498789406495382
pair_minus_A00,774,-0.0008498787512652379
pair_minus_A00,775,-0.0008498785372130475
pair_minus_A00,776,-0.0008498782641559432
pair_minus_A00,777,-0.0008498779940320141
pair_minus_A00,778,-0.0008498777575929588
pair_minus_A00,779,-0.0008498775234729899
pair_minus_A00,780,-0.0008498776147518286
pair_minus_A00,781,-0.0008498774047719776
pair_minus_A00,782,-0.0008498771770613158
pair_minus_A00,783,-0.0008498768938865866
primary_A11_minus_A10,1,0.0
primary_A11_minus_A10,2,2.9786341388198183e-09
primary_A11_minus_A10,3,6.986405852169164e-09
primary_A11_minus_A10,4,5.806860075053805e-09
primary_A11_minus_A10,5,1.1097814574910164e-08
primary_A11_minus_A10,6,1.7072728190776783e-08
primary_A11_minus_A10,7,1.2646174032766294e-08
primary_A11_minus_A10,8,7.822142281351113e-09
primary_A11_minus_A10,9,2.4075974049729088e-09
primary_A11_minus_A10,10,-3.074105291145978e-10
primary_A11_minus_A10,11,-1.7922590463251917e-09
primary_A11_minus_A10,12,-5.387459367632116e-09
primary_A11_minus_A10,13,-1.0092729557729591e-08
primary_A11_minus_A10,14,-1.765728850316205e-08
primary_A11_minus_A10,15,-2.920968199855183e-08
primary_A11_minus_A10,16,-4.7646616135191e-08
primary_A11_minus_A10,17,-6.721593923785223e-08
primary_A11_minus_A10,18,-9.358284516694698e-08
primary_A11_minus_A10,19,-1.2394753054138072e-07
primary_A11_minus_A10,20,-1.5404347471396235e-07
primary_A11_minus_A10,21,-1.7518271110289513e-07
primary_A11_minus_A10,22,-1.8787090179934667e-07
primary_A11_minus_A10,23,-1.9556786371148425e-07
primary_A11_minus_A10,24,-1.9666630796933013e-07
primary_A11_minus_A10,25,-1.8731915035945913e-07
primary_A11_minus_A10,26,-1.6696296260081863e-07
primary_A11_minus_A10,27,-1.341987785600522e-07
primary_A11_minus_A10,28,-9.3484424311575e-08
primary_A11_minus_A10,29,-4.249136564174089e-08
primary_A11_minus_A10,30,1.760167006090926e-08
primary_A11_minus_A10,31,1.9269451975405244e-08
primary_A11_minus_A10,32,4.699881408462523e-08
primary_A11_minus_A10,33,1.187971116175275e-07
primary_A11_minus_A10,34,3.0913845823414584e-07
primary_A11_minus_A10,35,5.691377200405964e-07
primary_A11_minus_A10,36,1.0624881835522528e-06
primary_A11_minus_A10,37,2.304119190437585e-06
primary_A11_minus_A10,38,3.7584420020186982e-06
primary_A11_minus_A10,39,5.202505227658911e-06
primary_A11_minus_A10,40,6.462656235618708e-06
primary_A11_minus_A10,41,7.73271382023156e-06
primary_A11_minus_A10,42,8.83344174744773e-06
primary_A11_minus_A10,43,9.737557324506774e-06
primary_A11_minus_A10,44,1.0565073418719918e-05
primary_A11_minus_A10,45,1.1264644357023716e-05
primary_A11_minus_A10,46,1.1913888892551493e-05
primary_A11_minus_A10,47,1.2485249953031971e-05
primary_A11_minus_A10,48,1.3044864295883917e-05
primary_A11_minus_A10,49,1.3565586584143573e-05
primary_A11_minus_A10,50,1.3581155062383267e-05
primary_A11_minus_A10,51,1.3623130954453051e-05
primary_A11_minus_A10,52,1.3681550318896176e-05
primary_A11_minus_A10,53,1.3748547776328846e-05
primary_A11_minus_A10,54,1.381640700158389e-05
primary_A11_minus_A10,55,1.3892222855083517e-05
primary_A11_minus_A10,56,1.3973448889564158e-05
primary_A11_minus_A10,57,1.4059294998937447e-05
primary_A11_minus_A10,58,1.4143698602648378e-05
primary_A11_minus_A10,59,1.4227545066851584e-05
primary_A11_minus_A10,60,1.581545168942981e-05
primary_A11_minus_A10,61,1.7960708419117185e-05
primary_A11_minus_A10,62,2.1429680009705125e-05
primary_A11_minus_A10,63,2.95110437251479e-05
primary_A11_minus_A10,64,5.896121906489637e-05
primary_A11_minus_A10,65,0.00016189050331962514
primary_A11_minus_A10,66,-0.0012862786796752127
primary_A11_minus_A10,67,-0.0022020393243521903
primary_A11_minus_A10,68,-0.001827548985885931
primary_A11_minus_A10,69,-0.002573259736292892
primary_A11_minus_A10,70,-0.0026119100021576498
primary_A11_minus_A10,71,-0.0026512531961980414
primary_A11_minus_A10,72,-0.0034636848284788383
primary_A11_minus_A10,73,-0.004395676759327803
primary_A11_minus_A10,74,-0.005751837309358308
primary_A11_minus_A10,75,-0.006032006557665281
primary_A11_minus_A10,76,-0.009089211493900191
primary_A11_minus_A10,77,-0.008995961503279915
primary_A11_minus_A10,78,-0.008996234171938497
primary_A11_minus_A10,79,-0.008996442190170246
primary_A11_minus_A10,80,-0.008996587465055605
primary_A11_minus_A10,81,-0.00899682856804232
primary_A11_minus_A10,82,-0.00899707111106812
primary_A11_minus_A10,83,-0.008997458344072586
primary_A11_minus_A10,84,-0.008997931307104513
primary_A11_minus_A10,85,-0.008998391403706946
primary_A11_minus_A10,86,-0.008998420680861412
primary_A11_minus_A10,87,-0.00899884072303514
primary_A11_minus_A10,88,-0.008995715160703337
primary_A11_minus_A10,89,-0.008982251997971763
primary_A11_minus_A10,90,-0.008934013987149002
primary_A11_minus_A10,91,-0.008867310089278907
primary_A11_minus_A10,92,-0.008766527586449838
primary_A11_minus_A10,93,-0.008644036913465374
primary_A11_minus_A10,94,-0.008785811873069496
primary_A11_minus_A10,95,-0.010224045421461703
primary_A11_minus_A10,96,-0.010266437431351604
primary_A11_minus_A10,97,-0.009128534760773884
primary_A11_minus_A10,98,-0.00906860472597401
primary_A11_minus_A10,99,-0.006292368120512114
primary_A11_minus_A10,100,-0.009510057263243308
primary_A11_minus_A10,101,-0.011533396625054215
primary_A11_minus_A10,102,-0.010714147534677108
primary_A11_minus_A10,103,-0.009546058180679773
primary_A11_minus_A10,104,-0.00958350214465252
primary_A11_minus_A10,105,-0.009570676412193236
primary_A11_minus_A10,106,-0.009565421280913745
primary_A11_minus_A10,107,-0.00956589840131273
primary_A11_minus_A10,108,-0.009565960840344258
primary_A11_minus_A10,109,-0.009566145545170303
primary_A11_minus_A10,110,-0.009566329778113388
primary_A11_minus_A10,111,-0.0095664770920182
primary_A11_minus_A10,112,-0.009566676083845437
primary_A11_minus_A10,113,-0.009566972648420068
primary_A11_minus_A10,114,-0.009567154406075362
primary_A11_minus_A10,115,-0.00956505954379655
primary_A11_minus_A10,116,-0.009523807670993964
primary_A11_minus_A10,117,-0.009440459193303968
primary_A11_minus_A10,118,-0.009194023794661228
primary_A11_minus_A10,119,-0.010357063138586324
primary_A11_minus_A10,120,-0.008826277897113178
primary_A11_minus_A10,121,-0.01177536305476259
primary_A11_minus_A10,122,-0.012883484668122742
primary_A11_minus_A10,123,-0.01576573214749627
primary_A11_minus_A10,124,-0.014439965979900127
primary_A11_minus_A10,125,-0.009969243790434599
primary_A11_minus_A10,126,-0.013369576400789153
primary_A11_minus_A10,127,-0.014099088942990069
primary_A11_minus_A10,128,-0.012190507003522305
primary_A11_minus_A10,129,-0.010289120576244627
primary_A11_minus_A10,130,-0.010769306548414688
primary_A11_minus_A10,131,-0.013807270846440867
primary_A11_minus_A10,132,-0.012651231400812146
primary_A11_minus_A10,133,-0.008250774329176452
primary_A11_minus_A10,134,-0.013361809464396267
primary_A11_minus_A10,135,-0.01313826678897468
primary_A11_minus_A10,136,-0.013136878180850922
primary_A11_minus_A10,137,-0.013137629148867066
primary_A11_minus_A10,138,-0.013138311170315817
primary_A11_minus_A10,139,-0.013138475051208014
primary_A11_minus_A10,140,-0.013138996904116004
primary_A11_minus_A10,141,-0.013138703613322276
primary_A11_minus_A10,142,-0.013137419424443571
primary_A11_minus_A10,143,-0.013115017580261783
primary_A11_minus_A10,144,-0.012904991210249402
primary_A11_minus_A10,145,-0.012742154816619389
primary_A11_minus_A10,146,-0.0117336578611879
primary_A11_minus_A10,147,-0.013914265117805922
primary_A11_minus_A10,148,-0.01634691303424982
primary_A11_minus_A10,149,-0.018924416951770457
primary_A11_minus_A10,150,-0.012825554624753084
primary_A11_minus_A10,151,-0.014448097038213713
primary_A11_minus_A10,152,-0.009573566847564899
primary_A11_minus_A10,153,-0.015263061832196927
primary_A11_minus_A10,154,-0.013288885472616838
primary_A11_minus_A10,155,-0.00846601035998348
primary_A11_minus_A10,156,-0.013527520821913292
primary_A11_minus_A10,157,-0.00014865371272117104
primary_A11_minus_A10,158,-0.0007547644459571169
primary_A11_minus_A10,159,-0.00830232522099116
primary_A11_minus_A10,160,-0.006104634532905166
primary_A11_minus_A10,161,-0.005518536727355928
primary_A11_minus_A10,162,-0.0028927527154303367
primary_A11_minus_A10,163,-0.005085508401651093
primary_A11_minus_A10,164,-0.005062247489162728
primary_A11_minus_A10,165,-0.005062990173842671
primary_A11_minus_A10,166,-0.005063456004887562
primary_A11_minus_A10,167,-0.005063837389160643
primary_A11_minus_A10,168,-0.005064383573339436
primary_A11_minus_A10,169,-0.005064538528740218
primary_A11_minus_A10,170,-0.005054474523598797
primary_A11_minus_A10,171,-0.004933968979065764
primary_A11_minus_A10,172,-0.004557085032347006
primary_A11_minus_A10,173,-0.006907707897055625
primary_A11_minus_A10,174,0.0005185849069301611
primary_A11_minus_A10,175,0.0010654550031596842
primary_A11_minus_A10,176,0.0003328359668092601
primary_A11_minus_A10,177,0.00361539993470852
primary_A11_minus_A10,178,0.004371412584537454
primary_A11_minus_A10,179,0.012657604021826247
primary_A11_minus_A10,180,0.002087759848117293
primary_A11_minus_A10,181,0.02182648007833027
primary_A11_minus_A10,182,0.03532336726833289
primary_A11_minus_A10,183,0.04163708962968034
primary_A11_minus_A10,184,0.03968571870482822
primary_A11_minus_A10,185,0.04855016102957219
primary_A11_minus_A10,186,0.05777245854042305
primary_A11_minus_A10,187,0.08875098912374436
primary_A11_minus_A10,188,0.07699541127820665
primary_A11_minus_A10,189,0.0799772212608628
primary_A11_minus_A10,190,0.08001346962689272
primary_A11_minus_A10,191,0.0814316484959499
primary_A11_minus_A10,192,0.08151603728730462
primary_A11_minus_A10,193,0.08152280617196178
primary_A11_minus_A10,194,0.08152269898102338
primary_A11_minus_A10,195,0.08152256227492899
primary_A11_minus_A10,196,0.08152423399828605
primary_A11_minus_A10,197,0.08157395657177026
primary_A11_minus_A10,198,0.08191247476186256
primary_A11_minus_A10,199,0.0824551927224872
primary_A11_minus_A10,200,0.08323068601593171
primary_A11_minus_A10,201,0.07988927947530731
primary_A11_minus_A10,202,0.09390680138165909
primary_A11_minus_A10,203,0.09832168776253936
primary_A11_minus_A10,204,0.07716720298953095
primary_A11_minus_A10,205,0.08564899373212662
primary_A11_minus_A10,206,0.07760818677014267
primary_A11_minus_A10,207,0.031251850330997734
primary_A11_minus_A10,208,0.04056378548205487
primary_A11_minus_A10,209,0.02343040701793724
primary_A11_minus_A10,210,0.02314737006727259
primary_A11_minus_A10,211,0.06253077048803662
primary_A11_minus_A10,212,0.08456570123556405
primary_A11_minus_A10,213,0.08910260116869433
primary_A11_minus_A10,214,0.10351605548089345
primary_A11_minus_A10,215,0.14436932177011919
primary_A11_minus_A10,216,0.1292380842233014
primary_A11_minus_A10,217,0.12579584774758062
primary_A11_minus_A10,218,0.1309697167283324
primary_A11_minus_A10,219,0.13703071288577118
primary_A11_minus_A10,220,0.13675492422051505
primary_A11_minus_A10,221,0.13675426700872254
primary_A11_minus_A10,222,0.13675463407527794
primary_A11_minus_A10,223,0.13675486899293313
primary_A11_minus_A10,224,0.13675492171649614
primary_A11_minus_A10,225,0.13674842170285006
primary_A11_minus_A10,226,0.136827791153465
primary_A11_minus_A10,227,0.13740013617924443
primary_A11_minus_A10,228,0.12792357159963397
primary_A11_minus_A10,229,0.13915036329449534
primary_A11_minus_A10,230,0.16844361402366173
primary_A11_minus_A10,231,0.1807765883372883
primary_A11_minus_A10,232,0.1926482555514456
primary_A11_minus_A10,233,0.19117633071176726
primary_A11_minus_A10,234,0.21539476733462237
primary_A11_minus_A10,235,0.2144745626259099
primary_A11_minus_A10,236,0.22668860684184133
primary_A11_minus_A10,237,0.2096166381327155
primary_A11_minus_A10,238,0.20883944271904661
primary_A11_minus_A10,239,0.2002110232511141
primary_A11_minus_A10,240,0.19317988844164413
primary_A11_minus_A10,241,0.18863250559899677
primary_A11_minus_A10,242,0.1922893049870881
primary_A11_minus_A10,243,0.24636258059491273
primary_A11_minus_A10,244,0.251347284236208
primary_A11_minus_A10,245,0.2525378567736825
primary_A11_minus_A10,246,0.25953643475595906
primary_A11_minus_A10,247,0.26686794772314226
primary_A11_minus_A10,248,0.2722455903190054
primary_A11_minus_A10,249,0.2722515403892872
primary_A11_minus_A10,250,0.2722520786515611
primary_A11_minus_A10,251,0.27225274808023764
primary_A11_minus_A10,252,0.2722534016804973
primary_A11_minus_A10,253,0.2722538891327738
primary_A11_minus_A10,254,0.2722560954336549
primary_A11_minus_A10,255,0.2724878326162267
primary_A11_minus_A10,256,0.27841573332156605
primary_A11_minus_A10,257,0.28601419892235597
primary_A11_minus_A10,258,0.2647114859508628
primary_A11_minus_A10,259,0.28064806033670703
primary_A11_minus_A10,260,0.2481236103522371
primary_A11_minus_A10,261,0.23745374658487564
primary_A11_minus_A10,262,0.22488442378297216
primary_A11_minus_A10,263,0.22174550900901716
primary_A11_minus_A10,264,0.2662028659882427
primary_A11_minus_A10,265,0.2781402482137221
primary_A11_minus_A10,266,0.2791743918104373
primary_A11_minus_A10,267,0.27959385232000983
primary_A11_minus_A10,268,0.2884638093205761
primary_A11_minus_A10,269,0.30906175175376904
primary_A11_minus_A10,270,0.33199655272476747
primary_A11_minus_A10,271,0.3358681271488536
primary_A11_minus_A10,272,0.3404925552684932
primary_A11_minus_A10,273,0.33325512960628195
primary_A11_minus_A10,274,0.3373411881952273
primary_A11_minus_A10,275,0.33666996579471326
primary_A11_minus_A10,276,0.3166535621548548
primary_A11_minus_A10,277,0.31665328152720024
primary_A11_minus_A10,278,0.31665379959917783
primary_A11_minus_A10,279,0.3166543844387464
primary_A11_minus_A10,280,0.3166550577617526
primary_A11_minus_A10,281,0.3166557328853784
primary_A11_minus_A10,282,0.31666520540256354
primary_A11_minus_A10,283,0.3168032579856095
primary_A11_minus_A10,284,0.3226306046656331
primary_A11_minus_A10,285,0.318250993288423
primary_A11_minus_A10,286,0.2938094883087836
primary_A11_minus_A10,287,0.3143848772958239
primary_A11_minus_A10,288,0.31273537232957893
primary_A11_minus_A10,289,0.3085757763359314
primary_A11_minus_A10,290,0.314118435444832
primary_A11_minus_A10,291,0.33853022645250763
primary_A11_minus_A10,292,0.34653442274135565
primary_A11_minus_A10,293,0.36639469101132427
primary_A11_minus_A10,294,0.3669368854379092
primary_A11_minus_A10,295,0.36164886383381717
primary_A11_minus_A10,296,0.3923873019434173
primary_A11_minus_A10,297,0.4273727376250678
primary_A11_minus_A10,298,0.42428188004067924
primary_A11_minus_A10,299,0.44139902721448104
primary_A11_minus_A10,300,0.43787074191432634
primary_A11_minus_A10,301,0.4491384543028227
primary_A11_minus_A10,302,0.44240228907946105
primary_A11_minus_A10,303,0.45003957378702464
primary_A11_minus_A10,304,0.4476644870106702
primary_A11_minus_A10,305,0.44766494594578765
primary_A11_minus_A10,306,0.4476656657549979
primary_A11_minus_A10,307,0.44766653513560706
primary_A11_minus_A10,308,0.44766748262320877
primary_A11_minus_A10,309,0.4476682772735243
primary_A11_minus_A10,310,0.44766881044387763
primary_A11_minus_A10,311,0.4486494654653712
primary_A11_minus_A10,312,0.44760668438982193
primary_A11_minus_A10,313,0.46125779770895436
primary_A11_minus_A10,314,0.47389807089383623
primary_A11_minus_A10,315,0.4718038038740964
primary_A11_minus_A10,316,0.5042984029698803
primary_A11_minus_A10,317,0.562485680729401
primary_A11_minus_A10,318,0.5671293631825386
primary_A11_minus_A10,319,0.6147982388413783
primary_A11_minus_A10,320,0.5947851757099097
primary_A11_minus_A10,321,0.6249723959360511
primary_A11_minus_A10,322,0.6278886900189699
primary_A11_minus_A10,323,0.6272219636880727
primary_A11_minus_A10,324,0.6436489908409151
primary_A11_minus_A10,325,0.6571589028967086
primary_A11_minus_A10,326,0.6559240158452821
primary_A11_minus_A10,327,0.6636911983316568
primary_A11_minus_A10,328,0.6613373101467529
primary_A11_minus_A10,329,0.6637242432587657
primary_A11_minus_A10,330,0.6798504550042359
primary_A11_minus_A10,331,0.6933291012868936
primary_A11_minus_A10,332,0.693329499587111
primary_A11_minus_A10,333,0.6933298528054088
primary_A11_minus_A10,334,0.6933312099936427
primary_A11_minus_A10,335,0.6933325461039845
primary_A11_minus_A10,336,0.693333841573314
primary_A11_minus_A10,337,0.6933354755597582
primary_A11_minus_A10,338,0.6933356661735345
primary_A11_minus_A10,339,0.692836610294653
primary_A11_minus_A10,340,0.692348757221854
primary_A11_minus_A10,341,0.6946005388789942
primary_A11_minus_A10,342,0.6818158891503978
primary_A11_minus_A10,343,0.6902180780635896
primary_A11_minus_A10,344,0.6952245055827279
primary_A11_minus_A10,345,0.709416137631847
primary_A11_minus_A10,346,0.7099165390117387
primary_A11_minus_A10,347,0.7019071110979883
primary_A11_minus_A10,348,0.6808489743000199
primary_A11_minus_A10,349,0.673523195524118
primary_A11_minus_A10,350,0.6490200988748398
primary_A11_minus_A10,351,0.6439186866154296
primary_A11_minus_A10,352,0.7644446380996206
primary_A11_minus_A10,353,0.7675279372587555
primary_A11_minus_A10,354,0.7751673681779285
primary_A11_minus_A10,355,0.7878625466281233
primary_A11_minus_A10,356,0.8069736218205896
primary_A11_minus_A10,357,0.7842047330564961
primary_A11_minus_A10,358,0.7900797593166129
primary_A11_minus_A10,359,0.7881829435307032
primary_A11_minus_A10,360,0.7881877825512624
primary_A11_minus_A10,361,0.7881881756862888
primary_A11_minus_A10,362,0.7881892571561622
primary_A11_minus_A10,363,0.7881901520016212
primary_A11_minus_A10,364,0.788191101688918
primary_A11_minus_A10,365,0.7881920319197926
primary_A11_minus_A10,366,0.7881931032667694
primary_A11_minus_A10,367,0.7880417206223822
primary_A11_minus_A10,368,0.7884231945523431
primary_A11_minus_A10,369,0.7771808477567533
primary_A11_minus_A10,370,0.7737439508713817
primary_A11_minus_A10,371,0.7654405666664129
primary_A11_minus_A10,372,0.7609042744842054
primary_A11_minus_A10,373,0.8146595857429842
primary_A11_minus_A10,374,0.8625009528703199
primary_A11_minus_A10,375,0.8828540021730393
primary_A11_minus_A10,376,0.9192482810306957
primary_A11_minus_A10,377,0.9177815042816229
primary_A11_minus_A10,378,0.9168709610596838
primary_A11_minus_A10,379,0.930770188519247
primary_A11_minus_A10,380,0.9417576307109212
primary_A11_minus_A10,381,0.9301479193695992
primary_A11_minus_A10,382,0.9230384177388313
primary_A11_minus_A10,383,0.9002752905067779
primary_A11_minus_A10,384,0.8840672004123201
primary_A11_minus_A10,385,0.8745038508797014
primary_A11_minus_A10,386,0.871794456530418
primary_A11_minus_A10,387,0.8831388653325883
primary_A11_minus_A10,388,0.8793583248626528
primary_A11_minus_A10,389,0.881238594655136
primary_A11_minus_A10,390,0.8812957021003576
primary_A11_minus_A10,391,0.8812978214796956
primary_A11_minus_A10,392,0.8812994585989595
primary_A11_minus_A10,393,0.8813011052935726
primary_A11_minus_A10,394,0.8813017625403341
primary_A11_minus_A10,395,0.8809541008120628
primary_A11_minus_A10,396,0.880990557919025
primary_A11_minus_A10,397,0.8857786930440583
primary_A11_minus_A10,398,0.8805162646730174
primary_A11_minus_A10,399,0.8734747511332096
primary_A11_minus_A10,400,0.8717589041216951
primary_A11_minus_A10,401,0.8792437844779504
primary_A11_minus_A10,402,0.8606634875408865
primary_A11_minus_A10,403,0.8663113569562666
primary_A11_minus_A10,404,0.8326588014533142
primary_A11_minus_A10,405,0.8467246303589437
primary_A11_minus_A10,406,0.8508282150715781
primary_A11_minus_A10,407,0.8628565483277322
primary_A11_minus_A10,408,0.9002679191520829
primary_A11_minus_A10,409,0.9306054191267524
primary_A11_minus_A10,410,0.9394458116942438
primary_A11_minus_A10,411,0.9481045199592129
primary_A11_minus_A10,412,0.9474314054843099
primary_A11_minus_A10,413,0.9430686307816054
primary_A11_minus_A10,414,0.9592210037236731
primary_A11_minus_A10,415,0.9592740069517148
primary_A11_minus_A10,416,1.029115540223134
primary_A11_minus_A10,417,1.0328085488398524
primary_A11_minus_A10,418,1.0328259508153157
primary_A11_minus_A10,419,1.0328273317444168
primary_A11_minus_A10,420,1.0328287141092931
primary_A11_minus_A10,421,1.032830294206443
primary_A11_minus_A10,422,1.0328543746491963
primary_A11_minus_A10,423,1.0327477022991949
primary_A11_minus_A10,424,1.0391826003038311
primary_A11_minus_A10,425,1.0518873551965844
primary_A11_minus_A10,426,1.0824657180714965
primary_A11_minus_A10,427,1.1766381306412779
primary_A11_minus_A10,428,1.1952700350618763
primary_A11_minus_A10,429,1.20446697911021
primary_A11_minus_A10,430,1.250684965686752
primary_A11_minus_A10,431,1.242933584719462
primary_A11_minus_A10,432,1.268915074416811
primary_A11_minus_A10,433,1.2779785208267949
primary_A11_minus_A10,434,1.2718193603724097
primary_A11_minus_A10,435,1.318951150563304
primary_A11_minus_A10,436,1.349746719538936
primary_A11_minus_A10,437,1.339682666243715
primary_A11_minus_A10,438,1.3224247310237387
primary_A11_minus_A10,439,1.3094259428538666
primary_A11_minus_A10,440,1.3466397057087207
primary_A11_minus_A10,441,1.3538544082500508
primary_A11_minus_A10,442,1.3408554618391133
primary_A11_minus_A10,443,1.339807048837676
primary_A11_minus_A10,444,1.3496218330467187
primary_A11_minus_A10,445,1.3542735068873584
primary_A11_minus_A10,446,1.3558832300790356
primary_A11_minus_A10,447,1.3558838314727
primary_A11_minus_A10,448,1.3558848900988367
primary_A11_minus_A10,449,1.3558861146708518
primary_A11_minus_A10,450,1.3558955458468862
primary_A11_minus_A10,451,1.3558725368671092
primary_A11_minus_A10,452,1.347132046364152
primary_A11_minus_A10,453,1.3429709350354957
primary_A11_minus_A10,454,1.344281838964613
primary_A11_minus_A10,455,1.3334144872163889
primary_A11_minus_A10,456,1.3386383038737673
primary_A11_minus_A10,457,1.390899063453558
primary_A11_minus_A10,458,1.3734853252388983
primary_A11_minus_A10,459,1.3911935102738253
primary_A11_minus_A10,460,1.3891769136925962
primary_A11_minus_A10,461,1.3997927096699594
primary_A11_minus_A10,462,1.4012962029740867
primary_A11_minus_A10,463,1.4003934950595895
primary_A11_minus_A10,464,1.4146161746037436
primary_A11_minus_A10,465,1.3793422420849615
primary_A11_minus_A10,466,1.3703274109521502
primary_A11_minus_A10,467,1.3407800977384463
primary_A11_minus_A10,468,1.3352769307551537
primary_A11_minus_A10,469,1.3433334093939577
primary_A11_minus_A10,470,1.3427707866639877
primary_A11_minus_A10,471,1.3523662523412006
primary_A11_minus_A10,472,1.3618792704346463
primary_A11_minus_A10,473,1.3562592075393898
primary_A11_minus_A10,474,1.357031322714232
primary_A11_minus_A10,475,1.3570322321050972
primary_A11_minus_A10,476,1.3570332656289592
primary_A11_minus_A10,477,1.3570346383927558
primary_A11_minus_A10,478,1.3570369940178735
primary_A11_minus_A10,479,1.3570333916051132
primary_A11_minus_A10,480,1.35864216590906
primary_A11_minus_A10,481,1.3659508213604001
primary_A11_minus_A10,482,1.3613978390108061
primary_A11_minus_A10,483,1.3640080284954959
primary_A11_minus_A10,484,1.365871908559809
primary_A11_minus_A10,485,1.4190072700877476
primary_A11_minus_A10,486,1.4859030407235037
primary_A11_minus_A10,487,1.4640292004462976
primary_A11_minus_A10,488,1.5131275293751763
primary_A11_minus_A10,489,1.5654113411401638
primary_A11_minus_A10,490,1.574647310630306
primary_A11_minus_A10,491,1.6038753830408585
primary_A11_minus_A10,492,1.6384736444133758
primary_A11_minus_A10,493,1.6429421152868062
primary_A11_minus_A10,494,1.7108739130307127
primary_A11_minus_A10,495,1.704721718089395
primary_A11_minus_A10,496,1.7206946220881272
primary_A11_minus_A10,497,1.6977174974765226
primary_A11_minus_A10,498,1.7086996124473703
primary_A11_minus_A10,499,1.7517684648800318
primary_A11_minus_A10,500,1.7697501676563185
primary_A11_minus_A10,501,1.7686791644031314
primary_A11_minus_A10,502,1.7036762203241809
primary_A11_minus_A10,503,1.703679300290242
primary_A11_minus_A10,504,1.7036798114245406
primary_A11_minus_A10,505,1.7036802293410644
primary_A11_minus_A10,506,1.7036807043259696
primary_A11_minus_A10,507,1.7037469458469912
primary_A11_minus_A10,508,1.6999417941576138
primary_A11_minus_A10,509,1.7030436524621202
primary_A11_minus_A10,510,1.7129495235870131
primary_A11_minus_A10,511,1.726358525143821
primary_A11_minus_A10,512,1.7280894126462385
primary_A11_minus_A10,513,1.6938622209402285
primary_A11_minus_A10,514,1.790116676590428
primary_A11_minus_A10,515,1.8966131627255978
primary_A11_minus_A10,516,2.0198520417726193
primary_A11_minus_A10,517,2.0658617925104976
primary_A11_minus_A10,518,2.060198493265709
primary_A11_minus_A10,519,2.2136510873834463
primary_A11_minus_A10,520,2.2658183295465766
primary_A11_minus_A10,521,2.286777607619424
primary_A11_minus_A10,522,2.308307407427481
primary_A11_minus_A10,523,2.456022148877975
primary_A11_minus_A10,524,2.4884148631164313
primary_A11_minus_A10,525,2.45527338570433
primary_A11_minus_A10,526,2.4638718959802057
primary_A11_minus_A10,527,2.4637915235952508
primary_A11_minus_A10,528,2.4636489753741575
primary_A11_minus_A10,529,2.4638409478611805
primary_A11_minus_A10,530,2.4629903563310522
primary_A11_minus_A10,531,2.4629926212773885
primary_A11_minus_A10,532,2.462993705863791
primary_A11_minus_A10,533,2.462994430499208
primary_A11_minus_A10,534,2.4629926547399545
primary_A11_minus_A10,535,2.4630052400468183
primary_A11_minus_A10,536,2.453004952775453
primary_A11_minus_A10,537,2.4660624478211495
primary_A11_minus_A10,538,2.4714072076947855
primary_A11_minus_A10,539,2.4957830815404707
primary_A11_minus_A10,540,2.4961626952371567
primary_A11_minus_A10,541,2.5035068105004923
primary_A11_minus_A10,542,2.6116394958604987
primary_A11_minus_A10,543,2.6231177410085973
primary_A11_minus_A10,544,2.6256600822388907
primary_A11_minus_A10,545,2.669972881122325
primary_A11_minus_A10,546,2.6742350532837746
primary_A11_minus_A10,547,2.715312861238464
primary_A11_minus_A10,548,2.782177919182833
primary_A11_minus_A10,549,2.748344045825458
primary_A11_minus_A10,550,2.8150151045863785
primary_A11_minus_A10,551,2.804655012407872
primary_A11_minus_A10,552,2.8123426625585775
primary_A11_minus_A10,553,2.8227959424877938
primary_A11_minus_A10,554,2.8320160202396836
primary_A11_minus_A10,555,2.8338525673072974
primary_A11_minus_A10,556,2.8339003034069674
primary_A11_minus_A10,557,2.8332675777686673
primary_A11_minus_A10,558,2.8331194060691756
primary_A11_minus_A10,559,2.833119666922132
primary_A11_minus_A10,560,2.8331202641349402
primary_A11_minus_A10,561,2.8331210269150433
primary_A11_minus_A10,562,2.8331216983705905
primary_A11_minus_A10,563,2.8331254207433427
primary_A11_minus_A10,564,2.8190652702889802
primary_A11_minus_A10,565,2.821398013199881
primary_A11_minus_A10,566,2.8459643765432583
primary_A11_minus_A10,567,2.9112371999655955
primary_A11_minus_A10,568,2.9151696315053233
primary_A11_minus_A10,569,2.9333041841781133
primary_A11_minus_A10,570,3.013891175996313
primary_A11_minus_A10,571,2.9786068708779565
primary_A11_minus_A10,572,3.0403367152371126
primary_A11_minus_A10,573,3.1131553478658147
primary_A11_minus_A10,574,3.096360199442555
primary_A11_minus_A10,575,3.1482725318728906
primary_A11_minus_A10,576,3.1927405457984683
primary_A11_minus_A10,577,3.224298614058271
primary_A11_minus_A10,578,3.212924845539734
primary_A11_minus_A10,579,3.20588944116069
primary_A11_minus_A10,580,3.2358517195390157
primary_A11_minus_A10,581,3.232836918438866
primary_A11_minus_A10,582,3.2316894508922216
primary_A11_minus_A10,583,3.2316868986521587
primary_A11_minus_A10,584,3.2316776575569026
primary_A11_minus_A10,585,3.2316771712947543
primary_A11_minus_A10,586,3.2316775850276813
primary_A11_minus_A10,587,3.231678486869079
primary_A11_minus_A10,588,3.231679484772099
primary_A11_minus_A10,589,3.2316804996173176
primary_A11_minus_A10,590,3.231682576859638
primary_A11_minus_A10,591,3.2316798128129456
primary_A11_minus_A10,592,3.3060409138350115
primary_A11_minus_A10,593,3.304820456466645
primary_A11_minus_A10,594,3.307526097278092
primary_A11_minus_A10,595,3.3037231715487283
primary_A11_minus_A10,596,3.3171256984323234
primary_A11_minus_A10,597,3.3401182631401634
primary_A11_minus_A10,598,3.3845156550748765
primary_A11_minus_A10,599,3.408891208998637
primary_A11_minus_A10,600,3.3774735175039154
primary_A11_minus_A10,601,3.3664802874497064
primary_A11_minus_A10,602,3.309755827721454
primary_A11_minus_A10,603,3.3023793956203815
primary_A11_minus_A10,604,3.3078992017517734
primary_A11_minus_A10,605,3.315909414560226
primary_A11_minus_A10,606,3.391019050247718
primary_A11_minus_A10,607,3.3761713876713833
primary_A11_minus_A10,608,3.3573722279393325
primary_A11_minus_A10,609,3.348703130098658
primary_A11_minus_A10,610,3.348786531801521
primary_A11_minus_A10,611,3.348782118945866
primary_A11_minus_A10,612,3.348775488669668
primary_A11_minus_A10,613,3.3487751131247965
primary_A11_minus_A10,614,3.3487756719493813
primary_A11_minus_A10,615,3.3487761234540825
primary_A11_minus_A10,616,3.348776726254111
primary_A11_minus_A10,617,3.3487773352138688
primary_A11_minus_A10,618,3.348776965898065
primary_A11_minus_A10,619,3.348779070512583
primary_A11_minus_A10,620,3.2944994093900024
primary_A11_minus_A10,621,3.283087258576985
primary_A11_minus_A10,622,3.2917084294759835
primary_A11_minus_A10,623,3.307012679435168
primary_A11_minus_A10,624,3.3158696726976773
primary_A11_minus_A10,625,3.310193471571466
primary_A11_minus_A10,626,3.28888797075958
primary_A11_minus_A10,627,3.3803144229383966
primary_A11_minus_A10,628,3.44524254115034
primary_A11_minus_A10,629,3.5370220444717826
primary_A11_minus_A10,630,3.5234785122267644
primary_A11_minus_A10,631,3.5186682563903116
primary_A11_minus_A10,632,3.5207649128291636
primary_A11_minus_A10,633,3.549158983733807
primary_A11_minus_A10,634,3.5361906554866995
primary_A11_minus_A10,635,3.5299299471336156
primary_A11_minus_A10,636,3.536647196690324
primary_A11_minus_A10,637,3.537662550696693
primary_A11_minus_A10,638,3.5376770399333246
primary_A11_minus_A10,639,3.5376789955290295
primary_A11_minus_A10,640,3.5376758717277963
primary_A11_minus_A10,641,3.5376757759416737
primary_A11_minus_A10,642,3.537677096306607
primary_A11_minus_A10,643,3.5376776077887837
primary_A11_minus_A10,644,3.5376786555484094
primary_A11_minus_A10,645,3.537678951702384
primary_A11_minus_A10,646,3.5376793736238166
primary_A11_minus_A10,647,3.5376885074065862
primary_A11_minus_A10,648,3.5377011817839445
primary_A11_minus_A10,649,3.5480923463867384
primary_A11_minus_A10,650,3.5517446621230593
primary_A11_minus_A10,651,3.5625817737057224
primary_A11_minus_A10,652,3.574108265852198
primary_A11_minus_A10,653,3.5954927347474857
primary_A11_minus_A10,654,3.6187161489364925
primary_A11_minus_A10,655,3.6429793276490376
primary_A11_minus_A10,656,3.721182916194059
primary_A11_minus_A10,657,3.7122411476646535
primary_A11_minus_A10,658,3.707365944335111
primary_A11_minus_A10,659,3.7407746662012613
primary_A11_minus_A10,660,3.78369244757713
primary_A11_minus_A10,661,3.8489254545271425
primary_A11_minus_A10,662,3.85796248475132
primary_A11_minus_A10,663,3.864446591998366
primary_A11_minus_A10,664,3.8749981812881367
primary_A11_minus_A10,665,3.864723125177837
primary_A11_minus_A10,666,3.8647213262534663
primary_A11_minus_A10,667,3.8647241875111678
primary_A11_minus_A10,668,3.864723774451799
primary_A11_minus_A10,669,3.8647244029239003
primary_A11_minus_A10,670,3.8647249777081036
primary_A11_minus_A10,671,3.864725349159415
primary_A11_minus_A10,672,3.8647257407054156
primary_A11_minus_A10,673,3.864726156276558
primary_A11_minus_A10,674,3.8647265739693477
primary_A11_minus_A10,675,3.864726963420262
primary_A11_minus_A10,676,3.864726806115056
primary_A11_minus_A10,677,3.865024562110835
primary_A11_minus_A10,678,3.8691350433791234
primary_A11_minus_A10,679,3.870269561345015
primary_A11_minus_A10,680,3.885462873036675
primary_A11_minus_A10,681,3.8613257185055536
primary_A11_minus_A10,682,3.920020753801591
primary_A11_minus_A10,683,3.907133013793012
primary_A11_minus_A10,684,3.930444404134967
primary_A11_minus_A10,685,4.014122933586094
primary_A11_minus_A10,686,3.990106316194217
primary_A11_minus_A10,687,3.9788109082002334
primary_A11_minus_A10,688,4.000394654251553
primary_A11_minus_A10,689,4.05740699546677
primary_A11_minus_A10,690,4.058966588305114
primary_A11_minus_A10,691,4.064161281215933
primary_A11_minus_A10,692,4.069173934220689
primary_A11_minus_A10,693,4.06918984231986
primary_A11_minus_A10,694,4.069179593293328
primary_A11_minus_A10,695,4.069190373309842
primary_A11_minus_A10,696,4.069192332031155
primary_A11_minus_A10,697,4.069193535118097
primary_A11_minus_A10,698,4.069194587146855
primary_A11_minus_A10,699,4.069195637974546
primary_A11_minus_A10,700,4.06919678470964
primary_A11_minus_A10,701,4.069197736758986
primary_A11_minus_A10,702,4.069198508510892
primary_A11_minus_A10,703,4.069198123223059
primary_A11_minus_A10,704,4.0691980684992535
primary_A11_minus_A10,705,4.07057325318618
primary_A11_minus_A10,706,4.071160750668938
primary_A11_minus_A10,707,4.067795442849762
primary_A11_minus_A10,708,4.0609136598483015
primary_A11_minus_A10,709,4.095409315151457
primary_A11_minus_A10,710,4.098915449921878
primary_A11_minus_A10,711,4.104029121861797
primary_A11_minus_A10,712,4.171122611208892
primary_A11_minus_A10,713,4.196915498705142
primary_A11_minus_A10,714,4.227103288180103
primary_A11_minus_A10,715,4.21948280769439
primary_A11_minus_A10,716,4.243055881911267
primary_A11_minus_A10,717,4.241373790500583
primary_A11_minus_A10,718,4.2465016389775165
primary_A11_minus_A10,719,4.248720606348417
primary_A11_minus_A10,720,4.248720302791917
primary_A11_minus_A10,721,4.248716127016884
primary_A11_minus_A10,722,4.24871744298822
primary_A11_minus_A10,723,4.248713294735359
primary_A11_minus_A10,724,4.248711628990424
primary_A11_minus_A10,725,4.2487080267266695
primary_A11_minus_A10,726,4.2487117525864555
primary_A11_minus_A10,727,4.24871521661381
primary_A11_minus_A10,728,4.248717784757406
primary_A11_minus_A10,729,4.248719309466703
primary_A11_minus_A10,730,4.248720324555327
primary_A11_minus_A10,731,4.248718336145063
primary_A11_minus_A10,732,4.248706646269995
primary_A11_minus_A10,733,4.248654789213646
primary_A11_minus_A10,734,4.258824503356935
primary_A11_minus_A10,735,4.276371398239671
primary_A11_minus_A10,736,4.287589204433309
primary_A11_minus_A10,737,4.298787441699983
primary_A11_minus_A10,738,4.3006221186043145
primary_A11_minus_A10,739,4.3009738509426825
primary_A11_minus_A10,740,4.297648137010881
primary_A11_minus_A10,741,4.296909163773367
primary_A11_minus_A10,742,4.314055173133157
primary_A11_minus_A10,743,4.3131938018386204
primary_A11_minus_A10,744,4.340536882970261
primary_A11_minus_A10,745,4.346757160472759
primary_A11_minus_A10,746,4.346766900675092
primary_A11_minus_A10,747,4.346769399319486
primary_A11_minus_A10,748,4.346773340879758
primary_A11_minus_A10,749,4.346774163586179
primary_A11_minus_A10,750,4.346774737295011
primary_A11_minus_A10,751,4.34677610796325
primary_A11_minus_A10,752,4.346776954182899
primary_A11_minus_A10,753,4.34677817489833
primary_A11_minus_A10,754,4.346778921695426
primary_A11_minus_A10,755,4.346779229014247
primary_A11_minus_A10,756,4.346779647291318
primary_A11_minus_A10,757,4.346780097766707
primary_A11_minus_A10,758,4.3467806444638875
primary_A11_minus_A10,759,4.346781141112695
primary_A11_minus_A10,760,4.346781630110278
primary_A11_minus_A10,761,4.346782023749533
primary_A11_minus_A10,762,4.3467822690914355
primary_A11_minus_A10,763,4.346782495212528
primary_A11_minus_A10,764,4.3467827667997
primary_A11_minus_A10,765,4.346783116123064
primary_A11_minus_A10,766,4.346783478112104
primary_A11_minus_A10,767,4.3467837723608325
primary_A11_minus_A10,768,4.346784104077659
primary_A11_minus_A10,769,4.346784539437704
primary_A11_minus_A10,770,4.346785925023019
primary_A11_minus_A10,771,4.346787074116329
primary_A11_minus_A10,772,4.346787849560183
primary_A11_minus_A10,773,4.346788407445881
primary_A11_minus_A10,774,4.346788804118341
primary_A11_minus_A10,775,4.346789249199071
primary_A11_minus_A10,776,4.346789743282612
primary_A11_minus_A10,777,4.346790240749107
primary_A11_minus_A10,778,4.346790697602566
primary_A11_minus_A10,779,4.346791309484489
primary_A11_minus_A10,780,4.346791933814942
primary_A11_minus_A10,781,4.346792973642824
primary_A11_minus_A10,782,4.346794233499248
primary_A11_minus_A10,783,4.346795130975497
