arm,completed_call_index,mean_image_ratio_of_selected_coordinate_sums_D_over_feed
A00,1,0.0
A00,2,0.0
A00,3,0.0
A00,4,0.0
A00,5,0.0
A00,6,0.0
A00,7,0.0
A00,8,0.0
A00,9,0.0
A00,10,0.0
A00,11,0.0
A00,12,0.0
A00,13,0.0
A00,14,0.0
A00,15,0.0
A00,16,0.0
A00,17,0.0
A00,18,0.0
A00,19,0.0
A00,20,0.0
A00,21,0.0
A00,22,0.0
A00,23,0.0
A00,24,0.0
A00,25,0.0
A00,26,0.0
A00,27,0.0
A00,28,0.0
A00,29,0.0
A00,30,0.0
A00,31,0.0
A00,32,0.0
A00,33,0.0
A00,34,0.0
A00,35,0.0
A00,36,0.0
A00,37,0.0
A00,38,0.0
A00,39,0.0
A00,40,0.0
A00,41,0.0
A00,42,0.0
A00,43,0.0
A00,44,0.0
A00,45,0.0
A00,46,0.0
A00,47,0.0
A00,48,0.0
A00,49,0.0
A00,50,0.0
A00,51,0.0
A00,52,0.0
A00,53,0.0
A00,54,0.0
A00,55,0.0
A00,56,0.0
A00,57,0.0
A00,58,0.0
A00,59,0.0
A00,60,0.0
A00,61,0.0
A00,62,0.0
A00,63,0.0
A00,64,0.0
A00,65,0.0
A00,66,0.0
A00,67,0.0
A00,68,0.0
A00,69,0.0
A00,70,0.0
A00,71,0.0
A00,72,0.0
A00,73,0.0
A00,74,0.0
A00,75,0.0
A00,76,0.0
A00,77,0.0
A00,78,0.0
A00,79,0.0
A00,80,0.0
A00,81,0.0
A00,82,0.0
A00,83,0.0
A00,84,0.0
A00,85,0.0
A00,86,0.0
A00,87,0.0
A00,88,0.0
A00,89,0.0
A00,90,0.0
A00,91,0.0
A00,92,0.0
A00,93,0.0
A00,94,0.0
A00,95,0.0
A00,96,0.0
A00,97,0.0
A00,98,0.0
A00,99,0.0
A00,100,0.0
A00,101,0.0
A00,102,0.0
A00,103,0.0
A00,104,0.0
A00,105,0.0
A00,106,0.0
A00,107,0.0
A00,108,0.0
A00,109,0.0
A00,110,0.0
A00,111,0.0
A00,112,0.0
A00,113,0.0
A00,114,0.0
A00,115,0.0
A00,116,0.0
A00,117,0.0
A00,118,0.0
A00,119,0.0
A00,120,0.0
A00,121,0.0
A00,122,0.0
A00,123,0.0
A00,124,0.0
A00,125,0.0
A00,126,0.0
A00,127,0.0
A00,128,0.0
A00,129,0.0
A00,130,0.0
A00,131,0.0
A00,132,0.0
A00,133,0.0
A00,134,0.0
A00,135,0.0
A00,136,0.0
A00,137,0.0
A00,138,0.0
A00,139,0.0
A00,140,0.0
A00,141,0.0
A00,142,0.0
A00,143,0.0
A00,144,0.0
A00,145,0.0
A00,146,0.0
A00,147,0.0
A00,148,0.0
A00,149,0.0
A00,150,0.0
A00,151,0.0
A00,152,0.0
A00,153,0.0
A00,154,0.0
A00,155,0.0
A00,156,0.0
A00,157,0.0
A00,158,0.0
A00,159,0.0
A00,160,0.0
A00,161,0.0
A00,162,0.0
A00,163,0.0
A00,164,0.0
A00,165,0.0
A00,166,0.0
A00,167,0.0
A00,168,0.0
A00,169,0.0
A00,170,0.0
A00,171,0.0
A00,172,0.0
A00,173,0.0
A00,174,0.0
A00,175,0.0
A00,176,0.0
A00,177,0.0
A00,178,0.0
A00,179,0.0
A00,180,0.0
A00,181,0.0
A00,182,0.0
A00,183,0.0
A00,184,0.0
A00,185,0.0
A00,186,0.0
A00,187,0.0
A00,188,0.0
A00,189,0.0
A00,190,0.0
A00,191,0.0
A00,192,0.0
A00,193,0.0
A00,194,0.0
A00,195,0.0
A00,196,0.0
A00,197,0.0
A00,198,0.0
A00,199,0.0
A00,200,0.0
A00,201,0.0
A00,202,0.0
A00,203,0.0
A00,204,0.0
A00,205,0.0
A00,206,0.0
A00,207,0.0
A00,208,0.0
A00,209,0.0
A00,210,0.0
A00,211,0.0
A00,212,0.0
A00,213,0.0
A00,214,0.0
A00,215,0.0
A00,216,0.0
A00,217,0.0
A00,218,0.0
A00,219,0.0
A00,220,0.0
A00,221,0.0
A00,222,0.0
A00,223,0.0
A00,224,0.0
A00,225,0.0
A00,226,0.0
A00,227,0.0
A00,228,0.0
A00,229,0.0
A00,230,0.0
A00,231,0.0
A00,232,0.0
A00,233,0.0
A00,234,0.0
A00,235,0.0
A00,236,0.0
A00,237,0.0
A00,238,0.0
A00,239,0.0
A00,240,0.0
A00,241,0.0
A00,242,0.0
A00,243,0.0
A00,244,0.0
A00,245,0.0
A00,246,0.0
A00,247,0.0
A00,248,0.0
A00,249,0.0
A00,250,0.0
A00,251,0.0
A00,252,0.0
A00,253,0.0
A00,254,0.0
A00,255,0.0
A00,256,0.0
A00,257,0.0
A00,258,0.0
A00,259,0.0
A00,260,0.0
A00,261,0.0
A00,262,0.0
A00,263,0.0
A00,264,0.0
A00,265,0.0
A00,266,0.0
A00,267,0.0
A00,268,0.0
A00,269,0.0
A00,270,0.0
A00,271,0.0
A00,272,0.0
A00,273,0.0
A00,274,0.0
A00,275,0.0
A00,276,0.0
A00,277,0.0
A00,278,0.0
A00,279,0.0
A00,280,0.0
A00,281,0.0
A00,282,0.0
A00,283,0.0
A00,284,0.0
A00,285,0.0
A00,286,0.0
A00,287,0.0
A00,288,0.0
A00,289,0.0
A00,290,0.0
A00,291,0.0
A00,292,0.0
A00,293,0.0
A00,294,0.0
A00,295,0.0
A00,296,0.0
A00,297,0.0
A00,298,0.0
A00,299,0.0
A00,300,0.0
A00,301,0.0
A00,302,0.0
A00,303,0.0
A00,304,0.0
A00,305,0.0
A00,306,0.0
A00,307,0.0
A00,308,0.0
A00,309,0.0
A00,310,0.0
A00,311,0.0
A00,312,0.0
A00,313,0.0
A00,314,0.0
A00,315,0.0
A00,316,0.0
A00,317,0.0
A00,318,0.0
A00,319,0.0
A00,320,0.0
A00,321,0.0
A00,322,0.0
A00,323,0.0
A00,324,0.0
A00,325,0.0
A00,326,0.0
A00,327,0.0
A00,328,0.0
A00,329,0.0
A00,330,0.0
A00,331,0.0
A00,332,0.0
A00,333,0.0
A00,334,0.0
A00,335,0.0
A00,336,0.0
A00,337,0.0
A00,338,0.0
A00,339,0.0
A00,340,0.0
A00,341,0.0
A00,342,0.0
A00,343,0.0
A00,344,0.0
A00,345,0.0
A00,346,0.0
A00,347,0.0
A00,348,0.0
A00,349,0.0
A00,350,0.0
A00,351,0.0
A00,352,0.0
A00,353,0.0
A00,354,0.0
A00,355,0.0
A00,356,0.0
A00,357,0.0
A00,358,0.0
A00,359,0.0
A00,360,0.0
A00,361,0.0
A00,362,0.0
A00,363,0.0
A00,364,0.0
A00,365,0.0
A00,366,0.0
A00,367,0.0
A00,368,0.0
A00,369,0.0
A00,370,0.0
A00,371,0.0
A00,372,0.0
A00,373,0.0
A00,374,0.0
A00,375,0.0
A00,376,0.0
A00,377,0.0
A00,378,0.0
A00,379,0.0
A00,380,0.0
A00,381,0.0
A00,382,0.0
A00,383,0.0
A00,384,0.0
A00,385,0.0
A00,386,0.0
A00,387,0.0
A00,388,0.0
A00,389,0.0
A00,390,0.0
A00,391,0.0
A00,392,0.0
A00,393,0.0
A00,394,0.0
A00,395,0.0
A00,396,0.0
A00,397,0.0
A00,398,0.0
A00,399,0.0
A00,400,0.0
A00,401,0.0
A00,402,0.0
A00,403,0.0
A00,404,0.0
A00,405,0.0
A00,406,0.0
A00,407,0.0
A00,408,0.0
A00,409,0.0
A00,410,0.0
A00,411,0.0
A00,412,0.0
A00,413,0.0
A00,414,0.0
A00,415,0.0
A00,416,0.0
A00,417,0.0
A00,418,0.0
A00,419,0.0
A00,420,0.0
A00,421,0.0
A00,422,0.0
A00,423,0.0
A00,424,0.0
A00,425,0.0
A00,426,0.0
A00,427,0.0
A00,428,0.0
A00,429,0.0
A00,430,0.0
A00,431,0.0
A00,432,0.0
A00,433,0.0
A00,434,0.0
A00,435,0.0
A00,436,0.0
A00,437,0.0
A00,438,0.0
A00,439,0.0
A00,440,0.0
A00,441,0.0
A00,442,0.0
A00,443,0.0
A00,444,0.0
A00,445,0.0
A00,446,0.0
A00,447,0.0
A00,448,0.0
A00,449,0.0
A00,450,0.0
A00,451,0.0
A00,452,0.0
A00,453,0.0
A00,454,0.0
A00,455,0.0
A00,456,0.0
A00,457,0.0
A00,458,0.0
A00,459,0.0
A00,460,0.0
A00,461,0.0
A00,462,0.0
A00,463,0.0
A00,464,0.0
A00,465,0.0
A00,466,0.0
A00,467,0.0
A00,468,0.0
A00,469,0.0
A00,470,0.0
A00,471,0.0
A00,472,0.0
A00,473,0.0
A00,474,0.0
A00,475,0.0
A00,476,0.0
A00,477,0.0
A00,478,0.0
A00,479,0.0
A00,480,0.0
A00,481,0.0
A00,482,0.0
A00,483,0.0
A00,484,0.0
A00,485,0.0
A00,486,0.0
A00,487,0.0
A00,488,0.0
A00,489,0.0
A00,490,0.0
A00,491,0.0
A00,492,0.0
A00,493,0.0
A00,494,0.0
A00,495,0.0
A00,496,0.0
A00,497,0.0
A00,498,0.0
A00,499,0.0
A00,500,0.0
A00,501,0.0
A00,502,0.0
A00,503,0.0
A00,504,0.0
A00,505,0.0
A00,506,0.0
A00,507,0.0
A00,508,0.0
A00,509,0.0
A00,510,0.0
A00,511,0.0
A00,512,0.0
A00,513,0.0
A00,514,0.0
A00,515,0.0
A00,516,0.0
A00,517,0.0
A00,518,0.0
A00,519,0.0
A00,520,0.0
A00,521,0.0
A00,522,0.0
A00,523,0.0
A00,524,0.0
A00,525,0.0
A00,526,0.0
A00,527,0.0
A00,528,0.0
A00,529,0.0
A00,530,0.0
A00,531,0.0
A00,532,0.0
A00,533,0.0
A00,534,0.0
A00,535,0.0
A00,536,0.0
A00,537,0.0
A00,538,0.0
A00,539,0.0
A00,540,0.0
A00,541,0.0
A00,542,0.0
A00,543,0.0
A00,544,0.0
A00,545,0.0
A00,546,0.0
A00,547,0.0
A00,548,0.0
A00,549,0.0
A00,550,0.0
A00,551,0.0
A00,552,0.0
A00,553,0.0
A00,554,0.0
A00,555,0.0
A00,556,0.0
A00,557,0.0
A00,558,0.0
A00,559,0.0
A00,560,0.0
A00,561,0.0
A00,562,0.0
A00,563,0.0
A00,564,0.0
A00,565,0.0
A00,566,0.0
A00,567,0.0
A00,568,0.0
A00,569,0.0
A00,570,0.0
A00,571,0.0
A00,572,0.0
A00,573,0.0
A00,574,0.0
A00,575,0.0
A00,576,0.0
A00,577,0.0
A00,578,0.0
A00,579,0.0
A00,580,0.0
A00,581,0.0
A00,582,0.0
A00,583,0.0
A00,584,0.0
A00,585,0.0
A00,586,0.0
A00,587,0.0
A00,588,0.0
A00,589,0.0
A00,590,0.0
A00,591,0.0
A00,592,0.0
A00,593,0.0
A00,594,0.0
A00,595,0.0
A00,596,0.0
A00,597,0.0
A00,598,0.0
A00,599,0.0
A00,600,0.0
A00,601,0.0
A00,602,0.0
A00,603,0.0
A00,604,0.0
A00,605,0.0
A00,606,0.0
A00,607,0.0
A00,608,0.0
A00,609,0.0
A00,610,0.0
A00,611,0.0
A00,612,0.0
A00,613,0.0
A00,614,0.0
A00,615,0.0
A00,616,0.0
A00,617,0.0
A00,618,0.0
A00,619,0.0
A00,620,0.0
A00,621,0.0
A00,622,0.0
A00,623,0.0
A00,624,0.0
A00,625,0.0
A00,626,0.0
A00,627,0.0
A00,628,0.0
A00,629,0.0
A00,630,0.0
A00,631,0.0
A00,632,0.0
A00,633,0.0
A00,634,0.0
A00,635,0.0
A00,636,0.0
A00,637,0.0
A00,638,0.0
A00,639,0.0
A00,640,0.0
A00,641,0.0
A00,642,0.0
A00,643,0.0
A00,644,0.0
A00,645,0.0
A00,646,0.0
A00,647,0.0
A00,648,0.0
A00,649,0.0
A00,650,0.0
A00,651,0.0
A00,652,0.0
A00,653,0.0
A00,654,0.0
A00,655,0.0
A00,656,0.0
A00,657,0.0
A00,658,0.0
A00,659,0.0
A00,660,0.0
A00,661,0.0
A00,662,0.0
A00,663,0.0
A00,664,0.0
A00,665,0.0
A00,666,0.0
A00,667,0.0
A00,668,0.0
A00,669,0.0
A00,670,0.0
A00,671,0.0
A00,672,0.0
A00,673,0.0
A00,674,0.0
A00,675,0.0
A00,676,0.0
A00,677,0.0
A00,678,0.0
A00,679,0.0
A00,680,0.0
A00,681,0.0
A00,682,0.0
A00,683,0.0
A00,684,0.0
A00,685,0.0
A00,686,0.0
A00,687,0.0
A00,688,0.0
A00,689,0.0
A00,690,0.0
A00,691,0.0
A00,692,0.0
A00,693,0.0
A00,694,0.0
A00,695,0.0
A00,696,0.0
A00,697,0.0
A00,698,0.0
A00,699,0.0
A00,700,0.0
A00,701,0.0
A00,702,0.0
A00,703,0.0
A00,704,0.0
A00,705,0.0
A00,706,0.0
A00,707,0.0
A00,708,0.0
A00,709,0.0
A00,710,0.0
A00,711,0.0
A00,712,0.0
A00,713,0.0
A00,714,0.0
A00,715,0.0
A00,716,0.0
A00,717,0.0
A00,718,0.0
A00,719,0.0
A00,720,0.0
A00,721,0.0
A00,722,0.0
A00,723,0.0
A00,724,0.0
A00,725,0.0
A00,726,0.0
A00,727,0.0
A00,728,0.0
A00,729,0.0
A00,730,0.0
A00,731,0.0
A00,732,0.0
A00,733,0.0
A00,734,0.0
A00,735,0.0
A00,736,0.0
A00,737,0.0
A00,738,0.0
A00,739,0.0
A00,740,0.0
A00,741,0.0
A00,742,0.0
A00,743,0.0
A00,744,0.0
A00,745,0.0
A00,746,0.0
A00,747,0.0
A00,748,0.0
A00,749,0.0
A00,750,0.0
A00,751,0.0
A00,752,0.0
A00,753,0.0
A00,754,0.0
A00,755,0.0
A00,756,0.0
A00,757,0.0
A00,758,0.0
A00,759,0.0
A00,760,0.0
A00,761,0.0
A00,762,0.0
A00,763,0.0
A00,764,0.0
A00,765,0.0
A00,766,0.0
A00,767,0.0
A00,768,0.0
A00,769,0.0
A00,770,0.0
A00,771,0.0
A00,772,0.0
A00,773,0.0
A00,774,0.0
A00,775,0.0
A00,776,0.0
A00,777,0.0
A00,778,0.0
A00,779,0.0
A00,780,0.0
A00,781,0.0
A00,782,0.0
A00,783,0.0
A10,1,0.0
A10,2,0.0
A10,3,0.0
A10,4,0.0
A10,5,0.0
A10,6,0.0
A10,7,0.0
A10,8,0.0
A10,9,0.0
A10,10,0.0
A10,11,0.0
A10,12,0.0
A10,13,0.0
A10,14,0.0
A10,15,0.0
A10,16,0.0
A10,17,0.0
A10,18,0.0
A10,19,0.0
A10,20,0.0
A10,21,0.0
A10,22,0.0
A10,23,0.0
A10,24,0.0
A10,25,0.0
A10,26,0.0
A10,27,0.0
A10,28,0.0
A10,29,0.0
A10,30,0.0
A10,31,0.0
A10,32,0.0
A10,33,0.0
A10,34,0.0
A10,35,0.0
A10,36,0.0
A10,37,0.0
A10,38,0.0
A10,39,0.0
A10,40,0.0
A10,41,0.0
A10,42,0.0
A10,43,0.0
A10,44,0.0
A10,45,0.0
A10,46,0.0
A10,47,0.0
A10,48,0.0
A10,49,0.0
A10,50,0.0
A10,51,0.0
A10,52,0.0
A10,53,0.0
A10,54,0.0
A10,55,0.0
A10,56,0.0
A10,57,0.0
A10,58,0.0
A10,59,0.0
A10,60,0.0
A10,61,0.0
A10,62,0.0
A10,63,0.0
A10,64,0.0
A10,65,0.0
A10,66,0.0
A10,67,0.0
A10,68,0.0
A10,69,0.0
A10,70,0.0
A10,71,0.0
A10,72,0.0
A10,73,0.0
A10,74,0.0
A10,75,0.0
A10,76,0.0
A10,77,0.0
A10,78,0.0
A10,79,0.0
A10,80,0.0
A10,81,0.0
A10,82,0.0
A10,83,0.0
A10,84,0.0
A10,85,0.0
A10,86,0.0
A10,87,0.0
A10,88,0.0
A10,89,0.0
A10,90,0.0
A10,91,0.0
A10,92,0.0
A10,93,0.0
A10,94,0.0
A10,95,0.0
A10,96,0.0
A10,97,0.0
A10,98,0.0
A10,99,0.0
A10,100,0.0
A10,101,0.0
A10,102,0.0
A10,103,0.0
A10,104,0.0
A10,105,0.0
A10,106,0.0
A10,107,0.0
A10,108,0.0
A10,109,0.0
A10,110,0.0
A10,111,0.0
A10,112,0.0
A10,113,0.0
A10,114,0.0
A10,115,0.0
A10,116,0.0
A10,117,0.0
A10,118,0.0
A10,119,0.0
A10,120,0.0
A10,121,0.0
A10,122,0.0
A10,123,0.0
A10,124,0.0
A10,125,0.0
A10,126,0.0
A10,127,0.0
A10,128,0.0
A10,129,0.0
A10,130,0.0
A10,131,0.0
A10,132,0.0
A10,133,0.0
A10,134,0.0
A10,135,0.0
A10,136,0.0
A10,137,0.0
A10,138,0.0
A10,139,0.0
A10,140,0.0
A10,141,0.0
A10,142,0.0
A10,143,0.0
A10,144,0.0
A10,145,0.0
A10,146,0.0
A10,147,0.0
A10,148,0.0
A10,149,0.0
A10,150,0.0
A10,151,0.0
A10,152,0.0
A10,153,0.0
A10,154,0.0
A10,155,0.0
A10,156,0.0
A10,157,0.0
A10,158,0.0
A10,159,0.0
A10,160,0.0
A10,161,0.0
A10,162,0.0
A10,163,0.0
A10,164,0.0
A10,165,0.0
A10,166,0.0
A10,167,0.0
A10,168,0.0
A10,169,0.0
A10,170,0.0
A10,171,0.0
A10,172,0.0
A10,173,0.0
A10,174,0.0
A10,175,0.0
A10,176,0.0
A10,177,0.0
A10,178,0.0
A10,179,0.0
A10,180,0.0
A10,181,0.0
A10,182,0.0
A10,183,0.0
A10,184,0.0
A10,185,0.0
A10,186,0.0
A10,187,0.0
A10,188,0.0
A10,189,0.0
A10,190,0.0
A10,191,0.0
A10,192,0.0
A10,193,0.0
A10,194,0.0
A10,195,0.0
A10,196,0.0
A10,197,0.0
A10,198,0.0
A10,199,0.0
A10,200,0.0
A10,201,0.0
A10,202,0.0
A10,203,0.0
A10,204,0.0
A10,205,0.0
A10,206,0.0
A10,207,0.0
A10,208,0.0
A10,209,0.0
A10,210,0.0
A10,211,0.0
A10,212,0.0
A10,213,0.0
A10,214,0.0
A10,215,0.0
A10,216,0.0
A10,217,0.0
A10,218,0.0
A10,219,0.0
A10,220,0.0
A10,221,0.0
A10,222,0.0
A10,223,0.0
A10,224,0.0
A10,225,0.0
A10,226,0.0
A10,227,0.0
A10,228,0.0
A10,229,0.0
A10,230,0.0
A10,231,0.0
A10,232,0.0
A10,233,0.0
A10,234,0.0
A10,235,0.0
A10,236,0.0
A10,237,0.0
A10,238,0.0
A10,239,0.0
A10,240,0.0
A10,241,0.0
A10,242,0.0
A10,243,0.0
A10,244,0.0
A10,245,0.0
A10,246,0.0
A10,247,0.0
A10,248,0.0
A10,249,0.0
A10,250,0.0
A10,251,0.0
A10,252,0.0
A10,253,0.0
A10,254,0.0
A10,255,0.0
A10,256,0.0
A10,257,0.0
A10,258,0.0
A10,259,0.0
A10,260,0.0
A10,261,0.0
A10,262,0.0
A10,263,0.0
A10,264,0.0
A10,265,0.0
A10,266,0.0
A10,267,0.0
A10,268,0.0
A10,269,0.0
A10,270,0.0
A10,271,0.0
A10,272,0.0
A10,273,0.0
A10,274,0.0
A10,275,0.0
A10,276,0.0
A10,277,0.0
A10,278,0.0
A10,279,0.0
A10,280,0.0
A10,281,0.0
A10,282,0.0
A10,283,0.0
A10,284,0.0
A10,285,0.0
A10,286,0.0
A10,287,0.0
A10,288,0.0
A10,289,0.0
A10,290,0.0
A10,291,0.0
A10,292,0.0
A10,293,0.0
A10,294,0.0
A10,295,0.0
A10,296,0.0
A10,297,0.0
A10,298,0.0
A10,299,0.0
A10,300,0.0
A10,301,0.0
A10,302,0.0
A10,303,0.0
A10,304,0.0
A10,305,0.0
A10,306,0.0
A10,307,0.0
A10,308,0.0
A10,309,0.0
A10,310,0.0
A10,311,0.0
A10,312,0.0
A10,313,0.0
A10,314,0.0
A10,315,0.0
A10,316,0.0
A10,317,0.0
A10,318,0.0
A10,319,0.0
A10,320,0.0
A10,321,0.0
A10,322,0.0
A10,323,0.0
A10,324,0.0
A10,325,0.0
A10,326,0.0
A10,327,0.0
A10,328,0.0
A10,329,0.0
A10,330,0.0
A10,331,0.0
A10,332,0.0
A10,333,0.0
A10,334,0.0
A10,335,0.0
A10,336,0.0
A10,337,0.0
A10,338,0.0
A10,339,0.0
A10,340,0.0
A10,341,0.0
A10,342,0.0
A10,343,0.0
A10,344,0.0
A10,345,0.0
A10,346,0.0
A10,347,0.0
A10,348,0.0
A10,349,0.0
A10,350,0.0
A10,351,0.0
A10,352,0.0
A10,353,0.0
A10,354,0.0
A10,355,0.0
A10,356,0.0
A10,357,0.0
A10,358,0.0
A10,359,0.0
A10,360,0.0
A10,361,0.0
A10,362,0.0
A10,363,0.0
A10,364,0.0
A10,365,0.0
A10,366,0.0
A10,367,0.0
A10,368,0.0
A10,369,0.0
A10,370,0.0
A10,371,0.0
A10,372,0.0
A10,373,0.0
A10,374,0.0
A10,375,0.0
A10,376,0.0
A10,377,0.0
A10,378,0.0
A10,379,0.0
A10,380,0.0
A10,381,0.0
A10,382,0.0
A10,383,0.0
A10,384,0.0
A10,385,0.0
A10,386,0.0
A10,387,0.0
A10,388,0.0
A10,389,0.0
A10,390,0.0
A10,391,0.0
A10,392,0.0
A10,393,0.0
A10,394,0.0
A10,395,0.0
A10,396,0.0
A10,397,0.0
A10,398,0.0
A10,399,0.0
A10,400,0.0
A10,401,0.0
A10,402,0.0
A10,403,0.0
A10,404,0.0
A10,405,0.0
A10,406,0.0
A10,407,0.0
A10,408,0.0
A10,409,0.0
A10,410,0.0
A10,411,0.0
A10,412,0.0
A10,413,0.0
A10,414,0.0
A10,415,0.0
A10,416,0.0
A10,417,0.0
A10,418,0.0
A10,419,0.0
A10,420,0.0
A10,421,0.0
A10,422,0.0
A10,423,0.0
A10,424,0.0
A10,425,0.0
A10,426,0.0
A10,427,0.0
A10,428,0.0
A10,429,0.0
A10,430,0.0
A10,431,0.0
A10,432,0.0
A10,433,0.0
A10,434,0.0
A10,435,0.0
A10,436,0.0
A10,437,0.0
A10,438,0.0
A10,439,0.0
A10,440,0.0
A10,441,0.0
A10,442,0.0
A10,443,0.0
A10,444,0.0
A10,445,0.0
A10,446,0.0
A10,447,0.0
A10,448,0.0
A10,449,0.0
A10,450,0.0
A10,451,0.0
A10,452,0.0
A10,453,0.0
A10,454,0.0
A10,455,0.0
A10,456,0.0
A10,457,0.0
A10,458,0.0
A10,459,0.0
A10,460,0.0
A10,461,0.0
A10,462,0.0
A10,463,0.0
A10,464,0.0
A10,465,0.0
A10,466,0.0
A10,467,0.0
A10,468,0.0
A10,469,0.0
A10,470,0.0
A10,471,0.0
A10,472,0.0
A10,473,0.0
A10,474,0.0
A10,475,0.0
A10,476,0.0
A10,477,0.0
A10,478,0.0
A10,479,0.0
A10,480,0.0
A10,481,0.0
A10,482,0.0
A10,483,0.0
A10,484,0.0
A10,485,0.0
A10,486,0.0
A10,487,0.0
A10,488,0.0
A10,489,0.0
A10,490,0.0
A10,491,0.0
A10,492,0.0
A10,493,0.0
A10,494,0.0
A10,495,0.0
A10,496,0.0
A10,497,0.0
A10,498,0.0
A10,499,0.0
A10,500,0.0
A10,501,0.0
A10,502,0.0
A10,503,0.0
A10,504,0.0
A10,505,0.0
A10,506,0.0
A10,507,0.0
A10,508,0.0
A10,509,0.0
A10,510,0.0
A10,511,0.0
A10,512,0.0
A10,513,0.0
A10,514,0.0
A10,515,0.0
A10,516,0.0
A10,517,0.0
A10,518,0.0
A10,519,0.0
A10,520,0.0
A10,521,0.0
A10,522,0.0
A10,523,0.0
A10,524,0.0
A10,525,0.0
A10,526,0.0
A10,527,0.0
A10,528,0.0
A10,529,0.0
A10,530,0.0
A10,531,0.0
A10,532,0.0
A10,533,0.0
A10,534,0.0
A10,535,0.0
A10,536,0.0
A10,537,0.0
A10,538,0.0
A10,539,0.0
A10,540,0.0
A10,541,0.0
A10,542,0.0
A10,543,0.0
A10,544,0.0
A10,545,0.0
A10,546,0.0
A10,547,0.0
A10,548,0.0
A10,549,0.0
A10,550,0.0
A10,551,0.0
A10,552,0.0
A10,553,0.0
A10,554,0.0
A10,555,0.0
A10,556,0.0
A10,557,0.0
A10,558,0.0
A10,559,0.0
A10,560,0.0
A10,561,0.0
A10,562,0.0
A10,563,0.0
A10,564,0.0
A10,565,0.0
A10,566,0.0
A10,567,0.0
A10,568,0.0
A10,569,0.0
A10,570,0.0
A10,571,0.0
A10,572,0.0
A10,573,0.0
A10,574,0.0
A10,575,0.0
A10,576,0.0
A10,577,0.0
A10,578,0.0
A10,579,0.0
A10,580,0.0
A10,581,0.0
A10,582,0.0
A10,583,0.0
A10,584,0.0
A10,585,0.0
A10,586,0.0
A10,587,0.0
A10,588,0.0
A10,589,0.0
A10,590,0.0
A10,591,0.0
A10,592,0.0
A10,593,0.0
A10,594,0.0
A10,595,0.0
A10,596,0.0
A10,597,0.0
A10,598,0.0
A10,599,0.0
A10,600,0.0
A10,601,0.0
A10,602,0.0
A10,603,0.0
A10,604,0.0
A10,605,0.0
A10,606,0.0
A10,607,0.0
A10,608,0.0
A10,609,0.0
A10,610,0.0
A10,611,0.0
A10,612,0.0
A10,613,0.0
A10,614,0.0
A10,615,0.0
A10,616,0.0
A10,617,0.0
A10,618,0.0
A10,619,0.0
A10,620,0.0
A10,621,0.0
A10,622,0.0
A10,623,0.0
A10,624,0.0
A10,625,0.0
A10,626,0.0
A10,627,0.0
A10,628,0.0
A10,629,0.0
A10,630,0.0
A10,631,0.0
A10,632,0.0
A10,633,0.0
A10,634,0.0
A10,635,0.0
A10,636,0.0
A10,637,0.0
A10,638,0.0
A10,639,0.0
A10,640,0.0
A10,641,0.0
A10,642,0.0
A10,643,0.0
A10,644,0.0
A10,645,0.0
A10,646,0.0
A10,647,0.0
A10,648,0.0
A10,649,0.0
A10,650,0.0
A10,651,0.0
A10,652,0.0
A10,653,0.0
A10,654,0.0
A10,655,0.0
A10,656,0.0
A10,657,0.0
A10,658,0.0
A10,659,0.0
A10,660,0.0
A10,661,0.0
A10,662,0.0
A10,663,0.0
A10,664,0.0
A10,665,0.0
A10,666,0.0
A10,667,0.0
A10,668,0.0
A10,669,0.0
A10,670,0.0
A10,671,0.0
A10,672,0.0
A10,673,0.0
A10,674,0.0
A10,675,0.0
A10,676,0.0
A10,677,0.0
A10,678,0.0
A10,679,0.0
A10,680,0.0
A10,681,0.0
A10,682,0.0
A10,683,0.0
A10,684,0.0
A10,685,0.0
A10,686,0.0
A10,687,0.0
A10,688,0.0
A10,689,0.0
A10,690,0.0
A10,691,0.0
A10,692,0.0
A10,693,0.0
A10,694,0.0
A10,695,0.0
A10,696,0.0
A10,697,0.0
A10,698,0.0
A10,699,0.0
A10,700,0.0
A10,701,0.0
A10,702,0.0
A10,703,0.0
A10,704,0.0
A10,705,0.0
A10,706,0.0
A10,707,0.0
A10,708,0.0
A10,709,0.0
A10,710,0.0
A10,711,0.0
A10,712,0.0
A10,713,0.0
A10,714,0.0
A10,715,0.0
A10,716,0.0
A10,717,0.0
A10,718,0.0
A10,719,0.0
A10,720,0.0
A10,721,0.0
A10,722,0.0
A10,723,0.0
A10,724,0.0
A10,725,0.0
A10,726,0.0
A10,727,0.0
A10,728,0.0
A10,729,0.0
A10,730,0.0
A10,731,0.0
A10,732,0.0
A10,733,0.0
A10,734,0.0
A10,735,0.0
A10,736,0.0
A10,737,0.0
A10,738,0.0
A10,739,0.0
A10,740,0.0
A10,741,0.0
A10,742,0.0
A10,743,0.0
A10,744,0.0
A10,745,0.0
A10,746,0.0
A10,747,0.0
A10,748,0.0
A10,749,0.0
A10,750,0.0
A10,751,0.0
A10,752,0.0
A10,753,0.0
A10,754,0.0
A10,755,0.0
A10,756,0.0
A10,757,0.0
A10,758,0.0
A10,759,0.0
A10,760,0.0
A10,761,0.0
A10,762,0.0
A10,763,0.0
A10,764,0.0
A10,765,0.0
A10,766,0.0
A10,767,0.0
A10,768,0.0
A10,769,0.0
A10,770,0.0
A10,771,0.0
A10,772,0.0
A10,773,0.0
A10,774,0.0
A10,775,0.0
A10,776,0.0
A10,777,0.0
A10,778,0.0
A10,779,0.0
A10,780,0.0
A10,781,0.0
A10,782,0.0
A10,783,0.0
A01,1,0.0002673622846652327
A01,2,0.0002670246360448158
A01,3,0.00019469567160165644
A01,4,0.0006586688325394611
A01,5,0.0009549693912443492
A01,6,0.00043399914247890467
A01,7,0.0003048140244384038
A01,8,0.0002221192562229758
A01,9,0.0007150201308338023
A01,10,0.0009564968841666957
A01,11,0.0010749437430984572
A01,12,0.0011619371029231002
A01,13,0.0010923287550243103
A01,14,0.00101183762752403
A01,15,0.0007259277144758976
A01,16,0.0006847349021735955
A01,17,0.0002537387028408523
A01,18,0.00025749552484498404
A01,19,0.00037415956554457357
A01,20,0.0010496805571518035
A01,21,0.001342884196152999
A01,22,0.0013228104660590369
A01,23,0.0015813953197284147
A01,24,0.0019779794391480425
A01,25,0.0023481018809490546
A01,26,0.002691433968080363
A01,27,0.0027616815440223443
A01,28,0.0033153171347769243
A01,29,0.0038290101349428736
A01,30,0.004090468910151772
A01,31,0.003771938882414478
A01,32,0.0034037100264128215
A01,33,0.003222695963452936
A01,34,0.002933757098907465
A01,35,0.0029147927505957104
A01,36,0.0023987998376632526
A01,37,0.0019491030302118042
A01,38,0.0015183962744955014
A01,39,0.0017424112690091699
A01,40,0.0014084639430740062
A01,41,0.0012942972508445734
A01,42,0.0012237808276581023
A01,43,0.0011996424370555386
A01,44,0.0010721143792105506
A01,45,0.0009925351351224856
A01,46,0.0008545305523647123
A01,47,0.0008270591796076314
A01,48,0.0007712319970724383
A01,49,0.0006234011939581462
A01,50,0.0008619710099101104
A01,51,0.001098470513216778
A01,52,0.001208384031894545
A01,53,0.00131950637164651
A01,54,0.0016070104699264095
A01,55,0.0018856116842441146
A01,56,0.002160666735672097
A01,57,0.0019799042869195756
A01,58,0.0018047227271162456
A01,59,0.0016417741522039614
A01,60,0.0008187879324166763
A01,61,9.013477810683279e-05
A01,62,-0.0005508922430275591
A01,63,-0.0010946450625745061
A01,64,-0.0011611366906988873
A01,65,-0.0010322561206530312
A01,66,-0.0007735632480773516
A01,67,-0.0007422643765512346
A01,68,-0.0008276811016364482
A01,69,-0.0008015165182456088
A01,70,-0.0009633208469207196
A01,71,-0.0012334521551191186
A01,72,-0.0011303962956971704
A01,73,-0.0010507554175983277
A01,74,-0.0008931137935405276
A01,75,-0.0011732370943315737
A01,76,-0.0015147989789425626
A01,77,-0.0014853877432972782
A01,78,-0.0017028548473986952
A01,79,-0.0021904381284715835
A01,80,-0.002588345739869972
A01,81,-0.0030337812923095686
A01,82,-0.0034861413488074607
A01,83,-0.003940090758167698
A01,84,-0.004420224147699332
A01,85,-0.004760647812441199
A01,86,-0.004980938763476206
A01,87,-0.005263694340126713
A01,88,-0.005294959496250479
A01,89,-0.005675197591713065
A01,90,-0.005990130598496456
A01,91,-0.005753796101537289
A01,92,-0.0054910504806342806
A01,93,-0.005588617078354743
A01,94,-0.005559323489608647
A01,95,-0.005804684583459321
A01,96,-0.006021832118723161
A01,97,-0.006018859338721617
A01,98,-0.006065417633676634
A01,99,-0.006031144675359922
A01,100,-0.006090838674591022
A01,101,-0.00659585891997916
A01,102,-0.0067633191481920475
A01,103,-0.006630720686423178
A01,104,-0.00661878007893549
A01,105,-0.006567852419418166
A01,106,-0.0068760623635504585
A01,107,-0.007118902309980294
A01,108,-0.007224031161242672
A01,109,-0.007383272813061601
A01,110,-0.007554631467528643
A01,111,-0.007704332039099113
A01,112,-0.008012880368459692
A01,113,-0.008153797831747554
A01,114,-0.008236146983899784
A01,115,-0.008471057996830669
A01,116,-0.008555991312397352
A01,117,-0.008919450059952181
A01,118,-0.009200042021102178
A01,119,-0.009455522448282253
A01,120,-0.009712636903214143
A01,121,-0.00987379672545382
A01,122,-0.00995270600260957
A01,123,-0.010289598838570628
A01,124,-0.010568445561069726
A01,125,-0.01086110393749207
A01,126,-0.01119713633280006
A01,127,-0.011594218321090723
A01,128,-0.01191583149250168
A01,129,-0.012233965005759044
A01,130,-0.012643128360785785
A01,131,-0.012959749660633586
A01,132,-0.013048539038353636
A01,133,-0.01312303446939893
A01,134,-0.013152689863008413
A01,135,-0.01299499714851405
A01,136,-0.013124984992820046
A01,137,-0.013337733239736357
A01,138,-0.013573093838879403
A01,139,-0.013543076093054012
A01,140,-0.013589884703015132
A01,141,-0.013702317247881074
A01,142,-0.01387883109416399
A01,143,-0.014165422221700197
A01,144,-0.014527051933776243
A01,145,-0.014730176077228456
A01,146,-0.014977192337005249
A01,147,-0.015245547697355151
A01,148,-0.015467054989422677
A01,149,-0.015697212823516618
A01,150,-0.015978428295278995
A01,151,-0.016257407070431523
A01,152,-0.016494953365650416
A01,153,-0.016736858183531756
A01,154,-0.016960460261028622
A01,155,-0.017229829344708448
A01,156,-0.0174629216055706
A01,157,-0.017623676277792866
A01,158,-0.017872459180984155
A01,159,-0.018009148661688668
A01,160,-0.01814454603807803
A01,161,-0.018303030017387
A01,162,-0.018584324297071953
A01,163,-0.018789862502985234
A01,164,-0.018909475529457417
A01,165,-0.01896561480237179
A01,166,-0.019019331654798324
A01,167,-0.019090307129291908
A01,168,-0.01900279211868465
A01,169,-0.019050600235453408
A01,170,-0.019060699162166107
A01,171,-0.019240670121116674
A01,172,-0.019400256670415977
A01,173,-0.019559027085982002
A01,174,-0.01962920208814114
A01,175,-0.01979831114402402
A01,176,-0.019979994503007706
A01,177,-0.020169462544373785
A01,178,-0.020367945782338196
A01,179,-0.02068392541526118
A01,180,-0.020952318662340985
A01,181,-0.02122804482651759
A01,182,-0.02149358247556946
A01,183,-0.02176883736821247
A01,184,-0.02212170050941584
A01,185,-0.02239986650398173
A01,186,-0.022685837358365983
A01,187,-0.022934376293822594
A01,188,-0.023169204918347334
A01,189,-0.023294711240293982
A01,190,-0.023358842994839438
A01,191,-0.02338447106194888
A01,192,-0.023512807573403845
A01,193,-0.023551406126760474
A01,194,-0.023521989066763355
A01,195,-0.02349691081177089
A01,196,-0.023465103220673512
A01,197,-0.023471540900294918
A01,198,-0.023570934875160165
A01,199,-0.02364561373010674
A01,200,-0.023603643290354324
A01,201,-0.02361836258565956
A01,202,-0.0237498274121922
A01,203,-0.02388047731768412
A01,204,-0.024076277393067242
A01,205,-0.02421239861756499
A01,206,-0.02439483461124974
A01,207,-0.02460465544050325
A01,208,-0.024794088194068392
A01,209,-0.025003171011822062
A01,210,-0.02524239465384366
A01,211,-0.025463826976032233
A01,212,-0.025667937934357548
A01,213,-0.025872381694137685
A01,214,-0.025991449749097832
A01,215,-0.02622653066448838
A01,216,-0.026381307649785024
A01,217,-0.02645388164051752
A01,218,-0.026363101670585348
A01,219,-0.026222117194461592
A01,220,-0.026168389191119863
A01,221,-0.026174220874555083
A01,222,-0.02616345078778372
A01,223,-0.026150862901918332
A01,224,-0.026111159474638018
A01,225,-0.026064725119158576
A01,226,-0.0260516234572188
A01,227,-0.02595333877054151
A01,228,-0.02575421384176357
A01,229,-0.02571715324674938
A01,230,-0.025826679324841145
A01,231,-0.026028889574445067
A01,232,-0.026187976158473757
A01,233,-0.026322927064548887
A01,234,-0.026474141545722734
A01,235,-0.026600126544260704
A01,236,-0.02678600670974168
A01,237,-0.027084562807510305
A01,238,-0.027296608263016494
A01,239,-0.027563264540707396
A01,240,-0.027692423123288592
A01,241,-0.027982201167979552
A01,242,-0.028133110098975143
A01,243,-0.028341216123592018
A01,244,-0.02844307059593317
A01,245,-0.02844207777659674
A01,246,-0.02839748146061363
A01,247,-0.02812004795452877
A01,248,-0.028049958597943254
A01,249,-0.028009398876003098
A01,250,-0.027947131011844383
A01,251,-0.027895804760641456
A01,252,-0.027821708460336776
A01,253,-0.027744648632887812
A01,254,-0.027666156966276518
A01,255,-0.027457737765175468
A01,256,-0.02726573457747919
A01,257,-0.027123901422878082
A01,258,-0.027113161791623062
A01,259,-0.027232049198047302
A01,260,-0.027317759941549342
A01,261,-0.02742577113486622
A01,262,-0.02747918759840505
A01,263,-0.027699200406547657
A01,264,-0.027929469566832225
A01,265,-0.028105275355689952
A01,266,-0.028265514059673837
A01,267,-0.028458878070088303
A01,268,-0.028657208203514122
A01,269,-0.028891831761218296
A01,270,-0.02906525744981399
A01,271,-0.029223760125104633
A01,272,-0.02928219784619377
A01,273,-0.029335357243556823
A01,274,-0.029231284481807993
A01,275,-0.029070355656464864
A01,276,-0.0289964299599994
A01,277,-0.028961247849570954
A01,278,-0.028941704855697595
A01,279,-0.0288751214689721
A01,280,-0.028817011824874745
A01,281,-0.02880248385594804
A01,282,-0.028784470121610357
A01,283,-0.02867166913183848
A01,284,-0.02842539079331542
A01,285,-0.02817811060346142
A01,286,-0.02806364289226442
A01,287,-0.028138432009304153
A01,288,-0.028329225813397266
A01,289,-0.02843297717151131
A01,290,-0.02853349743834689
A01,291,-0.028623619436262356
A01,292,-0.028753708953865007
A01,293,-0.02894512179270054
A01,294,-0.029059653549435953
A01,295,-0.029222477990947633
A01,296,-0.02945410415859141
A01,297,-0.029608271790718194
A01,298,-0.02980904630461847
A01,299,-0.029874042499505194
A01,300,-0.029920437642789337
A01,301,-0.029933999013156323
A01,302,-0.02976370279132568
A01,303,-0.029572815387033095
A01,304,-0.029425944985153746
A01,305,-0.02941394132162322
A01,306,-0.029429381300085603
A01,307,-0.02943832903836006
A01,308,-0.029428310537064288
A01,309,-0.02940247656283952
A01,310,-0.029401564485900828
A01,311,-0.02930928655959343
A01,312,-0.029055147299428527
A01,313,-0.028707875061781882
A01,314,-0.028474287659101656
A01,315,-0.02855720335606587
A01,316,-0.028606436844417146
A01,317,-0.028685046271552304
A01,318,-0.028736482471342407
A01,319,-0.02885490725984599
A01,320,-0.02907864247654985
A01,321,-0.029190279480829428
A01,322,-0.02932778637630203
A01,323,-0.02943310912238075
A01,324,-0.02968377131851292
A01,325,-0.029850027983422192
A01,326,-0.029884989754760602
A01,327,-0.029984034732525044
A01,328,-0.029971918616469435
A01,329,-0.02999902282504113
A01,330,-0.029861912838173917
A01,331,-0.02962452172814228
A01,332,-0.029528074310007073
A01,333,-0.029553491400260555
A01,334,-0.02955638660439831
A01,335,-0.029576647622278962
A01,336,-0.029583069919051012
A01,337,-0.029553590734490872
A01,338,-0.029483287285744585
A01,339,-0.02940933517363272
A01,340,-0.029141298726308665
A01,341,-0.02893505499427209
A01,342,-0.028810450589064063
A01,343,-0.02878561944787685
A01,344,-0.028839084319996638
A01,345,-0.028962214304108638
A01,346,-0.029112555952420637
A01,347,-0.029296111315350357
A01,348,-0.029464915927650853
A01,349,-0.02947399967292874
A01,350,-0.02951026819910635
A01,351,-0.029550783229459213
A01,352,-0.02969639570817635
A01,353,-0.02973541856181307
A01,354,-0.029723216958987587
A01,355,-0.029796325409385104
A01,356,-0.02977343911345107
A01,357,-0.029679547360419115
A01,358,-0.029640795909320203
A01,359,-0.029425448017391657
A01,360,-0.029393469105601727
A01,361,-0.0293500432715442
A01,362,-0.02927833386772609
A01,363,-0.02921867199588766
A01,364,-0.02915150438177647
A01,365,-0.029089691878019967
A01,366,-0.029018100231556113
A01,367,-0.028991136638878645
A01,368,-0.02892077222142085
A01,369,-0.028742621612744493
A01,370,-0.028706736301223414
A01,371,-0.028789803187456196
A01,372,-0.028928780300034502
A01,373,-0.029202146594439933
A01,374,-0.029186758679205206
A01,375,-0.02936011325492202
A01,376,-0.029450988377689783
A01,377,-0.02947821259113257
A01,378,-0.029580868811757564
A01,379,-0.02969284338778229
A01,380,-0.02970794331925561
A01,381,-0.02978280844737567
A01,382,-0.029760777454938703
A01,383,-0.029780703139600993
A01,384,-0.029736232584156946
A01,385,-0.029688091128373117
A01,386,-0.02957890843859066
A01,387,-0.02959846688849302
A01,388,-0.029707892816200236
A01,389,-0.029689309511931442
A01,390,-0.029646968762566075
A01,391,-0.029608891183152682
A01,392,-0.029562894459283427
A01,393,-0.029507787858963033
A01,394,-0.02946905215683248
A01,395,-0.029555108618954017
A01,396,-0.029660822345372522
A01,397,-0.029709216289041177
A01,398,-0.029713949242779168
A01,399,-0.029770316812414956
A01,400,-0.02977633261958603
A01,401,-0.02990194724300785
A01,402,-0.029992995620068442
A01,403,-0.03004613781694862
A01,404,-0.03003480091838154
A01,405,-0.030060153582959947
A01,406,-0.030258599204749062
A01,407,-0.030305213947190074
A01,408,-0.030414738929461428
A01,409,-0.030505579670734834
A01,410,-0.030587452990670245
A01,411,-0.030713018403290195
A01,412,-0.03067496722643693
A01,413,-0.030607531175915068
A01,414,-0.030562322527951595
A01,415,-0.03074178183875036
A01,416,-0.030883079134389126
A01,417,-0.030880650970656814
A01,418,-0.030916158868338827
A01,419,-0.030946508304221635
A01,420,-0.030988892872601117
A01,421,-0.03101404628527317
A01,422,-0.03104441937850889
A01,423,-0.031164910993229322
A01,424,-0.03137562839355154
A01,425,-0.03134015652534166
A01,426,-0.03138330228077689
A01,427,-0.03152340224835037
A01,428,-0.031656581667986856
A01,429,-0.03184896738944556
A01,430,-0.03191442646330532
A01,431,-0.03192010581087087
A01,432,-0.03198822567306339
A01,433,-0.032115042175760604
A01,434,-0.032184174861694226
A01,435,-0.03231889373055097
A01,436,-0.032343189938834546
A01,437,-0.03236668947318604
A01,438,-0.03247124262419503
A01,439,-0.03268134122296244
A01,440,-0.03275183100338408
A01,441,-0.032881467996403776
A01,442,-0.03290934471180737
A01,443,-0.03313515069954896
A01,444,-0.03342919896892944
A01,445,-0.033480859818660495
A01,446,-0.033533133771797646
A01,447,-0.033583102357790606
A01,448,-0.03361539765929709
A01,449,-0.03368055743734459
A01,450,-0.03376409174183381
A01,451,-0.03399936687778119
A01,452,-0.034288903976954825
A01,453,-0.03438138949358113
A01,454,-0.03443247796884523
A01,455,-0.03452938645350901
A01,456,-0.03480866108360071
A01,457,-0.03510625749592925
A01,458,-0.035373438509232163
A01,459,-0.03556663475143238
A01,460,-0.03571836187483058
A01,461,-0.03606313169110973
A01,462,-0.036220745172213256
A01,463,-0.03649095332447135
A01,464,-0.036748093972717284
A01,465,-0.037040477886838036
A01,466,-0.03733230368472118
A01,467,-0.037630728095461044
A01,468,-0.037761040729713084
A01,469,-0.037903690310092296
A01,470,-0.03802057061489579
A01,471,-0.03836003494660644
A01,472,-0.03856262902102248
A01,473,-0.038646776545541
A01,474,-0.03867999114189804
A01,475,-0.03873487546814489
A01,476,-0.03875940685246173
A01,477,-0.03877004220966642
A01,478,-0.03886327200755467
A01,479,-0.039065603257126394
A01,480,-0.03929308058174801
A01,481,-0.03937054850932623
A01,482,-0.03944780339341994
A01,483,-0.039565436563000864
A01,484,-0.03985267308779048
A01,485,-0.04016190483511725
A01,486,-0.040348228701616376
A01,487,-0.040584038628713986
A01,488,-0.0408579292068877
A01,489,-0.041081032627560264
A01,490,-0.04131912705202869
A01,491,-0.041612448598920056
A01,492,-0.04189168201896186
A01,493,-0.04204752743134439
A01,494,-0.04236017194343674
A01,495,-0.04261408768434644
A01,496,-0.04283465515425876
A01,497,-0.04306228057665993
A01,498,-0.043227582353111284
A01,499,-0.04352891992826821
A01,500,-0.04372963962247216
A01,501,-0.04385307244973401
A01,502,-0.04389899788110866
A01,503,-0.04389906588667538
A01,504,-0.04392941819214137
A01,505,-0.04397355501025191
A01,506,-0.04408143556952373
A01,507,-0.044337457059798135
A01,508,-0.04459462588875632
A01,509,-0.04473490655875426
A01,510,-0.04474670121318751
A01,511,-0.04484607274332754
A01,512,-0.04504199976647261
A01,513,-0.045313698228820296
A01,514,-0.045537988128231684
A01,515,-0.04585100594579616
A01,516,-0.046195558659297226
A01,517,-0.0465712802704467
A01,518,-0.04688082625960038
A01,519,-0.04723795280250641
A01,520,-0.04748034396627985
A01,521,-0.04789614388944196
A01,522,-0.048331778893284466
A01,523,-0.048520788402330914
A01,524,-0.048740261188538664
A01,525,-0.04894247107548907
A01,526,-0.04925454177059134
A01,527,-0.049557922705807174
A01,528,-0.049816914681857435
A01,529,-0.05000892532673277
A01,530,-0.050115742463824185
A01,531,-0.05017989832413415
A01,532,-0.05022592588478367
A01,533,-0.050278727720189084
A01,534,-0.05034578734023093
A01,535,-0.05060309223263178
A01,536,-0.0509611319351854
A01,537,-0.05123357924966647
A01,538,-0.051318061108462786
A01,539,-0.051507626221027475
A01,540,-0.05181791645605526
A01,541,-0.052176295318196855
A01,542,-0.05249622605827525
A01,543,-0.05286541129208185
A01,544,-0.05328852680850638
A01,545,-0.05370614044836557
A01,546,-0.05414587502578583
A01,547,-0.05447179153542076
A01,548,-0.054973593053425564
A01,549,-0.0552756246350193
A01,550,-0.05560868472927165
A01,551,-0.055968196161033774
A01,552,-0.0561853533389981
A01,553,-0.05647284005375873
A01,554,-0.05669466975101256
A01,555,-0.056910746078405586
A01,556,-0.05709873055009645
A01,557,-0.057150875351687794
A01,558,-0.057237788674464336
A01,559,-0.05731465060759271
A01,560,-0.05739427184862226
A01,561,-0.05750348111400955
A01,562,-0.05760856108895773
A01,563,-0.05785837779922983
A01,564,-0.05819058822002559
A01,565,-0.05851386279906654
A01,566,-0.05885815148048374
A01,567,-0.059224175353596795
A01,568,-0.05951767852118025
A01,569,-0.0599467832546038
A01,570,-0.060324286019554765
A01,571,-0.06077585965364516
A01,572,-0.06127056918398947
A01,573,-0.061782181821259934
A01,574,-0.06225719756633905
A01,575,-0.06265161794368644
A01,576,-0.06305904112504307
A01,577,-0.06342222428021396
A01,578,-0.06396000537843538
A01,579,-0.06438453656074176
A01,580,-0.06475861344349786
A01,581,-0.06504998305642722
A01,582,-0.06541398861149587
A01,583,-0.06573969189591088
A01,584,-0.06594437442798406
A01,585,-0.06609167751529159
A01,586,-0.06616679819897257
A01,587,-0.06625343738536174
A01,588,-0.06631010590325605
A01,589,-0.06638685634651162
A01,590,-0.06655734748104536
A01,591,-0.0668844111575366
A01,592,-0.06719404993432714
A01,593,-0.06751581662962594
A01,594,-0.06793832926624851
A01,595,-0.06834335879638472
A01,596,-0.06879570396528219
A01,597,-0.06923232701671841
A01,598,-0.06984578311758796
A01,599,-0.07041547444875963
A01,600,-0.07087848615249367
A01,601,-0.07152045240738511
A01,602,-0.07212879500174588
A01,603,-0.07258135971125597
A01,604,-0.07307506683778776
A01,605,-0.07360608167942262
A01,606,-0.07393561021267976
A01,607,-0.07439864300267678
A01,608,-0.07479059272772842
A01,609,-0.07520245770897116
A01,610,-0.07557113234391018
A01,611,-0.07580766717734679
A01,612,-0.0759474078018307
A01,613,-0.07608595820906439
A01,614,-0.07616702062986017
A01,615,-0.07624086667376505
A01,616,-0.07631977028074614
A01,617,-0.0763792683772531
A01,618,-0.07649930905095109
A01,619,-0.07672353871664328
A01,620,-0.07701179200445292
A01,621,-0.07730419556369132
A01,622,-0.07763546432881255
A01,623,-0.07809406308803418
A01,624,-0.07865553602545404
A01,625,-0.07920761487186913
A01,626,-0.0797281272723291
A01,627,-0.08029860917196903
A01,628,-0.08073223229491548
A01,629,-0.08124533776138038
A01,630,-0.08184306650957458
A01,631,-0.08248228299218578
A01,632,-0.08305831548388923
A01,633,-0.08353317921020634
A01,634,-0.08396212304257959
A01,635,-0.08434824480914864
A01,636,-0.08477739639909077
A01,637,-0.08527438111746989
A01,638,-0.08565603737668982
A01,639,-0.08594255571770076
A01,640,-0.08610075519043207
A01,641,-0.08617479671082373
A01,642,-0.0861694469748534
A01,643,-0.08614201783672791
A01,644,-0.08606335881875962
A01,645,-0.08605657019414759
A01,646,-0.08609600343223915
A01,647,-0.08634431787444144
A01,648,-0.08651552988214481
A01,649,-0.0868646628864463
A01,650,-0.08728558330034177
A01,651,-0.0878034685305102
A01,652,-0.08832847181379337
A01,653,-0.0889069231740001
A01,654,-0.08946890188900924
A01,655,-0.09007313086410977
A01,656,-0.09072872224627883
A01,657,-0.09141331961312059
A01,658,-0.09213652860806769
A01,659,-0.0927005615973657
A01,660,-0.0932901104064484
A01,661,-0.09389107348827089
A01,662,-0.09443496947061998
A01,663,-0.09496111698043128
A01,664,-0.09544331811783119
A01,665,-0.09594870674227071
A01,666,-0.09637204045997652
A01,667,-0.09661157917218607
A01,668,-0.09676147524891064
A01,669,-0.09673745968056927
A01,670,-0.09664781750316918
A01,671,-0.09658202013532086
A01,672,-0.09652065966648611
A01,673,-0.09647068968612803
A01,674,-0.0964394397509474
A01,675,-0.09642193532726553
A01,676,-0.09646762416247838
A01,677,-0.09667989882047578
A01,678,-0.09692190453179066
A01,679,-0.0972235776273546
A01,680,-0.09757720923996448
A01,681,-0.09795495546404002
A01,682,-0.09830868708927037
A01,683,-0.09866703944454576
A01,684,-0.09899790403521759
A01,685,-0.09930658991800931
A01,686,-0.09967257652042334
A01,687,-0.10008091894862618
A01,688,-0.10041454359874566
A01,689,-0.10072204770124756
A01,690,-0.10105146074407531
A01,691,-0.10142016753399669
A01,692,-0.10172181616609745
A01,693,-0.1020254516953302
A01,694,-0.10225384284703985
A01,695,-0.1023843553409115
A01,696,-0.1025164272384757
A01,697,-0.10253404210369052
A01,698,-0.10256457993771058
A01,699,-0.10250889567169097
A01,700,-0.10246145297337594
A01,701,-0.10242488898305342
A01,702,-0.10237336299110049
A01,703,-0.10231579985592339
A01,704,-0.10225797166537542
A01,705,-0.10222574233952027
A01,706,-0.10235471447501586
A01,707,-0.10246841988137703
A01,708,-0.10258100382654523
A01,709,-0.10274925329172506
A01,710,-0.10289205136625253
A01,711,-0.10311902707077611
A01,712,-0.1032884311717455
A01,713,-0.10345882007885923
A01,714,-0.10364348910411617
A01,715,-0.10379064172071145
A01,716,-0.10395866498691718
A01,717,-0.10415723659684624
A01,718,-0.10428142299873981
A01,719,-0.10445263339131866
A01,720,-0.10457110231237432
A01,721,-0.10468873717503911
A01,722,-0.10466741009058567
A01,723,-0.10464975395278048
A01,724,-0.10467531809526333
A01,725,-0.10458879055330368
A01,726,-0.10456509226217256
A01,727,-0.10448149072465003
A01,728,-0.10438684232514696
A01,729,-0.10431582198896373
A01,730,-0.10424734702174726
A01,731,-0.10419891406808356
A01,732,-0.10418242357364155
A01,733,-0.10417926538319086
A01,734,-0.10415329032485807
A01,735,-0.10418832666867948
A01,736,-0.10418271737164868
A01,737,-0.10414439663994682
A01,738,-0.10409233948163639
A01,739,-0.10412337338430391
A01,740,-0.10420386947311926
A01,741,-0.10431931756643183
A01,742,-0.10448159970468832
A01,743,-0.10455307101797899
A01,744,-0.10465474322835501
A01,745,-0.10470014496462306
A01,746,-0.10460493946067988
A01,747,-0.10450830151737331
A01,748,-0.10444302664369709
A01,749,-0.10441439119253519
A01,750,-0.10437740141281403
A01,751,-0.10438190046654551
A01,752,-0.10438934179562388
A01,753,-0.1043606760455848
A01,754,-0.10431310661020833
A01,755,-0.10425735711386099
A01,756,-0.10418082626084078
A01,757,-0.1041062711322468
A01,758,-0.1040446757957467
A01,759,-0.10402091085829819
A01,760,-0.10393107197870542
A01,761,-0.10387495848357545
A01,762,-0.10381360541088233
A01,763,-0.10375072966307039
A01,764,-0.1036549583782001
A01,765,-0.10355151267814351
A01,766,-0.10347619906752513
A01,767,-0.10342489874147748
A01,768,-0.1034123086433308
A01,769,-0.10337823569892272
A01,770,-0.10330279767657576
A01,771,-0.10319518526797464
A01,772,-0.10307752935687481
A01,773,-0.10297079154305648
A01,774,-0.10293181004901711
A01,775,-0.1028331309668573
A01,776,-0.10271443211928911
A01,777,-0.10263075944669693
A01,778,-0.10260925153829979
A01,779,-0.1026045072227306
A01,780,-0.10258810156432735
A01,781,-0.10262034140404125
A01,782,-0.10262339233513493
A01,783,-0.10270318753557078
A11,1,0.0002673622846652327
A11,2,0.0002642154557669397
A11,3,0.00019024735950752783
A11,4,0.0006558339770544351
A11,5,0.0009517255552374084
A11,6,0.0004302344952871675
A11,7,0.0003002980845998558
A11,8,0.00021735730284174693
A11,9,0.0007102010725106035
A11,10,0.000951709817392298
A11,11,0.0007698994318144611
A11,12,0.0006071733626550591
A11,13,0.00032583018713880726
A11,14,0.0005365501621567142
A11,15,0.00028197639498272624
A11,16,0.00026874589148949066
A11,17,-0.00013800799992953674
A11,18,-0.00011248614173767819
A11,19,2.3756900577606115e-05
A11,20,0.0007172319604449481
A11,21,0.0010265131502883303
A11,22,0.001021080904277171
A11,23,0.001293822336203056
A11,24,0.0017034668772581993
A11,25,0.002085541377975244
A11,26,0.002439519396355126
A11,27,0.002519320758559165
A11,28,0.0028466331060953043
A11,29,0.003377165188302321
A11,30,0.0036540735788489617
A11,31,0.0033628762574583336
A11,32,0.003013230455243003
A11,33,0.0028733796541359495
A11,34,0.002598068588417856
A11,35,0.002614553139665248
A11,36,0.0021307666842669487
A11,37,0.0016669538938281212
A11,38,0.0012432573599647128
A11,39,0.0014733162826343772
A11,40,0.0011442799919247515
A11,41,0.0010344843009914074
A11,42,0.0009676700948032592
A11,43,0.0009465824692684562
A11,44,0.0008568727259471131
A11,45,0.0007772742504586127
A11,46,0.0006386245163459019
A11,47,0.0006100959371881204
A11,48,0.0005527390244165109
A11,49,0.0004030010238939805
A11,50,0.0006454617136915187
A11,51,0.0008855674010216075
A11,52,0.000998805507088779
A11,53,0.0011129671027886592
A11,54,0.0014035041594323353
A11,55,0.0016850408767166776
A11,56,0.0019629353163790886
A11,57,0.0017846755387917602
A11,58,0.0016119604983326295
A11,59,0.0014513293751732407
A11,60,0.0006375561464100305
A11,61,-8.419281171015727e-05
A11,62,-0.0007703904514468999
A11,63,-0.0013071052998468076
A11,64,-0.0013720092517024091
A11,65,-0.0012527502635936072
A11,66,-0.0010376052499194042
A11,67,-0.0011086422447386922
A11,68,-0.0011882735968187714
A11,69,-0.0014989470715036123
A11,70,-0.001650193788734018
A11,71,-0.001910807669142436
A11,72,-0.001803513379629563
A11,73,-0.001740723173139371
A11,74,-0.0015984529656648209
A11,75,-0.001858011241948246
A11,76,-0.0022633280558061472
A11,77,-0.0022220753226316055
A11,78,-0.00243972922201933
A11,79,-0.002924302231238479
A11,80,-0.003298264793009651
A11,81,-0.0037405767529524606
A11,82,-0.004184916785047965
A11,83,-0.004633411312046806
A11,84,-0.0051163482719498105
A11,85,-0.0054571196780432134
A11,86,-0.00568988538907517
A11,87,-0.0059761533384107765
A11,88,-0.005987451149945006
A11,89,-0.006350628309162422
A11,90,-0.006680236002878467
A11,91,-0.006466464668838459
A11,92,-0.00625647361393644
A11,93,-0.006330954754146295
A11,94,-0.006382712079109165
A11,95,-0.006367462346864527
A11,96,-0.00652797329953373
A11,97,-0.006451890185153188
A11,98,-0.00633524714039087
A11,99,-0.0063546306301105575
A11,100,-0.006364076521014234
A11,101,-0.006722206836572756
A11,102,-0.007002957941825462
A11,103,-0.006901684448804993
A11,104,-0.006998052522545772
A11,105,-0.006956739684609482
A11,106,-0.006966978388845521
A11,107,-0.007183170124232113
A11,108,-0.007309878003917925
A11,109,-0.007474673332774472
A11,110,-0.007659090614494187
A11,111,-0.007969602992197213
A11,112,-0.008085293807584193
A11,113,-0.008234297374272385
A11,114,-0.008329616626520743
A11,115,-0.008426661254747368
A11,116,-0.008633971176719464
A11,117,-0.0090234028436431
A11,118,-0.009326609443776725
A11,119,-0.009598027029454856
A11,120,-0.009856506863528432
A11,121,-0.010020038697680717
A11,122,-0.010104605110542413
A11,123,-0.010453679339380809
A11,124,-0.010729312125807643
A11,125,-0.011035468184496623
A11,126,-0.0113761895326408
A11,127,-0.011782603375909305
A11,128,-0.012113044898647441
A11,129,-0.012448893745972158
A11,130,-0.012874140688173472
A11,131,-0.01311452188191107
A11,132,-0.01320220808335362
A11,133,-0.013329797818370074
A11,134,-0.013370582112267918
A11,135,-0.013311998643169266
A11,136,-0.013458690931016828
A11,137,-0.013673804051084228
A11,138,-0.013898348690447353
A11,139,-0.013845738492747738
A11,140,-0.013911899295331837
A11,141,-0.01399873650498145
A11,142,-0.014062026040906506
A11,143,-0.014379341257667136
A11,144,-0.014739459584550405
A11,145,-0.014954528454210978
A11,146,-0.015209291721894376
A11,147,-0.015480697398632181
A11,148,-0.01570088841681439
A11,149,-0.01594518877683285
A11,150,-0.01623944967667148
A11,151,-0.016526444727222242
A11,152,-0.016768886926086714
A11,153,-0.01698910498515315
A11,154,-0.017221106146977982
A11,155,-0.01749300934004003
A11,156,-0.01771414825863493
A11,157,-0.017884590901771493
A11,158,-0.018130851019784
A11,159,-0.018270793481253083
A11,160,-0.01843438294742986
A11,161,-0.018605362079194606
A11,162,-0.01889500818973067
A11,163,-0.019142772960956497
A11,164,-0.01926681178856969
A11,165,-0.019325510268669965
A11,166,-0.019384289344852774
A11,167,-0.01944970237465673
A11,168,-0.019347368871554804
A11,169,-0.019313088902086707
A11,170,-0.019270848565473862
A11,171,-0.019261293750400695
A11,172,-0.019449109755974383
A11,173,-0.019636479323655556
A11,174,-0.019690234197089148
A11,175,-0.019870381811673606
A11,176,-0.020042445337794857
A11,177,-0.02023937713949049
A11,178,-0.020415003879165044
A11,179,-0.020723667071818434
A11,180,-0.021012732692304064
A11,181,-0.02128012123080535
A11,182,-0.02153587652625338
A11,183,-0.021827631817432976
A11,184,-0.02215668338506327
A11,185,-0.02241386263672996
A11,186,-0.022724550837534038
A11,187,-0.02297643211872705
A11,188,-0.023187465741053553
A11,189,-0.023292617557256905
A11,190,-0.02335335225980555
A11,191,-0.023392914024138876
A11,192,-0.02351676219666168
A11,193,-0.02354234471173599
A11,194,-0.023501877308085437
A11,195,-0.023458567411797592
A11,196,-0.023433045178494188
A11,197,-0.02347046219938733
A11,198,-0.023600404603185042
A11,199,-0.02368689023498392
A11,200,-0.02363553922677483
A11,201,-0.023656122938319684
A11,202,-0.02378121252343271
A11,203,-0.023904395044451698
A11,204,-0.024114543513485784
A11,205,-0.02427295099745594
A11,206,-0.024451804176216996
A11,207,-0.024645036828264112
A11,208,-0.02485728422992914
A11,209,-0.025051276235926512
A11,210,-0.02530662688015572
A11,211,-0.0255319155325287
A11,212,-0.02574092316167348
A11,213,-0.02596658089752778
A11,214,-0.026085361522405343
A11,215,-0.026343292543435128
A11,216,-0.02647021647665667
A11,217,-0.026563192605973
A11,218,-0.026470984039221733
A11,219,-0.026316987765850317
A11,220,-0.026269913568030427
A11,221,-0.026272194844662422
A11,222,-0.026268137376570612
A11,223,-0.026278945264133168
A11,224,-0.026241812777581242
A11,225,-0.0262019206758424
A11,226,-0.0262163853661752
A11,227,-0.02612035720718211
A11,228,-0.0259412729491616
A11,229,-0.025914738782126114
A11,230,-0.026008531465258253
A11,231,-0.02618954961904878
A11,232,-0.026330717449338088
A11,233,-0.026444298425078904
A11,234,-0.026615705959269816
A11,235,-0.026738323141109206
A11,236,-0.0269480131006785
A11,237,-0.027239322484370297
A11,238,-0.027455866861024858
A11,239,-0.027729401835690188
A11,240,-0.027844958077652474
A11,241,-0.02812449724067868
A11,242,-0.028290337404621176
A11,243,-0.028475979154213567
A11,244,-0.02857357012519812
A11,245,-0.028584716249511217
A11,246,-0.02856825361532673
A11,247,-0.02829392430562147
A11,248,-0.02822613476586387
A11,249,-0.028156523996109524
A11,250,-0.028086330552938212
A11,251,-0.028025385467194006
A11,252,-0.027969889557606122
A11,253,-0.027886630465890003
A11,254,-0.027857460104453537
A11,255,-0.02764915798591584
A11,256,-0.02747413201624688
A11,257,-0.027318573546640235
A11,258,-0.027305033111142154
A11,259,-0.027411349304735294
A11,260,-0.027509438485815794
A11,261,-0.02762404210318624
A11,262,-0.02769638691706018
A11,263,-0.027930905485957166
A11,264,-0.028163525154723982
A11,265,-0.02832878007829004
A11,266,-0.02851034805073196
A11,267,-0.028707807355694993
A11,268,-0.028893833954504722
A11,269,-0.02913408891411862
A11,270,-0.029304782433340486
A11,271,-0.02946728407948991
A11,272,-0.029522349349794672
A11,273,-0.02957887658547563
A11,274,-0.029476797214529803
A11,275,-0.029285930359408574
A11,276,-0.029193455228812146
A11,277,-0.029196445299506806
A11,278,-0.029155478675187717
A11,279,-0.029095982181311916
A11,280,-0.029040688602313482
A11,281,-0.029019460248921762
A11,282,-0.02899362409651509
A11,283,-0.028843856629673866
A11,284,-0.02861055858770381
A11,285,-0.028365930242877976
A11,286,-0.028282505466650436
A11,287,-0.028333391494330163
A11,288,-0.028494225054311786
A11,289,-0.028576976003306505
A11,290,-0.028678188286710152
A11,291,-0.028773876733534588
A11,292,-0.028909538865271117
A11,293,-0.02908829479738184
A11,294,-0.029202375215599957
A11,295,-0.02935964531748945
A11,296,-0.029580184749466776
A11,297,-0.02973247477792105
A11,298,-0.029927350762272615
A11,299,-0.029994104106281977
A11,300,-0.030045689031855047
A11,301,-0.030031086555469717
A11,302,-0.029875096600554096
A11,303,-0.02964970108090541
A11,304,-0.029494859944343012
A11,305,-0.02949895785888994
A11,306,-0.029498297207553387
A11,307,-0.02951232098900461
A11,308,-0.029516346246468827
A11,309,-0.029496328321030083
A11,310,-0.02948596858258165
A11,311,-0.02931046287696019
A11,312,-0.029028006753296337
A11,313,-0.028710129731110576
A11,314,-0.028491749042745082
A11,315,-0.028592302984820846
A11,316,-0.02864609633544443
A11,317,-0.028739867474258548
A11,318,-0.028777457123834633
A11,319,-0.02886877746543062
A11,320,-0.029074126787252554
A11,321,-0.029202677890276866
A11,322,-0.029338007619861405
A11,323,-0.029450563367137868
A11,324,-0.02968554164638156
A11,325,-0.029817828982562133
A11,326,-0.029838590646242433
A11,327,-0.029942653253773693
A11,328,-0.02992837965856776
A11,329,-0.02991209928075381
A11,330,-0.02978082165222709
A11,331,-0.029552500231208246
A11,332,-0.02941995776614028
A11,333,-0.02937969140849468
A11,334,-0.029388559198652922
A11,335,-0.029391607967940034
A11,336,-0.029394233872824825
A11,337,-0.02938250240592762
A11,338,-0.029314465307575963
A11,339,-0.029221510980508802
A11,340,-0.028965124054230757
A11,341,-0.028773381616315277
A11,342,-0.02862205802048922
A11,343,-0.028603671397819573
A11,344,-0.028639148250705827
A11,345,-0.028783505409939965
A11,346,-0.02892017773426803
A11,347,-0.02909360052704142
A11,348,-0.0292383178866401
A11,349,-0.029251323684340445
A11,350,-0.02929630730151801
A11,351,-0.029338824002159977
A11,352,-0.029476813526735583
A11,353,-0.029506640235704505
A11,354,-0.029495120395968848
A11,355,-0.0295530810791079
A11,356,-0.02951110909999597
A11,357,-0.029432065054549476
A11,358,-0.029357892667122576
A11,359,-0.02919793110510079
A11,360,-0.029146174328827917
A11,361,-0.029122630122633567
A11,362,-0.029049550682768484
A11,363,-0.02897906536449866
A11,364,-0.028912824915832514
A11,365,-0.028850218585922953
A11,366,-0.02878507175689599
A11,367,-0.028759273262335502
A11,368,-0.02871237287305421
A11,369,-0.02854366730633871
A11,370,-0.028498541498654825
A11,371,-0.02857061792950648
A11,372,-0.02868237187743661
A11,373,-0.028936137680193565
A11,374,-0.0289300195988073
A11,375,-0.02907590820731504
A11,376,-0.029174755153497243
A11,377,-0.02921049663794228
A11,378,-0.029270700091775407
A11,379,-0.02938986256156631
A11,380,-0.029393745763549885
A11,381,-0.029492123697052185
A11,382,-0.029499899356448298
A11,383,-0.029521577142438978
A11,384,-0.029497360467943903
A11,385,-0.029463770753651183
A11,386,-0.02934072224130094
A11,387,-0.029356860549009055
A11,388,-0.02945425069458819
A11,389,-0.029418441706241884
A11,390,-0.029378988332587463
A11,391,-0.029342562930378895
A11,392,-0.02928910650163885
A11,393,-0.02923169001905112
A11,394,-0.029192851467133307
A11,395,-0.029279325033606002
A11,396,-0.029360728068871533
A11,397,-0.02938927440792138
A11,398,-0.02939134147527615
A11,399,-0.02940684362235938
A11,400,-0.029405744443637277
A11,401,-0.029520270996491443
A11,402,-0.029616786406276817
A11,403,-0.029672920939726035
A11,404,-0.029647555484469967
A11,405,-0.029688143323043082
A11,406,-0.02987846108976357
A11,407,-0.02993844257769627
A11,408,-0.030057320309671093
A11,409,-0.030140187425085466
A11,410,-0.030229529055228258
A11,411,-0.030364958794859304
A11,412,-0.0303189920886961
A11,413,-0.03025500725359385
A11,414,-0.0302400555064677
A11,415,-0.0303669110796613
A11,416,-0.030478182580022297
A11,417,-0.03044680626861443
A11,418,-0.03045422921083188
A11,419,-0.03047564054337582
A11,420,-0.030494844958080726
A11,421,-0.030517777953387806
A11,422,-0.030541305160685803
A11,423,-0.03066291477486209
A11,424,-0.030832454901386714
A11,425,-0.030773868298487862
A11,426,-0.030786821434982257
A11,427,-0.030913594898372858
A11,428,-0.03099114287895435
A11,429,-0.031140073426063012
A11,430,-0.031182986983285872
A11,431,-0.031218478066191265
A11,432,-0.03128203306893543
A11,433,-0.031393298911066334
A11,434,-0.0314964512003446
A11,435,-0.03163490734649688
A11,436,-0.03168222511670467
A11,437,-0.031691722354564245
A11,438,-0.031791433071185995
A11,439,-0.03198903096522552
A11,440,-0.03203580116369238
A11,441,-0.03211097865014779
A11,442,-0.03212042934682901
A11,443,-0.03233248656435724
A11,444,-0.03267013577836267
A11,445,-0.03272404320466959
A11,446,-0.03276916506616599
A11,447,-0.032824167551413846
A11,448,-0.03286031029894045
A11,449,-0.03290317854789273
A11,450,-0.032979997144451684
A11,451,-0.03325302779258689
A11,452,-0.03355152309821037
A11,453,-0.0335925712263085
A11,454,-0.033653448806735646
A11,455,-0.03376492167997511
A11,456,-0.03400714600293788
A11,457,-0.03428507664658263
A11,458,-0.03453256973930385
A11,459,-0.03473381661840638
A11,460,-0.03489251584022443
A11,461,-0.03521953870459285
A11,462,-0.03537642507054114
A11,463,-0.03563956391396051
A11,464,-0.03587409488067422
A11,465,-0.03616973886404946
A11,466,-0.03645662298130433
A11,467,-0.03676682984456668
A11,468,-0.03690253228699072
A11,469,-0.037058131815067265
A11,470,-0.03716920351709374
A11,471,-0.03750058685486608
A11,472,-0.03773656837765068
A11,473,-0.03781171791249347
A11,474,-0.03783648328022123
A11,475,-0.03790121460921515
A11,476,-0.037926737737080704
A11,477,-0.0379409820469581
A11,478,-0.03804200970750217
A11,479,-0.038237573618731875
A11,480,-0.03848166011435333
A11,481,-0.0385732509530574
A11,482,-0.038642008168197274
A11,483,-0.03875005450856201
A11,484,-0.038986197007194245
A11,485,-0.039304498373108517
A11,486,-0.03947875117232889
A11,487,-0.03972747458644869
A11,488,-0.03999623484920721
A11,489,-0.04022669358850893
A11,490,-0.04048423106900978
A11,491,-0.04078743973868288
A11,492,-0.04111480430348653
A11,493,-0.04125039334374068
A11,494,-0.04153965636196821
A11,495,-0.04174440378036336
A11,496,-0.04196071563359516
A11,497,-0.04214408195408217
A11,498,-0.04226572164320895
A11,499,-0.04255648185654957
A11,500,-0.04276356561738497
A11,501,-0.04289892191081068
A11,502,-0.042950207574426254
A11,503,-0.042969627209151894
A11,504,-0.043010056039583654
A11,505,-0.043058215040502695
A11,506,-0.043174288012568555
A11,507,-0.04342004439744464
A11,508,-0.04366280147179619
A11,509,-0.043791326178356155
A11,510,-0.04384986242065708
A11,511,-0.04395827815374735
A11,512,-0.04416389934235981
A11,513,-0.04444036395425233
A11,514,-0.044672851884128506
A11,515,-0.04500254718861195
A11,516,-0.045340241580276636
A11,517,-0.04570946230358143
A11,518,-0.04603325114643262
A11,519,-0.046358532099476345
A11,520,-0.046596002758069466
A11,521,-0.04704184491203031
A11,522,-0.04745027178098376
A11,523,-0.047662582893711454
A11,524,-0.04789655716966885
A11,525,-0.04810129106241919
A11,526,-0.04833136354775335
A11,527,-0.048613450402213425
A11,528,-0.048850909700356146
A11,529,-0.049005937445408154
A11,530,-0.049087286501935085
A11,531,-0.049170629869202336
A11,532,-0.04923761057971226
A11,533,-0.049308276808329235
A11,534,-0.049383041962848095
A11,535,-0.04959251157891694
A11,536,-0.04994110111217195
A11,537,-0.0501931024152806
A11,538,-0.050308250544456215
A11,539,-0.050487829248813856
A11,540,-0.05079076015541203
A11,541,-0.05114842982430688
A11,542,-0.05146859545549957
A11,543,-0.051861340828944655
A11,544,-0.05228979833703284
A11,545,-0.052721180480238425
A11,546,-0.05314281349675956
A11,547,-0.05347416139384171
A11,548,-0.05397860823093018
A11,549,-0.05426144662564157
A11,550,-0.05459656698391259
A11,551,-0.0549315352730635
A11,552,-0.05516149423344938
A11,553,-0.055469285802832766
A11,554,-0.05569250190834357
A11,555,-0.05592996443612718
A11,556,-0.056122389457839254
A11,557,-0.056196248333396544
A11,558,-0.05626778814068288
A11,559,-0.056356339615325365
A11,560,-0.05643132718776043
A11,561,-0.05652971872664013
A11,562,-0.05662945532048925
A11,563,-0.056907647117526744
A11,564,-0.057244273198925846
A11,565,-0.05754782614483737
A11,566,-0.057869818633763434
A11,567,-0.058205363845372206
A11,568,-0.058504829216024394
A11,569,-0.05896237423080631
A11,570,-0.05934591846848825
A11,571,-0.05983375599835389
A11,572,-0.060349339809836484
A11,573,-0.06089456925807285
A11,574,-0.06138307900856925
A11,575,-0.06178004154794781
A11,576,-0.06215555647693986
A11,577,-0.06253451340690995
A11,578,-0.06309597315077187
A11,579,-0.06350814010763649
A11,580,-0.06388150312435731
A11,581,-0.0642395754099871
A11,582,-0.06464906921734692
A11,583,-0.06501659830638412
A11,584,-0.0652600412112345
A11,585,-0.06540616758467606
A11,586,-0.0654977384896327
A11,587,-0.065578614740238
A11,588,-0.06568254929273623
A11,589,-0.06575310174586511
A11,590,-0.06591106971861377
A11,591,-0.06623797096846559
A11,592,-0.06654431055863468
A11,593,-0.06686385152129537
A11,594,-0.06724959796074967
A11,595,-0.06765217437303746
A11,596,-0.06810540602621659
A11,597,-0.068545721292855
A11,598,-0.06913831088516711
A11,599,-0.0696700765110358
A11,600,-0.07015426750165114
A11,601,-0.07075744175735042
A11,602,-0.07137393663780865
A11,603,-0.07182217033864806
A11,604,-0.07231282257950926
A11,605,-0.07285693918308628
A11,606,-0.07322680006728195
A11,607,-0.07370472126865629
A11,608,-0.07413304932723429
A11,609,-0.07456864781008347
A11,610,-0.07497925753085619
A11,611,-0.07525933744713142
A11,612,-0.07541572339589966
A11,613,-0.07556194160468206
A11,614,-0.07566288714077447
A11,615,-0.07573877458416073
A11,616,-0.07581314889217872
A11,617,-0.07586629659996812
A11,618,-0.07597747873722603
A11,619,-0.07620175707859503
A11,620,-0.07653812306439262
A11,621,-0.07683410564918022
A11,622,-0.0771467714401561
A11,623,-0.07758968390469582
A11,624,-0.07815985395570609
A11,625,-0.078741340506125
A11,626,-0.07930652662535151
A11,627,-0.07988829158792808
A11,628,-0.08033496937208731
A11,629,-0.08090840292165663
A11,630,-0.08155011588974254
A11,631,-0.08216170148380965
A11,632,-0.08277545170056896
A11,633,-0.0832617192582224
A11,634,-0.08369413837539491
A11,635,-0.08410553619383436
A11,636,-0.08456283145967937
A11,637,-0.08507863712385347
A11,638,-0.08546552259457574
A11,639,-0.08576460244475635
A11,640,-0.0859450873536953
A11,641,-0.08601782474633213
A11,642,-0.08603062419065395
A11,643,-0.08598765662833241
A11,644,-0.08596477204743959
A11,645,-0.08597335745032743
A11,646,-0.08598204075312485
A11,647,-0.08625055714202226
A11,648,-0.08643768210040206
A11,649,-0.0867586552727774
A11,650,-0.0871838961665554
A11,651,-0.08772654133681339
A11,652,-0.08824432895741986
A11,653,-0.08883625208694168
A11,654,-0.08942669592960417
A11,655,-0.09007556825703827
A11,656,-0.09074857588712215
A11,657,-0.09144539778145501
A11,658,-0.09217606705693403
A11,659,-0.09274814636773494
A11,660,-0.09334916211748964
A11,661,-0.0939638725941028
A11,662,-0.09453998190455581
A11,663,-0.09514369197751898
A11,664,-0.0956466738388301
A11,665,-0.09614503123669582
A11,666,-0.09660868179289088
A11,667,-0.09685361098798935
A11,668,-0.09702253849391841
A11,669,-0.0970283769969243
A11,670,-0.09696270297473146
A11,671,-0.09688317641373989
A11,672,-0.09685039349829169
A11,673,-0.09679454123750446
A11,674,-0.09678328706674637
A11,675,-0.09678686872294096
A11,676,-0.09685259254111878
A11,677,-0.09707877597491202
A11,678,-0.09733626722312243
A11,679,-0.09759858560145536
A11,680,-0.09789986419974187
A11,681,-0.09831068189129355
A11,682,-0.09871063062260822
A11,683,-0.09906756236540372
A11,684,-0.09939826879236177
A11,685,-0.0996915620334718
A11,686,-0.10002916242597494
A11,687,-0.10042916216685009
A11,688,-0.1007602786866849
A11,689,-0.10107055971215649
A11,690,-0.10139226194392303
A11,691,-0.10177076392105593
A11,692,-0.10208580787412581
A11,693,-0.10237052210253804
A11,694,-0.10260211343687328
A11,695,-0.10274765317377978
A11,696,-0.10282475071745577
A11,697,-0.10286691911873318
A11,698,-0.10289403576256646
A11,699,-0.10283739695428262
A11,700,-0.10277992382913215
A11,701,-0.10275359831074171
A11,702,-0.10270687726855365
A11,703,-0.10264005202191676
A11,704,-0.10263048010743615
A11,705,-0.10266105386961641
A11,706,-0.10277264945809077
A11,707,-0.10285954687283885
A11,708,-0.10298215072932868
A11,709,-0.10314862231379403
A11,710,-0.10328402729810104
A11,711,-0.10350600182828126
A11,712,-0.10370592150693986
A11,713,-0.10390899375400794
A11,714,-0.10404877955836905
A11,715,-0.10421518977127332
A11,716,-0.10441316492901703
A11,717,-0.10458089711383534
A11,718,-0.10467283190961098
A11,719,-0.10486786778615154
A11,720,-0.10497998953700831
A11,721,-0.10504884039681496
A11,722,-0.10502378184644202
A11,723,-0.10497968773368221
A11,724,-0.10500912829956263
A11,725,-0.1049300258679139
A11,726,-0.10488410420798182
A11,727,-0.10478512173902885
A11,728,-0.10467566661392134
A11,729,-0.10459991511366559
A11,730,-0.10451382598624553
A11,731,-0.10444009282158813
A11,732,-0.10439559937642649
A11,733,-0.10440068203426002
A11,734,-0.10437794123544292
A11,735,-0.10441458117204844
A11,736,-0.10439284932268926
A11,737,-0.104365909756493
A11,738,-0.10431847071751697
A11,739,-0.10433452621334988
A11,740,-0.10440441737571635
A11,741,-0.10451342084633053
A11,742,-0.10464304322863918
A11,743,-0.10469733975351164
A11,744,-0.10479394237370995
A11,745,-0.10482049130415179
A11,746,-0.10470865693186482
A11,747,-0.10460470746340686
A11,748,-0.10449125214941218
A11,749,-0.10445742587399755
A11,750,-0.104409783049526
A11,751,-0.10439216608627783
A11,752,-0.10436942569984627
A11,753,-0.10432391161575703
A11,754,-0.10426678582142856
A11,755,-0.10418021816455506
A11,756,-0.10408736335134333
A11,757,-0.10399598454973806
A11,758,-0.10390888564870025
A11,759,-0.10382368650534808
A11,760,-0.10372072862084779
A11,761,-0.10361153830298513
A11,762,-0.10353773847170479
A11,763,-0.1034427535899521
A11,764,-0.1033436968167339
A11,765,-0.1032262727095015
A11,766,-0.1031172762189298
A11,767,-0.10306224566791995
A11,768,-0.10304221766353198
A11,769,-0.10298466386059159
A11,770,-0.10291237279014362
A11,771,-0.1027988040323484
A11,772,-0.10272383716218068
A11,773,-0.10262553920085185
A11,774,-0.1025539994114153
A11,775,-0.10241996134836184
A11,776,-0.10227122317211809
A11,777,-0.10220349975364466
A11,778,-0.10219525086784642
A11,779,-0.10220020291607214
A11,780,-0.10218733837088836
A11,781,-0.10221981225387383
A11,782,-0.10224265752324364
A11,783,-0.10230868352283681
fp16_boundary,1,8.101322104547459e-05
fp16_boundary,2,8.076098355956096e-05
fp16_boundary,3,-2.8266685349397856e-05
fp16_boundary,4,-9.086568815462826e-06
fp16_boundary,5,0.00010349097372335413
fp16_boundary,6,0.0001096187450510224
fp16_boundary,7,0.00013196830874476564
fp16_boundary,8,0.00012268562161439403
fp16_boundary,9,7.094924078064541e-05
fp16_boundary,10,0.00013028965167660378
fp16_boundary,11,0.00017857270678365363
fp16_boundary,12,0.0001832888420798861
fp16_boundary,13,0.0002027601877868767
fp16_boundary,14,0.00018855249709825452
fp16_boundary,15,0.00017656641855649045
fp16_boundary,16,0.00013998258236000685
fp16_boundary,17,8.283585546879896e-05
fp16_boundary,18,0.00010110438170887127
fp16_boundary,19,5.227531239941172e-05
fp16_boundary,20,4.911356795962716e-05
fp16_boundary,21,4.618135946255992e-05
fp16_boundary,22,0.00012034005814394718
fp16_boundary,23,0.00015608337228025106
fp16_boundary,24,0.0001749744348881627
fp16_boundary,25,0.00012888440702811868
fp16_boundary,26,8.882199939638228e-05
fp16_boundary,27,5.2862609664530736e-05
fp16_boundary,28,4.962337239242913e-05
fp16_boundary,29,4.614931027128656e-05
fp16_boundary,30,7.171993645049877e-05
fp16_boundary,31,7.0740990746246e-05
fp16_boundary,32,7.099904699996894e-05
fp16_boundary,33,3.959928323519669e-05
fp16_boundary,34,4.877686745013803e-06
fp16_boundary,35,-3.6312617301312084e-05
fp16_boundary,36,-9.449230752125469e-05
fp16_boundary,37,-0.00012627258647556486
fp16_boundary,38,-0.00013543851189107232
fp16_boundary,39,-0.00013369618534621135
fp16_boundary,40,-8.643121369239649e-05
fp16_boundary,41,-2.944754182106853e-05
fp16_boundary,42,-1.1337437061746014e-05
fp16_boundary,43,-2.5552983162192445e-05
fp16_boundary,44,1.3036966121455944e-07
fp16_boundary,45,-3.469993753872313e-05
fp16_boundary,46,-8.600714442036875e-06
fp16_boundary,47,-2.7841691197613305e-05
fp16_boundary,48,-4.9106510242178025e-05
fp16_boundary,49,-6.848486629575954e-05
fp16_boundary,50,-7.510187127916196e-05
fp16_boundary,51,-7.713070991173504e-05
fp16_boundary,52,-4.414334658811146e-05
fp16_boundary,53,6.651247370087246e-06
fp16_boundary,54,5.167678064684448e-05
fp16_boundary,55,9.218388194510986e-05
fp16_boundary,56,0.0001343649855568924
fp16_boundary,57,0.00015036999648292452
fp16_boundary,58,0.00016885073335637816
fp16_boundary,59,0.000164977244686719
fp16_boundary,60,0.00015749850175026327
fp16_boundary,61,0.0001490611919512386
fp16_boundary,62,0.00014375292198006424
fp16_boundary,63,0.00011144370837730272
fp16_boundary,64,0.0001322072881667956
fp16_boundary,65,9.380790490427944e-05
fp16_boundary,66,2.5894315504317513e-05
fp16_boundary,67,-1.9626417973833707e-05
fp16_boundary,68,-3.744117633292787e-05
fp16_boundary,69,-5.492659066530288e-05
fp16_boundary,70,-7.057705295578736e-05
fp16_boundary,71,-5.837182565376863e-05
fp16_boundary,72,-7.387226235453226e-05
fp16_boundary,73,-3.599920419138082e-05
fp16_boundary,74,-7.290066608902374e-05
fp16_boundary,75,-0.0001335220654572272
fp16_boundary,76,-0.0001446813219309829
fp16_boundary,77,-0.00018116392475842625
fp16_boundary,78,-0.00021332996022273572
fp16_boundary,79,-0.00024052001295390003
fp16_boundary,80,-0.0002605438014278146
fp16_boundary,81,-0.00027061662201833614
fp16_boundary,82,-0.00027243987374980143
fp16_boundary,83,-0.0002665106690957501
fp16_boundary,84,-0.00028473728204532803
fp16_boundary,85,-0.00027581348676438886
fp16_boundary,86,-0.00028393057804798936
fp16_boundary,87,-0.00027389170422308497
fp16_boundary,88,-0.0002836515207179057
fp16_boundary,89,-0.0003023630767132825
fp16_boundary,90,-0.0003412473833396394
fp16_boundary,91,-0.00038243763417394216
fp16_boundary,92,-0.00044783356665099774
fp16_boundary,93,-0.0005070376088401785
fp16_boundary,94,-0.0005480725140433211
fp16_boundary,95,-0.0005765388799683772
fp16_boundary,96,-0.0005904949801795878
fp16_boundary,97,-0.0006118014210170905
fp16_boundary,98,-0.0006761098365652095
fp16_boundary,99,-0.0006496481180389529
fp16_boundary,100,-0.0006594122998053734
fp16_boundary,101,-0.0007056794086955999
fp16_boundary,102,-0.0006804454934992964
fp16_boundary,103,-0.0007232749369041414
fp16_boundary,104,-0.0007368852534376928
fp16_boundary,105,-0.0007936106620321261
fp16_boundary,106,-0.0008061392182500721
fp16_boundary,107,-0.0008008342490413995
fp16_boundary,108,-0.0007667784768930383
fp16_boundary,109,-0.000726673715356546
fp16_boundary,110,-0.0007174646941953377
fp16_boundary,111,-0.0007097017618843402
fp16_boundary,112,-0.0007225136842948007
fp16_boundary,113,-0.0006835580119485508
fp16_boundary,114,-0.000676761627990964
fp16_boundary,115,-0.0006983242082690928
fp16_boundary,116,-0.0007008163081827677
fp16_boundary,117,-0.0007612015064888777
fp16_boundary,118,-0.000760809264677993
fp16_boundary,119,-0.0007057230269522552
fp16_boundary,120,-0.00065803618175036
fp16_boundary,121,-0.0006219350656804694
fp16_boundary,122,-0.000685285504515099
fp16_boundary,123,-0.0007694241806846107
fp16_boundary,124,-0.0008138030450851975
fp16_boundary,125,-0.0008600327287146116
fp16_boundary,126,-0.0009211888788499182
fp16_boundary,127,-0.0009605055745745729
fp16_boundary,128,-0.0009831584043027042
fp16_boundary,129,-0.0010034494663898406
fp16_boundary,130,-0.001029781421258127
fp16_boundary,131,-0.0010076519042012658
fp16_boundary,132,-0.0010118527237671215
fp16_boundary,133,-0.0010360846258379317
fp16_boundary,134,-0.0010599769850324129
fp16_boundary,135,-0.0010196894433143647
fp16_boundary,136,-0.0010351975431820302
fp16_boundary,137,-0.0010494180579897437
fp16_boundary,138,-0.001061131694484991
fp16_boundary,139,-0.0010324559477783558
fp16_boundary,140,-0.0010195459866141163
fp16_boundary,141,-0.001003832071726884
fp16_boundary,142,-0.0010133047628304518
fp16_boundary,143,-0.0010078552918686712
fp16_boundary,144,-0.0010058443444770915
fp16_boundary,145,-0.0010189767865239395
fp16_boundary,146,-0.0010383467340166733
fp16_boundary,147,-0.001059317789809563
fp16_boundary,148,-0.001088098422283504
fp16_boundary,149,-0.0011336262284365422
fp16_boundary,150,-0.0011557664708496571
fp16_boundary,151,-0.0011849768458602932
fp16_boundary,152,-0.0012199834749238299
fp16_boundary,153,-0.0012575487089154817
fp16_boundary,154,-0.001284568180883754
fp16_boundary,155,-0.0012913858344363424
fp16_boundary,156,-0.0013096211856842702
fp16_boundary,157,-0.001317873013964289
fp16_boundary,158,-0.001338536408572423
fp16_boundary,159,-0.0013615432257281115
fp16_boundary,160,-0.0013878328798941626
fp16_boundary,161,-0.00139924902774508
fp16_boundary,162,-0.0013970710151662142
fp16_boundary,163,-0.0013941873205517677
fp16_boundary,164,-0.0014143623534455182
fp16_boundary,165,-0.0014289792571940908
fp16_boundary,166,-0.001435633075346914
fp16_boundary,167,-0.0014429817623241054
fp16_boundary,168,-0.0014607337655341934
fp16_boundary,169,-0.0014744439186196098
fp16_boundary,170,-0.0014946598764025891
fp16_boundary,171,-0.0014870798906332077
fp16_boundary,172,-0.0014818190163058598
fp16_boundary,173,-0.0015059860617684232
fp16_boundary,174,-0.0015122221140731979
fp16_boundary,175,-0.001540067919459593
fp16_boundary,176,-0.0015683031156460525
fp16_boundary,177,-0.0015864915912802175
fp16_boundary,178,-0.0016174773999754872
fp16_boundary,179,-0.0016477036396645639
fp16_boundary,180,-0.0016637512158867221
fp16_boundary,181,-0.0016793336958700732
fp16_boundary,182,-0.0016938349246750056
fp16_boundary,183,-0.0016993827560948195
fp16_boundary,184,-0.0017121580183197028
fp16_boundary,185,-0.0017308246635451927
fp16_boundary,186,-0.001751861677248614
fp16_boundary,187,-0.001755462473115001
fp16_boundary,188,-0.0017738214761774873
fp16_boundary,189,-0.0017981064649077011
fp16_boundary,190,-0.0017915196580193175
fp16_boundary,191,-0.001801850608570646
fp16_boundary,192,-0.0018154562397590306
fp16_boundary,193,-0.001829735854535957
fp16_boundary,194,-0.0018282904073478408
fp16_boundary,195,-0.0018346556835362356
fp16_boundary,196,-0.0018392754113926095
fp16_boundary,197,-0.0018563712301195602
fp16_boundary,198,-0.0018599847838033472
fp16_boundary,199,-0.001872562198257619
fp16_boundary,200,-0.0018785135423181603
fp16_boundary,201,-0.0018895049727295952
fp16_boundary,202,-0.0018877878596200246
fp16_boundary,203,-0.0018940659650114211
fp16_boundary,204,-0.0019104898801613397
fp16_boundary,205,-0.0019231956311881854
fp16_boundary,206,-0.0019448483920232456
fp16_boundary,207,-0.0019639774491684177
fp16_boundary,208,-0.0019721685508204685
fp16_boundary,209,-0.0019917823850956096
fp16_boundary,210,-0.0020080284091552143
fp16_boundary,211,-0.002026160438842289
fp16_boundary,212,-0.0020345637757424933
fp16_boundary,213,-0.002045786678892698
fp16_boundary,214,-0.0020612505145000534
fp16_boundary,215,-0.002085941303659018
fp16_boundary,216,-0.0020922849834839673
fp16_boundary,217,-0.002100354651981806
fp16_boundary,218,-0.0020959509593535836
fp16_boundary,219,-0.0020942850252274863
fp16_boundary,220,-0.0020981337390232244
fp16_boundary,221,-0.002102734156633659
fp16_boundary,222,-0.002103034975043273
fp16_boundary,223,-0.0021053677382210493
fp16_boundary,224,-0.0021020386786156546
fp16_boundary,225,-0.002108218936668578
fp16_boundary,226,-0.0021136771521381424
fp16_boundary,227,-0.0021135884686017113
fp16_boundary,228,-0.002112439994727818
fp16_boundary,229,-0.0021046471117924645
fp16_boundary,230,-0.0021193662696085977
fp16_boundary,231,-0.0021262606936593223
fp16_boundary,232,-0.0021331066228132607
fp16_boundary,233,-0.0021378311469158677
fp16_boundary,234,-0.002150803622092293
fp16_boundary,235,-0.0021686603569172984
fp16_boundary,236,-0.002182092472449897
fp16_boundary,237,-0.002193283782854059
fp16_boundary,238,-0.002206224850610935
fp16_boundary,239,-0.0022162263641130344
fp16_boundary,240,-0.002227630658625253
fp16_boundary,241,-0.0022438056618969368
fp16_boundary,242,-0.0022654387574633952
fp16_boundary,243,-0.0022750483043750456
fp16_boundary,244,-0.0022713531486063827
fp16_boundary,245,-0.0022803087558649947
fp16_boundary,246,-0.0022960399099037922
fp16_boundary,247,-0.0022978344971007307
fp16_boundary,248,-0.0023167926731333444
fp16_boundary,249,-0.002319104615028878
fp16_boundary,250,-0.002322975421350298
fp16_boundary,251,-0.0023241324839996086
fp16_boundary,252,-0.0023239941978273064
fp16_boundary,253,-0.002330633226880461
fp16_boundary,254,-0.0023341948217395496
fp16_boundary,255,-0.0023312178229233076
fp16_boundary,256,-0.0023261211738229482
fp16_boundary,257,-0.002313691137907658
fp16_boundary,258,-0.0023242539769009773
fp16_boundary,259,-0.0023355252060046007
fp16_boundary,260,-0.0023423078540386237
fp16_boundary,261,-0.0023540735300692636
fp16_boundary,262,-0.0023683595400999296
fp16_boundary,263,-0.0023864367275037365
fp16_boundary,264,-0.002395552995892126
fp16_boundary,265,-0.002403462785395374
fp16_boundary,266,-0.0024062821024196266
fp16_boundary,267,-0.0024080082874210216
fp16_boundary,268,-0.002425777161592105
fp16_boundary,269,-0.0024305830490511018
fp16_boundary,270,-0.0024359111001670047
fp16_boundary,271,-0.002451853354043671
fp16_boundary,272,-0.002453867598855527
fp16_boundary,273,-0.0024695370341078697
fp16_boundary,274,-0.002474235238228021
fp16_boundary,275,-0.002474257173715605
fp16_boundary,276,-0.002476011670428914
fp16_boundary,277,-0.0024703414044234965
fp16_boundary,278,-0.002467600705325719
fp16_boundary,279,-0.002466617251454506
fp16_boundary,280,-0.00246846921376557
fp16_boundary,281,-0.002467007642900742
fp16_boundary,282,-0.0024677335758538617
fp16_boundary,283,-0.0024718872239554305
fp16_boundary,284,-0.0024755856620864705
fp16_boundary,285,-0.0024722609838651642
fp16_boundary,286,-0.0024776140531593445
fp16_boundary,287,-0.002488677450705172
fp16_boundary,288,-0.002500346157189549
fp16_boundary,289,-0.002520221039905447
fp16_boundary,290,-0.002539420384419367
fp16_boundary,291,-0.0025468421664091878
fp16_boundary,292,-0.0025565252717243032
fp16_boundary,293,-0.0025648657759747575
fp16_boundary,294,-0.002567711189569814
fp16_boundary,295,-0.002561664195544775
fp16_boundary,296,-0.0025719485165534395
fp16_boundary,297,-0.002578070308135842
fp16_boundary,298,-0.0025807285770916804
fp16_boundary,299,-0.002606928905189634
fp16_boundary,300,-0.002619486246788746
fp16_boundary,301,-0.0026224266249348397
fp16_boundary,302,-0.002619737898864297
fp16_boundary,303,-0.0026185088960556237
fp16_boundary,304,-0.0026204763460133044
fp16_boundary,305,-0.0026273599456666905
fp16_boundary,306,-0.0026257937761803725
fp16_boundary,307,-0.002614376390811689
fp16_boundary,308,-0.0026069967981600943
fp16_boundary,309,-0.0026121687578258375
fp16_boundary,310,-0.0026167668375805726
fp16_boundary,311,-0.0026212732266817917
fp16_boundary,312,-0.0026238240767100796
fp16_boundary,313,-0.002637924164500255
fp16_boundary,314,-0.0026410114960883175
fp16_boundary,315,-0.0026589580758874377
fp16_boundary,316,-0.0026787539242230673
fp16_boundary,317,-0.0026703256383625146
fp16_boundary,318,-0.0026871214921650377
fp16_boundary,319,-0.0027028076998873466
fp16_boundary,320,-0.002715196402272269
fp16_boundary,321,-0.002718900875205266
fp16_boundary,322,-0.0027355829509235364
fp16_boundary,323,-0.00274471273865372
fp16_boundary,324,-0.002758768818810015
fp16_boundary,325,-0.0027650091439283477
fp16_boundary,326,-0.0027833872602978835
fp16_boundary,327,-0.0027839844042922878
fp16_boundary,328,-0.0028073189038208676
fp16_boundary,329,-0.0028170914149108707
fp16_boundary,330,-0.002825044725790736
fp16_boundary,331,-0.0028383621841598285
fp16_boundary,332,-0.0028483393176879103
fp16_boundary,333,-0.0028434876705231297
fp16_boundary,334,-0.0028413175609002988
fp16_boundary,335,-0.0028351242747269596
fp16_boundary,336,-0.002836210372852948
fp16_boundary,337,-0.002836787778765972
fp16_boundary,338,-0.002843442915714683
fp16_boundary,339,-0.0028476262117848794
fp16_boundary,340,-0.002861303239618964
fp16_boundary,341,-0.002875692667891618
fp16_boundary,342,-0.002877861406207643
fp16_boundary,343,-0.0028866417974689504
fp16_boundary,344,-0.0029058134046602685
fp16_boundary,345,-0.002921010021648842
fp16_boundary,346,-0.002936580919999914
fp16_boundary,347,-0.0029712845371912397
fp16_boundary,348,-0.002991680783086757
fp16_boundary,349,-0.003008899368731025
fp16_boundary,350,-0.0030154638959927443
fp16_boundary,351,-0.0030290800575887354
fp16_boundary,352,-0.0030449245021211316
fp16_boundary,353,-0.003052396356748689
fp16_boundary,354,-0.0030730510419205636
fp16_boundary,355,-0.0030841952483232587
fp16_boundary,356,-0.0031045357157895048
fp16_boundary,357,-0.003109819483366375
fp16_boundary,358,-0.003111743744905717
fp16_boundary,359,-0.003115526596654321
fp16_boundary,360,-0.0031195451205039133
fp16_boundary,361,-0.0031137938416569613
fp16_boundary,362,-0.0031095937955440225
fp16_boundary,363,-0.003105575801385464
fp16_boundary,364,-0.0031017120862697816
fp16_boundary,365,-0.0030988170610090323
fp16_boundary,366,-0.0030936171345718206
fp16_boundary,367,-0.003107041139259011
fp16_boundary,368,-0.003096927407027526
fp16_boundary,369,-0.003095668065499315
fp16_boundary,370,-0.0031193444206354414
fp16_boundary,371,-0.003129304056559946
fp16_boundary,372,-0.0031419211489665247
fp16_boundary,373,-0.0031511616736605978
fp16_boundary,374,-0.0031601061060252725
fp16_boundary,375,-0.003170805467689213
fp16_boundary,376,-0.0031941778736114925
fp16_boundary,377,-0.0032059311834717486
fp16_boundary,378,-0.00321395985073596
fp16_boundary,379,-0.003220346027874701
fp16_boundary,380,-0.0032331516600297757
fp16_boundary,381,-0.003236875413496358
fp16_boundary,382,-0.003252154833056282
fp16_boundary,383,-0.0032746339108860214
fp16_boundary,384,-0.0032900692510918414
fp16_boundary,385,-0.003298715577379938
fp16_boundary,386,-0.003321846076213819
fp16_boundary,387,-0.003340847338611929
fp16_boundary,388,-0.003339134521155996
fp16_boundary,389,-0.0033417848779927015
fp16_boundary,390,-0.003334947101142136
fp16_boundary,391,-0.003331691825428957
fp16_boundary,392,-0.0033283377967623195
fp16_boundary,393,-0.003329861766900056
fp16_boundary,394,-0.0033319808216015355
fp16_boundary,395,-0.003345175355693132
fp16_boundary,396,-0.0033428202609651287
fp16_boundary,397,-0.0033476353543945014
fp16_boundary,398,-0.003363354155588485
fp16_boundary,399,-0.0033681895067549233
fp16_boundary,400,-0.003384724441700959
fp16_boundary,401,-0.0033948404953236984
fp16_boundary,402,-0.003403606146918379
fp16_boundary,403,-0.0034175081030403225
fp16_boundary,404,-0.0034313768917818795
fp16_boundary,405,-0.0034550399777615215
fp16_boundary,406,-0.003465804116569993
fp16_boundary,407,-0.003481719945916107
fp16_boundary,408,-0.0034945761386170914
fp16_boundary,409,-0.003506612765559702
fp16_boundary,410,-0.0035161501016567173
fp16_boundary,411,-0.0035430620302600658
fp16_boundary,412,-0.003563914000095178
fp16_boundary,413,-0.0035871181038086885
fp16_boundary,414,-0.0035940418259535925
fp16_boundary,415,-0.003594584171020314
fp16_boundary,416,-0.0035994035348424166
fp16_boundary,417,-0.003593508816328517
fp16_boundary,418,-0.003581784229040089
fp16_boundary,419,-0.003572257162510874
fp16_boundary,420,-0.003568816780468444
fp16_boundary,421,-0.0035636658393997573
fp16_boundary,422,-0.003556558566215748
fp16_boundary,423,-0.0035503422854416926
fp16_boundary,424,-0.003559964408071461
fp16_boundary,425,-0.0035755046933716107
fp16_boundary,426,-0.0035938347664384337
fp16_boundary,427,-0.003615655511273179
fp16_boundary,428,-0.003638000614686158
fp16_boundary,429,-0.0036561744403611927
fp16_boundary,430,-0.003661606894347104
fp16_boundary,431,-0.0036747304766347353
fp16_boundary,432,-0.0036807349620992416
fp16_boundary,433,-0.0036911300377632187
fp16_boundary,434,-0.0037051299142529465
fp16_boundary,435,-0.0037213612693206624
fp16_boundary,436,-0.0037279708853424232
fp16_boundary,437,-0.0037363687719129783
fp16_boundary,438,-0.0037518082755514854
fp16_boundary,439,-0.0037790291791485933
fp16_boundary,440,-0.00379077941642052
fp16_boundary,441,-0.003797485637490557
fp16_boundary,442,-0.0038031041459676267
fp16_boundary,443,-0.0038102277556557765
fp16_boundary,444,-0.003819209738351235
fp16_boundary,445,-0.003818577191376508
fp16_boundary,446,-0.0038124777868488446
fp16_boundary,447,-0.003801571889712705
fp16_boundary,448,-0.0037970265826745564
fp16_boundary,449,-0.0037932966674644178
fp16_boundary,450,-0.003787437662265997
fp16_boundary,451,-0.0037822438160768712
fp16_boundary,452,-0.003782929120845076
fp16_boundary,453,-0.0037866954805865862
fp16_boundary,454,-0.003793080238808619
fp16_boundary,455,-0.003808618299084422
fp16_boundary,456,-0.0038191090787210715
fp16_boundary,457,-0.0038440625365772974
fp16_boundary,458,-0.0038541399238997327
fp16_boundary,459,-0.0038646740362008633
fp16_boundary,460,-0.003874869864649875
fp16_boundary,461,-0.003891433426397021
fp16_boundary,462,-0.003919439652331122
fp16_boundary,463,-0.003930384740502296
fp16_boundary,464,-0.003952972496155011
fp16_boundary,465,-0.003961851122309734
fp16_boundary,466,-0.003973446995085724
fp16_boundary,467,-0.003975266085103377
fp16_boundary,468,-0.003982665353356367
fp16_boundary,469,-0.003984226914588665
fp16_boundary,470,-0.003984607450605094
fp16_boundary,471,-0.003986553459899788
fp16_boundary,472,-0.003983058124637453
fp16_boundary,473,-0.003985012707039526
fp16_boundary,474,-0.003985317044431762
fp16_boundary,475,-0.003977441511435267
fp16_boundary,476,-0.003979099875888118
fp16_boundary,477,-0.003976461407851078
fp16_boundary,478,-0.003973514435241685
fp16_boundary,479,-0.003982586612105805
fp16_boundary,480,-0.003993464522856462
fp16_boundary,481,-0.0040065150056877085
fp16_boundary,482,-0.004029436423551992
fp16_boundary,483,-0.00404032297764591
fp16_boundary,484,-0.004058944714523814
fp16_boundary,485,-0.004075981889729309
fp16_boundary,486,-0.004092263464949535
fp16_boundary,487,-0.004104916182823372
fp16_boundary,488,-0.004119554593978104
fp16_boundary,489,-0.004132262719358606
fp16_boundary,490,-0.004158091232031581
fp16_boundary,491,-0.00417438168301831
fp16_boundary,492,-0.004195993129449227
fp16_boundary,493,-0.004218722873594835
fp16_boundary,494,-0.0042274304917285415
fp16_boundary,495,-0.004253049834888313
fp16_boundary,496,-0.004274204810179723
fp16_boundary,497,-0.004288047703223782
fp16_boundary,498,-0.00429796563793696
fp16_boundary,499,-0.004318651348824549
fp16_boundary,500,-0.004335396576815864
fp16_boundary,501,-0.0043459801048941855
fp16_boundary,502,-0.0043395790506548055
fp16_boundary,503,-0.0043376175738117665
fp16_boundary,504,-0.004336613302207435
fp16_boundary,505,-0.004340063343186049
fp16_boundary,506,-0.004354703153585523
fp16_boundary,507,-0.004367099628375459
fp16_boundary,508,-0.0043838130677542955
fp16_boundary,509,-0.004384454430740032
fp16_boundary,510,-0.004410546297360951
fp16_boundary,511,-0.004426776183416255
fp16_boundary,512,-0.004449414161387797
fp16_boundary,513,-0.004462104790746982
fp16_boundary,514,-0.004473517592322856
fp16_boundary,515,-0.004490341388237005
fp16_boundary,516,-0.004502732011525359
fp16_boundary,517,-0.004506706962889521
fp16_boundary,518,-0.004520990403194164
fp16_boundary,519,-0.004542739396679255
fp16_boundary,520,-0.004564478159278723
fp16_boundary,521,-0.004583084055531686
fp16_boundary,522,-0.004588159206223331
fp16_boundary,523,-0.004605613139336388
fp16_boundary,524,-0.0046104542402059644
fp16_boundary,525,-0.004612600208510464
fp16_boundary,526,-0.004616674700745856
fp16_boundary,527,-0.004619472595838289
fp16_boundary,528,-0.004621150785378316
fp16_boundary,529,-0.004617297041537128
fp16_boundary,530,-0.0046203166335057845
fp16_boundary,531,-0.004621583688049291
fp16_boundary,532,-0.004629689254281749
fp16_boundary,533,-0.004625751815281462
fp16_boundary,534,-0.004630821947692406
fp16_boundary,535,-0.004632084467437573
fp16_boundary,536,-0.004652523760822453
fp16_boundary,537,-0.004673642987255803
fp16_boundary,538,-0.004679126942165244
fp16_boundary,539,-0.0046910340249957305
fp16_boundary,540,-0.004703349950844952
fp16_boundary,541,-0.00471839318487649
fp16_boundary,542,-0.0047378779103122
fp16_boundary,543,-0.004763230138142569
fp16_boundary,544,-0.004785461712504581
fp16_boundary,545,-0.004793685712297681
fp16_boundary,546,-0.004804513204799623
fp16_boundary,547,-0.004816514431519961
fp16_boundary,548,-0.004838900164576908
fp16_boundary,549,-0.004862213292302373
fp16_boundary,550,-0.004880134755087031
fp16_boundary,551,-0.004895748847495315
fp16_boundary,552,-0.004910274321165164
fp16_boundary,553,-0.004926738690907865
fp16_boundary,554,-0.0049415269876453664
fp16_boundary,555,-0.004937489990433343
fp16_boundary,556,-0.004950144628640594
fp16_boundary,557,-0.004955169978093874
fp16_boundary,558,-0.0049525525069049
fp16_boundary,559,-0.004953470740389144
fp16_boundary,560,-0.004952595923144135
fp16_boundary,561,-0.004955006318148129
fp16_boundary,562,-0.004955435372912267
fp16_boundary,563,-0.00496397406238359
fp16_boundary,564,-0.004981096677591713
fp16_boundary,565,-0.004985200961887225
fp16_boundary,566,-0.0049993159218905845
fp16_boundary,567,-0.005007629912572634
fp16_boundary,568,-0.005026651381286278
fp16_boundary,569,-0.0050434003280858284
fp16_boundary,570,-0.005058580248590552
fp16_boundary,571,-0.005066575368915479
fp16_boundary,572,-0.005084288820646264
fp16_boundary,573,-0.005102168125948562
fp16_boundary,574,-0.0051181347487500506
fp16_boundary,575,-0.0051303210976162035
fp16_boundary,576,-0.005147617566418573
fp16_boundary,577,-0.005171878221273296
fp16_boundary,578,-0.005197256004559972
fp16_boundary,579,-0.005217938360788982
fp16_boundary,580,-0.005232606555968036
fp16_boundary,581,-0.00524114272069234
fp16_boundary,582,-0.005238658011255879
fp16_boundary,583,-0.005244246668966455
fp16_boundary,584,-0.005251357560816091
fp16_boundary,585,-0.005251252243868781
fp16_boundary,586,-0.005248041133725597
fp16_boundary,587,-0.005246460449926293
fp16_boundary,588,-0.005243647912737585
fp16_boundary,589,-0.005241559450198106
fp16_boundary,590,-0.00524310497838692
fp16_boundary,591,-0.005253312116744732
fp16_boundary,592,-0.005262291166096127
fp16_boundary,593,-0.0052729865557925104
fp16_boundary,594,-0.0052651763999041635
fp16_boundary,595,-0.005285536809419853
fp16_boundary,596,-0.005296647639435556
fp16_boundary,597,-0.005306086877783777
fp16_boundary,598,-0.005325714070340689
fp16_boundary,599,-0.005336403216177962
fp16_boundary,600,-0.005350854706919699
fp16_boundary,601,-0.0053620501524441954
fp16_boundary,602,-0.005378024592872598
fp16_boundary,603,-0.005397203618339997
fp16_boundary,604,-0.005413739121049324
fp16_boundary,605,-0.005419421454646319
fp16_boundary,606,-0.005439881076691538
fp16_boundary,607,-0.005457901923111717
fp16_boundary,608,-0.005470208934815384
fp16_boundary,609,-0.005478689758377164
fp16_boundary,610,-0.005489539422159963
fp16_boundary,611,-0.00548952032063282
fp16_boundary,612,-0.005491364274045364
fp16_boundary,613,-0.00548635179585242
fp16_boundary,614,-0.005481532279141832
fp16_boundary,615,-0.005478366561736401
fp16_boundary,616,-0.005467244785701785
fp16_boundary,617,-0.005464297447678528
fp16_boundary,618,-0.005454795218800455
fp16_boundary,619,-0.0054457553833244954
fp16_boundary,620,-0.005459833045582654
fp16_boundary,621,-0.005482890351696017
fp16_boundary,622,-0.005490927398704742
fp16_boundary,623,-0.005503725109316193
fp16_boundary,624,-0.005518239796357356
fp16_boundary,625,-0.005535788227233279
fp16_boundary,626,-0.005544599198391348
fp16_boundary,627,-0.005570204081102697
fp16_boundary,628,-0.0055904457146648484
fp16_boundary,629,-0.0056144032348419215
fp16_boundary,630,-0.005628815745621159
fp16_boundary,631,-0.0056512687746318084
fp16_boundary,632,-0.005666688149737668
fp16_boundary,633,-0.005674681261787357
fp16_boundary,634,-0.005689141718080481
fp16_boundary,635,-0.0057089204252732785
fp16_boundary,636,-0.005727873088586377
fp16_boundary,637,-0.00572753906937265
fp16_boundary,638,-0.005727966563515038
fp16_boundary,639,-0.005738053151133483
fp16_boundary,640,-0.005747728600536137
fp16_boundary,641,-0.005745372704148155
fp16_boundary,642,-0.005750721620358982
fp16_boundary,643,-0.005747786731482797
fp16_boundary,644,-0.005744622445377436
fp16_boundary,645,-0.005747185335901745
fp16_boundary,646,-0.005749824530922373
fp16_boundary,647,-0.005748738954243477
fp16_boundary,648,-0.005759258525033727
fp16_boundary,649,-0.005778568293772055
fp16_boundary,650,-0.005789115582150219
fp16_boundary,651,-0.005790409715977431
fp16_boundary,652,-0.005799560567796826
fp16_boundary,653,-0.005812853187435714
fp16_boundary,654,-0.005842244810303022
fp16_boundary,655,-0.00586467958884264
fp16_boundary,656,-0.005886397390437513
fp16_boundary,657,-0.005903310755967802
fp16_boundary,658,-0.005916154932284485
fp16_boundary,659,-0.005938087286981508
fp16_boundary,660,-0.005954193743349526
fp16_boundary,661,-0.005958859303690937
fp16_boundary,662,-0.00597263831527623
fp16_boundary,663,-0.0059881801905399675
fp16_boundary,664,-0.006009419393100056
fp16_boundary,665,-0.006021616828610466
fp16_boundary,666,-0.006029467707419916
fp16_boundary,667,-0.006040528375306454
fp16_boundary,668,-0.0060538765451282756
fp16_boundary,669,-0.006059919252034231
fp16_boundary,670,-0.006060262117236997
fp16_boundary,671,-0.00605308217734553
fp16_boundary,672,-0.006044342096397646
fp16_boundary,673,-0.00603645431145753
fp16_boundary,674,-0.006028888276661695
fp16_boundary,675,-0.006026590615628867
fp16_boundary,676,-0.0060261114464639914
fp16_boundary,677,-0.006037641148025613
fp16_boundary,678,-0.006047304259579872
fp16_boundary,679,-0.006054643538016983
fp16_boundary,680,-0.006057433200256174
fp16_boundary,681,-0.006069394226262839
fp16_boundary,682,-0.00607452831073932
fp16_boundary,683,-0.006083562933947503
fp16_boundary,684,-0.006098537423179894
fp16_boundary,685,-0.006108270371487719
fp16_boundary,686,-0.006113782440606721
fp16_boundary,687,-0.006120813490888128
fp16_boundary,688,-0.0061266371011197114
fp16_boundary,689,-0.006134917872862529
fp16_boundary,690,-0.006145712689067723
fp16_boundary,691,-0.006160654835939895
fp16_boundary,692,-0.006169909053561486
fp16_boundary,693,-0.006173162421746838
fp16_boundary,694,-0.0061712073471998155
fp16_boundary,695,-0.00617897209355831
fp16_boundary,696,-0.006195054252909201
fp16_boundary,697,-0.006199938216417548
fp16_boundary,698,-0.006191268566773505
fp16_boundary,699,-0.006190178074558941
fp16_boundary,700,-0.006189971246835698
fp16_boundary,701,-0.006188643286071951
fp16_boundary,702,-0.006184741194412019
fp16_boundary,703,-0.006182849903497585
fp16_boundary,704,-0.00618700362621579
fp16_boundary,705,-0.006187492518869615
fp16_boundary,706,-0.006189871015918255
fp16_boundary,707,-0.006190562448224664
fp16_boundary,708,-0.006191819461558213
fp16_boundary,709,-0.006202868456700681
fp16_boundary,710,-0.0062176145359667005
fp16_boundary,711,-0.006221707621961491
fp16_boundary,712,-0.006235720657924181
fp16_boundary,713,-0.006253529580748902
fp16_boundary,714,-0.006263726695571424
fp16_boundary,715,-0.0062737329485439575
fp16_boundary,716,-0.006282504930614567
fp16_boundary,717,-0.006295915660983459
fp16_boundary,718,-0.006301818280974682
fp16_boundary,719,-0.006307369441607084
fp16_boundary,720,-0.006303004091073682
fp16_boundary,721,-0.006300550096734859
fp16_boundary,722,-0.006310034797708527
fp16_boundary,723,-0.006324106387922516
fp16_boundary,724,-0.006330371029358745
fp16_boundary,725,-0.00633164678470634
fp16_boundary,726,-0.006325357216887877
fp16_boundary,727,-0.00632580764819598
fp16_boundary,728,-0.006323524632107591
fp16_boundary,729,-0.006311739662572583
fp16_boundary,730,-0.006308759803401948
fp16_boundary,731,-0.0063049495046085344
fp16_boundary,732,-0.006300609052342159
fp16_boundary,733,-0.006299264293667958
fp16_boundary,734,-0.00630508803586271
fp16_boundary,735,-0.006306558754885697
fp16_boundary,736,-0.006305040420176408
fp16_boundary,737,-0.006303317375112947
fp16_boundary,738,-0.006311931189464209
fp16_boundary,739,-0.006327641011516305
fp16_boundary,740,-0.006346783965514615
fp16_boundary,741,-0.006353173408187422
fp16_boundary,742,-0.006354782047770752
fp16_boundary,743,-0.006363983614612889
fp16_boundary,744,-0.006381493997675542
fp16_boundary,745,-0.006376920797134072
fp16_boundary,746,-0.006373255851118903
fp16_boundary,747,-0.006377451971070564
fp16_boundary,748,-0.006377333154150183
fp16_boundary,749,-0.006377430104789358
fp16_boundary,750,-0.00638140548520446
fp16_boundary,751,-0.006387078269720817
fp16_boundary,752,-0.006388769417169447
fp16_boundary,753,-0.006389225610411599
fp16_boundary,754,-0.006391605320592631
fp16_boundary,755,-0.006398759139670823
fp16_boundary,756,-0.006407161532633097
fp16_boundary,757,-0.006410857132842871
fp16_boundary,758,-0.006413153674423608
fp16_boundary,759,-0.006419984426226927
fp16_boundary,760,-0.00642148566079903
fp16_boundary,761,-0.006419844123815159
fp16_boundary,762,-0.006422082235604382
fp16_boundary,763,-0.006419333722660084
fp16_boundary,764,-0.006419644065240433
fp16_boundary,765,-0.006421434684117619
fp16_boundary,766,-0.0064278560658035284
fp16_boundary,767,-0.0064320782444441
fp16_boundary,768,-0.0064427089226581314
fp16_boundary,769,-0.006453222631211329
fp16_boundary,770,-0.006464248167340718
fp16_boundary,771,-0.006470643830043802
fp16_boundary,772,-0.00647735376776292
fp16_boundary,773,-0.006480292784350581
fp16_boundary,774,-0.006487826552408934
fp16_boundary,775,-0.00648753477568127
fp16_boundary,776,-0.006482756114281173
fp16_boundary,777,-0.006484314275472992
fp16_boundary,778,-0.006479178118496045
fp16_boundary,779,-0.006477965380646738
fp16_boundary,780,-0.006483879589214463
fp16_boundary,781,-0.006487943430991867
fp16_boundary,782,-0.006500826613182864
fp16_boundary,783,-0.006502400854331169
bf16_pair_boundary,1,-6.367757317468624e-07
bf16_pair_boundary,2,-8.093870442475779e-07
bf16_pair_boundary,3,-1.9371756928378832e-07
bf16_pair_boundary,4,2.4080903051246957e-07
bf16_pair_boundary,5,9.827634598903043e-07
bf16_pair_boundary,6,8.149956827735773e-07
bf16_pair_boundary,7,4.413711976942267e-07
bf16_pair_boundary,8,-5.676028100014924e-07
bf16_pair_boundary,9,6.087512897426033e-07
bf16_pair_boundary,10,2.26332092894935e-07
bf16_pair_boundary,11,1.9755490877228243e-07
bf16_pair_boundary,12,-1.1470811591549479e-06
bf16_pair_boundary,13,-7.943257767312237e-07
bf16_pair_boundary,14,-1.0244356350358332e-06
bf16_pair_boundary,15,-2.939508422580228e-07
bf16_pair_boundary,16,-4.5558451370916814e-07
bf16_pair_boundary,17,-1.461547449399304e-07
bf16_pair_boundary,18,3.2259101847651586e-08
bf16_pair_boundary,19,4.597149358253256e-07
bf16_pair_boundary,20,-2.6987753099968874e-07
bf16_pair_boundary,21,3.472051452466289e-07
bf16_pair_boundary,22,-3.866214844462676e-07
bf16_pair_boundary,23,-5.197575299499706e-07
bf16_pair_boundary,24,-1.4301041121679867e-06
bf16_pair_boundary,25,-1.4084385724979005e-06
bf16_pair_boundary,26,-1.150178715504297e-06
bf16_pair_boundary,27,-1.3684537540433338e-06
bf16_pair_boundary,28,-1.0165797200719972e-06
bf16_pair_boundary,29,-1.576290982849096e-06
bf16_pair_boundary,30,-1.6179459490798567e-06
bf16_pair_boundary,31,-1.3214259621773089e-06
bf16_pair_boundary,32,-9.6313010040965e-07
bf16_pair_boundary,33,-1.1578368667678697e-06
bf16_pair_boundary,34,-9.945151113596858e-07
bf16_pair_boundary,35,-7.199915126887127e-07
bf16_pair_boundary,36,-2.4524340193951014e-07
bf16_pair_boundary,37,-6.52948085861487e-07
bf16_pair_boundary,38,-8.613208317400133e-07
bf16_pair_boundary,39,-9.970014747383283e-07
bf16_pair_boundary,40,-1.866628036406728e-06
bf16_pair_boundary,41,-1.842254674430252e-06
bf16_pair_boundary,42,-1.0600067140420986e-06
bf16_pair_boundary,43,-4.811376197370594e-07
bf16_pair_boundary,44,-2.110188869567704e-07
bf16_pair_boundary,45,-6.818371737228908e-08
bf16_pair_boundary,46,3.96936701211245e-07
bf16_pair_boundary,47,-4.516327376151892e-07
bf16_pair_boundary,48,-4.067775320689383e-08
bf16_pair_boundary,49,2.2931271452817828e-07
bf16_pair_boundary,50,-9.444491525730103e-07
bf16_pair_boundary,51,-8.724981734247887e-07
bf16_pair_boundary,52,-1.1509591717120753e-06
bf16_pair_boundary,53,-1.8473807581869001e-06
bf16_pair_boundary,54,-2.2953526192744063e-06
bf16_pair_boundary,55,-3.048958567901038e-06
bf16_pair_boundary,56,-4.1095805279949255e-06
bf16_pair_boundary,57,-3.800685423842454e-06
bf16_pair_boundary,58,-4.1285052704276e-06
bf16_pair_boundary,59,-4.222097780380342e-06
bf16_pair_boundary,60,-4.710735154880495e-06
bf16_pair_boundary,61,-5.296148257633415e-06
bf16_pair_boundary,62,-5.413013534533721e-06
bf16_pair_boundary,63,-4.640787189797064e-06
bf16_pair_boundary,64,-4.4789542491961645e-06
bf16_pair_boundary,65,-5.302069244288062e-06
bf16_pair_boundary,66,-5.421965076518297e-06
bf16_pair_boundary,67,-5.530932253752517e-06
bf16_pair_boundary,68,-5.570049322005315e-06
bf16_pair_boundary,69,-4.912909047214621e-06
bf16_pair_boundary,70,-5.409639413606442e-06
bf16_pair_boundary,71,-5.523310313986377e-06
bf16_pair_boundary,72,-5.208668100298973e-06
bf16_pair_boundary,73,-5.458905837302416e-06
bf16_pair_boundary,74,-5.291179298316885e-06
bf16_pair_boundary,75,-5.180263323737035e-06
bf16_pair_boundary,76,-5.402504931368299e-06
bf16_pair_boundary,77,-5.23530990899779e-06
bf16_pair_boundary,78,-5.201213869212481e-06
bf16_pair_boundary,79,-5.172319469062315e-06
bf16_pair_boundary,80,-4.844885142621814e-06
bf16_pair_boundary,81,-4.935426351033584e-06
bf16_pair_boundary,82,-4.499943720257864e-06
bf16_pair_boundary,83,-4.089453540070295e-06
bf16_pair_boundary,84,-3.9738555991690014e-06
bf16_pair_boundary,85,-3.7827855779587364e-06
bf16_pair_boundary,86,-3.4593460011574613e-06
bf16_pair_boundary,87,-4.101147332584201e-06
bf16_pair_boundary,88,-3.7085498170928987e-06
bf16_pair_boundary,89,-3.5153889223839707e-06
bf16_pair_boundary,90,-3.546786230445634e-06
bf16_pair_boundary,91,-3.788908671984182e-06
bf16_pair_boundary,92,-2.8431643113910874e-06
bf16_pair_boundary,93,-3.109386012077988e-06
bf16_pair_boundary,94,-3.10733147517253e-06
bf16_pair_boundary,95,-2.9305360726675523e-06
bf16_pair_boundary,96,-3.0536881070300072e-06
bf16_pair_boundary,97,-3.1555888487598264e-06
bf16_pair_boundary,98,-2.7606316121453735e-06
bf16_pair_boundary,99,-2.105328181519563e-06
bf16_pair_boundary,100,-2.3086875153222394e-06
bf16_pair_boundary,101,-1.9512100424124363e-06
bf16_pair_boundary,102,-2.342521920977949e-06
bf16_pair_boundary,103,-2.5560114502397785e-06
bf16_pair_boundary,104,-2.552301751245913e-06
bf16_pair_boundary,105,-3.00042570830882e-06
bf16_pair_boundary,106,-2.6219240368790717e-06
bf16_pair_boundary,107,-3.046211159445397e-06
bf16_pair_boundary,108,-2.982148856736357e-06
bf16_pair_boundary,109,-3.087464099844189e-06
bf16_pair_boundary,110,-3.4583619637576854e-06
bf16_pair_boundary,111,-2.737069897856909e-06
bf16_pair_boundary,112,-1.955307998295972e-06
bf16_pair_boundary,113,-1.8990175229356175e-06
bf16_pair_boundary,114,-2.6089790042699443e-06
bf16_pair_boundary,115,-3.0357155352187138e-06
bf16_pair_boundary,116,-2.6640292806489375e-06
bf16_pair_boundary,117,-2.2103117081011814e-06
bf16_pair_boundary,118,-3.17497530803066e-06
bf16_pair_boundary,119,-3.3128260712413266e-06
bf16_pair_boundary,120,-3.3365121271122075e-06
bf16_pair_boundary,121,-3.3300932794908988e-06
bf16_pair_boundary,122,-3.844211781674678e-06
bf16_pair_boundary,123,-4.429613110330138e-06
bf16_pair_boundary,124,-4.6243945979606894e-06
bf16_pair_boundary,125,-4.421794224465515e-06
bf16_pair_boundary,126,-4.2514175246433445e-06
bf16_pair_boundary,127,-4.3627960308286474e-06
bf16_pair_boundary,128,-4.424853563912747e-06
bf16_pair_boundary,129,-4.602985957507193e-06
bf16_pair_boundary,130,-4.307843091268381e-06
bf16_pair_boundary,131,-4.411425025962561e-06
bf16_pair_boundary,132,-4.342800288180644e-06
bf16_pair_boundary,133,-4.4201888012922086e-06
bf16_pair_boundary,134,-4.387705234126634e-06
bf16_pair_boundary,135,-4.088010148345869e-06
bf16_pair_boundary,136,-3.986594846480972e-06
bf16_pair_boundary,137,-3.904761274096759e-06
bf16_pair_boundary,138,-3.833274980320849e-06
bf16_pair_boundary,139,-3.5605299897583976e-06
bf16_pair_boundary,140,-3.5651767022332315e-06
bf16_pair_boundary,141,-3.819936695370693e-06
bf16_pair_boundary,142,-3.805613400229283e-06
bf16_pair_boundary,143,-3.919918512577468e-06
bf16_pair_boundary,144,-3.5718758541970626e-06
bf16_pair_boundary,145,-3.26110458214492e-06
bf16_pair_boundary,146,-3.0152886108060765e-06
bf16_pair_boundary,147,-3.1377841764667165e-06
bf16_pair_boundary,148,-3.018302687263436e-06
bf16_pair_boundary,149,-3.1075732923113306e-06
bf16_pair_boundary,150,-3.0702977291425626e-06
bf16_pair_boundary,151,-3.182865696467377e-06
bf16_pair_boundary,152,-3.645420381021799e-06
bf16_pair_boundary,153,-3.6807050345943863e-06
bf16_pair_boundary,154,-3.770153928495586e-06
bf16_pair_boundary,155,-3.6816838118420334e-06
bf16_pair_boundary,156,-3.4073982643074406e-06
bf16_pair_boundary,157,-3.4331819046820826e-06
bf16_pair_boundary,158,-3.604234460519199e-06
bf16_pair_boundary,159,-3.564234042743885e-06
bf16_pair_boundary,160,-3.4743071770965597e-06
bf16_pair_boundary,161,-3.3974209839247464e-06
bf16_pair_boundary,162,-3.5014301864358705e-06
bf16_pair_boundary,163,-3.5756360902666468e-06
bf16_pair_boundary,164,-3.772769009081367e-06
bf16_pair_boundary,165,-3.955905014230599e-06
bf16_pair_boundary,166,-4.1143877273980055e-06
bf16_pair_boundary,167,-4.207509851248724e-06
bf16_pair_boundary,168,-4.307628778323412e-06
bf16_pair_boundary,169,-4.353494663335648e-06
bf16_pair_boundary,170,-4.432045632439505e-06
bf16_pair_boundary,171,-4.333493914243015e-06
bf16_pair_boundary,172,-4.256446396709324e-06
bf16_pair_boundary,173,-4.270367217425122e-06
bf16_pair_boundary,174,-4.206498536921902e-06
bf16_pair_boundary,175,-4.272699815237822e-06
bf16_pair_boundary,176,-4.313049720561954e-06
bf16_pair_boundary,177,-4.318010312414926e-06
bf16_pair_boundary,178,-4.512924703621899e-06
bf16_pair_boundary,179,-4.521103510386386e-06
bf16_pair_boundary,180,-4.707263668966522e-06
bf16_pair_boundary,181,-4.661448861844122e-06
bf16_pair_boundary,182,-4.623703824292218e-06
bf16_pair_boundary,183,-4.831064253854521e-06
bf16_pair_boundary,184,-4.70894648184239e-06
bf16_pair_boundary,185,-4.696264770333734e-06
bf16_pair_boundary,186,-4.871862082402651e-06
bf16_pair_boundary,187,-4.919960346234707e-06
bf16_pair_boundary,188,-4.969935561878699e-06
bf16_pair_boundary,189,-4.998785423632549e-06
bf16_pair_boundary,190,-4.948028909748058e-06
bf16_pair_boundary,191,-4.777427236292074e-06
bf16_pair_boundary,192,-4.7283208619757255e-06
bf16_pair_boundary,193,-4.826400626749306e-06
bf16_pair_boundary,194,-5.008782977785382e-06
bf16_pair_boundary,195,-5.084724583628546e-06
bf16_pair_boundary,196,-5.2346900742351036e-06
bf16_pair_boundary,197,-5.353839624960851e-06
bf16_pair_boundary,198,-5.314418912512287e-06
bf16_pair_boundary,199,-5.067202420316197e-06
bf16_pair_boundary,200,-5.196094163962734e-06
bf16_pair_boundary,201,-5.339528126227445e-06
bf16_pair_boundary,202,-5.531068413470228e-06
bf16_pair_boundary,203,-5.5386655395966174e-06
bf16_pair_boundary,204,-5.657266168138219e-06
bf16_pair_boundary,205,-5.63620121753572e-06
bf16_pair_boundary,206,-5.674725521876991e-06
bf16_pair_boundary,207,-5.714057544683605e-06
bf16_pair_boundary,208,-5.664895313261699e-06
bf16_pair_boundary,209,-5.6013532819249385e-06
bf16_pair_boundary,210,-5.670433092627212e-06
bf16_pair_boundary,211,-5.62625469616164e-06
bf16_pair_boundary,212,-5.6546627217911745e-06
bf16_pair_boundary,213,-5.521347480072583e-06
bf16_pair_boundary,214,-5.557014724401327e-06
bf16_pair_boundary,215,-5.385689910412451e-06
bf16_pair_boundary,216,-5.4853753754549695e-06
bf16_pair_boundary,217,-5.417759918084109e-06
bf16_pair_boundary,218,-5.495454609798977e-06
bf16_pair_boundary,219,-5.6741224124038916e-06
bf16_pair_boundary,220,-5.723706266624222e-06
bf16_pair_boundary,221,-5.693089299930733e-06
bf16_pair_boundary,222,-5.742020919916761e-06
bf16_pair_boundary,223,-5.72042718289658e-06
bf16_pair_boundary,224,-5.861397109170952e-06
bf16_pair_boundary,225,-5.958975064785777e-06
bf16_pair_boundary,226,-5.923062239740438e-06
bf16_pair_boundary,227,-5.891103258247541e-06
bf16_pair_boundary,228,-6.0456640163125944e-06
bf16_pair_boundary,229,-5.946963524748395e-06
bf16_pair_boundary,230,-5.838282205200013e-06
bf16_pair_boundary,231,-5.786712798381455e-06
bf16_pair_boundary,232,-5.707849096295901e-06
bf16_pair_boundary,233,-5.802819364412347e-06
bf16_pair_boundary,234,-5.794804784620397e-06
bf16_pair_boundary,235,-5.6785260285410185e-06
bf16_pair_boundary,236,-5.621347967911947e-06
bf16_pair_boundary,237,-5.7212070182780735e-06
bf16_pair_boundary,238,-5.67463669883657e-06
bf16_pair_boundary,239,-5.668832139363173e-06
bf16_pair_boundary,240,-5.745927861936858e-06
bf16_pair_boundary,241,-5.726121262891002e-06
bf16_pair_boundary,242,-5.79068653937217e-06
bf16_pair_boundary,243,-5.599466945100515e-06
bf16_pair_boundary,244,-5.58298924198177e-06
bf16_pair_boundary,245,-5.740652943740845e-06
bf16_pair_boundary,246,-5.725823988533769e-06
bf16_pair_boundary,247,-5.801019506701152e-06
bf16_pair_boundary,248,-5.905809012662081e-06
bf16_pair_boundary,249,-6.0367516112208396e-06
bf16_pair_boundary,250,-6.02201864345825e-06
bf16_pair_boundary,251,-6.127987545122823e-06
bf16_pair_boundary,252,-6.218518111145506e-06
bf16_pair_boundary,253,-6.2833750671594405e-06
bf16_pair_boundary,254,-6.23061269541155e-06
bf16_pair_boundary,255,-6.2965686500179575e-06
bf16_pair_boundary,256,-6.41932798428581e-06
bf16_pair_boundary,257,-6.3044776132859765e-06
bf16_pair_boundary,258,-6.299130841656806e-06
bf16_pair_boundary,259,-6.3056619077088315e-06
bf16_pair_boundary,260,-6.352284219707579e-06
bf16_pair_boundary,261,-6.311007911085448e-06
bf16_pair_boundary,262,-6.166635646703608e-06
bf16_pair_boundary,263,-6.108198044403545e-06
bf16_pair_boundary,264,-6.126379826760458e-06
bf16_pair_boundary,265,-6.04784278986849e-06
bf16_pair_boundary,266,-5.93708471372881e-06
bf16_pair_boundary,267,-6.000360053381067e-06
bf16_pair_boundary,268,-6.114241409844666e-06
bf16_pair_boundary,269,-6.123450987934897e-06
bf16_pair_boundary,270,-6.274403699746089e-06
bf16_pair_boundary,271,-6.249102916334106e-06
bf16_pair_boundary,272,-6.326682888376326e-06
bf16_pair_boundary,273,-6.293847828649285e-06
bf16_pair_boundary,274,-6.364931403700721e-06
bf16_pair_boundary,275,-6.344851768159557e-06
bf16_pair_boundary,276,-6.386953279599571e-06
bf16_pair_boundary,277,-6.55907567940791e-06
bf16_pair_boundary,278,-6.73370944699167e-06
bf16_pair_boundary,279,-6.83899121211154e-06
bf16_pair_boundary,280,-6.940572724548976e-06
bf16_pair_boundary,281,-6.980780522147752e-06
bf16_pair_boundary,282,-7.10891624294153e-06
bf16_pair_boundary,283,-7.1643508563118445e-06
bf16_pair_boundary,284,-7.167673869231656e-06
bf16_pair_boundary,285,-7.18591390286162e-06
bf16_pair_boundary,286,-7.019536705716744e-06
bf16_pair_boundary,287,-6.854017028731251e-06
bf16_pair_boundary,288,-6.916063241696945e-06
bf16_pair_boundary,289,-6.979586192893398e-06
bf16_pair_boundary,290,-7.133679705412138e-06
bf16_pair_boundary,291,-7.266123798150802e-06
bf16_pair_boundary,292,-7.25936455138271e-06
bf16_pair_boundary,293,-7.223440648541264e-06
bf16_pair_boundary,294,-7.234410663888285e-06
bf16_pair_boundary,295,-7.148525820281868e-06
bf16_pair_boundary,296,-7.256549882040436e-06
bf16_pair_boundary,297,-7.253949195233025e-06
bf16_pair_boundary,298,-7.311819123150586e-06
bf16_pair_boundary,299,-7.413492144638047e-06
bf16_pair_boundary,300,-7.462358422105817e-06
bf16_pair_boundary,301,-7.5398440333007875e-06
bf16_pair_boundary,302,-7.4566488760968884e-06
bf16_pair_boundary,303,-7.4460334639570815e-06
bf16_pair_boundary,304,-7.466417804931286e-06
bf16_pair_boundary,305,-7.6285154645235105e-06
bf16_pair_boundary,306,-7.821184388647158e-06
bf16_pair_boundary,307,-8.069829562213827e-06
bf16_pair_boundary,308,-8.20972273426997e-06
bf16_pair_boundary,309,-8.312760183485832e-06
bf16_pair_boundary,310,-8.387772360903542e-06
bf16_pair_boundary,311,-8.37662059603425e-06
bf16_pair_boundary,312,-8.285571049340545e-06
bf16_pair_boundary,313,-8.233571667194882e-06
bf16_pair_boundary,314,-8.208753228340748e-06
bf16_pair_boundary,315,-8.242739426638981e-06
bf16_pair_boundary,316,-8.314670159487259e-06
bf16_pair_boundary,317,-8.38114917065336e-06
bf16_pair_boundary,318,-8.402484173597614e-06
bf16_pair_boundary,319,-8.3749300871739e-06
bf16_pair_boundary,320,-8.390512421098774e-06
bf16_pair_boundary,321,-8.384127008191902e-06
bf16_pair_boundary,322,-8.506006319994613e-06
bf16_pair_boundary,323,-8.552904089176721e-06
bf16_pair_boundary,324,-8.636570146464383e-06
bf16_pair_boundary,325,-8.73553934281613e-06
bf16_pair_boundary,326,-8.687625818346358e-06
bf16_pair_boundary,327,-8.569748449228885e-06
bf16_pair_boundary,328,-8.516609476772888e-06
bf16_pair_boundary,329,-8.3900152317163e-06
bf16_pair_boundary,330,-8.392988669110337e-06
bf16_pair_boundary,331,-8.427631982296565e-06
bf16_pair_boundary,332,-8.656295530983754e-06
bf16_pair_boundary,333,-8.759438332571154e-06
bf16_pair_boundary,334,-8.869142637428776e-06
bf16_pair_boundary,335,-8.970933318046907e-06
bf16_pair_boundary,336,-9.080367088112475e-06
bf16_pair_boundary,337,-9.252335058787775e-06
bf16_pair_boundary,338,-9.375614266088874e-06
bf16_pair_boundary,339,-9.4044885622356e-06
bf16_pair_boundary,340,-9.430959017631017e-06
bf16_pair_boundary,341,-9.409840743130845e-06
bf16_pair_boundary,342,-9.469248110155072e-06
bf16_pair_boundary,343,-9.55491791486718e-06
bf16_pair_boundary,344,-9.615767737088999e-06
bf16_pair_boundary,345,-9.828224042192879e-06
bf16_pair_boundary,346,-9.766305444564817e-06
bf16_pair_boundary,347,-9.614392573928243e-06
bf16_pair_boundary,348,-9.58648870908352e-06
bf16_pair_boundary,349,-9.839547196951262e-06
bf16_pair_boundary,350,-9.9061256480594e-06
bf16_pair_boundary,351,-9.913885329963325e-06
bf16_pair_boundary,352,-9.869985425782982e-06
bf16_pair_boundary,353,-9.872535177892999e-06
bf16_pair_boundary,354,-1.0021221866524145e-05
bf16_pair_boundary,355,-9.922157165888093e-06
bf16_pair_boundary,356,-9.94065667839675e-06
bf16_pair_boundary,357,-9.950934819408067e-06
bf16_pair_boundary,358,-9.96320944837591e-06
bf16_pair_boundary,359,-1.0074577639693207e-05
bf16_pair_boundary,360,-1.0221018581374836e-05
bf16_pair_boundary,361,-1.0384943127376093e-05
bf16_pair_boundary,362,-1.0510164138971464e-05
bf16_pair_boundary,363,-1.0714021021322569e-05
bf16_pair_boundary,364,-1.07870945498306e-05
bf16_pair_boundary,365,-1.0884637765628182e-05
bf16_pair_boundary,366,-1.1015072593870006e-05
bf16_pair_boundary,367,-1.1197977963257976e-05
bf16_pair_boundary,368,-1.1234824625854342e-05
bf16_pair_boundary,369,-1.1251513582960002e-05
bf16_pair_boundary,370,-1.1249068578365827e-05
bf16_pair_boundary,371,-1.1241336185411665e-05
bf16_pair_boundary,372,-1.118286016004061e-05
bf16_pair_boundary,373,-1.1171332131118762e-05
bf16_pair_boundary,374,-1.1232251619960736e-05
bf16_pair_boundary,375,-1.115471419072397e-05
bf16_pair_boundary,376,-1.1120424067038089e-05
bf16_pair_boundary,377,-1.115101741556524e-05
bf16_pair_boundary,378,-1.1205071899601668e-05
bf16_pair_boundary,379,-1.1398876871782777e-05
bf16_pair_boundary,380,-1.1273521515318364e-05
bf16_pair_boundary,381,-1.131863344179451e-05
bf16_pair_boundary,382,-1.1410868044345489e-05
bf16_pair_boundary,383,-1.131615290411698e-05
bf16_pair_boundary,384,-1.1250619018178744e-05
bf16_pair_boundary,385,-1.129499849201532e-05
bf16_pair_boundary,386,-1.1370034618041936e-05
bf16_pair_boundary,387,-1.1416204960562052e-05
bf16_pair_boundary,388,-1.1447560968727566e-05
bf16_pair_boundary,389,-1.1458594308184045e-05
bf16_pair_boundary,390,-1.1666520829189526e-05
bf16_pair_boundary,391,-1.1894670163537254e-05
bf16_pair_boundary,392,-1.2160079677542593e-05
bf16_pair_boundary,393,-1.2357956255173877e-05
bf16_pair_boundary,394,-1.2549667544074623e-05
bf16_pair_boundary,395,-1.2453322846839044e-05
bf16_pair_boundary,396,-1.243584819550766e-05
bf16_pair_boundary,397,-1.2466056359099671e-05
bf16_pair_boundary,398,-1.2555224967901208e-05
bf16_pair_boundary,399,-1.2516260986988463e-05
bf16_pair_boundary,400,-1.244183999754052e-05
bf16_pair_boundary,401,-1.2697179290395715e-05
bf16_pair_boundary,402,-1.2641195928797107e-05
bf16_pair_boundary,403,-1.2699291906625147e-05
bf16_pair_boundary,404,-1.2776218407305295e-05
bf16_pair_boundary,405,-1.2760203746472686e-05
bf16_pair_boundary,406,-1.2657267940654714e-05
bf16_pair_boundary,407,-1.2522459143307802e-05
bf16_pair_boundary,408,-1.2527644449615912e-05
bf16_pair_boundary,409,-1.2506695660222429e-05
bf16_pair_boundary,410,-1.2514210807392432e-05
bf16_pair_boundary,411,-1.2300443140953293e-05
bf16_pair_boundary,412,-1.2211342591101555e-05
bf16_pair_boundary,413,-1.2280542277798306e-05
bf16_pair_boundary,414,-1.2281464076741469e-05
bf16_pair_boundary,415,-1.226841473114555e-05
bf16_pair_boundary,416,-1.234117506047376e-05
bf16_pair_boundary,417,-1.2421668279232615e-05
bf16_pair_boundary,418,-1.2549416142607327e-05
bf16_pair_boundary,419,-1.2687445244412956e-05
bf16_pair_boundary,420,-1.2800019727842596e-05
bf16_pair_boundary,421,-1.2987471109754102e-05
bf16_pair_boundary,422,-1.3089578750730535e-05
bf16_pair_boundary,423,-1.3081582965155345e-05
bf16_pair_boundary,424,-1.3003094941686875e-05
bf16_pair_boundary,425,-1.294416199718472e-05
bf16_pair_boundary,426,-1.2973029386266604e-05
bf16_pair_boundary,427,-1.3050210870505045e-05
bf16_pair_boundary,428,-1.314449047259434e-05
bf16_pair_boundary,429,-1.3087451128687231e-05
bf16_pair_boundary,430,-1.2900213411777098e-05
bf16_pair_boundary,431,-1.3045853419258086e-05
bf16_pair_boundary,432,-1.3043771362283343e-05
bf16_pair_boundary,433,-1.3044099396913432e-05
bf16_pair_boundary,434,-1.3063584501830412e-05
bf16_pair_boundary,435,-1.3085621468883268e-05
bf16_pair_boundary,436,-1.292087704651158e-05
bf16_pair_boundary,437,-1.3134360757339763e-05
bf16_pair_boundary,438,-1.3137033811887055e-05
bf16_pair_boundary,439,-1.3193159608214834e-05
bf16_pair_boundary,440,-1.3277447998048213e-05
bf16_pair_boundary,441,-1.3408713193160009e-05
bf16_pair_boundary,442,-1.354626698750021e-05
bf16_pair_boundary,443,-1.351973327179285e-05
bf16_pair_boundary,444,-1.3556903427103201e-05
bf16_pair_boundary,445,-1.3621465655007267e-05
bf16_pair_boundary,446,-1.3823703011914568e-05
bf16_pair_boundary,447,-1.4021659128474618e-05
bf16_pair_boundary,448,-1.4140006254390088e-05
bf16_pair_boundary,449,-1.4387872374100363e-05
bf16_pair_boundary,450,-1.447004640185628e-05
bf16_pair_boundary,451,-1.4567149641336638e-05
bf16_pair_boundary,452,-1.455751867274854e-05
bf16_pair_boundary,453,-1.4455809195125814e-05
bf16_pair_boundary,454,-1.4330551643753553e-05
bf16_pair_boundary,455,-1.4330862768879763e-05
bf16_pair_boundary,456,-1.4324053735654061e-05
bf16_pair_boundary,457,-1.4302291789119042e-05
bf16_pair_boundary,458,-1.4306160714796362e-05
bf16_pair_boundary,459,-1.4416385135749827e-05
bf16_pair_boundary,460,-1.4402795827486796e-05
bf16_pair_boundary,461,-1.4270170921214393e-05
bf16_pair_boundary,462,-1.4227170074315563e-05
bf16_pair_boundary,463,-1.4032955356105365e-05
bf16_pair_boundary,464,-1.4000695709660538e-05
bf16_pair_boundary,465,-1.397691301588539e-05
bf16_pair_boundary,466,-1.3968105125180322e-05
bf16_pair_boundary,467,-1.4113416066996833e-05
bf16_pair_boundary,468,-1.3965954211215879e-05
bf16_pair_boundary,469,-1.4046595200177552e-05
bf16_pair_boundary,470,-1.3972965035620069e-05
bf16_pair_boundary,471,-1.3903644696846913e-05
bf16_pair_boundary,472,-1.3936752293811566e-05
bf16_pair_boundary,473,-1.3914499307221343e-05
bf16_pair_boundary,474,-1.409589900058765e-05
bf16_pair_boundary,475,-1.4285358807460736e-05
bf16_pair_boundary,476,-1.4407117776480247e-05
bf16_pair_boundary,477,-1.4566426278235445e-05
bf16_pair_boundary,478,-1.4579066947771407e-05
bf16_pair_boundary,479,-1.4603666461732058e-05
bf16_pair_boundary,480,-1.4611721985111064e-05
bf16_pair_boundary,481,-1.4556984596932742e-05
bf16_pair_boundary,482,-1.4467027795178467e-05
bf16_pair_boundary,483,-1.4614096431169452e-05
bf16_pair_boundary,484,-1.476725107130618e-05
bf16_pair_boundary,485,-1.486503433598834e-05
bf16_pair_boundary,486,-1.4904715529158547e-05
bf16_pair_boundary,487,-1.5004390930598567e-05
bf16_pair_boundary,488,-1.4902351103172937e-05
bf16_pair_boundary,489,-1.4945314272932383e-05
bf16_pair_boundary,490,-1.5019010908236001e-05
bf16_pair_boundary,491,-1.4892031800011486e-05
bf16_pair_boundary,492,-1.5049411707168912e-05
bf16_pair_boundary,493,-1.5082963709239033e-05
bf16_pair_boundary,494,-1.509316410451736e-05
bf16_pair_boundary,495,-1.517938861600706e-05
bf16_pair_boundary,496,-1.5222535294377979e-05
bf16_pair_boundary,497,-1.5429951606516985e-05
bf16_pair_boundary,498,-1.547192529670271e-05
bf16_pair_boundary,499,-1.5468700891123638e-05
bf16_pair_boundary,500,-1.5445443938166293e-05
bf16_pair_boundary,501,-1.5578254881714488e-05
bf16_pair_boundary,502,-1.5651885715560627e-05
bf16_pair_boundary,503,-1.572439540572365e-05
bf16_pair_boundary,504,-1.5955774467722062e-05
bf16_pair_boundary,505,-1.6166271848313663e-05
bf16_pair_boundary,506,-1.625294219648257e-05
bf16_pair_boundary,507,-1.630984804915006e-05
bf16_pair_boundary,508,-1.6233123703391394e-05
bf16_pair_boundary,509,-1.6413974885186216e-05
bf16_pair_boundary,510,-1.6330797349104664e-05
bf16_pair_boundary,511,-1.6378853796024598e-05
bf16_pair_boundary,512,-1.643887289104564e-05
bf16_pair_boundary,513,-1.647401975750995e-05
bf16_pair_boundary,514,-1.6468208651303465e-05
bf16_pair_boundary,515,-1.646687673185648e-05
bf16_pair_boundary,516,-1.6315115941456918e-05
bf16_pair_boundary,517,-1.6371993550427884e-05
bf16_pair_boundary,518,-1.6323938572354693e-05
bf16_pair_boundary,519,-1.6352357368545735e-05
bf16_pair_boundary,520,-1.6363199580260656e-05
bf16_pair_boundary,521,-1.6226027786992258e-05
bf16_pair_boundary,522,-1.629975238768875e-05
bf16_pair_boundary,523,-1.614539106513837e-05
bf16_pair_boundary,524,-1.6077966496506005e-05
bf16_pair_boundary,525,-1.6077794419069023e-05
bf16_pair_boundary,526,-1.5957814126227787e-05
bf16_pair_boundary,527,-1.5973194484482258e-05
bf16_pair_boundary,528,-1.587706539106064e-05
bf16_pair_boundary,529,-1.5907860706619433e-05
bf16_pair_boundary,530,-1.599881396534119e-05
bf16_pair_boundary,531,-1.622438205256393e-05
bf16_pair_boundary,532,-1.634576170635851e-05
bf16_pair_boundary,533,-1.6469444100800308e-05
bf16_pair_boundary,534,-1.648730360114405e-05
bf16_pair_boundary,535,-1.6438164451282203e-05
bf16_pair_boundary,536,-1.6504710054088507e-05
bf16_pair_boundary,537,-1.6517749522352432e-05
bf16_pair_boundary,538,-1.6392513037193784e-05
bf16_pair_boundary,539,-1.64467590914762e-05
bf16_pair_boundary,540,-1.6575443521087366e-05
bf16_pair_boundary,541,-1.6566566074628155e-05
bf16_pair_boundary,542,-1.664602417057771e-05
bf16_pair_boundary,543,-1.6595652134190446e-05
bf16_pair_boundary,544,-1.6578225640783272e-05
bf16_pair_boundary,545,-1.649362530217464e-05
bf16_pair_boundary,546,-1.6519552788578247e-05
bf16_pair_boundary,547,-1.6510662399430133e-05
bf16_pair_boundary,548,-1.6399492286801733e-05
bf16_pair_boundary,549,-1.6309340049927702e-05
bf16_pair_boundary,550,-1.6329795106460448e-05
bf16_pair_boundary,551,-1.639204675641461e-05
bf16_pair_boundary,552,-1.6403897321952496e-05
bf16_pair_boundary,553,-1.64213094296968e-05
bf16_pair_boundary,554,-1.6458442675754686e-05
bf16_pair_boundary,555,-1.6510872202496743e-05
bf16_pair_boundary,556,-1.6512169605656383e-05
bf16_pair_boundary,557,-1.665259966038976e-05
bf16_pair_boundary,558,-1.677436395751178e-05
bf16_pair_boundary,559,-1.6696375484120444e-05
bf16_pair_boundary,560,-1.6725271485452124e-05
bf16_pair_boundary,561,-1.6762762509193308e-05
bf16_pair_boundary,562,-1.6828503545850062e-05
bf16_pair_boundary,563,-1.6818927062321865e-05
bf16_pair_boundary,564,-1.676323898090455e-05
bf16_pair_boundary,565,-1.6887298519003082e-05
bf16_pair_boundary,566,-1.684138017721829e-05
bf16_pair_boundary,567,-1.681930412590573e-05
bf16_pair_boundary,568,-1.6881022976790832e-05
bf16_pair_boundary,569,-1.6781389609253406e-05
bf16_pair_boundary,570,-1.6732389029684957e-05
bf16_pair_boundary,571,-1.6794855517307518e-05
bf16_pair_boundary,572,-1.6851539183403836e-05
bf16_pair_boundary,573,-1.6651913238623545e-05
bf16_pair_boundary,574,-1.6475665003513723e-05
bf16_pair_boundary,575,-1.6335577047088673e-05
bf16_pair_boundary,576,-1.6353272090823858e-05
bf16_pair_boundary,577,-1.6383473681534567e-05
bf16_pair_boundary,578,-1.655003406853771e-05
bf16_pair_boundary,579,-1.6472644501525046e-05
bf16_pair_boundary,580,-1.6574059562496385e-05
bf16_pair_boundary,581,-1.6554406983684486e-05
bf16_pair_boundary,582,-1.6497897479343302e-05
bf16_pair_boundary,583,-1.6495680624186416e-05
bf16_pair_boundary,584,-1.6520880643488347e-05
bf16_pair_boundary,585,-1.6622677827695913e-05
bf16_pair_boundary,586,-1.6680954994374626e-05
bf16_pair_boundary,587,-1.677423602897824e-05
bf16_pair_boundary,588,-1.69336882052975e-05
bf16_pair_boundary,589,-1.6974538474027083e-05
bf16_pair_boundary,590,-1.7036774976628085e-05
bf16_pair_boundary,591,-1.708837431243491e-05
bf16_pair_boundary,592,-1.7007372185269022e-05
bf16_pair_boundary,593,-1.702348814804847e-05
bf16_pair_boundary,594,-1.7192624386471218e-05
bf16_pair_boundary,595,-1.7086872701165702e-05
bf16_pair_boundary,596,-1.7253166797065203e-05
bf16_pair_boundary,597,-1.742735816131493e-05
bf16_pair_boundary,598,-1.7525080644639945e-05
bf16_pair_boundary,599,-1.753759264037434e-05
bf16_pair_boundary,600,-1.7352439759894413e-05
bf16_pair_boundary,601,-1.750585387878597e-05
bf16_pair_boundary,602,-1.7554795108942145e-05
bf16_pair_boundary,603,-1.7554876903774815e-05
bf16_pair_boundary,604,-1.748919801863622e-05
bf16_pair_boundary,605,-1.7496046513720677e-05
bf16_pair_boundary,606,-1.755757829361444e-05
bf16_pair_boundary,607,-1.7521998977534064e-05
bf16_pair_boundary,608,-1.7491779832375062e-05
bf16_pair_boundary,609,-1.7541272675220006e-05
bf16_pair_boundary,610,-1.7533030524999276e-05
bf16_pair_boundary,611,-1.7549645720189074e-05
bf16_pair_boundary,612,-1.7594611191846413e-05
bf16_pair_boundary,613,-1.774382117654239e-05
bf16_pair_boundary,614,-1.7835067008709224e-05
bf16_pair_boundary,615,-1.791955249156256e-05
bf16_pair_boundary,616,-1.7937860952149743e-05
bf16_pair_boundary,617,-1.8046291482852588e-05
bf16_pair_boundary,618,-1.8084031300545057e-05
bf16_pair_boundary,619,-1.809994604656131e-05
bf16_pair_boundary,620,-1.8042425047204005e-05
bf16_pair_boundary,621,-1.8121897982268776e-05
bf16_pair_boundary,622,-1.8117575398052155e-05
bf16_pair_boundary,623,-1.8085391151877327e-05
bf16_pair_boundary,624,-1.813680664249893e-05
bf16_pair_boundary,625,-1.814700280280652e-05
bf16_pair_boundary,626,-1.823571748985345e-05
bf16_pair_boundary,627,-1.8336205854889465e-05
bf16_pair_boundary,628,-1.8343361312377716e-05
bf16_pair_boundary,629,-1.8210110083984355e-05
bf16_pair_boundary,630,-1.8296639401851875e-05
bf16_pair_boundary,631,-1.8219774972494885e-05
bf16_pair_boundary,632,-1.831512039692466e-05
bf16_pair_boundary,633,-1.8404550558501043e-05
bf16_pair_boundary,634,-1.8363753061823278e-05
bf16_pair_boundary,635,-1.8242628657988197e-05
bf16_pair_boundary,636,-1.8219294331286177e-05
bf16_pair_boundary,637,-1.810926864543025e-05
bf16_pair_boundary,638,-1.8130312767091537e-05
bf16_pair_boundary,639,-1.8230175441292658e-05
bf16_pair_boundary,640,-1.8253404519903244e-05
bf16_pair_boundary,641,-1.836192972146951e-05
bf16_pair_boundary,642,-1.8501724133248974e-05
bf16_pair_boundary,643,-1.8724348050565096e-05
bf16_pair_boundary,644,-1.8831414018390568e-05
bf16_pair_boundary,645,-1.8981080894963864e-05
bf16_pair_boundary,646,-1.9068835757400383e-05
bf16_pair_boundary,647,-1.909056556093089e-05
bf16_pair_boundary,648,-1.905672732625705e-05
bf16_pair_boundary,649,-1.9006515893515906e-05
bf16_pair_boundary,650,-1.9047535009011688e-05
bf16_pair_boundary,651,-1.900384167497291e-05
bf16_pair_boundary,652,-1.9028022168479263e-05
bf16_pair_boundary,653,-1.899456132984736e-05
bf16_pair_boundary,654,-1.912956736304509e-05
bf16_pair_boundary,655,-1.918106744546862e-05
bf16_pair_boundary,656,-1.9108053003791573e-05
bf16_pair_boundary,657,-1.9100519892380103e-05
bf16_pair_boundary,658,-1.915519628973712e-05
bf16_pair_boundary,659,-1.91240170139565e-05
bf16_pair_boundary,660,-1.8993088331317608e-05
bf16_pair_boundary,661,-1.9072515511837058e-05
bf16_pair_boundary,662,-1.9174618082002968e-05
bf16_pair_boundary,663,-1.9101266294486268e-05
bf16_pair_boundary,664,-1.902849091817015e-05
bf16_pair_boundary,665,-1.9031181099920956e-05
bf16_pair_boundary,666,-1.9078423884615135e-05
bf16_pair_boundary,667,-1.9073516021045638e-05
bf16_pair_boundary,668,-1.9164175238738788e-05
bf16_pair_boundary,669,-1.9358312901543265e-05
bf16_pair_boundary,670,-1.9446772516860787e-05
bf16_pair_boundary,671,-1.959644094146983e-05
bf16_pair_boundary,672,-1.972970918758549e-05
bf16_pair_boundary,673,-1.988838894850146e-05
bf16_pair_boundary,674,-1.99480776557016e-05
bf16_pair_boundary,675,-2.0198855793463942e-05
bf16_pair_boundary,676,-2.0324066648710582e-05
bf16_pair_boundary,677,-2.0350234681031285e-05
bf16_pair_boundary,678,-2.0318775332422025e-05
bf16_pair_boundary,679,-2.040094254172437e-05
bf16_pair_boundary,680,-2.046677739541344e-05
bf16_pair_boundary,681,-2.051007654463009e-05
bf16_pair_boundary,682,-2.0419584908604754e-05
bf16_pair_boundary,683,-2.062569615883488e-05
bf16_pair_boundary,684,-2.0744315809549898e-05
bf16_pair_boundary,685,-2.0726534352426288e-05
bf16_pair_boundary,686,-2.0696585650837948e-05
bf16_pair_boundary,687,-2.0793993916077668e-05
bf16_pair_boundary,688,-2.0821049167843106e-05
bf16_pair_boundary,689,-2.081738602732811e-05
bf16_pair_boundary,690,-2.0834275446496538e-05
bf16_pair_boundary,691,-2.0857099942667623e-05
bf16_pair_boundary,692,-2.094475132160749e-05
bf16_pair_boundary,693,-2.0861111331911845e-05
bf16_pair_boundary,694,-2.072413902334443e-05
bf16_pair_boundary,695,-2.0734253285547157e-05
bf16_pair_boundary,696,-2.070128413691709e-05
bf16_pair_boundary,697,-2.075073300347903e-05
bf16_pair_boundary,698,-2.0762050229940204e-05
bf16_pair_boundary,699,-2.0892855060044588e-05
bf16_pair_boundary,700,-2.0930555652858873e-05
bf16_pair_boundary,701,-2.0971528907072513e-05
bf16_pair_boundary,702,-2.1082524131486638e-05
bf16_pair_boundary,703,-2.117845991729743e-05
bf16_pair_boundary,704,-2.122458640032563e-05
bf16_pair_boundary,705,-2.1256499895614477e-05
bf16_pair_boundary,706,-2.1328210355543703e-05
bf16_pair_boundary,707,-2.14478227546363e-05
bf16_pair_boundary,708,-2.1413493106658824e-05
bf16_pair_boundary,709,-2.138244939049765e-05
bf16_pair_boundary,710,-2.145695322399473e-05
bf16_pair_boundary,711,-2.1678520204166566e-05
bf16_pair_boundary,712,-2.1651410071511985e-05
bf16_pair_boundary,713,-2.186316422241317e-05
bf16_pair_boundary,714,-2.18217829086096e-05
bf16_pair_boundary,715,-2.174787472244394e-05
bf16_pair_boundary,716,-2.170587400397748e-05
bf16_pair_boundary,717,-2.172254648349574e-05
bf16_pair_boundary,718,-2.1767317955470008e-05
bf16_pair_boundary,719,-2.18442446169423e-05
bf16_pair_boundary,720,-2.175553262988003e-05
bf16_pair_boundary,721,-2.173134148577219e-05
bf16_pair_boundary,722,-2.1689591961645692e-05
bf16_pair_boundary,723,-2.1741841733710626e-05
bf16_pair_boundary,724,-2.183052172833376e-05
bf16_pair_boundary,725,-2.1810020683291783e-05
bf16_pair_boundary,726,-2.1909167380228977e-05
bf16_pair_boundary,727,-2.193747939290793e-05
bf16_pair_boundary,728,-2.19060103386144e-05
bf16_pair_boundary,729,-2.2003615337455255e-05
bf16_pair_boundary,730,-2.2031493274011108e-05
bf16_pair_boundary,731,-2.210010037085855e-05
bf16_pair_boundary,732,-2.2225808683805004e-05
bf16_pair_boundary,733,-2.227710529777493e-05
bf16_pair_boundary,734,-2.2208240821444514e-05
bf16_pair_boundary,735,-2.2301331107452063e-05
bf16_pair_boundary,736,-2.246080611082894e-05
bf16_pair_boundary,737,-2.2524809374349433e-05
bf16_pair_boundary,738,-2.254515423814522e-05
bf16_pair_boundary,739,-2.2422706083177966e-05
bf16_pair_boundary,740,-2.248448006460639e-05
bf16_pair_boundary,741,-2.254493496489103e-05
bf16_pair_boundary,742,-2.250599870851826e-05
bf16_pair_boundary,743,-2.2529232521061972e-05
bf16_pair_boundary,744,-2.2617954125822316e-05
bf16_pair_boundary,745,-2.2745553779422438e-05
bf16_pair_boundary,746,-2.2867697270937583e-05
bf16_pair_boundary,747,-2.287202733868083e-05
bf16_pair_boundary,748,-2.2956010243365565e-05
bf16_pair_boundary,749,-2.3120801025048685e-05
bf16_pair_boundary,750,-2.317333376602023e-05
bf16_pair_boundary,751,-2.327720193874676e-05
bf16_pair_boundary,752,-2.3339963700946295e-05
bf16_pair_boundary,753,-2.3370561340879427e-05
bf16_pair_boundary,754,-2.342377364988005e-05
bf16_pair_boundary,755,-2.3475479112157982e-05
bf16_pair_boundary,756,-2.3512406325451805e-05
bf16_pair_boundary,757,-2.3525715193267198e-05
bf16_pair_boundary,758,-2.3603134546250874e-05
bf16_pair_boundary,759,-2.380867779319366e-05
bf16_pair_boundary,760,-2.3868587453496976e-05
bf16_pair_boundary,761,-2.3954054721283126e-05
bf16_pair_boundary,762,-2.4027139009303297e-05
bf16_pair_boundary,763,-2.4088055425955025e-05
bf16_pair_boundary,764,-2.4192584233050835e-05
bf16_pair_boundary,765,-2.4224158718485743e-05
bf16_pair_boundary,766,-2.4341553133673633e-05
bf16_pair_boundary,767,-2.434223757044824e-05
bf16_pair_boundary,768,-2.433913121581246e-05
bf16_pair_boundary,769,-2.4434111665320908e-05
bf16_pair_boundary,770,-2.4627714100130807e-05
bf16_pair_boundary,771,-2.4651556263110527e-05
bf16_pair_boundary,772,-2.480423163942084e-05
bf16_pair_boundary,773,-2.4932707221801085e-05
bf16_pair_boundary,774,-2.5029235294374476e-05
bf16_pair_boundary,775,-2.511453548412448e-05
bf16_pair_boundary,776,-2.5221459604126456e-05
bf16_pair_boundary,777,-2.5336415564820456e-05
bf16_pair_boundary,778,-2.544258388265293e-05
bf16_pair_boundary,779,-2.5443781724826815e-05
bf16_pair_boundary,780,-2.548895612143151e-05
bf16_pair_boundary,781,-2.553533255572756e-05
bf16_pair_boundary,782,-2.5715006056493984e-05
bf16_pair_boundary,783,-2.5773222075041186e-05
