contrast,target_pixel_index,mean_cumulative_bits_per_image,sample_sd_cumulative_bits_per_image,mean_cumulative_final_bpp_contribution
A10_minus_A00,1,0.0,0.0,0.0
A10_minus_A00,2,-4.702813088031362e-10,0.0,-6.006146983437244e-13
A10_minus_A00,3,-1.1106162213257378e-09,0.0,-1.4184115214888094e-12
A10_minus_A00,4,-2.538402894319986e-09,0.0,-3.241893862477632e-12
A10_minus_A00,5,-4.486561831521208e-09,0.0,-5.7299640249313e-12
A10_minus_A00,6,-2.18330019713775e-09,0.0,-2.7883782849779696e-12
A10_minus_A00,7,4.926580229722125e-09,0.0,6.291928773591475e-12
A10_minus_A00,8,1.4481671507051427e-08,0.0,1.849511048154716e-11
A10_minus_A00,9,1.870703503598718e-08,0.0,2.389148791313816e-11
A10_minus_A00,10,2.123940951273109e-08,0.0,2.7125682647166142e-11
A10_minus_A00,11,1.91596576193931e-08,0.0,2.446954996091073e-11
A10_minus_A00,12,2.0042268820011148e-08,0.0,2.5596767330793293e-11
A10_minus_A00,13,1.6529417516447058e-08,0.0,2.1110367198527532e-11
A10_minus_A00,14,1.061177067676543e-08,0.0,1.3552708399444995e-11
A10_minus_A00,15,2.1125573035207784e-09,0.0,2.6980297618400745e-12
A10_minus_A00,16,-9.7735128740147e-09,0.0,-1.248213649299451e-11
A10_minus_A00,17,-1.6397657126199266e-08,0.0,-2.094209083805781e-11
A10_minus_A00,18,-1.9487629603241936e-08,0.0,-2.4888415840666584e-11
A10_minus_A00,19,-2.2023568158600044e-08,0.0,-2.8127162399233773e-11
A10_minus_A00,20,-2.5017035438730283e-08,0.0,-3.195023683107316e-11
A10_minus_A00,21,-2.693735835925706e-08,0.0,-3.4402756525232515e-11
A10_minus_A00,22,-3.228911123602455e-08,0.0,-4.123768995660862e-11
A10_minus_A00,23,-3.511313277681739e-08,0.0,-4.4844358591082236e-11
A10_minus_A00,24,-3.793039388755513e-08,0.0,-4.8442393215268366e-11
A10_minus_A00,25,-4.707782841938971e-08,0.0,-6.012494051007625e-11
A10_minus_A00,26,-6.196622694134211e-08,0.0,-7.91394980093769e-11
A10_minus_A00,27,-8.155737147151766e-08,0.0,-1.0416011682186164e-10
A10_minus_A00,28,-1.0655876648682212e-07,0.0,-1.3609037865494524e-10
A10_minus_A00,29,-1.378264876909483e-07,0.0,-1.7602361135497867e-10
A10_minus_A00,30,-1.726851223294311e-07,0.0,-2.2054294039518658e-10
A10_minus_A00,31,-2.9280972382874316e-07,0.0,-3.7395877883619815e-10
A10_minus_A00,32,-5.930935962322852e-07,0.0,-7.574630858649875e-10
A10_minus_A00,33,-1.303807461944913e-06,0.0,-1.665143629559276e-09
A10_minus_A00,34,-2.76459129907544e-06,0.0,-3.5307679426250834e-09
A10_minus_A00,35,-4.8808147044680195e-06,0.0,-6.233479826906793e-09
A10_minus_A00,36,-6.508950525788158e-06,0.0,-8.312835920546818e-09
A10_minus_A00,37,-5.35731615016829e-06,0.0,-6.8420385059620565e-09
A10_minus_A00,38,-4.0935014336204655e-06,0.0,-5.22797117959191e-09
A10_minus_A00,39,-2.46380069410855e-06,0.0,-3.1466164675715837e-09
A10_minus_A00,40,-8.875616771786176e-07,0.0,-1.1335398175972128e-09
A10_minus_A00,41,4.83142716255638e-07,0.0,6.170405060736117e-10
A10_minus_A00,42,1.7322080436903037e-06,0.0,2.2122708093107327e-09
A10_minus_A00,43,2.8093293397998974e-06,0.0,3.587904648531159e-09
A10_minus_A00,44,3.707634753259005e-06,0.0,4.735165712974463e-09
A10_minus_A00,45,4.503027936332908e-06,0.0,5.75099353299222e-09
A10_minus_A00,46,5.147367617828055e-06,0.0,6.57390500361182e-09
A10_minus_A00,47,5.578384662974989e-06,0.0,7.124373771360138e-09
A10_minus_A00,48,5.840940899827037e-06,0.0,7.459694635794427e-09
A10_minus_A00,49,5.909533551406934e-06,0.0,7.547297000519711e-09
A10_minus_A00,50,5.892402796020264e-06,0.0,7.525418641149763e-09
A10_minus_A00,51,5.888993987922464e-06,0.0,7.521065118674922e-09
A10_minus_A00,52,5.9038964066099275e-06,0.0,7.540097581877301e-09
A10_minus_A00,53,5.926460904963314e-06,0.0,7.568915587437182e-09
A10_minus_A00,54,5.95759780824304e-06,0.0,7.608681747436833e-09
A10_minus_A00,55,6.000074427801384e-06,0.0,7.662930303705471e-09
A10_minus_A00,56,6.052894891587814e-06,0.0,7.73038938900104e-09
A10_minus_A00,57,6.118619753384403e-06,0.0,7.814329186953261e-09
A10_minus_A00,58,6.190569333012612e-06,0.0,7.90621881610806e-09
A10_minus_A00,59,6.264291111457101e-06,0.0,8.000371789855813e-09
A10_minus_A00,60,1.894596080134135e-06,0.0,2.419662937591488e-09
A10_minus_A00,61,-3.986597014779032e-06,0.0,-5.0914393547624925e-09
A10_minus_A00,62,-1.1846260776670004e-05,0.0,-1.5129324108135383e-08
A10_minus_A00,63,-2.2944052364315106e-05,0.0,-2.9302748868857095e-08
A10_minus_A00,64,-5.0110324524320265e-05,0.0,-6.399786018431707e-08
A10_minus_A00,65,-0.0001341451005985969,0.0,-1.7132196755887217e-07
A10_minus_A00,66,0.0008372521103615379,0.00603239867388627,1.069287497268886e-06
A10_minus_A00,67,-0.0006373093720949786,0.002137926224823137,-8.139327868390531e-07
A10_minus_A00,68,-0.0003763023232819343,0.0007140250798265987,-4.805904511902098e-07
A10_minus_A00,69,-0.0009461695841694747,0.007360612953990458,-1.2083902735242333e-06
A10_minus_A00,70,-0.00011325469694582367,0.014117883301971135,-1.4464201397934058e-07
A10_minus_A00,71,-0.0009414209134902443,0.013110724522865973,-1.2023255600130834e-06
A10_minus_A00,72,-0.002044536468024279,0.01246691685683751,-2.6111576858547623e-06
A10_minus_A00,73,-0.002018978370106992,0.009686264441893935,-2.578516436918253e-06
A10_minus_A00,74,-0.001414436105177073,0.012939427444226903,-1.8064318073781266e-06
A10_minus_A00,75,-0.0018460245249365954,0.014045746471096628,-2.3576303000467375e-06
A10_minus_A00,76,-0.0005509269045946555,0.018817111669788583,-7.036103506956008e-07
A10_minus_A00,77,-0.0005108415114291615,0.01900806159825489,-6.524157234088908e-07
A10_minus_A00,78,-0.0005116472931770572,0.0190084202671633,-6.534448188723591e-07
A10_minus_A00,79,-0.0005118624089252335,0.019008402108489895,-6.537195516286507e-07
A10_minus_A00,80,-0.0005121342842510878,0.019008486465427167,-6.540667742670342e-07
A10_minus_A00,81,-0.0005124250546719796,0.019008515304630873,-6.544381285721323e-07
A10_minus_A00,82,-0.0005127427235485812,0.01900858631097137,-6.548438359496568e-07
A10_minus_A00,83,-0.0005130966613997786,0.019008587096482503,-6.552958638566776e-07
A10_minus_A00,84,-0.0005135429423308202,0.01900858431446302,-6.558658267315712e-07
A10_minus_A00,85,-0.0005140284565215314,0.01900859143807994,-6.564858959406532e-07
A10_minus_A00,86,-0.0005159273496064446,0.01900886647840583,-6.589110467515256e-07
A10_minus_A00,87,-0.000517973733464558,0.019009064948244118,-6.61524563811696e-07
A10_minus_A00,88,-0.0005227312792964172,0.019009635130753103,-6.676006121282467e-07
A10_minus_A00,89,-0.0005448891926575648,0.019011117212061484,-6.95899352053084e-07
A10_minus_A00,90,-0.0005894599708945481,0.01901282086126187,-7.528224404783501e-07
A10_minus_A00,91,-0.0006310838962228878,0.019021282423519418,-8.059819875132667e-07
A10_minus_A00,92,-0.0006090580795030362,0.018805835778747382,-7.778519533882965e-07
A10_minus_A00,93,-0.0022621530086212385,0.02458312071364421,-2.889084302198261e-06
A10_minus_A00,94,-0.0024068281637421004,0.025487331697072232,-3.0738546152517248e-06
A10_minus_A00,95,0.0020496296761869674,0.017013213193598428,2.617662421694722e-06
A10_minus_A00,96,0.0007471894332688677,0.01754147699173699,9.542649211607506e-07
A10_minus_A00,97,0.0007553474611577305,0.01814195889742413,9.646838584389917e-07
A10_minus_A00,98,0.0006315209528744499,0.01817752612808352,8.065401696991697e-07
A10_minus_A00,99,-0.0015249131888864782,0.03307921043454931,-1.947526422588095e-06
A10_minus_A00,100,0.0008093449222805523,0.03684618976100482,1.033646133180782e-06
A10_minus_A00,101,0.0005809522522339393,0.04456005021831335,7.419568994047755e-07
A10_minus_A00,102,0.0014445906366234319,0.05187893531299388,1.8449433417923778e-06
A10_minus_A00,103,-0.004342221207716406,0.04133480940771124,-5.5456209549379385e-06
A10_minus_A00,104,-0.0041864636436277775,0.0416505598473075,-5.346696862870725e-06
A10_minus_A00,105,-0.00418523283692742,0.0416519700558312,-5.345124951376016e-06
A10_minus_A00,106,-0.004183933593220706,0.04165229203506611,-5.343465636297198e-06
A10_minus_A00,107,-0.0041855919451677685,0.04165248242438427,-5.3455835825897425e-06
A10_minus_A00,108,-0.004186294378890636,0.04165283015310596,-5.34648068823836e-06
A10_minus_A00,109,-0.004186705801488775,0.04165315019519968,-5.347006132169572e-06
A10_minus_A00,110,-0.004187140866309031,0.04165349316165733,-5.3475617705096185e-06
A10_minus_A00,111,-0.0041876136039735315,0.04165354960095064,-5.348165522316132e-06
A10_minus_A00,112,-0.0041879251682393264,0.0416537170657416,-5.348563433255844e-06
A10_minus_A00,113,-0.004188471004555407,0.041653787696295005,-5.349260542216357e-06
A10_minus_A00,114,-0.004189472256065071,0.04165412585738716,-5.350539279776591e-06
A10_minus_A00,115,-0.004193518301021291,0.041653581602362,-5.355706642428213e-06
A10_minus_A00,116,-0.004237286191480395,0.04165201252959317,-5.411604331392586e-06
A10_minus_A00,117,-0.004222959445017751,0.04165596719880713,-5.39330708175958e-06
A10_minus_A00,118,-0.0042573382128038234,0.04165135740061048,-5.437213554027872e-06
A10_minus_A00,119,-0.004334708943181349,0.04164667180700455,-5.536026747358044e-06
A10_minus_A00,120,-0.003821058585050276,0.04183848366526817,-4.880023735696393e-06
A10_minus_A00,121,0.00705386962542408,0.06264112328885309,9.008773467974558e-06
A10_minus_A00,122,0.006316236425731169,0.06263622008401508,8.06671318739613e-06
A10_minus_A00,123,0.00646360428981802,0.06382520441210444,8.254922464646257e-06
A10_minus_A00,124,0.006100121909196248,0.0601082456242154,7.79070486487388e-06
A10_minus_A00,125,0.012051485979087615,0.059020997740182025,1.5391425260648296e-05
A10_minus_A00,126,0.021534435806179912,0.06958211860194109,2.750247229397179e-05
A10_minus_A00,127,0.0023924278709517976,0.11728068167807032,3.055463436720048e-06
A10_minus_A00,128,0.0013750560757095527,0.11219219640667971,1.7561380277261209e-06
A10_minus_A00,129,0.006647347777420109,0.11264745883846468,8.489588476909463e-06
A10_minus_A00,130,0.010527938711359378,0.11815089253429227,1.3445643309526664e-05
A10_minus_A00,131,0.01961778532068019,0.12229039646522324,2.5054642810574956e-05
A10_minus_A00,132,0.021491610924134513,0.12305551363533963,2.7447778958026198e-05
A10_minus_A00,133,0.015780769193148737,0.1232518697484551,2.0154239071709753e-05
A10_minus_A00,134,0.010496848607922195,0.12771591143307054,1.3405936919440862e-05
A10_minus_A00,135,0.010701062546941361,0.12730376873987514,1.366674654781783e-05
A10_minus_A00,136,0.010696272404390049,0.127303022056856,1.3660628868952809e-05
A10_minus_A00,137,0.010693244894361147,0.1273038488448572,1.3656762317191759e-05
A10_minus_A00,138,0.010690371541974535,0.12730447190836572,1.3653092646199917e-05
A10_minus_A00,139,0.010688372405212827,0.12730494187162975,1.3650539470259037e-05
A10_minus_A00,140,0.010686250603163468,0.12730604417869032,1.364782963366982e-05
A10_minus_A00,141,0.010685047101599829,0.12730615842501347,1.3646292594635797e-05
A10_minus_A00,142,0.01068128044929103,0.12730794901723647,1.364148205528867e-05
A10_minus_A00,143,0.010672496745983619,0.12731033205513478,1.3630264043401811e-05
A10_minus_A00,144,0.010622329365847361,0.12745943999114373,1.3566193315258443e-05
A10_minus_A00,145,0.01061351858879904,0.1271435488897984,1.3554940726435555e-05
A10_minus_A00,146,0.011245178102230802,0.12395730614035354,1.4361657857255175e-05
A10_minus_A00,147,0.012210159040254357,0.12352426409782905,1.5594072848345283e-05
A10_minus_A00,148,0.011147318690190079,0.10931156492980042,1.4236677765249142e-05
A10_minus_A00,149,0.019530466412590437,0.12757848933832958,2.4943124409438617e-05
A10_minus_A00,150,0.020344717704354,0.1259346344324859,2.598303665945594e-05
A10_minus_A00,151,0.024164172461665363,0.12777257492351346,3.086101208386381e-05
A10_minus_A00,152,0.030729314487901248,0.1382914897779044,3.924561237279853e-05
A10_minus_A00,153,0.023274982845202616,0.12818447810921205,2.9725393161178307e-05
A10_minus_A00,154,0.025972795733993276,0.12723454210947663,3.317087577776919e-05
A10_minus_A00,155,0.037058833368112484,0.13722306366259496,4.732928910359194e-05
A10_minus_A00,156,0.04078958084995147,0.1626851912331533,5.2093972988443766e-05
A10_minus_A00,157,0.08915604066981317,0.24879935834779293,0.00011386467518494657
A10_minus_A00,158,0.08382530327242112,0.24413114864059504,0.00010705658144625941
A10_minus_A00,159,0.08698673977411137,0.2475370264285806,0.0001110941759567195
A10_minus_A00,160,0.08578031751359348,0.2510563205091976,0.00010955340678619857
A10_minus_A00,161,0.08463330101726271,0.2508454104450997,0.00010808850704631253
A10_minus_A00,162,0.08194192418332798,0.2588244421815487,0.00010465124416772411
A10_minus_A00,163,0.08448255755352602,0.2540757663526415,0.00010789598665839849
A10_minus_A00,164,0.0844783359356821,0.254078779545096,0.0001078905950647281
A10_minus_A00,165,0.08447105049380849,0.2540826819862364,0.00010788129054126243
A10_minus_A00,166,0.08446746235618043,0.2540832373630488,0.00010787670799001332
A10_minus_A00,167,0.08446421877658489,0.2540836261249548,0.00010787256548733702
A10_minus_A00,168,0.08446105908121544,0.2540839939986751,0.00010786853011649481
A10_minus_A00,169,0.08445789521618387,0.25408417247782,0.00010786448942041363
A10_minus_A00,170,0.08444939701288409,0.2540866575332392,0.00010785363603178045
A10_minus_A00,171,0.08441431969338405,0.25411928782269905,0.00010780883741172931
A10_minus_A00,172,0.08449069632660197,0.25429841536006,0.00010790638100460022
A10_minus_A00,173,0.08646573339361634,0.2557706572151055,0.00011042877828048064
A10_minus_A00,174,0.08921578443089773,0.269164774679089,0.00011394097628467143
A10_minus_A00,175,0.0688056360784796,0.2902317463559526,8.787437557915658e-05
A10_minus_A00,176,0.07252604059712617,0.28696257496346556,9.262585006018667e-05
A10_minus_A00,177,0.0756397658334369,0.2834143271841567,9.660251064295901e-05
A10_minus_A00,178,0.08093345471754126,0.2825427727472302,0.00010336328827272192
A10_minus_A00,179,0.07037233897098438,0.2924226699769788,8.987527327073357e-05
A10_minus_A00,180,0.05418540277952597,0.3415858779665952,6.920230240041632e-05
A10_minus_A00,181,0.025840587396141822,0.40072814513231664,3.3002027325851624e-05
A10_minus_A00,182,0.024547669077806932,0.4008793699507092,3.1350790648540145e-05
A10_minus_A00,183,0.006241380709930078,0.4341616778554211,7.971112017790648e-06
A10_minus_A00,184,0.009373080681057758,0.4278059184409854,1.1970728839154225e-05
A10_minus_A00,185,0.015049273850921897,0.43148072607308996,1.9220017689555423e-05
A10_minus_A00,186,0.0014290071148509442,0.4582283049392203,1.8250410151353056e-06
A10_minus_A00,187,0.021108786841862147,0.47596776343553276,2.6958859312723048e-05
A10_minus_A00,188,0.014794028109336478,0.48066924632399965,1.8894033345257317e-05
A10_minus_A00,189,0.024381880188522324,0.4806661869050154,3.11390551577552e-05
A10_minus_A00,190,0.024830533594057957,0.48099837653184224,3.171204801284541e-05
A10_minus_A00,191,0.02517132475742239,0.4808059201728343,3.214728576937725e-05
A10_minus_A00,192,0.025139894512582903,0.4808139428930234,3.2107144971370245e-05
A10_minus_A00,193,0.02513322318678137,0.48081587474452925,3.209862475961861e-05
A10_minus_A00,194,0.02512782995625007,0.4808167354851804,3.209173685344836e-05
A10_minus_A00,195,0.025123589078455334,0.4808174619250153,3.2086320662139634e-05
A10_minus_A00,196,0.02511604750352256,0.48081827816684153,3.207668902110161e-05
A10_minus_A00,197,0.025089894077362493,0.4808197446584732,3.2043287455124514e-05
A10_minus_A00,198,0.024977920089143638,0.4808240068414774,3.1900281084474635e-05
A10_minus_A00,199,0.024642272944257748,0.48083943118295486,3.1471612955629305e-05
A10_minus_A00,200,0.024472061618636354,0.48088625046824596,3.1254229398003003e-05
A10_minus_A00,201,0.029833680931855802,0.481555355101085,3.8101763642216864e-05
A10_minus_A00,202,0.028339009422800904,0.4804205376994101,3.619286005466271e-05
A10_minus_A00,203,0.042493101695218846,0.48570025858648047,5.426960625187592e-05
A10_minus_A00,204,0.05443387660653337,0.4932873621410404,6.951963806709243e-05
A10_minus_A00,205,0.05874856201454352,0.4796337550810814,7.503009197259709e-05
A10_minus_A00,206,0.044883946488194465,0.501192380575007,5.732304787764299e-05
A10_minus_A00,207,-0.1014273021291425,1.1634797700402364,-0.00012953678432840678
A10_minus_A00,208,-0.11535717256820505,1.163520900535518,-0.0001473271680309132
A10_minus_A00,209,-0.17038757276366107,1.1969742404287056,-0.00021760864976201925
A10_minus_A00,210,-0.1616849943127517,1.2002163417209146,-0.00020649424561015544
A10_minus_A00,211,-0.12958946124895898,1.1786117425334468,-0.0001655037819271507
A10_minus_A00,212,-0.14792624685914274,1.1966729461451238,-0.00018892240978179148
A10_minus_A00,213,-0.16408317917551268,1.1929477651922855,-0.00020955706152683612
A10_minus_A00,214,-0.14307985654101196,1.189518309043627,-0.00018273289468839332
A10_minus_A00,215,-0.12406059209531747,1.2029465983808871,-0.00015844264635417302
A10_minus_A00,216,-0.12108087126563111,1.2093533316726939,-0.0001546371280531687
A10_minus_A00,217,-0.12146089349262049,1.209037263756342,-0.00015512246933923433
A10_minus_A00,218,-0.11812392005604039,1.210435482302235,-0.0001508606897267438
A10_minus_A00,219,-0.12222196386410175,1.2099744500958014,-0.00015609446215083237
A10_minus_A00,220,-0.12247510337521561,1.209956012718105,-0.0001564177565456138
A10_minus_A00,221,-0.12247969291960611,1.2099554083536515,-0.00015642361803270256
A10_minus_A00,222,-0.12248220824257533,1.2099552175532466,-0.00015642683045028778
A10_minus_A00,223,-0.1224843696435918,1.2099551044211496,-0.0001564295908602705
A10_minus_A00,224,-0.12248677067762184,1.2099549439230404,-0.00015643265731497043
A10_minus_A00,225,-0.12248475099210891,1.2099558655614404,-0.0001564300778954137
A10_minus_A00,226,-0.12252886617800116,1.2099507566111973,-0.00015648641912899253
A10_minus_A00,227,-0.1233123632579356,1.2098405850473,-0.0001574870539692664
A10_minus_A00,228,-0.13376949791927886,1.210225920852077,-0.00017084227065042
A10_minus_A00,229,-0.11384421915494397,1.2231608235096618,-0.00014539491590669727
A10_minus_A00,230,-0.12297142021577531,1.2269536871004545,-0.00015705162224236949
A10_minus_A00,231,-0.12468916372360614,1.2188448549622066,-0.00015924541982580606
A10_minus_A00,232,-0.0976636412347098,1.221564489203638,-0.00012473006543385672
A10_minus_A00,233,-0.0963280001118038,1.223089048210603,-0.0001230242657877443
A10_minus_A00,234,-0.10320023032200812,1.2283580265126122,-0.00013180106043679199
A10_minus_A00,235,-0.10860409120811688,1.224002171565527,-0.00013870254304995772
A10_minus_A00,236,-0.0925577064339203,1.2324765151013264,-0.00011820907590538992
A10_minus_A00,237,-0.14577765880462257,1.3148827125899174,-0.00018617836373515016
A10_minus_A00,238,-0.142189493173544,1.3158590035253617,-0.00018159577672227843
A10_minus_A00,239,-0.15337186336827557,1.4130115415446542,-0.000195877220138283
A10_minus_A00,240,-0.16100906875473178,1.409972859797549,-0.0002056309945782015
A10_minus_A00,241,-0.15807992760788647,1.4308740600574796,-0.0002018900735732905
A10_minus_A00,242,-0.09588682908232993,1.3458725401016283,-0.00012246082896849288
A10_minus_A00,243,-0.08406216988298168,1.3673188078737266,-0.0001073590930817135
A10_minus_A00,244,-0.11940759854052897,1.3870093207094447,-0.00015250012584997315
A10_minus_A00,245,-0.10842388203038525,1.388586550211335,-0.0001384723908434039
A10_minus_A00,246,-0.11251575826659593,1.38867936003412,-0.00014369828641966275
A10_minus_A00,247,-0.11366582512161613,1.3882651545719358,-0.00014516708189223006
A10_minus_A00,248,-0.11114647574886949,1.388134965621756,-0.00014194952202920753
A10_minus_A00,249,-0.11115585594038713,1.3881346540994948,-0.00014196150183957488
A10_minus_A00,250,-0.11115780407067587,1.3881341695076452,-0.00014196398987314926
A10_minus_A00,251,-0.11115924103933635,1.3881339569563989,-0.00014196582508216646
A10_minus_A00,252,-0.1111607022341118,1.3881336709443775,-0.00014196769123130497
A10_minus_A00,253,-0.11116278212290034,1.3881332339158325,-0.00014197034753882546
A10_minus_A00,254,-0.11116406077349159,1.388134989174666,-0.0001419719805536291
A10_minus_A00,255,-0.11122816154411241,1.3881478368364084,-0.0001420538461610631
A10_minus_A00,256,-0.10823779831242392,1.3892745098863586,-0.00013823473603119275
A10_minus_A00,257,-0.10285678684189803,1.38281129975165,-0.00013136243530255176
A10_minus_A00,258,-0.0880700172987747,1.390974799233563,-0.00011247767215680038
A10_minus_A00,259,-0.12220865274635503,1.4094561610967444,-0.00015607746200045343
A10_minus_A00,260,-0.09682908486272546,1.4230884191188569,-0.00012366422076976431
A10_minus_A00,261,-0.13824584824308367,1.413855819538958,-0.00017655919315847212
A10_minus_A00,262,-0.13195252624130754,1.417742146973711,-0.0001685217448803417
A10_minus_A00,263,-0.14059214198569217,1.4140181475561868,-0.00017955573689105002
A10_minus_A00,264,-0.12178312210611003,1.439840322422364,-0.00015553400013551728
A10_minus_A00,265,-0.15984719913626994,1.515140648525774,-0.00020414712533367807
A10_minus_A00,266,-0.14790482692089796,1.5074783564710652,-0.00018889505353882242
A10_minus_A00,267,-0.15389028904509666,1.5086736221793298,-0.00019653932189667516
A10_minus_A00,268,-0.1846603909642296,1.5000453490348493,-0.00023583702549710036
A10_minus_A00,269,-0.13253519255430923,1.5342374679052468,-0.00016926589087395814
A10_minus_A00,270,-0.10170214000939215,1.4124702972617986,-0.00012988779056116495
A10_minus_A00,271,-0.11247500181800363,1.4176125678022953,-0.0001436462347611796
A10_minus_A00,272,-0.10632396247719883,1.4179817830875987,-0.00013579050124801895
A10_minus_A00,273,-0.09907639891033371,1.4189886063059642,-0.00012653435365304433
A10_minus_A00,274,-0.09629537066239002,1.4192155479182638,-0.00012298259343855686
A10_minus_A00,275,-0.09347642769400316,1.41846377259482,-0.00011938241084802447
A10_minus_A00,276,-0.10532281616130798,1.4223962137819588,-0.0001345118980348761
A10_minus_A00,277,-0.10532577855815001,1.4223949751720388,-0.0001345156814280332
A10_minus_A00,278,-0.10532694035818255,1.4223949326316394,-0.00013451716520840684
A10_minus_A00,279,-0.10532789450628965,1.4223949280880945,-0.00013451838378836483
A10_minus_A00,280,-0.10532888238646756,1.4223949317366802,-0.000134519645448873
A10_minus_A00,281,-0.10533005536646134,1.422394820208365,-0.00013452114350761345
A10_minus_A00,282,-0.10533170781113477,1.4223948899450212,-0.00013452325390949524
A10_minus_A00,283,-0.10539668291376114,1.422344406695378,-0.00013460623616061448
A10_minus_A00,284,-0.09519697971264163,1.426144698487791,-0.00012157979529073005
A10_minus_A00,285,-0.10478425030873534,1.4242866426334362,-0.0001338240744683721
A10_minus_A00,286,-0.10227781768544808,1.4439609767414707,-0.0001306230110925263
A10_minus_A00,287,-0.12688526100373404,1.467492486760747,-0.000162050141767221
A10_minus_A00,288,-0.13107477389733962,1.4716115525168896,-0.0001674007329467939
A10_minus_A00,289,-0.13531302296369188,1.5089265379796226,-0.0001728135670034379
A10_minus_A00,290,-0.12010584415414455,1.510053025340075,-0.00015339188270005688
A10_minus_A00,291,-0.143460557673401,1.5102274571471561,-0.00018321910303116347
A10_minus_A00,292,-0.23096234770073737,1.5156999523845947,-0.0002949710698604564
A10_minus_A00,293,-0.267410747967414,1.5216441072756646,-0.00034152075091623755
A10_minus_A00,294,-0.28938310697292985,1.5535150311218489,-0.0003695825120982501
A10_minus_A00,295,-0.27282144452630175,1.572328936303747,-0.00034843096363512357
A10_minus_A00,296,-0.23641575583009192,1.5668767600786773,-0.00030193583120062827
A10_minus_A00,297,-0.14516738257896755,1.6417692252116034,-0.00018539895603954988
A10_minus_A00,298,-0.12980577214763186,1.6235833873765033,-0.00016578004105700112
A10_minus_A00,299,-0.12034343094661831,1.63005062076212,-0.00015369531410806936
A10_minus_A00,300,-0.11915383804364563,1.63284099635032,-0.0001521760383699178
A10_minus_A00,301,-0.12072213428326367,1.6325977972147425,-0.00015417897098756535
A10_minus_A00,302,-0.11200136523580428,1.6349862120117538,-0.00014304133491162743
A10_minus_A00,303,-0.11564183614248427,1.6355011314160794,-0.00014769072304276408
A10_minus_A00,304,-0.11565006577039239,1.63550182109867,-0.00014770123342323422
A10_minus_A00,305,-0.11565228287206153,1.6355014394343834,-0.00014770406497070437
A10_minus_A00,306,-0.11565322568494982,1.6355014573979618,-0.00014770526907401
A10_minus_A00,307,-0.11565401155594002,1.6355014766154512,-0.00014770627274066414
A10_minus_A00,308,-0.11565483500729129,1.635501498671186,-0.00014770732440267086
A10_minus_A00,309,-0.1156561711347805,1.6355015124324315,-0.00014770903082347446
A10_minus_A00,310,-0.11565805896351977,1.6355014638130287,-0.0001477114418435757
A10_minus_A00,311,-0.11677898627880123,1.6344765804367651,-0.00014914302206743451
A10_minus_A00,312,-0.11600717177273862,1.635198200584736,-0.00014815730750030476
A10_minus_A00,313,-0.11663540298075845,1.634739725767868,-0.00014895964620786518
A10_minus_A00,314,-0.13729399209396953,1.635081735457543,-0.00017534354034989724
A10_minus_A00,315,-0.13107396190405132,1.6320168012695773,-0.00016739969591832865
A10_minus_A00,316,-0.12433887081037431,1.627255027723611,-0.0001587980470119723
A10_minus_A00,317,-0.14343485042721538,1.630609407060796,-0.00018318627129912564
A10_minus_A00,318,-0.13385734367899454,1.638252091814437,-0.0001709544619144247
A10_minus_A00,319,-0.1335578359925399,1.639962158717028,-0.0001705719489049041
A10_minus_A00,320,-0.10068658499263938,1.6567973906706082,-0.0001285907854312125
A10_minus_A00,321,-0.09923052943110916,1.628235806489346,-0.0001267311997843029
A10_minus_A00,322,-0.11042102975006579,1.6342131016797494,-0.0001410230265007226
A10_minus_A00,323,-0.12120341893548187,1.6220960525468078,-0.00015479363848720546
A10_minus_A00,324,-0.1356662281310145,1.6209835607066403,-0.00017326465917115517
A10_minus_A00,325,-0.11366311241852617,1.616678494021091,-0.00014516361739275372
A10_minus_A00,326,-0.1720139050573039,1.5816167550583806,-0.00021968570249974957
A10_minus_A00,327,-0.1541684509782465,1.6072608738579433,-0.0001968945734077222
A10_minus_A00,328,-0.16209491860477404,1.6051142953221034,-0.00020701777599588
A10_minus_A00,329,-0.15493567025525284,1.5996539565820738,-0.0001978744192276537
A10_minus_A00,330,-0.1488034852249484,1.6032054580069144,-0.00019004276529367614
A10_minus_A00,331,-0.10500555014524823,1.6499212267738106,-0.00013410670516634512
A10_minus_A00,332,-0.10500948169552711,1.6499203438919452,-0.00013411172630335518
A10_minus_A00,333,-0.10501373723197753,1.6499191588051967,-0.00013411716121580782
A10_minus_A00,334,-0.10501500494212565,1.6499189444951436,-0.0001341187802581426
A10_minus_A00,335,-0.10501620029397998,1.6499187328509424,-0.00013412030688886333
A10_minus_A00,336,-0.10501732183677663,1.6499185069282278,-0.00013412173925514257
A10_minus_A00,337,-0.10501864359860626,1.649918208456491,-0.00013412342732899905
A10_minus_A00,338,-0.10502135134809909,1.6499177659286686,-0.00013412688550204225
A10_minus_A00,339,-0.10488461110700806,1.649928955841583,-0.00013395224917880978
A10_minus_A00,340,-0.10401859931639579,1.6500026861680173,-0.00013284623156627814
A10_minus_A00,341,-0.1361160671781276,1.6611684878841244,-0.0001738391662555908
A10_minus_A00,342,-0.09167982542505568,1.7183841211590298,-0.00011708789964885782
A10_minus_A00,343,-0.08940212495178823,1.7134900003858875,-0.00011417895906997219
A10_minus_A00,344,-0.06334778228308799,1.7156051676682222,-8.090393650458236e-05
A10_minus_A00,345,-0.05245754061631419,1.7302073987377784,-6.699558188545874e-05
A10_minus_A00,346,-0.08212716767156433,1.7911992058747483,-0.00010488782588960962
A10_minus_A00,347,-0.08420449082594736,1.76300701538187,-0.00010754085673811923
A10_minus_A00,348,-0.10102313955367609,1.784268435010105,-0.00012902061245680216
A10_minus_A00,349,-0.0701204632180048,1.695382461233335,-8.955359287101507e-05
A10_minus_A00,350,-0.06682389356655744,1.6833877486904765,-8.534341451667616e-05
A10_minus_A00,351,-0.05457418867245595,1.6631645420173877,-6.9698836107862e-05
A10_minus_A00,352,-0.036629045766846224,1.6912636672882755,-4.678039050682787e-05
A10_minus_A00,353,0.004590539030214225,1.6897181786959274,5.862757382138218e-06
A10_minus_A00,354,-0.07970817986280573,1.7022037715601024,-0.00010179844171494986
A10_minus_A00,355,-0.12095663505716259,1.7165978528195622,-0.00015447846112025872
A10_minus_A00,356,-0.13717810451996743,1.702225518617748,-0.00017519553578539902
A10_minus_A00,357,-0.1578795320054706,1.7189999547330828,-0.00020163414049229964
A10_minus_A00,358,-0.16884356714453186,1.7347211498805875,-0.00021563673964818884
A10_minus_A00,359,-0.16490905042372803,1.7331214662776353,-0.00021061181407883527
A10_minus_A00,360,-0.16491480125142902,1.7331187099572385,-0.00021061915868637166
A10_minus_A00,361,-0.16491775820505605,1.7331192612462198,-0.0002106229351277855
A10_minus_A00,362,-0.1649188655636747,1.733119357844877,-0.00021062434937889487
A10_minus_A00,363,-0.16491945969230495,1.7331194538259604,-0.0002106251081638633
A10_minus_A00,364,-0.16492000389547073,1.73311959620888,-0.00021062580318706353
A10_minus_A00,365,-0.16492057399484505,1.7331197591019865,-0.000210626531283327
A10_minus_A00,366,-0.16492127015507416,1.7331198532533956,-0.00021062742037685078
A10_minus_A00,367,-0.16422827189782435,1.7329996240259147,-0.00020974236513132102
A10_minus_A00,368,-0.15474820057284994,1.7322580941054728,-0.00019763499434591306
A10_minus_A00,369,-0.13602320251303734,1.7187296484175427,-0.00017372056515075013
A10_minus_A00,370,-0.1280014816840509,1.756058797857264,-0.00016347571096302798
A10_minus_A00,371,-0.18201793161924065,1.8197296271021186,-0.00023246223706161002
A10_minus_A00,372,-0.19424346248522006,1.8057471541197136,-0.00024807594187129
A10_minus_A00,373,-0.1722311746788936,1.9173956565878334,-0.00021996318605222681
A10_minus_A00,374,-0.22247177169469162,1.9355706430818087,-0.0002841274223431566
A10_minus_A00,375,-0.2189862574165767,1.9271213725976575,-0.0002796759353979268
A10_minus_A00,376,-0.21197188239396414,1.938408347998973,-0.0002707176020357141
A10_minus_A00,377,-0.24787471412619266,2.0367210145610093,-0.0003165705161254057
A10_minus_A00,378,-0.2343693960840864,2.0073530064083247,-0.0002993223449349763
A10_minus_A00,379,-0.24565228964610952,2.037107710757245,-0.0003137321706846865
A10_minus_A00,380,-0.25090273550539055,2.045398009159095,-0.00032043772095196747
A10_minus_A00,381,-0.2291706791130774,2.0563605079321583,-0.0002926828596591027
A10_minus_A00,382,-0.2353808422273157,2.0618391058105856,-0.00030061410246145045
A10_minus_A00,383,-0.2600465465145869,2.0554943685941818,-0.00033211564050394243
A10_minus_A00,384,-0.32966816618678485,2.0558726657548205,-0.0004210321407238632
A10_minus_A00,385,-0.3231639683405272,2.071111012282803,-0.0004127253746366886
A10_minus_A00,386,-0.3289666953923586,2.0727334621952793,-0.00042013626486891265
A10_minus_A00,387,-0.3057933454785001,2.0686998506092595,-0.00039054067110919554
A10_minus_A00,388,-0.309297033773022,2.067220059026802,-0.0003950153688033486
A10_minus_A00,389,-0.31169430623588684,2.066314804451521,-0.00039807701945834844
A10_minus_A00,390,-0.31171870764247006,2.066306849031753,-0.00039810818345143047
A10_minus_A00,391,-0.31171979487158175,2.066307236869693,-0.00039810957199435727
A10_minus_A00,392,-0.31172048776526107,2.066307646072523,-0.00039811045691604224
A10_minus_A00,393,-0.31172124974717064,2.066308049147528,-0.00039811143007301484
A10_minus_A00,394,-0.311723000073982,2.0663084197369486,-0.0003981136654840128
A10_minus_A00,395,-0.31070310897602005,2.0662467826464694,-0.00039681112257473823
A10_minus_A00,396,-0.30637697208582937,2.06616462717798,-0.00039128604353234913
A10_minus_A00,397,-0.30731026571633807,2.067277364195171,-0.00039247798942061056
A10_minus_A00,398,-0.301108357086215,2.0723750529815503,-0.0003845572887435696
A10_minus_A00,399,-0.31721275315165326,2.0649660772225555,-0.00040512484438269894
A10_minus_A00,400,-0.3091205760224037,2.07003601162354,-0.0003947900076914479
A10_minus_A00,401,-0.35350148617142974,2.149138272556402,-0.00045147060813720274
A10_minus_A00,402,-0.3699503483195994,2.144714856253456,-0.00047247809491647434
A10_minus_A00,403,-0.3700786668786085,2.1505503965327755,-0.0004726419755793212
A10_minus_A00,404,-0.3798867716580289,2.168784688818095,-0.0004851682907509948
A10_minus_A00,405,-0.3358201758606814,2.1989396065589695,-0.0004288891134874603
A10_minus_A00,406,-0.31571130640477973,2.1808818141547577,-0.0004032072878732819
A10_minus_A00,407,-0.3149553561201678,2.227934316088638,-0.00040224183412537393
A10_minus_A00,408,-0.285613032267548,2.2238685257438355,-0.00036476760187426305
A10_minus_A00,409,-0.30829705524876244,2.2674326269434046,-0.0003937382570226851
A10_minus_A00,410,-0.3741546296332716,2.3884856070049256,-0.0004778475474243571
A10_minus_A00,411,-0.31753434141838255,2.4242175365295093,-0.00040553555736702753
A10_minus_A00,412,-0.31378193778671576,2.3995315497377754,-0.0004007432155641325
A10_minus_A00,413,-0.29442790828161064,2.3658926310248733,-0.0003760254256470123
A10_minus_A00,414,-0.28107081914355103,2.381281255039387,-0.00035896656340172545
A10_minus_A00,415,-0.284906205931525,2.3888902055455334,-0.0003638648862471584
A10_minus_A00,416,-0.30570770430991623,2.4355327229381643,-0.0003904312954149633
A10_minus_A00,417,-0.3056137016241881,2.4351410836034884,-0.0003903112408993462
A10_minus_A00,418,-0.3056194210949533,2.4351390173141474,-0.0003903185454597105
A10_minus_A00,419,-0.3056202935719061,2.4351390803211297,-0.00039031965973423515
A10_minus_A00,420,-0.30562099699647277,2.435139206290057,-0.0003903205581053292
A10_minus_A00,421,-0.30562176082713166,2.435139364015234,-0.00039032153362341207
A10_minus_A00,422,-0.30563101121967706,2.4351399007371555,-0.0003903333476624228
A10_minus_A00,423,-0.30569352227219143,2.4351338630064454,-0.00039041318297853314
A10_minus_A00,424,-0.3081119366262229,2.4348130202563443,-0.00039350183477167674
A10_minus_A00,425,-0.29505944926487254,2.4321542883330705,-0.00037683199139830465
A10_minus_A00,426,-0.31129306411827673,2.450278147426404,-0.00039756457741797795
A10_minus_A00,427,-0.30586524588116853,2.492489592662332,-0.0003906324979325269
A10_minus_A00,428,-0.3188808842303952,2.4856193065018295,-0.00040725527998773333
A10_minus_A00,429,-0.3276316923421333,2.4473798939887845,-0.0004184312801304384
A10_minus_A00,430,-0.3610415361472217,2.438636773284387,-0.0004611003015928757
A10_minus_A00,431,-0.33712064961208954,2.4468870151561313,-0.00043054999950458436
A10_minus_A00,432,-0.31716020833912134,2.480424752923745,-0.0004050577373424283
A10_minus_A00,433,-0.3065559239133423,2.4609731612108754,-0.00039151458992764025
A10_minus_A00,434,-0.3449051446292831,2.431957800976268,-0.000440491883306875
A10_minus_A00,435,-0.3341069609620937,2.437005694230177,-0.0004267010995684466
A10_minus_A00,436,-0.3179500836329715,2.4226705963570625,-0.00040606651804977204
A10_minus_A00,437,-0.32130852152048767,2.442001136696352,-0.00041035571075413496
A10_minus_A00,438,-0.32183298982521036,2.428408879040856,-0.00041102552978954066
A10_minus_A00,439,-0.36671170549941523,2.4496908431766986,-0.00046834189718954693
A10_minus_A00,440,-0.3813033403498526,2.6068262857263287,-0.0004869774461683941
A10_minus_A00,441,-0.3603651300640439,2.623915010305854,-0.0004602364368634022
A10_minus_A00,442,-0.3212895179249168,2.695523626210563,-0.0004103314405171351
A10_minus_A00,443,-0.33070318760333806,2.7100151716639833,-0.0004223540071562427
A10_minus_A00,444,-0.3374133046289495,2.710426188567108,-0.0004309237607010849
A10_minus_A00,445,-0.3387636039230294,2.7129335669794443,-0.0004326482808723236
A10_minus_A00,446,-0.3356118630694339,2.706742610247787,-0.000428623069054194
A10_minus_A00,447,-0.3356127540982814,2.7067420719437085,-0.00042862420702207077
A10_minus_A00,448,-0.3356134754682998,2.706742000269648,-0.0004286251283120048
A10_minus_A00,449,-0.3356145760809524,2.706741812371362,-0.0004286265339475765
A10_minus_A00,450,-0.3356231344139191,2.706739765645697,-0.0004286374641301649
A10_minus_A00,451,-0.33567690794478644,2.706730711709969,-0.0004287061404147975
A10_minus_A00,452,-0.3314743557288583,2.7076896171496427,-0.00042333889620543847
A10_minus_A00,453,-0.3381194820574046,2.70602911329232,-0.0004318256475828922
A10_minus_A00,454,-0.3463277402890202,2.7136996311803663,-0.0004423087360013029
A10_minus_A00,455,-0.36737638815435325,2.726302264568831,-0.00046919078946916124
A10_minus_A00,456,-0.3263474907255608,2.718538323405919,-0.0004167911758947137
A10_minus_A00,457,-0.3710814288668841,2.7471270190830825,-0.0004739226422310142
A10_minus_A00,458,-0.36148891117577775,2.8137945273306273,-0.0004616716617826025
A10_minus_A00,459,-0.33595196734526944,2.8555158557486555,-0.0004290574295597311
A10_minus_A00,460,-0.3522619962895585,2.8635999770791782,-0.0004498876070109304
A10_minus_A00,461,-0.35588817614414303,2.882159059029877,-0.0004545187434791099
A10_minus_A00,462,-0.35433635208070335,2.903762588586117,-0.00045253684812350363
A10_minus_A00,463,-0.32724605152074704,2.9279347767935797,-0.00041793876311717375
A10_minus_A00,464,-0.2967945714778041,2.907363279993507,-0.00037904798400741264
A10_minus_A00,465,-0.22507005665521299,2.930058994735817,-0.0002874457939402465
A10_minus_A00,466,-0.2276498907210773,2.960871741609901,-0.00029074060117634395
A10_minus_A00,467,-0.21823289722811093,2.954222514644133,-0.00027871378956336005
A10_minus_A00,468,-0.1812301889852978,2.9828021049868827,-0.0002314561800578516
A10_minus_A00,469,-0.1948757820957105,2.946402299301928,-0.00024888350203794446
A10_minus_A00,470,-0.24472743098648755,3.031376761145563,-0.0003125509974284643
A10_minus_A00,471,-0.25977711020537986,3.015142877968966,-0.0003317715328293485
A10_minus_A00,472,-0.24414305424067692,3.0072309243200173,-0.0003118046669740446
A10_minus_A00,473,-0.3272219608459379,3.217039376995779,-0.00041790799597182365
A10_minus_A00,474,-0.3287806708650496,3.2214982912691577,-0.00041989868565140434
A10_minus_A00,475,-0.3287813055354862,3.2214984250949295,-0.0004198994962139032
A10_minus_A00,476,-0.3287817714085781,3.221498243698901,-0.00041990009119869493
A10_minus_A00,477,-0.3287825386289211,3.2214979609375636,-0.00041990107104587624
A10_minus_A00,478,-0.3287852372781638,3.2214970887565144,-0.00041990451759663317
A10_minus_A00,479,-0.32880508997745483,3.2214952664207424,-0.00041992987225728586
A10_minus_A00,480,-0.32983001007500085,3.220926405843945,-0.0004212388378991071
A10_minus_A00,481,-0.30635020997066814,3.221919872274451,-0.0003912518645857831
A10_minus_A00,482,-0.33084103554041766,3.2074343854483773,-0.00042253005816145293
A10_minus_A00,483,-0.32016860090818877,3.2016201456485183,-0.0004088998734459627
A10_minus_A00,484,-0.2594390165813344,3.1703636018110295,-0.00033133974020604646
A10_minus_A00,485,-0.27746838304696997,3.1737647167282703,-0.0003543657510178416
A10_minus_A00,486,-0.19203190053179328,3.118759832358281,-0.00024525146938926345
A10_minus_A00,487,-0.21108689927367566,3.1553642984307735,-0.00026958735539422176
A10_minus_A00,488,-0.17978952728708758,3.147221283128702,-0.00022961625451735324
A10_minus_A00,489,-0.12268649002881044,3.165387668616517,-0.0001566877267290044
A10_minus_A00,490,-0.1368106652946483,3.17017458066383,-0.000174726264744123
A10_minus_A00,491,-0.20921675567445042,3.2176441997504592,-0.00026719892167873617
A10_minus_A00,492,-0.2124852865483886,3.1738697015999593,-0.0002713732906109688
A10_minus_A00,493,-0.1861228708760284,3.1522681910054704,-0.00023770481593362504
A10_minus_A00,494,-0.1178694930671807,3.254006236804004,-0.00015053575104365352
A10_minus_A00,495,-0.08152653778455943,3.268649842610989,-0.00010412073791131472
A10_minus_A00,496,-0.09204464660220102,3.267087516438399,-0.00011755382707816221
A10_minus_A00,497,-0.009365829908446754,3.3554864979320294,-1.1961468593163161e-05
A10_minus_A00,498,0.011245746960426906,3.3379600372331653,1.436238436836131e-05
A10_minus_A00,499,0.07636037129016637,3.357974198795116,9.752282412537212e-05
A10_minus_A00,500,0.06912558584308792,3.3450661472570493,8.828299596818381e-05
A10_minus_A00,501,0.07708094431635676,3.3593160386607956,9.844309618947223e-05
A10_minus_A00,502,0.07966231587311323,3.3641459266619855,0.00010173986701547028
A10_minus_A00,503,0.0796609694734941,3.3641445447047134,0.00010173814747572683
A10_minus_A00,504,0.07966045340659111,3.3641444185073226,0.00010173748838645097
A10_minus_A00,505,0.07965939290031288,3.364144194984544,0.00010173613397230252
A10_minus_A00,506,0.0796562545318803,3.364143311379959,0.00010173212583892758
A10_minus_A00,507,0.07960231605750934,3.3641149474730465,0.00010166323889847936
A10_minus_A00,508,0.07503952785392232,3.36217685650329,9.583592318508597e-05
A10_minus_A00,509,0.07032845133182808,3.35574601466979,8.981922264601287e-05
A10_minus_A00,510,0.08440489462484085,3.3589131736734013,0.00010779680028715307
A10_minus_A00,511,0.1206347240126655,3.351472346578593,0.00015406733590378737
A10_minus_A00,512,0.10506698983250873,3.2902378380257504,0.00013418517219988344
A10_minus_A00,513,0.07425031995208276,3.2995097199778862,9.482799483024618e-05
A10_minus_A00,514,0.06756385622775085,3.299246984362451,8.628844984387082e-05
A10_minus_A00,515,-0.002360474682006286,3.3312650647541973,-3.014654766291553e-06
A10_minus_A00,516,-0.08926164216386678,3.435618230242939,-0.00011399954299344417
A10_minus_A00,517,-0.13061432860396105,3.5051495035567166,-0.00016681268020940108
A10_minus_A00,518,-0.07904032524594051,3.5149169536004634,-0.00010094549839839146
A10_minus_A00,519,-0.06971759225623386,3.618975338905483,-8.903907056990276e-05
A10_minus_A00,520,-0.2256141373866722,3.804023219249163,-0.0002881406607748048
A10_minus_A00,521,-0.2086750448927347,3.9239489553893154,-0.0002665070815999166
A10_minus_A00,522,-0.2030389379791313,3.9676218224146345,-0.0002593089884790949
A10_minus_A00,523,-0.2742456678371968,4.140348703162078,-0.00035024989506666257
A10_minus_A00,524,-0.35428295755122624,4.3180856951340685,-0.00045246865587640644
A10_minus_A00,525,-0.3540295978204587,4.341970486893663,-0.00045214508023047086
A10_minus_A00,526,-0.3915539844423196,4.357957077941149,-0.0005000689456479177
A10_minus_A00,527,-0.3922815867543022,4.357092089776254,-0.0005009981950885085
A10_minus_A00,528,-0.3928933032728335,4.356354399766426,-0.0005017794422386124
A10_minus_A00,529,-0.3943264095605974,4.354632073635388,-0.0005036097184681959
A10_minus_A00,530,-0.3034273774869019,4.491605289668668,-0.0003875190006218415
A10_minus_A00,531,-0.3034273208614815,4.491606496107414,-0.0003875189283032969
A10_minus_A00,532,-0.3034276751006413,4.491606828725865,-0.00038751938071601694
A10_minus_A00,533,-0.3034278584221888,4.491606739371519,-0.00038751961484315297
A10_minus_A00,534,-0.30342916600989356,4.491608149473543,-0.0003875212848146789
A10_minus_A00,535,-0.30343001952891735,4.491605381343797,-0.0003875223748772891
A10_minus_A00,536,-0.2820754131276191,4.529467561703286,-0.00036024956976707416
A10_minus_A00,537,-0.3148318339483679,4.46486678755133,-0.0004020840791166895
A10_minus_A00,538,-0.2966202483818622,4.500051342986071,-0.000378825349146695
A10_minus_A00,539,-0.25576843371030145,4.53717256742731,-0.00032665189490459955
A10_minus_A00,540,-0.25383548184404925,4.507178669590981,-0.0003241832462886964
A10_minus_A00,541,-0.2793552946604801,4.502380462182906,-0.0003567755998218137
A10_minus_A00,542,-0.2749356571034328,4.49617196979241,-0.0003511311074117916
A10_minus_A00,543,-0.2554332481558751,4.505707066154798,-0.0003262238162910282
A10_minus_A00,544,-0.27243609162174426,4.511432993123124,-0.0003479388143317296
A10_minus_A00,545,-0.2610936278305119,4.4949943766915395,-0.0003334529091066563
A10_minus_A00,546,-0.23653974157737756,4.48835404723294,-0.0003020941782597415
A10_minus_A00,547,-0.17179332282478535,4.617714307636773,-0.00021940398828197363
A10_minus_A00,548,-0.13968056894864658,4.572293014796817,-0.00017839153122432513
A10_minus_A00,549,-0.23248284278705164,4.488375672085543,-0.00029691295375102383
A10_minus_A00,550,-0.2257578975076041,4.474677765482947,-0.0002883242624618188
A10_minus_A00,551,-0.2520238033624786,4.4725380236843915,-0.0003218694806672779
A10_minus_A00,552,-0.24848865619411376,4.486208283936529,-0.00031735460561189494
A10_minus_A00,553,-0.24147594812215334,4.678321887854948,-0.0003083984011777182
A10_minus_A00,554,-0.23679537383648405,4.679147343763034,-0.00030242065624072037
A10_minus_A00,555,-0.23490354188327983,4.682146778279885,-0.00030000452347800745
A10_minus_A00,556,-0.23431125028784547,4.683092610257581,-0.00029924808465880645
A10_minus_A00,557,-0.2347670903689933,4.682368286510005,-0.00029983025589909744
A10_minus_A00,558,-0.23478846027321976,4.6823374671250955,-0.00029985754824165997
A10_minus_A00,559,-0.23478881764152915,4.682337375559641,-0.00029985800465073966
A10_minus_A00,560,-0.23478920877564338,4.682337347930618,-0.0002998585041834526
A10_minus_A00,561,-0.2347896121258259,4.682337448694593,-0.0002998590193177853
A10_minus_A00,562,-0.23479041231262607,4.682338310290807,-0.00029986004126772165
A10_minus_A00,563,-0.23479181443440467,4.682338855820411,-0.00029986183197241973
A10_minus_A00,564,-0.23433334376075607,4.676906365346988,-0.00029927630109930533
A10_minus_A00,565,-0.24630982879958344,4.6632630012909395,-0.0003145719397184974
A10_minus_A00,566,-0.24630394654037674,4.662834733854907,-0.0003145644272546318
A10_minus_A00,567,-0.2411968671078009,4.658337960119688,-0.0003080419758720318
A10_minus_A00,568,-0.24634361498663493,4.687991097417254,-0.0003146150893826755
A10_minus_A00,569,-0.27872741811321583,4.705173470385865,-0.00035597371406540976
A10_minus_A00,570,-0.14308816545687875,4.703073429711393,-0.0001827435063306242
A10_minus_A00,571,-0.1989480395320085,4.670088848450706,-0.0002540843416756175
A10_minus_A00,572,-0.2051411715924636,4.6327605567755334,-0.0002619938334514222
A10_minus_A00,573,-0.11294018806431605,4.7654346361738,-0.00014424034235544834
A10_minus_A00,574,-0.30468837679108984,4.9973318645068066,-0.00038912947227469965
A10_minus_A00,575,-0.3707547488076963,4.929124384450696,-0.00047350542631889695
A10_minus_A00,576,-0.37456332968660494,4.933611962302001,-0.0004783695142868518
A10_minus_A00,577,-0.35755351410350844,4.94205602947899,-0.0004566456118818754
A10_minus_A00,578,-0.42309489782366627,4.860336718544466,-0.0005403510827888458
A10_minus_A00,579,-0.4453992429408377,4.8565467579747175,-0.0005688368364506229
A10_minus_A00,580,-0.41714512027350226,4.897968137597183,-0.0005327523885996198
A10_minus_A00,581,-0.4206948254531838,5.050977125616373,-0.0005372858562620483
A10_minus_A00,582,-0.4189247088214091,5.050420704216224,-0.0005350251709085684
A10_minus_A00,583,-0.41891667072178745,5.050428762795995,-0.0005350149051363824
A10_minus_A00,584,-0.4189081964088075,5.050445535342962,-0.0005350040822590135
A10_minus_A00,585,-0.4189076117123212,5.050446955124827,-0.0005350033355202058
A10_minus_A00,586,-0.4189088163070529,5.050448462602716,-0.0005350048739553677
A10_minus_A00,587,-0.41890951905846374,5.05044883978734,-0.0005350057714667481
A10_minus_A00,588,-0.41891013123594467,5.050449021027651,-0.0005350065533026113
A10_minus_A00,589,-0.41891093511374344,5.050449234625717,-0.0005350075799664668
A10_minus_A00,590,-0.41891347532559153,5.0504499240259015,-0.0005350108241706149
A10_minus_A00,591,-0.4189110195861886,5.050452330719491,-0.0005350076878495384
A10_minus_A00,592,-0.3698380474064289,5.123272178278263,-0.00047233467101715057
A10_minus_A00,593,-0.4109623343791498,5.057286463354629,-0.000524856110318199
A10_minus_A00,594,-0.40853522915352003,5.056116029591785,-0.0005217563590721839
A10_minus_A00,595,-0.42694775628808457,5.0385644737642785,-0.0005452717193972983
A10_minus_A00,596,-0.43375631884941757,5.013746403215988,-0.0005539672015956802
A10_minus_A00,597,-0.46734065853354734,4.9694853587868195,-0.0005968590785869059
A10_minus_A00,598,-0.47174735792853284,5.079718278494042,-0.0006024870471628772
A10_minus_A00,599,-0.4561737924040087,5.090176294738613,-0.0005825974360204454
A10_minus_A00,600,-0.34027695407498876,5.116998309803439,-0.00043458103968708654
A10_minus_A00,601,-0.3767901602176987,5.075656987888485,-0.0004812134868680698
A10_minus_A00,602,-0.3070126867898278,5.137499308265003,-0.000392097939706038
A10_minus_A00,603,-0.32603197334293216,5.113788085079284,-0.00041638821627449827
A10_minus_A00,604,-0.321247033801516,5.122576661921486,-0.00041027718237741505
A10_minus_A00,605,-0.336672865092694,5.127837569211205,-0.0004299781163380511
A10_minus_A00,606,-0.3700949405414248,4.894680212166212,-0.00047266275931216446
A10_minus_A00,607,-0.39011816995047255,4.893858352850011,-0.0004982352106647159
A10_minus_A00,608,-0.42712259336837205,4.892151947038048,-0.000545495010687576
A10_minus_A00,609,-0.5157458298809801,5.010563471179218,-0.000658679220793078
A10_minus_A00,610,-0.5155841365351677,5.0102684438592435,-0.0006584727158814402
A10_minus_A00,611,-0.5155750138005024,5.010265576554304,-0.0006584610648793135
A10_minus_A00,612,-0.5155748293596715,5.010267707149979,-0.0006584608293226966
A10_minus_A00,613,-0.515575300567678,5.010269669596312,-0.0006584614311209169
A10_minus_A00,614,-0.5155761909433978,5.01027045431727,-0.0006584625682546588
A10_minus_A00,615,-0.5155769195728921,5.010271041515376,-0.0006584634988159541
A10_minus_A00,616,-0.5155775997427463,5.010271450042181,-0.0006584643674875432
A10_minus_A00,617,-0.5155783258437481,5.0102718594203655,-0.0006584652948196017
A10_minus_A00,618,-0.5155788854793731,5.010272538491793,-0.0006584660095522007
A10_minus_A00,619,-0.5155813088989125,5.0102739102111755,-0.0006584691045963123
A10_minus_A00,620,-0.48769475499269765,5.055112520104475,-0.0006228540932218361
A10_minus_A00,621,-0.4777716436871906,5.072330650239199,-0.0006101808987065015
A10_minus_A00,622,-0.2460501913964134,5.282237150351458,-0.0003142403466110005
A10_minus_A00,623,-0.20557185624729057,5.313588511172063,-0.00026254387771046053
A10_minus_A00,624,-0.16631093225496965,5.308883650989675,-0.0002124022123307403
A10_minus_A00,625,-0.15434525587981485,5.28727198509322,-0.00019712037787971245
A10_minus_A00,626,-0.13458610973347462,5.2915588167452166,-0.00017188519761618726
A10_minus_A00,627,-0.10403040544112582,5.292771505531248,-0.00013286130963106746
A10_minus_A00,628,-0.13578522041932653,5.354820474391236,-0.00017341662888802878
A10_minus_A00,629,0.1768654873610166,6.009401655866555,0.00022588184848150268
A10_minus_A00,630,0.19438733903505553,6.011214927196993,0.00024825969225422163
A10_minus_A00,631,0.17858848125364477,6.016318956496652,0.00022808235153722191
A10_minus_A00,632,0.16927189510391213,6.02828140466177,0.0002161837740790704
A10_minus_A00,633,0.12543616728012125,6.04465721264186,0.00016019944735647668
A10_minus_A00,634,0.10252222893090304,6.069472222787018,0.00013093515827701537
A10_minus_A00,635,0.0626372027433279,6.041732350614008,7.999642751382874e-05
A10_minus_A00,636,0.05223374878252984,6.031829725687965,6.670976856006366e-05
A10_minus_A00,637,0.04733060322781951,6.038593477634256,6.044776912876055e-05
A10_minus_A00,638,0.04733273382107184,6.038595003878377,6.0450490192939766e-05
A10_minus_A00,639,0.047333068968076736,6.0385958431286575,6.0450918222320226e-05
A10_minus_A00,640,0.04733301990663494,6.038596358597198,6.0450855564029297e-05
A10_minus_A00,641,0.04733303212191381,6.038596438238939,6.045087116464088e-05
A10_minus_A00,642,0.047332358989936485,6.038596374489773,6.045001148140036e-05
A10_minus_A00,643,0.047331776553300065,6.038596072772662,6.044926762873571e-05
A10_minus_A00,644,0.04733083204302779,6.038596604769265,6.0448061357634476e-05
A10_minus_A00,645,0.04732993050064643,6.038596969484313,6.044690996251141e-05
A10_minus_A00,646,0.04732907401875802,6.03859718099934,6.0445816115910625e-05
A10_minus_A00,647,0.04731835573836918,6.038581444484663,6.043212737978184e-05
A10_minus_A00,648,0.047271654635312466,6.038510955422697,6.037248357000315e-05
A10_minus_A00,649,0.048356555254923356,6.040131489521518,6.175805268828014e-05
A10_minus_A00,650,0.05036820069008793,6.057044256257561,6.432720394647246e-05
A10_minus_A00,651,0.04482752687014857,6.018328495035115,5.72509921713264e-05
A10_minus_A00,652,0.06541659527744775,6.010061439631688,8.354609869405844e-05
A10_minus_A00,653,0.0661640678862663,6.004790338204333,8.450072526981647e-05
A10_minus_A00,654,0.09655729368216376,6.0184029788950895,0.00012331710559663315
A10_minus_A00,655,0.09749644724863465,6.035739962173725,0.0001245165354388693
A10_minus_A00,656,0.034270489331208215,5.988251669240817,4.376818560818418e-05
A10_minus_A00,657,0.006373048689622712,5.925233113061618,8.139270357117129e-06
A10_minus_A00,658,0.041407566244645894,5.949299124147413,5.288322636608671e-05
A10_minus_A00,659,0.047912936587190036,5.929313666004376,6.119148989424014e-05
A10_minus_A00,660,0.038792176523313876,5.943865750985458,4.954300960831913e-05
A10_minus_A00,661,0.1728700959619115,5.953097237670139,0.00022077917747370562
A10_minus_A00,662,0.3507307333804772,5.996917915252002,0.0004479319711117206
A10_minus_A00,663,0.348530254956083,6.0104469790444,0.00044512165383918644
A10_minus_A00,664,0.35392411323211437,5.98653819235205,0.0004520103617268383
A10_minus_A00,665,0.33864255140472216,6.013744873482574,0.00043249367995494526
A10_minus_A00,666,0.33865454320936456,6.013727169956741,0.00043250899515883084
A10_minus_A00,667,0.3386535232443122,6.013728049935669,0.00043250769252147154
A10_minus_A00,668,0.33865369758552116,6.013727714092245,0.0004325079151794651
A10_minus_A00,669,0.3386532384821281,6.013727899233404,0.00043250732884052116
A10_minus_A00,670,0.3386525869545276,6.013728097414076,0.0004325064967490774
A10_minus_A00,671,0.3386521125716649,6.013728012831767,0.0004325058908961237
A10_minus_A00,672,0.33865171679456024,6.013727981145319,0.0004325053854336657
A10_minus_A00,673,0.3386512777835088,6.013728034027629,0.0004325048247554391
A10_minus_A00,674,0.33865093653477496,6.013728010727108,0.00043250438893330137
A10_minus_A00,675,0.33865072547968855,6.013727948336463,0.0004325041193865754
A10_minus_A00,676,0.3386510997934217,6.013727082131154,0.00043250459743732016
A10_minus_A00,677,0.3379981961275745,6.014216621454577,0.00043167074856650635
A10_minus_A00,678,0.33818586941552675,6.013986626384852,0.0004319104334808771
A10_minus_A00,679,0.3421853633707645,6.021568138418021,0.00043701834402396487
A10_minus_A00,680,0.3414336807262822,6.027437243937065,0.0004360583406465929
A10_minus_A00,681,0.32244684570030147,6.002652921622991,0.00041180950919578733
A10_minus_A00,682,0.3462409400301582,6.074923625987844,0.00044219787998743066
A10_minus_A00,683,0.3731657873710533,6.063436837348948,0.00047658465820057895
A10_minus_A00,684,0.3684953890060536,6.071471514230317,0.0004706199093308475
A10_minus_A00,685,0.3977676373355935,6.067740108170727,0.0005080046453838998
A10_minus_A00,686,0.39904204192949944,6.066550284248306,0.0005096322374578537
A10_minus_A00,687,0.3414722382013312,6.072852786393309,0.0004361075839097461
A10_minus_A00,688,0.342781908573664,6.077825594531448,0.00043778021529203574
A10_minus_A00,689,0.35911672552682816,6.079561591351929,0.000458642050481262
A10_minus_A00,690,0.3489928155573135,6.096594581881707,0.0004457124081191743
A10_minus_A00,691,0.33755160378570326,6.084918395341906,0.0004311003879766325
A10_minus_A00,692,0.3315201234043883,6.096088679343939,0.0004233973478983248
A10_minus_A00,693,0.33154957595004536,6.096046620903022,0.0004234349628991639
A10_minus_A00,694,0.3315570718009092,6.096034802078196,0.0004234445361442008
A10_minus_A00,695,0.33155679390355564,6.096034701923776,0.0004234441812305947
A10_minus_A00,696,0.3315571616315987,6.096034819224416,0.0004234446508704964
A10_minus_A00,697,0.33155725472921527,6.096034924592935,0.00042344476976911274
A10_minus_A00,698,0.3315570470632832,6.096035313138005,0.00042344450455080866
A10_minus_A00,699,0.3315569032377694,6.096035325679764,0.0004234443208656058
A10_minus_A00,700,0.3315568681219026,6.096035340484837,0.00042344427601775556
A10_minus_A00,701,0.33155691376582125,6.096035194389728,0.00042344433431139365
A10_minus_A00,702,0.33155669131158083,6.096035446106358,0.00042344405020636124
A10_minus_A00,703,0.33155657426908075,6.0960357380827395,0.00042344390072679536
A10_minus_A00,704,0.33154338546895606,6.096045180608327,0.00042342705679304735
A10_minus_A00,705,0.32940068843295933,6.097600194633254,0.00042069053439713834
A10_minus_A00,706,0.3309045444169215,6.096439606343995,0.0004226111678377031
A10_minus_A00,707,0.328085019448246,6.098567163071309,0.00041901024195178287
A10_minus_A00,708,0.3260046634869696,6.101879189920145,0.00041635333778667895
A10_minus_A00,709,0.32382937860798744,6.1182811510471335,0.00041357519617878346
A10_minus_A00,710,0.3205370192482264,6.121981065291355,0.000409370394953035
A10_minus_A00,711,0.31487310906147387,6.120772695055,0.00040213679318195896
A10_minus_A00,712,0.32928309266961414,6.111329823992673,0.0004205403482370551
A10_minus_A00,713,0.3271861394858515,6.115197330250111,0.0004178622471083672
A10_minus_A00,714,0.3363842448171524,6.108728323812413,0.000429609508067883
A10_minus_A00,715,0.34318360724180386,6.101982747069238,0.00043829324041098834
A10_minus_A00,716,0.3794953587581903,6.1144004444641915,0.0004846684019900259
A10_minus_A00,717,0.3688821471897593,6.121695473577514,0.0004711138533713401
A10_minus_A00,718,0.3626933918465509,6.118523442708389,0.00046320995127273427
A10_minus_A00,719,0.3600704648947243,6.117028342373924,0.0004598601084223809
A10_minus_A00,720,0.3600726721302243,6.1170230570738084,0.0004598629273693797
A10_minus_A00,721,0.36007832230412845,6.117014894976565,0.00045987014342800566
A10_minus_A00,722,0.36008154789540653,6.117009758591586,0.00045987426295709645
A10_minus_A00,723,0.36008575864785325,6.117003087610656,0.00045987964067414205
A10_minus_A00,724,0.36008919056612576,6.1169978591686816,0.00045988402371152713
A10_minus_A00,725,0.3600928881068334,6.11699185818169,0.00045988874598573866
A10_minus_A00,726,0.36009614579952476,6.1169866210444654,0.000459892906512803
A10_minus_A00,727,0.3600964080383862,6.116986145156031,0.0004598932414283349
A10_minus_A00,728,0.3600989576446163,6.1169820677245355,0.00045989649763041675
A10_minus_A00,729,0.3601008998686648,6.11697892931791,0.0004598989781209001
A10_minus_A00,730,0.36010336135995535,6.116974949153794,0.00045990212178793785
A10_minus_A00,731,0.36010985195657313,6.116964567195138,0.00045991041118336286
A10_minus_A00,732,0.36012935802427876,6.11693356157221,0.00045993532314722704
A10_minus_A00,733,0.3601750022187505,6.116888328097812,0.00045999361713761235
A10_minus_A00,734,0.36417753789529667,6.1139914642009225,0.00046510541238224353
A10_minus_A00,735,0.3659484029681991,6.112640124720893,0.00046736705359923253
A10_minus_A00,736,0.36656041024866565,6.1119285193273125,0.00046814867209280414
A10_minus_A00,737,0.3765452678578619,6.090582967826427,0.00048090072523354014
A10_minus_A00,738,0.3703146710225002,6.103999010675932,0.00047294338572477675
A10_minus_A00,739,0.3702072494447112,6.103853045704941,0.00047280619341597853
A10_minus_A00,740,0.37593454105586416,6.100417999831201,0.0004801207420892263
A10_minus_A00,741,0.37457322404245436,6.101176735482359,0.0004783821507566467
A10_minus_A00,742,0.3586358222562989,6.110200977404219,0.00045802787005913017
A10_minus_A00,743,0.35786162065489185,6.110553052570448,0.00045703910683894233
A10_minus_A00,744,0.35489978447174597,6.111991315914604,0.0004532564297212592
A10_minus_A00,745,0.34902231578076637,6.114989432824207,0.00044575008401119586
A10_minus_A00,746,0.3490224789841378,6.114989420369279,0.0004457502924446204
A10_minus_A00,747,0.349022843924836,6.114988763409731,0.0004457507585246948
A10_minus_A00,748,0.3490255103160764,6.114984438271017,0.0004457541638774922
A10_minus_A00,749,0.3490259774044197,6.114983631546935,0.00044575476041432913
A10_minus_A00,750,0.3490266310640771,6.114982503016077,0.0004457555952287064
A10_minus_A00,751,0.34902606516993906,6.114983113456189,0.00044575487250311503
A10_minus_A00,752,0.3490254027203001,6.114983878228552,0.00044575402646270765
A10_minus_A00,753,0.34902464544677836,6.11498475882499,0.0004457530593190017
A10_minus_A00,754,0.34902346012346946,6.114986140283628,0.0004457515454961296
A10_minus_A00,755,0.34902366070313084,6.11498581276585,0.0004457518016642795
A10_minus_A00,756,0.3490236602064536,6.114985760157281,0.0004457518010299535
A10_minus_A00,757,0.3490235905781426,6.114985746678713,0.0004457517121049075
A10_minus_A00,758,0.34902361508778107,6.1149856339928625,0.0004457517434071278
A10_minus_A00,759,0.34902361708975405,6.114985528983787,0.000445751745963926
A10_minus_A00,760,0.3490235973946654,6.114985432470316,0.000445751720810556
A10_minus_A00,761,0.3490235800920072,6.114985256082464,0.0004457516987126528
A10_minus_A00,762,0.3490236737010787,6.114985003772247,0.0004457518182644683
A10_minus_A00,763,0.3490237215857941,6.114984860052467,0.00044575187941991583
A10_minus_A00,764,0.3490237682445857,6.114984732421729,0.00044575193900968797
A10_minus_A00,765,0.3490237401569524,6.1149846440550455,0.0004457519031378703
A10_minus_A00,766,0.349023667627607,6.114984588704061,0.0004457518105077995
A10_minus_A00,767,0.3490236379252439,6.114984507078404,0.000445751772573747
A10_minus_A00,768,0.3490235429812117,6.114984464650381,0.00044575165131700086
A10_minus_A00,769,0.34902340630928047,6.114984401236379,0.00044575147676791885
A10_minus_A00,770,0.349023328497142,6.114984224634486,0.00044575137739098596
A10_minus_A00,771,0.3490231188128482,6.1149842849215394,0.000445751109594953
A10_minus_A00,772,0.3490229689377336,6.114984259403319,0.0004457509181835678
A10_minus_A00,773,0.3490228160818612,6.11498423226042,0.00044575072296533996
A10_minus_A00,774,0.349022691169906,6.114984234425306,0.00044575056343538436
A10_minus_A00,775,0.3490225818376389,6.1149842698738075,0.00044575042380285936
A10_minus_A00,776,0.349022489808929,6.114984326461149,0.00044575030626938574
A10_minus_A00,777,0.3490224089154798,6.114984373000029,0.00044575020295719003
A10_minus_A00,778,0.3490223146982121,6.114984412072773,0.00044575008262862336
A10_minus_A00,779,0.34902218818855796,6.114984462611468,0.00044574992105818383
A10_minus_A00,780,0.34902215115701196,6.114984417697503,0.0004457498737637445
A10_minus_A00,781,0.34902212178407366,6.114984333463283,0.0004457498362504134
A10_minus_A00,782,0.3490219799467802,6.114984400193187,0.0004457496551044447
A10_minus_A00,783,0.3490217615068292,6.1149845091171455,0.0004457493761262186
A01_minus_A00,1,0.0,0.0,0.0
A01_minus_A00,2,2.983097156505221e-09,0.0,3.809830340364267e-12
A01_minus_A00,3,6.973157102905218e-09,0.0,8.90569234087512e-12
A01_minus_A00,4,5.723307865219333e-09,0.0,7.309460875120476e-12
A01_minus_A00,5,1.103767530186344e-08,0.0,1.4096647895100178e-11
A01_minus_A00,6,1.7044095939154958e-08,0.0,2.1767683191768784e-11
A01_minus_A00,7,1.268499387761421e-08,0.0,1.6200503036544328e-11
A01_minus_A00,8,7.95316873705389e-09,0.0,1.0157303623312759e-11
A01_minus_A00,9,2.550553441242624e-09,0.0,3.257411802353287e-12
A01_minus_A00,10,-1.204435296466804e-10,0.0,-1.5382315408260587e-13
A01_minus_A00,11,-1.6830637037314826e-09,0.0,-2.149506645889505e-12
A01_minus_A00,12,-4.352127554771001e-09,0.0,-5.558272739171137e-12
A01_minus_A00,13,-7.337275555212865e-09,0.0,-9.370722292736736e-12
A01_minus_A00,14,-1.2411716478711067e-08,0.0,-1.5851489755697405e-11
A01_minus_A00,15,-2.2715089215831414e-08,0.0,-2.901033105470168e-11
A01_minus_A00,16,-3.998936903547492e-08,0.0,-5.1071991105331955e-11
A01_minus_A00,17,-5.8428646455693653e-08,0.0,-7.462151526908512e-11
A01_minus_A00,18,-8.367808877173031e-08,0.0,-1.0686856803541547e-10
A01_minus_A00,19,-1.1210259016151735e-07,0.0,-1.4317061323310006e-10
A01_minus_A00,20,-1.3943336006088958e-07,0.0,-1.7807581106116167e-10
A01_minus_A00,21,-1.5705096901055283e-07,0.0,-2.005759502050483e-10
A01_minus_A00,22,-1.6554250972179604e-07,0.0,-2.1142082978518012e-10
A01_minus_A00,23,-1.684829365250089e-07,0.0,-2.151761641443281e-10
A01_minus_A00,24,-1.6483897702476887e-07,0.0,-2.1052232059357453e-10
A01_minus_A00,25,-1.5034731904271363e-07,0.0,-1.9201445599324858e-10
A01_minus_A00,26,-1.247409268829093e-07,0.0,-1.5931152858609106e-10
A01_minus_A00,27,-8.67347759194928e-08,0.0,-1.1077238303894354e-10
A01_minus_A00,28,-4.091041442056433e-08,0.0,-5.224829427913708e-11
A01_minus_A00,29,1.6275132092463553e-08,0.0,2.0785609313491127e-11
A01_minus_A00,30,8.289372108707125e-08,0.0,1.0586682131171296e-10
A01_minus_A00,31,9.067612618730804e-08,0.0,1.1580603599911627e-10
A01_minus_A00,32,1.2854657376619676e-07,0.0,1.641718694332015e-10
A01_minus_A00,33,2.41192419786817e-07,0.0,3.080362960240319e-10
A01_minus_A00,34,4.923553465570586e-07,0.0,6.28806317441965e-10
A01_minus_A00,35,8.539881480013248e-07,0.0,1.0906617471281288e-09
A01_minus_A00,36,1.3118917386256177e-06,0.0,1.675468376277928e-09
A01_minus_A00,37,2.470996239119278e-06,0.0,3.155806180228963e-09
A01_minus_A00,38,3.858012292872838e-06,0.0,4.927218764843982e-09
A01_minus_A00,39,5.331943308399817e-06,0.0,6.809633854916753e-09
A01_minus_A00,40,6.605501590091756e-06,0.0,8.436145070359842e-09
A01_minus_A00,41,7.840911605853372e-06,0.0,1.0013935639659478e-08
A01_minus_A00,42,8.983334405449687e-06,0.0,1.1472968589335487e-08
A01_minus_A00,43,9.93953496353367e-06,0.0,1.2694169812942108e-08
A01_minus_A00,44,1.0851611990520396e-05,0.0,1.3859019144981349e-08
A01_minus_A00,45,1.1676010359275444e-05,0.0,1.4911890624872854e-08
A01_minus_A00,46,1.24800230093692e-05,0.0,1.5938726704175222e-08
A01_minus_A00,47,1.3221968690620266e-05,0.0,1.68862946240361e-08
A01_minus_A00,48,1.3913340237283558e-05,0.0,1.7769272333695478e-08
A01_minus_A00,49,1.4566692565854047e-05,0.0,1.8603694209264427e-08
A01_minus_A00,50,1.4591657392612497e-05,0.0,1.8635577768342908e-08
A01_minus_A00,51,1.4643713911040614e-05,0.0,1.870206118906847e-08
A01_minus_A00,52,1.4709370340491063e-05,0.0,1.878591358938833e-08
A01_minus_A00,53,1.4778867424445777e-05,0.0,1.8874671040160634e-08
A01_minus_A00,54,1.485300582912309e-05,0.0,1.8969356103605477e-08
A01_minus_A00,55,1.4935087359866864e-05,0.0,1.9074185644785268e-08
A01_minus_A00,56,1.502246888631821e-05,0.0,1.9185784018286347e-08
A01_minus_A00,57,1.5115393100413488e-05,0.0,1.9304461175496154e-08
A01_minus_A00,58,1.5206259814660998e-05,0.0,1.9420510618979562e-08
A01_minus_A00,59,1.5296499391874134e-05,0.0,1.9535759121167477e-08
A01_minus_A00,60,1.6798482159917753e-05,0.0,2.145400020423723e-08
A01_minus_A00,61,1.8503686519076646e-05,0.0,2.3631783549267746e-08
A01_minus_A00,62,2.1497919422071366e-05,0.0,2.7455835788086037e-08
A01_minus_A00,63,2.8848610293216803e-05,0.0,3.68436913067903e-08
A01_minus_A00,64,5.9962116527433935e-05,0.0,7.657997002226556e-08
A01_minus_A00,65,0.00015999796680471985,0.0,2.043396766343804e-07
A01_minus_A00,66,-0.001297722410776344,0.00893146557056497,-1.6573721721281532e-06
A01_minus_A00,67,-0.002143161804804904,0.01411576802432206,-2.7371159703766333e-06
A01_minus_A00,68,-0.001628744065309059,0.009363991317028694,-2.08013290588641e-06
A01_minus_A00,69,-0.002326627464136635,0.01235603784074632,-2.9714271572626245e-06
A01_minus_A00,70,-0.0022786383821298503,0.011145808489917046,-2.910138419067497e-06
A01_minus_A00,71,-0.002370986673569774,0.010724216447365492,-3.0280800428732745e-06
A01_minus_A00,72,-0.003282643157144693,0.012020969158622389,-4.192392282432558e-06
A01_minus_A00,73,-0.004361564377987822,0.013388080434727343,-5.570324876101944e-06
A01_minus_A00,74,-0.005795461271594385,0.015979266188719577,-7.401610819405345e-06
A01_minus_A00,75,-0.006080177249745154,0.01677887870224605,-7.765232758295217e-06
A01_minus_A00,76,-0.008406476982748542,0.025290689770197595,-1.073624135727783e-05
A01_minus_A00,77,-0.0083190775520684,0.024916679078099,-1.0624620117584165e-05
A01_minus_A00,78,-0.008319293075474774,0.024916379234540813,-1.0624895370976723e-05
A01_minus_A00,79,-0.00831948383051272,0.024916456174277797,-1.062513899171484e-05
A01_minus_A00,80,-0.008319601376381583,0.02491632174755603,-1.0625289114152724e-05
A01_minus_A00,81,-0.008319825179569796,0.024916339633010126,-1.0625574941979306e-05
A01_minus_A00,82,-0.00832005392192728,0.02491634313003312,-1.0625867077812618e-05
A01_minus_A00,83,-0.008320425395030846,0.024916551251416175,-1.0626341500677964e-05
A01_minus_A00,84,-0.008320878124746713,0.024916873553049026,-1.0626919699548804e-05
A01_minus_A00,85,-0.008321300332124602,0.024917131957038017,-1.0627458917145086e-05
A01_minus_A00,86,-0.008320933342033708,0.024917257244066012,-1.0626990219710993e-05
A01_minus_A00,87,-0.008321166283086096,0.024917021909557156,-1.0627287717862192e-05
A01_minus_A00,88,-0.008318326112498192,0.024918917979281172,-1.0623660424646478e-05
A01_minus_A00,89,-0.008305573923031991,0.02492464053044345,-1.0607374103489134e-05
A01_minus_A00,90,-0.008252977533597177,0.024943761996730512,-1.054020119233356e-05
A01_minus_A00,91,-0.008183904936760336,0.02495842836615784,-1.0451985870702856e-05
A01_minus_A00,92,-0.008067686970194748,0.02494634757212787,-1.0303559348907725e-05
A01_minus_A00,93,-0.008467861016282992,0.025888406796757267,-1.0814637313260527e-05
A01_minus_A00,94,-0.008911007163233124,0.027753638312937236,-1.138059663248164e-05
A01_minus_A00,95,-0.010554758634255737,0.03693446629579364,-1.34798960846178e-05
A01_minus_A00,96,-0.01070252254701554,0.03677697255992044,-1.36686111711565e-05
A01_minus_A00,97,-0.009835933199499951,0.03420009837804494,-1.2561855938058687e-05
A01_minus_A00,98,-0.009409986605249134,0.035430176232392724,-1.2017862841952918e-05
A01_minus_A00,99,-0.0064500036910810875,0.03278224083136962,-8.237552606744683e-06
A01_minus_A00,100,-0.010600202956170698,0.04423015867554746,-1.3537934809924262e-05
A01_minus_A00,101,-0.012536951117468031,0.045034057001949325,-1.601143182307539e-05
A01_minus_A00,102,-0.012014310759923336,0.044916019450000046,-1.5343947330681143e-05
A01_minus_A00,103,-0.011745076252415344,0.0428267260284629,-1.5000097384949353e-05
A01_minus_A00,104,-0.011790855775991463,0.043089637980107155,-1.5058564209439928e-05
A01_minus_A00,105,-0.01177831276172873,0.04309365139425124,-1.5042545034136309e-05
A01_minus_A00,106,-0.011772523218952455,0.04309361086277738,-1.503515098205933e-05
A01_minus_A00,107,-0.011772859050998067,0.04309397607416502,-1.5035579886332142e-05
A01_minus_A00,108,-0.011772816141493878,0.04309413762243526,-1.5035525084921938e-05
A01_minus_A00,109,-0.01177297985681679,0.04309419835645901,-1.503573417217981e-05
A01_minus_A00,110,-0.011773146046539432,0.043094250419207496,-1.503594641959059e-05
A01_minus_A00,111,-0.011773245676532753,0.04309425611683682,-1.503607366096137e-05
A01_minus_A00,112,-0.011773427270599957,0.043094399306141416,-1.5036305581864568e-05
A01_minus_A00,113,-0.011773715126487871,0.04309476613477079,-1.5036673213905327e-05
A01_minus_A00,114,-0.011773822356787202,0.0430952073768733,-1.5036810161924907e-05
A01_minus_A00,115,-0.011771177413086609,0.04309577067730061,-1.5033432200621468e-05
A01_minus_A00,116,-0.011724993523321254,0.043113052806162566,-1.4974448944216161e-05
A01_minus_A00,117,-0.011641845309415299,0.04314299234240657,-1.4868257100147252e-05
A01_minus_A00,118,-0.011401330262511979,0.043235939783858375,-1.4561085903591288e-05
A01_minus_A00,119,-0.01250719852665444,0.04357117963836199,-1.5973433622802603e-05
A01_minus_A00,120,-0.010721762333623343,0.043472570723973376,-1.3693183056990221e-05
A01_minus_A00,121,-0.015090116782193632,0.05036724239055541,-1.9272179798459298e-05
A01_minus_A00,122,-0.01528531009545048,0.049550764562111264,-1.952146883199295e-05
A01_minus_A00,123,-0.01782471282444062,0.05021372298744813,-2.2764639622529527e-05
A01_minus_A00,124,-0.017380584813830827,0.05160398705935811,-2.219742632673158e-05
A01_minus_A00,125,-0.01455462959441373,0.049486156185168086,-1.858828811547092e-05
A01_minus_A00,126,-0.01879023716330489,0.04662729738284273,-2.3997748612139066e-05
A01_minus_A00,127,-0.02137072690098509,0.06586868948728081,-2.7293393232420297e-05
A01_minus_A00,128,-0.017364241394863714,0.07208067723944493,-2.217655350557307e-05
A01_minus_A00,129,-0.017914626299820467,0.07546079916576376,-2.287947164728029e-05
A01_minus_A00,130,-0.018354281384690273,0.07305340858093105,-2.344097239424045e-05
A01_minus_A00,131,-0.022443683152767686,0.0776367220018146,-2.866370773022693e-05
A01_minus_A00,132,-0.021797029329430312,0.07851046508022823,-2.7837840778327346e-05
A01_minus_A00,133,-0.01771259884760102,0.07526184066087198,-2.2621454466923396e-05
A01_minus_A00,134,-0.023756361646804225,0.08061602664112646,-3.034018090268739e-05
A01_minus_A00,135,-0.023713183247461488,0.08072797245412598,-3.0285036075940597e-05
A01_minus_A00,136,-0.023710964895393354,0.0807247930126183,-3.0282202931536852e-05
A01_minus_A00,137,-0.023711453869625067,0.08072516011305864,-3.0282827419699958e-05
A01_minus_A00,138,-0.023711815278149785,0.08072554120107918,-3.0283288988697045e-05
A01_minus_A00,139,-0.02371176478827849,0.08072628363714947,-3.0283224506102797e-05
A01_minus_A00,140,-0.023712210120083833,0.08072690916951855,-3.028379325681205e-05
A01_minus_A00,141,-0.023711823406421743,0.08072651044293312,-3.0283299369631855e-05
A01_minus_A00,142,-0.023709746368816592,0.08072475807365162,-3.0280646703469467e-05
A01_minus_A00,143,-0.023690418760137978,0.08072503347692075,-3.025596265662577e-05
A01_minus_A00,144,-0.023506293503547153,0.08040018432318756,-3.0020809072218585e-05
A01_minus_A00,145,-0.023379483655214604,0.08082632246728713,-2.985885524293053e-05
A01_minus_A00,146,-0.022758731494484926,0.08026054702734237,-2.906606831990412e-05
A01_minus_A00,147,-0.025909233158911298,0.07727373562337671,-3.308969752095951e-05
A01_minus_A00,148,-0.029743317777631735,0.0878584327017822,-3.798635731498306e-05
A01_minus_A00,149,-0.03177155811882461,0.0990760031004704,-4.057670257832006e-05
A01_minus_A00,150,-0.029569913183266364,0.10132825644195417,-3.7764895508641585e-05
A01_minus_A00,151,-0.028779829850931988,0.10790972995986929,-3.675584910719283e-05
A01_minus_A00,152,-0.0265425183975461,0.12225825742411983,-3.3898490929177654e-05
A01_minus_A00,153,-0.034571489747596516,0.155968639489328,-4.415260504163029e-05
A01_minus_A00,154,-0.03335057402080936,0.15308739007389618,-4.259332569707454e-05
A01_minus_A00,155,-0.028767191837993197,0.15629345354894483,-3.6739708605355296e-05
A01_minus_A00,156,-0.03388698583859176,0.1653021570674885,-4.327839826129216e-05
A01_minus_A00,157,-0.018633695113898507,0.1608451665801346,-2.3797822623114314e-05
A01_minus_A00,158,-0.01766338709733819,0.16932079724510404,-2.2558604211159885e-05
A01_minus_A00,159,-0.025138423401976327,0.16504260686114683,-3.210526615833503e-05
A01_minus_A00,160,-0.021193321248709162,0.1678221876186224,-2.7066821518147076e-05
A01_minus_A00,161,-0.02077792529445696,0.16894317785686003,-2.653630305805487e-05
A01_minus_A00,162,-0.01728773806027792,0.17016516536901097,-2.207884809741752e-05
A01_minus_A00,163,-0.01735491473311026,0.17003544494593767,-2.216464206016636e-05
A01_minus_A00,164,-0.01733338433527092,0.17004298306164847,-2.213714474491816e-05
A01_minus_A00,165,-0.01733300042718133,0.17004372538087115,-2.213665444084461e-05
A01_minus_A00,166,-0.017333318723265052,0.17004383301243173,-2.213706094925294e-05
A01_minus_A00,167,-0.01733347908532454,0.17004398614797017,-2.2137265753926618e-05
A01_minus_A00,168,-0.017333775065351793,0.17004414551636626,-2.2137643761624258e-05
A01_minus_A00,169,-0.017333475919817647,0.17004435550213493,-2.213726171113365e-05
A01_minus_A00,170,-0.017314287212744334,0.17005279913076846,-2.211275506097616e-05
A01_minus_A00,171,-0.017155999326297584,0.1701060712580578,-2.1910599395016072e-05
A01_minus_A00,172,-0.01661050827659483,0.1702806671235044,-2.121393138773286e-05
A01_minus_A00,173,-0.01876135379597494,0.1714907952331642,-2.3960860531257906e-05
A01_minus_A00,174,-0.011357247313149396,0.1748782433435654,-1.45047858405484e-05
A01_minus_A00,175,-0.012873370197948916,0.20291394231257767,-1.644108582113527e-05
A01_minus_A00,176,-0.014727903139489698,0.20585108015693404,-1.880958255362669e-05
A01_minus_A00,177,-0.011468840957162453,0.20919347041747013,-1.4647306458700451e-05
A01_minus_A00,178,-0.01025519937469115,0.21440021971289944,-1.3097317209056385e-05
A01_minus_A00,179,-0.005477522827499628,0.20681490170211067,-6.995559166666192e-06
A01_minus_A00,180,-0.019257084522425895,0.229935068965637,-2.4593977678704847e-05
A01_minus_A00,181,-0.003920271814188877,0.2632727474862091,-5.006732840598821e-06
A01_minus_A00,182,0.012711890368989766,0.2696737106186649,1.6234853600242357e-05
A01_minus_A00,183,0.020340979333544458,0.2647260641910275,2.597826223952038e-05
A01_minus_A00,184,0.023419660585006732,0.25680474703559353,2.9910166775232096e-05
A01_minus_A00,185,0.030514112227688805,0.24889624697843457,3.897076912859362e-05
A01_minus_A00,186,0.04171700512131794,0.2368953603741747,5.327842288801781e-05
A01_minus_A00,187,0.06968230762109298,0.29089143922193356,8.899400717891824e-05
A01_minus_A00,188,0.058276534700513076,0.29514383439295844,7.442724738251989e-05
A01_minus_A00,189,0.06259928237896192,0.30109242102433803,7.994799792970872e-05
A01_minus_A00,190,0.06198717923082442,0.30010278292067294,7.916625699977576e-05
A01_minus_A00,191,0.06447175526749796,0.2999104820070945,8.233940647190033e-05
A01_minus_A00,192,0.0645646269193362,0.29992056763916713,8.245801649979081e-05
A01_minus_A00,193,0.06457758231008456,0.29991996872311955,8.247456233727275e-05
A01_minus_A00,194,0.06457843349303247,0.29992014874784956,8.247564941638884e-05
A01_minus_A00,195,0.06457891965519322,0.29992032346692205,8.247627031314588e-05
A01_minus_A00,196,0.06458276558811808,0.29992095529004326,8.248118210487622e-05
A01_minus_A00,197,0.06462675532251208,0.2999256778762282,8.253736311942794e-05
A01_minus_A00,198,0.06501905025359572,0.2999679353224505,8.303837835708266e-05
A01_minus_A00,199,0.06567781052803648,0.3000443388546235,8.387970693235821e-05
A01_minus_A00,200,0.06651174414164403,0.300259214956369,8.494475624731038e-05
A01_minus_A00,201,0.0621563398289985,0.3034760313090756,7.938229863218199e-05
A01_minus_A00,202,0.0745444148634126,0.3140232148556274,9.520359497242987e-05
A01_minus_A00,203,0.0707760341161655,0.30511616847159934,9.039084816879374e-05
A01_minus_A00,204,0.0463314383031722,0.302968439316591,5.9171696428061555e-05
A01_minus_A00,205,0.05243737958174694,0.2980321642429214,6.696983343773556e-05
A01_minus_A00,206,0.046013111165468835,0.31662863620166465,5.876514835947488e-05
A01_minus_A00,207,-0.05491572682120113,0.7736584524623681,-7.013502786871153e-05
A01_minus_A00,208,-0.0447880038121963,0.7752402003926089,-5.720051572438864e-05
A01_minus_A00,209,-0.0696788185930233,0.7719098986996364,-8.898955120437203e-05
A01_minus_A00,210,-0.06454185382628305,0.7758055725328894,-8.242893208976124e-05
A01_minus_A00,211,-0.030959602557603612,0.742693712175881,-3.9539722295790055e-05
A01_minus_A00,212,-0.009551157526884402,0.7341385251640573,-1.2198157761027333e-05
A01_minus_A00,213,-0.005161158702045213,0.7545683260879026,-6.5915181379887775e-06
A01_minus_A00,214,0.00018258634396060847,0.7623872306251612,2.3318817874918068e-07
A01_minus_A00,215,0.03542543284078778,0.8752698140014187,4.524320924749397e-05
A01_minus_A00,216,0.01802145328844884,0.8756256052224279,2.301590458294871e-05
A01_minus_A00,217,0.01155712171815143,0.8743975783757632,1.4760053279886885e-05
A01_minus_A00,218,0.01636201101149215,0.8752378988071424,2.0896565787346296e-05
A01_minus_A00,219,0.023471174408451312,0.8779543941074448,2.9975957098916106e-05
A01_minus_A00,220,0.023254533756934245,0.8779094005766367,2.9699276828779367e-05
A01_minus_A00,221,0.023254534970497773,0.8779104036141554,2.969927837866893e-05
A01_minus_A00,222,0.02325506490736355,0.8779101351864391,2.9699955181818072e-05
A01_minus_A00,223,0.02325543869230029,0.8779095499035476,2.9700432557216208e-05
A01_minus_A00,224,0.02325551305406663,0.8779093627399648,2.970052752754359e-05
A01_minus_A00,225,0.023250940231193548,0.877912912559179,2.9694687396160342e-05
A01_minus_A00,226,0.023334198211403603,0.8779047628216036,2.9801019427079955e-05
A01_minus_A00,227,0.023986528234898885,0.8778241346499775,3.063413567675464e-05
A01_minus_A00,228,0.01606208871241674,0.8796081416229695,2.0513523259791492e-05
A01_minus_A00,229,0.024276705984633717,0.8762181950695246,3.100473305828061e-05
A01_minus_A00,230,0.06062065460594682,0.8870391726142629,7.742101482240973e-05
A01_minus_A00,231,0.07680228982972744,0.9043187209249021,9.808721561906442e-05
A01_minus_A00,232,0.08578081781405572,0.9037462047257128,0.00010955404573953476
A01_minus_A00,233,0.08282778556231493,0.9043577279115159,0.00010578261246783517
A01_minus_A00,234,0.09593265866606536,0.9032212909662946,0.00012251935972677568
A01_minus_A00,235,0.09626515271636718,0.9033640234651645,0.0001229440009149006
A01_minus_A00,236,0.10008190472370726,0.9021787942431261,0.00012781852455135027
A01_minus_A00,237,0.07921887786139252,0.922523886998869,0.00010117353494430718
A01_minus_A00,238,0.0794830383692422,0.9229576147915072,0.00010151090468613308
A01_minus_A00,239,0.07212800053696156,0.9021928679176024,9.211749749292664e-05
A01_minus_A00,240,0.06384057125898886,0.9061731401847952,8.153329662706112e-05
A01_minus_A00,241,0.05526164778283993,0.9124883754940711,7.057681709174959e-05
A01_minus_A00,242,0.07214300527795325,0.9138717726675768,9.213666063595562e-05
A01_minus_A00,243,0.1296897012849716,1.057713221488194,0.00016563180240737114
A01_minus_A00,244,0.11817240735070199,1.0681030947846697,0.00015092261475185438
A01_minus_A00,245,0.11903614073956556,1.0663182789989605,0.00015202572252818078
A01_minus_A00,246,0.12373824132131506,1.0655402878112052,0.0001580309595419094
A01_minus_A00,247,0.1299167698956431,1.066845264741267,0.00016592180063300523
A01_minus_A00,248,0.13411383368437427,1.0669782271994142,0.00017128203535679982
A01_minus_A00,249,0.1341177008953408,1.0669770467884088,0.00017128697432355149
A01_minus_A00,250,0.13411848587679823,1.0669770812123067,0.00017128797685414844
A01_minus_A00,251,0.13411931835682858,1.0669775508970119,0.00017128904004703522
A01_minus_A00,252,0.13412022524094624,1.0669780920154854,0.00017129019826429915
A01_minus_A00,253,0.13412090243414315,1.066977755406927,0.00017129106313428245
A01_minus_A00,254,0.13412564845591193,1.0669838252484123,0.0001712971244647662
A01_minus_A00,255,0.13433316576427284,1.066898480370555,0.00017156215295564858
A01_minus_A00,256,0.13848957694607708,1.0710312180557722,0.00017687046864122232
A01_minus_A00,257,0.15435535324348745,1.061132060958732,0.0001971332736187579
A01_minus_A00,258,0.14147606321261447,1.049235395886695,0.0001806846273468895
A01_minus_A00,259,0.16108273604647647,1.060191250949934,0.0002057250779648486
A01_minus_A00,260,0.132033629943249,1.0576665750972423,0.00016862532559801916
A01_minus_A00,261,0.12652915045895302,1.0639359545237435,0.00016159533902803706
A01_minus_A00,262,0.11315342725066346,1.0642029242126185,0.00014451267848105168
A01_minus_A00,263,0.1099650023430033,1.0637797609757225,0.0001404406160191613
A01_minus_A00,264,0.11387892338607496,1.06136118331235,0.0001454392380409642
A01_minus_A00,265,0.1122289043771588,1.0845431969090311,0.00014333193407044546
A01_minus_A00,266,0.11181866353108115,1.089347162720688,0.00014280799940112536
A01_minus_A00,267,0.11280998026744876,1.1063518334944644,0.0001440740488728592
A01_minus_A00,268,0.12492930877893205,1.1078419562361386,0.00015955211849161182
A01_minus_A00,269,0.11329596035011745,1.1093968049810239,0.00014469471309082687
A01_minus_A00,270,0.12076288417959608,1.0835679386897132,0.00015423101427790048
A01_minus_A00,271,0.1265599276473969,1.1233199644821652,0.0001616346457821161
A01_minus_A00,272,0.13318573708921203,1.1226534841277402,0.00017009672680614563
A01_minus_A00,273,0.12995819353657595,1.1225939433901513,0.00016597470438898588
A01_minus_A00,274,0.13241209640317753,1.1234737199019407,0.00016910867995297257
A01_minus_A00,275,0.1316424333258508,1.1230148909703872,0.00016812571305983498
A01_minus_A00,276,0.12232978791008534,1.1246485838913785,0.00015623216846754194
A01_minus_A00,277,0.12232905485848826,1.1246478721612432,0.0001562312322586057
A01_minus_A00,278,0.12232959196001095,1.1246479576050963,0.0001562319182120191
A01_minus_A00,279,0.12233029767342841,1.1246480436929842,0.00015623281950629428
A01_minus_A00,280,0.12233102401035696,1.1246481368613435,0.00015623374713966405
A01_minus_A00,281,0.12233188980612814,1.1246481895629425,0.0001562348528813897
A01_minus_A00,282,0.12234101367246777,1.124649777796856,0.00015624650532882218
A01_minus_A00,283,0.12244475041003763,1.1246723382324244,0.0001563789915837007
A01_minus_A00,284,0.12695622796694916,1.1247168351433245,0.00016214077645842806
A01_minus_A00,285,0.1314058055474619,1.1210390267300838,0.00016782350644631148
A01_minus_A00,286,0.11564550050433046,1.126394918326674,0.00014769540294295078
A01_minus_A00,287,0.1384197843586777,1.1313095940049394,0.00017678133379141466
A01_minus_A00,288,0.13737397398368006,1.1327943075686298,0.00017544568835719038
A01_minus_A00,289,0.13906724497922635,1.132085257609458,0.00017760823113566583
A01_minus_A00,290,0.14414245070970344,1.1310368537900468,0.00018408997536360593
A01_minus_A00,291,0.16006761824202345,1.1355438307136316,0.00020442863121586648
A01_minus_A00,292,0.1795420494123768,1.1501027003560307,0.0002293001908204046
A01_minus_A00,293,0.21684373836619147,1.1579125186847663,0.00027693964031442076
A01_minus_A00,294,0.24854816986987535,1.290408991828235,0.00031743061286063263
A01_minus_A00,295,0.24011644399052534,1.2160950771872525,0.00030666212514754193
A01_minus_A00,296,0.2606896674575002,1.2290216729925825,0.00033293699547573465
A01_minus_A00,297,0.2665289691091156,1.2293256555497774,0.00034039459656336603
A01_minus_A00,298,0.2628346347027042,1.2271673264527831,0.00033567641724483295
A01_minus_A00,299,0.2870237766009497,1.2395203896874125,0.00036656931877515923
A01_minus_A00,300,0.28313552019815236,1.238513044093798,0.0003616034740717144
A01_minus_A00,301,0.29873442636747666,1.242539094234111,0.0003815254487451809
A01_minus_A00,302,0.2907729793295344,1.2412117276287988,0.00037135757257922655
A01_minus_A00,303,0.2991305038823202,1.2440797569839581,0.0003820312948688636
A01_minus_A00,304,0.29723755895330567,1.244824357235834,0.0003796137406811056
A01_minus_A00,305,0.2972382180756366,1.2448241383094991,0.0003796145824720774
A01_minus_A00,306,0.2972391794112849,1.2448242493349382,0.00037961581023152605
A01_minus_A00,307,0.2972401516024944,1.244824326159395,0.0003796170518550375
A01_minus_A00,308,0.29724120238463575,1.2448244284619474,0.0003796183938501095
A01_minus_A00,309,0.29724221922286376,1.2448245433289615,0.0003796196924940789
A01_minus_A00,310,0.2972431284378155,1.244824608284079,0.00037962085368814237
A01_minus_A00,311,0.29791768100789884,1.2446928026429231,0.0003804823512233702
A01_minus_A00,312,0.29742069891720696,1.2447857966371003,0.0003798476359095874
A01_minus_A00,313,0.33340833036715756,1.2431254232723734,0.00042580885104362393
A01_minus_A00,314,0.355730314951227,1.2525110544176028,0.0004543171327601877
A01_minus_A00,315,0.3574578531692377,1.259590057645245,0.00045652343955202777
A01_minus_A00,316,0.3937305391769102,1.2772103753172226,0.0005028487090381995
A01_minus_A00,317,0.44456965209406807,1.353060821964154,0.0005677773334534713
A01_minus_A00,318,0.44464230471297317,1.3528922994382566,0.0005678701209616516
A01_minus_A00,319,0.4942626480388196,1.3549577017693801,0.0006312422069461298
A01_minus_A00,320,0.47701227977136584,1.3486774047046943,0.0006092110852763293
A01_minus_A00,321,0.4957252799415074,1.3350422611155028,0.0006331101914961781
A01_minus_A00,322,0.49705113124282907,1.3447659855946745,0.000634803488177304
A01_minus_A00,323,0.4992808708768913,1.356271447891225,0.0006376511760879839
A01_minus_A00,324,0.5124745126387623,1.3589627475187112,0.000654501293280667
A01_minus_A00,325,0.5215158105768893,1.3590588556578944,0.0006660482893702291
A01_minus_A00,326,0.532087756829186,1.4070236091537445,0.000679550136435742
A01_minus_A00,327,0.5444467367990722,1.4497293164003773,0.0006953342743283169
A01_minus_A00,328,0.5431749566595907,1.4444487002201278,0.0006937100340480086
A01_minus_A00,329,0.5448412588295246,1.4482219440530086,0.0006958381338818961
A01_minus_A00,330,0.5620459105884741,1.4485835882391298,0.0007178108692062248
A01_minus_A00,331,0.5650712607817865,1.4479656921304163,0.00072167466255656
A01_minus_A00,332,0.5650720743837467,1.447966194374288,0.0007216757016395232
A01_minus_A00,333,0.5650759243375286,1.4479656704478374,0.0007216806185664478
A01_minus_A00,334,0.5650774707426571,1.4479655760953034,0.0007216825935410691
A01_minus_A00,335,0.5650790229034948,1.4479654628887857,0.0007216845758665323
A01_minus_A00,336,0.5650804599763657,1.4479653291178498,0.0007216864112086407
A01_minus_A00,337,0.5650823496364146,1.4479650428327573,0.0007216888245675793
A01_minus_A00,338,0.5650825045221212,1.4479647432422453,0.0007216890223781879
A01_minus_A00,339,0.5650629961367645,1.4479739008435621,0.0007216641074543607
A01_minus_A00,340,0.5647095968304884,1.4481435357852104,0.0007212127673441741
A01_minus_A00,341,0.5445957696083908,1.4763938128593124,0.0006955246099724021
A01_minus_A00,342,0.5263350958263828,1.57508116409863,0.0006722031875177303
A01_minus_A00,343,0.5299892273529998,1.5743203465660005,0.0006768700221621964
A01_minus_A00,344,0.5375982287740348,1.5762556001513761,0.0006865877762120496
A01_minus_A00,345,0.5388890460006173,1.6226650584492694,0.000688236329502704
A01_minus_A00,346,0.538091690035051,1.6622370704509304,0.0006872179949362081
A01_minus_A00,347,0.5344432308289737,1.6596479280371566,0.0006825584046347046
A01_minus_A00,348,0.5215213694649958,1.6580149549638015,0.0006660553888441837
A01_minus_A00,349,0.5271216589076357,1.6602406420466425,0.0006732077380685003
A01_minus_A00,350,0.5139307535246901,1.6664115795537127,0.0006563611156126311
A01_minus_A00,351,0.5087588498450182,1.6623013369621422,0.0006497558746424243
A01_minus_A00,352,0.5056302452995701,1.6944767628007615,0.0006457602111105621
A01_minus_A00,353,0.5000688457768994,1.68586239216704,0.0006386575297278409
A01_minus_A00,354,0.5012394435484936,1.6808196400117998,0.0006401525460389446
A01_minus_A00,355,0.5203424426215809,1.6889282700897579,0.0006645497351488901
A01_minus_A00,356,0.5371022993732534,1.7218837693688542,0.0006859544053298255
A01_minus_A00,357,0.5184816827267644,1.7691226177367636,0.0006621732857302227
A01_minus_A00,358,0.5237203841960819,1.7942226981099323,0.0006688638367766053
A01_minus_A00,359,0.5213337457658909,1.7929322660645715,0.0006658157672616742
A01_minus_A00,360,0.521343865106777,1.7929342286868328,0.0006658286910686807
A01_minus_A00,361,0.521345915877023,1.7929342279800178,0.0006658313101877688
A01_minus_A00,362,0.5213474705095973,1.7929339965192375,0.0006658332956699837
A01_minus_A00,363,0.5213485361517997,1.792933868091172,0.0006658346566434223
A01_minus_A00,364,0.5213495958585698,1.7929337463401513,0.0006658360100364875
A01_minus_A00,365,0.521350744222258,1.7929336738117816,0.0006658374766567791
A01_minus_A00,366,0.5213520831326416,1.7929336260041746,0.0006658391866317261
A01_minus_A00,367,0.5215112213301293,1.792869228728987,0.0006660424282632557
A01_minus_A00,368,0.5216773666976737,1.7928035024731324,0.0006662546190264032
A01_minus_A00,369,0.51038744728984,1.8112329498100594,0.0006518358202935377
A01_minus_A00,370,0.5025892461874393,1.8527291737654252,0.0006418764319124384
A01_minus_A00,371,0.4928040538627152,1.864189886619548,0.000629379379135013
A01_minus_A00,372,0.48620037851323694,1.8615462889903842,0.0006209455664281442
A01_minus_A00,373,0.5260510009872692,1.9320280938953875,0.0006718403588598585
A01_minus_A00,374,0.5654048423589344,1.9420492265509146,0.0007221006926678601
A01_minus_A00,375,0.5852289054606058,1.9518012945766623,0.0007474187809203139
A01_minus_A00,376,0.6156130463632751,1.9470210027398873,0.0007862235585737868
A01_minus_A00,377,0.6347270741616906,1.9172845682345392,0.0008106348329012652
A01_minus_A00,378,0.6357211992020605,1.9201976664573837,0.0008119044689681488
A01_minus_A00,379,0.6520976735781652,1.9336536053230364,0.0008328195064855238
A01_minus_A00,380,0.6515816029123667,1.9394373664518332,0.0008321604124040443
A01_minus_A00,381,0.6458192843259083,1.9014467625204208,0.0008248011294072903
A01_minus_A00,382,0.6321293912406087,1.8996290923620776,0.0008073172301923484
A01_minus_A00,383,0.6008785514002822,1.9184507106175142,0.0007674055573439109
A01_minus_A00,384,0.5743326549454134,1.924270247228004,0.000733502752165279
A01_minus_A00,385,0.5668608218414299,1.927879409641891,0.0007239601811512515
A01_minus_A00,386,0.563841941695698,1.9237605390977621,0.0007201046509523602
A01_minus_A00,387,0.5813509942089728,1.9414838676711825,0.0007424661484150356
A01_minus_A00,388,0.5785019007086115,1.9426320256323617,0.0007388274593979713
A01_minus_A00,389,0.5805384939592563,1.941797440164515,0.0007414284724894716
A01_minus_A00,390,0.5806012055056141,1.941773617160492,0.0007415085638641304
A01_minus_A00,391,0.5806036696559019,1.9417732634858966,0.0007415117109270778
A01_minus_A00,392,0.5806057895770442,1.9417729462454028,0.0007415144183614869
A01_minus_A00,393,0.5806075884443929,1.9417727137302796,0.0007415167157655082
A01_minus_A00,394,0.5806089297937647,1.9417722436751526,0.0007415184288553827
A01_minus_A00,395,0.5803658028884552,1.9418805648207227,0.0007412079219520501
A01_minus_A00,396,0.5809201344075907,1.9416254413752807,0.0007419158804694645
A01_minus_A00,397,0.583870969748544,1.9331417530890895,0.0007456845079802605
A01_minus_A00,398,0.5780448892765777,1.9333146373460057,0.0007382437921795373
A01_minus_A00,399,0.5659993148324497,1.9393292757754006,0.0007228599167719665
A01_minus_A00,400,0.5650444684483784,1.9436966794216954,0.0007216404450170861
A01_minus_A00,401,0.5572235327838526,1.9380381783323297,0.0007116520214353162
A01_minus_A00,402,0.5352016558744329,1.9471353396472213,0.0006835270189967215
A01_minus_A00,403,0.5419241603560033,1.9487701607974286,0.0006921125930472584
A01_minus_A00,404,0.5155653730161012,1.9481517102132613,0.0006584487522555571
A01_minus_A00,405,0.5150636667444358,1.952104232902778,0.0006578080035050266
A01_minus_A00,406,0.5242855397542711,1.9506913679886655,0.0006695856190986859
A01_minus_A00,407,0.5123364318864456,1.9489142654778313,0.0006543249449379893
A01_minus_A00,408,0.5313653936455374,1.9658043330952215,0.0006786275780913632
A01_minus_A00,409,0.5521326405199587,1.951854433443133,0.0007051502433205092
A01_minus_A00,410,0.5677514188759416,1.9357724470961917,0.0007250975975427096
A01_minus_A00,411,0.5895957952083857,1.93651020239707,0.0007529959070349753
A01_minus_A00,412,0.5802631189685016,1.949801381845105,0.0007410767802918283
A01_minus_A00,413,0.5690698137513319,1.922181362285204,0.0007267813713299258
A01_minus_A00,414,0.5847431723779465,1.922827779066873,0.0007467984321557426
A01_minus_A00,415,0.5824689166852397,1.893842266718675,0.0007438938910411746
A01_minus_A00,416,0.6434023786861587,1.8426933177073752,0.0008217144044523099
A01_minus_A00,417,0.6447679988244457,1.8417493284557662,0.0008234584914743879
A01_minus_A00,418,0.6447887152668715,1.841752472671175,0.0008234849492552638
A01_minus_A00,419,0.644790297107872,1.8417524617084433,0.0008234869694864265
A01_minus_A00,420,0.6447918990142031,1.8417524457731076,0.0008234890153438098
A01_minus_A00,421,0.6447937084303188,1.8417524478631293,0.0008234913262200751
A01_minus_A00,422,0.6448405296995956,1.8417562701898074,0.000823551123498845
A01_minus_A00,423,0.6446919186988996,1.841851780559267,0.0008233613265630903
A01_minus_A00,424,0.651926513864801,1.839430058803476,0.0008326009117047268
A01_minus_A00,425,0.6629368677755595,1.8457138999661944,0.0008466626663800249
A01_minus_A00,426,0.6805723362047287,1.8314406120158322,0.0008691856145654262
A01_minus_A00,427,0.7561333261793088,1.773606418991384,0.0009656875174703817
A01_minus_A00,428,0.7810522042962307,1.7480428307314615,0.000997512393737204
A01_minus_A00,429,0.7912736520886695,1.7167638898456283,0.0010105666054772279
A01_minus_A00,430,0.8183163314147786,1.7280753412934327,0.00104510387153867
A01_minus_A00,431,0.8161570937485989,1.7351993764028757,0.0010423462244554265
A01_minus_A00,432,0.8289764241838186,1.7490822311655603,0.0010587182939767797
A01_minus_A00,433,0.8547888730575478,1.7344563848307133,0.0010916843844923983
A01_minus_A00,434,0.8503565501467542,1.73553962875835,0.0010860236911197372
A01_minus_A00,435,0.8893893119834723,1.7422574191692426,0.0011358739616647154
A01_minus_A00,436,0.904700277246196,1.7429786003689272,0.0011554281957167254
A01_minus_A00,437,0.8967917880427125,1.7588089114639633,0.0011453279540775383
A01_minus_A00,438,0.8971239454847051,1.7633800499340913,0.0011457521653699936
A01_minus_A00,439,0.8776975250220407,1.815221472158718,0.0011209419221226574
A01_minus_A00,440,0.8960303526902811,1.8440006069467514,0.0011443554951344585
A01_minus_A00,441,0.8971490795485282,1.8618870780818413,0.001145784265068363
A01_minus_A00,442,0.8994295688963955,1.8633183502143846,0.0011486967674283466
A01_minus_A00,443,0.9035013062011367,1.8620800289737394,0.0011538969427856152
A01_minus_A00,444,0.926711646769651,1.8527645574667855,0.0011835397787607292
A01_minus_A00,445,0.9314653738810612,1.8512796269954652,0.0011896109500396696
A01_minus_A00,446,0.9302998668231787,1.8516231748589587,0.0011881224352786445
A01_minus_A00,447,0.9303011807889887,1.851623042951265,0.0011881241133958988
A01_minus_A00,448,0.9303025223129796,1.8516227549516928,0.0011881258267087862
A01_minus_A00,449,0.9303041370194871,1.8516225397385193,0.0011881278889137765
A01_minus_A00,450,0.9303160940501976,1.8516185949044561,0.0011881431597065102
A01_minus_A00,451,0.9302936564280703,1.8516328436945897,0.0011881145037395534
A01_minus_A00,452,0.9227823860722524,1.8538224285575755,0.0011785215658649455
A01_minus_A00,453,0.9164359426927455,1.8554687334212887,0.001170416274192523
A01_minus_A00,454,0.917607118505869,1.852954485883231,0.0011719120287431277
A01_minus_A00,455,0.9135204323757062,1.8623594242632073,0.0011666927616547972
A01_minus_A00,456,0.9085340538875815,1.861090075346834,0.0011603244621808191
A01_minus_A00,457,0.9437732929289546,1.843014755116613,0.001205329876026762
A01_minus_A00,458,0.9360679423722502,1.863268117373011,0.0011954890707180717
A01_minus_A00,459,0.9286708843500937,1.8784871317132374,0.00118604199789284
A01_minus_A00,460,0.9218680483326172,1.8388296521927998,0.0011773538292881446
A01_minus_A00,461,0.9262800699360787,1.8557763338750881,0.0011829885950652346
A01_minus_A00,462,0.931234887069153,1.8605556196457111,0.0011893165862952146
A01_minus_A00,463,0.9099006856259311,1.8442438112987722,0.0011620698411570001
A01_minus_A00,464,0.931405110748989,1.8651574175088261,0.0011895339856308927
A01_minus_A00,465,0.8945939339165264,1.9163413392351376,0.0011425209883991398
A01_minus_A00,466,0.8873393566509584,1.927978680292653,0.0011332558833345573
A01_minus_A00,467,0.8629727947874317,1.9151501529962411,0.0011021363918102577
A01_minus_A00,468,0.8344209511263061,1.930210642656617,0.0010656717128049887
A01_minus_A00,469,0.8268713367693574,1.9323080846133756,0.0010560298043031384
A01_minus_A00,470,0.8170281899787476,1.9310136650501324,0.0010434587356050417
A01_minus_A00,471,0.8247216076614303,1.9429080073826461,0.0010532843009724525
A01_minus_A00,472,0.8286654560909184,1.9476057964416473,0.001058321144432846
A01_minus_A00,473,0.8178140009789435,1.950538391039016,0.001044462325643606
A01_minus_A00,474,0.8172583328987626,1.9507397822329062,0.0010437526601516764
A01_minus_A00,475,0.8172593557937453,1.9507394318882454,0.0010437539665309646
A01_minus_A00,476,0.8172604424256055,1.9507390734680035,0.0010437553543111181
A01_minus_A00,477,0.8172620348322757,1.9507386833182154,0.001043757388036112
A01_minus_A00,478,0.8172654310346091,1.9507380570208654,0.0010437617254592708
A01_minus_A00,479,0.8172667864379506,1.9507452206459637,0.001043763456498021
A01_minus_A00,480,0.819175877317097,1.9486191209518966,0.0010462016313117458
A01_minus_A00,481,0.8186530186482419,1.949223338371207,0.0010455338680054175
A01_minus_A00,482,0.8227531991101138,1.9515442373888419,0.0010507703692338617
A01_minus_A00,483,0.8237663386724242,1.8981725848692816,0.0010520642894922404
A01_minus_A00,484,0.8294724282532655,1.8982602347391233,0.0010593517602212842
A01_minus_A00,485,0.8767087747603031,1.9038397237538616,0.0011196791503963002
A01_minus_A00,486,0.8666986350324198,1.8966842675735764,0.0011068948084705234
A01_minus_A00,487,0.8622327270952647,1.9022370575778018,0.0011011912223438884
A01_minus_A00,488,0.8889640637271415,1.8978498840416738,0.001135330860443348
A01_minus_A00,489,0.9195762618126309,1.8756535346623717,0.001174426898866706
A01_minus_A00,490,0.9325029331407921,1.869240952483136,0.0011909360576510756
A01_minus_A00,491,0.9266576706341305,1.8509384354565974,0.0011834708437217503
A01_minus_A00,492,0.9343761915994784,1.8507274195551173,0.0011933284694757068
A01_minus_A00,493,0.936338946877288,1.853708556774978,0.0011958351811970473
A01_minus_A00,494,0.9540483626381513,1.8743667142257638,0.0012184525704190948
A01_minus_A00,495,0.9430273067632506,1.8738861780876215,0.0012043771478457864
A01_minus_A00,496,0.9391933573583404,1.8720079200006223,0.0011994806607386213
A01_minus_A00,497,0.9174533160567245,1.8928887506121257,0.0011717156016050122
A01_minus_A00,498,0.9242996713282825,1.9060879782244275,0.0011804593503554055
A01_minus_A00,499,0.9111810143321182,1.878856887351332,0.0011637049991470218
A01_minus_A00,500,0.9286257415134482,1.888204065753502,0.001185984344206192
A01_minus_A00,501,0.9282022700329257,1.8879205836636355,0.001185443512174873
A01_minus_A00,502,0.8534432871949441,1.8847849773291094,0.001089965884029303
A01_minus_A00,503,0.853445406885347,1.8847840341216402,0.0010899685911690256
A01_minus_A00,504,0.8534458745109275,1.8847839619500546,0.0010899691883919892
A01_minus_A00,505,0.8534466510807179,1.8847842030285826,0.0010899701801797164
A01_minus_A00,506,0.853448489237507,1.8847843245565785,0.0010899725277618226
A01_minus_A00,507,0.8535610316315572,1.8846705495411404,0.0010901162600658457
A01_minus_A00,508,0.8531852766183832,1.8857472665782191,0.0010896363686058533
A01_minus_A00,509,0.8507261666018173,1.8828110524958674,0.0010864957427864845
A01_minus_A00,510,0.8570324331514415,1.8790445490715495,0.0010945497230542037
A01_minus_A00,511,0.8562348150605346,1.8002497201616834,0.001093531053717158
A01_minus_A00,512,0.8501240156409469,1.8095396703464504,0.0010857267121851173
A01_minus_A00,513,0.8120067644730868,1.774025174211766,0.001037045676210839
A01_minus_A00,514,0.8961903190859626,1.908849707141979,0.0011445597944903737
A01_minus_A00,515,0.9572497635252193,2.0982212580501765,0.0012225412050130514
A01_minus_A00,516,1.0225897221543754,2.3513195604316115,0.0013059894280387937
A01_minus_A00,517,1.03717488002508,2.329515140819919,0.0013246167050128734
A01_minus_A00,518,1.03562493415505,2.4141404432461653,0.0013226372083717114
A01_minus_A00,519,1.121765566979429,2.5515469010858394,0.0014326507879686195
A01_minus_A00,520,1.2069303045535746,2.7168092689308208,0.001541418013478384
A01_minus_A00,521,1.2267491742968044,2.7002001981274413,0.00156672946908915
A01_minus_A00,522,1.2425339655550758,2.6442574919958,0.0015868888448979256
A01_minus_A00,523,1.3909798304758048,3.0440909974056862,0.001776474879279444
A01_minus_A00,524,1.335702060126951,2.968748706682933,0.0017058774714265017
A01_minus_A00,525,1.3295095279288993,2.9735595596681974,0.001697968745758492
A01_minus_A00,526,1.3316683041504918,2.975487829498655,0.0017007258035127608
A01_minus_A00,527,1.331506403122204,2.975590241178306,0.0017005190333616907
A01_minus_A00,528,1.331468408292198,2.9756131585924215,0.0017004705086745822
A01_minus_A00,529,1.3320106721488483,2.975282899026899,0.0017011630551070859
A01_minus_A00,530,1.3360173060498266,2.9729430034847226,0.0017062800843548232
A01_minus_A00,531,1.33601880981412,2.9729436775105174,0.001706282004871162
A01_minus_A00,532,1.3360200043103085,2.97294434741465,0.0017062835304090787
A01_minus_A00,533,1.3360210339507002,2.9729443523213503,0.001706284845403193
A01_minus_A00,534,1.3360197406429695,2.9729351468808027,0.0017062831936691819
A01_minus_A00,535,1.3360330995630196,2.972936771576606,0.0017063002548697568
A01_minus_A00,536,1.3279164931391907,2.9762465149202155,0.0016959342185685704
A01_minus_A00,537,1.33039651205864,2.9826503509459883,0.0016991015479676118
A01_minus_A00,538,1.3328397331406845,2.981902908408232,0.0017022218814057273
A01_minus_A00,539,1.3610026415182523,2.978227829692442,0.0017381898359109225
A01_minus_A00,540,1.3447131840730173,2.9763646613443924,0.001717385931127736
A01_minus_A00,541,1.3421597409766137,2.985321352538107,0.0017141248288334787
A01_minus_A00,542,1.3506855008335856,2.996131834885023,0.0017250134110262908
A01_minus_A00,543,1.3508685430660878,2.9946080245799727,0.001725247181438171
A01_minus_A00,544,1.3519902322947583,2.997249462280597,0.001726679734731492
A01_minus_A00,545,1.3841660594571004,3.003364326683403,0.0017677727451559393
A01_minus_A00,546,1.3911024514049215,2.9784486291974206,0.0017766314832757617
A01_minus_A00,547,1.350375096985613,3.0136097256665924,0.0017246169821016769
A01_minus_A00,548,1.3740487378232915,2.9798244018304256,0.001754851517015698
A01_minus_A00,549,1.3290651112542586,2.995905246661198,0.0016974011637985423
A01_minus_A00,550,1.3815097807087438,3.0241961845555143,0.0017643803074185744
A01_minus_A00,551,1.3724961837709184,3.0215739459763427,0.0017528686893626033
A01_minus_A00,552,1.3791710618132824,3.0178849028956063,0.0017613934378202841
A01_minus_A00,553,1.353274096814117,3.060365391966961,0.0017283194084471481
A01_minus_A00,554,1.3562712654538829,3.056803456467493,0.0017321472100305017
A01_minus_A00,555,1.3585680174037233,3.055595337708868,0.0017350804819970924
A01_minus_A00,556,1.3593230310055457,3.055204834126421,0.0017360447394706843
A01_minus_A00,557,1.3587569670792345,3.0554925458798654,0.0017353217970360595
A01_minus_A00,558,1.3586716339664404,3.055530487709143,0.0017352128147719546
A01_minus_A00,559,1.3586721458017126,3.055529802776946,0.0017352134684568488
A01_minus_A00,560,1.3586728941667179,3.0555292985835467,0.0017352144242231392
A01_minus_A00,561,1.358673819749959,3.05552832755051,0.0017352156063217869
A01_minus_A00,562,1.358675085339418,3.0555261909442812,0.0017352172226557064
A01_minus_A00,563,1.3586799405010295,3.055522013530153,0.0017352234233729623
A01_minus_A00,564,1.356627998773533,3.0563261842000577,0.001732602808139889
A01_minus_A00,565,1.3599381668889228,3.0555609115301885,0.0017368303536256997
A01_minus_A00,566,1.3852241452994343,3.0490746095963304,0.0017691240680707972
A01_minus_A00,567,1.4219649468077602,3.0458831066752663,0.0018160471862168075
A01_minus_A00,568,1.423013954021496,3.048607491086728,0.0018173869144591265
A01_minus_A00,569,1.4539982062375167,3.087701203698959,0.0018569581178001491
A01_minus_A00,570,1.5130919235399412,3.1783720954530654,0.0019324290211238074
A01_minus_A00,571,1.4909250383336672,3.2057140448909136,0.0019041188229037896
A01_minus_A00,572,1.5210725256384883,3.233572919993178,0.001942621360968695
A01_minus_A00,573,1.5238806805950067,3.242536243020821,0.001946207765766292
A01_minus_A00,574,1.5218313173835227,3.2610003915874013,0.0019435904436571172
A01_minus_A00,575,1.5706951948251318,3.2144310146525097,0.00200599641740119
A01_minus_A00,576,1.5804554947335432,3.21561715442833,0.0020184616790977564
A01_minus_A00,577,1.5960727652127151,3.2177062600514255,0.0020384071075513605
A01_minus_A00,578,1.5800299247190108,3.2332802610971965,0.002017918166946374
A01_minus_A00,579,1.5809351811294134,3.228888068619582,0.0020190743054015496
A01_minus_A00,580,1.6243680568153227,3.1890463480135924,0.0020745441338637584
A01_minus_A00,581,1.57124986657473,3.234842608490894,0.0020067048104402685
A01_minus_A00,582,1.568753721671519,3.231938040347128,0.0020035168859150946
A01_minus_A00,583,1.5687513101589734,3.2319367573600575,0.0020035138060778717
A01_minus_A00,584,1.5687459818639873,3.2319383093101837,0.002003507001103432
A01_minus_A00,585,1.5687458094372095,3.2319394772079,0.0020035067808904334
A01_minus_A00,586,1.568746683803056,3.2319412908963705,0.0020035078975773383
A01_minus_A00,587,1.5687475537363094,3.231941483830598,0.0020035090086032046
A01_minus_A00,588,1.5687486136971083,3.2319417003723405,0.0020035103623207004
A01_minus_A00,589,1.5687495866345231,3.2319419275602943,0.00200351160489722
A01_minus_A00,590,1.5687512037661033,3.2319448604487206,0.002003513670199366
A01_minus_A00,591,1.5687529840599455,3.231938919365852,0.0020035159438824336
A01_minus_A00,592,1.6479922609059123,3.2930341923505537,0.0021047155311697476
A01_minus_A00,593,1.657128743751795,3.285679993955169,0.0021163840916370307
A01_minus_A00,594,1.6357631345443024,3.297485829272283,0.002089097234411625
A01_minus_A00,595,1.6337973279022235,3.3062218574854225,0.002086586625673338
A01_minus_A00,596,1.6456051505549452,3.3085751562129513,0.0021016668589462903
A01_minus_A00,597,1.6728618127378962,3.322647680553877,0.002136477410904082
A01_minus_A00,598,1.6466179843133517,3.31941169665369,0.002102960388650513
A01_minus_A00,599,1.6574012220906686,3.3218413056643303,0.002116732084406984
A01_minus_A00,600,1.6015626582658324,3.369439634134708,0.0020454184652181767
A01_minus_A00,601,1.5857960180395323,3.3866560682040356,0.0020252822708040005
A01_minus_A00,602,1.5340573016211647,3.3600252284783827,0.001959204727485523
A01_minus_A00,603,1.5155056833933065,3.364312394585066,0.0019355117284716558
A01_minus_A00,604,1.5195153654973292,3.3562121199385415,0.0019406326506990156
A01_minus_A00,605,1.527524368376059,3.3643489138362805,0.0019508612622938174
A01_minus_A00,606,1.553848192551054,3.3546738522316497,0.001984480450256774
A01_minus_A00,607,1.5434536108644283,3.356004833017253,0.00197120512243222
A01_minus_A00,608,1.5134732168648317,3.3414421981088824,0.00193291598577884
A01_minus_A00,609,1.50185393560035,3.373205342065192,0.0019180765461051723
A01_minus_A00,610,1.5019017949981164,3.3731994848503026,0.0019181376692185394
A01_minus_A00,611,1.501901738724818,3.3731961120341865,0.0019181375973497037
A01_minus_A00,612,1.501895409202568,3.373198645793342,0.0019181295136686692
A01_minus_A00,613,1.5018962635973079,3.3731991403083383,0.0019181306048496908
A01_minus_A00,614,1.5018973682229253,3.373200265703536,0.001918132015610377
A01_minus_A00,615,1.5018981998660323,3.373201142703464,0.0019181330777343964
A01_minus_A00,616,1.5018988712586294,3.3732017383366406,0.001918133935196206
A01_minus_A00,617,1.5018995849252474,3.3732026213202713,0.0019181348466478256
A01_minus_A00,618,1.5018993450285818,3.373204202071201,0.001918134540266388
A01_minus_A00,619,1.5019032241784507,3.3732046962300335,0.00191813949448078
A01_minus_A00,620,1.478110671890225,3.3491102702653004,0.0018877530930909642
A01_minus_A00,621,1.4785300890629225,3.3478724059808065,0.0018882887472067976
A01_minus_A00,622,1.4372329428067672,3.4005703182930223,0.0018355465425373783
A01_minus_A00,623,1.4479270312394517,3.413028956838262,0.0018492043821704363
A01_minus_A00,624,1.4540724643746603,3.4092889285413484,0.001857052955778621
A01_minus_A00,625,1.4524283449401596,3.3993634655137464,0.0018549531863858999
A01_minus_A00,626,1.4270725939488655,3.4163617024211255,0.0018225703626422293
A01_minus_A00,627,1.448840808618187,3.4199741887851127,0.0018503714030883615
A01_minus_A00,628,1.4105887871085387,3.483396200866174,0.0018015182466264862
A01_minus_A00,629,1.579791695527618,3.507123263128137,0.0020176139151055145
A01_minus_A00,630,1.5671675504300007,3.5259462548631713,0.002001491124431674
A01_minus_A00,631,1.5632248530928385,3.52902937969065,0.0019964557510764223
A01_minus_A00,632,1.5749596134746762,3.539571010797056,0.0020114426736585903
A01_minus_A00,633,1.6149103752972338,3.5835984739651807,0.002062465357978587
A01_minus_A00,634,1.6071267908371571,3.594389428242737,0.002052524637084492
A01_minus_A00,635,1.5922408315771124,3.6175576283709376,0.0020335131948622126
A01_minus_A00,636,1.596777934068912,3.6155156030038524,0.0020393077063459923
A01_minus_A00,637,1.5973491358755898,3.61657085345881,0.00204003721056908
A01_minus_A00,638,1.5973683238936713,3.616625670916129,0.002040061716339299
A01_minus_A00,639,1.597373340255327,3.616641887515871,0.0020400681229314523
A01_minus_A00,640,1.5973705028527256,3.6166439187390766,0.0020400644991733405
A01_minus_A00,641,1.597371351476062,3.6166517495411123,0.0020400655829834764
A01_minus_A00,642,1.5973734765999845,3.6166586504419445,0.0020400682970625602
A01_minus_A00,643,1.5973745968849136,3.616661007092835,0.0020400697278223673
A01_minus_A00,644,1.5973760671935435,3.616663898900162,0.0020400716056111668
A01_minus_A00,645,1.5973761966412456,3.616662715422567,0.0020400717709339023
A01_minus_A00,646,1.597376368110324,3.616661502016178,0.0020400719899237854
A01_minus_A00,647,1.5973911959570635,3.6166741173493224,0.0020400909271482293
A01_minus_A00,648,1.59740537058507,3.616681595197556,0.0020401090301214175
A01_minus_A00,649,1.5998950478229461,3.618813644405085,0.002043288694537607
A01_minus_A00,650,1.5999750191910826,3.6187991829513306,0.002043390829107385
A01_minus_A00,651,1.6098727220241136,3.619535936459992,0.0020560315734663008
A01_minus_A00,652,1.6035760735738323,3.6184650673651437,0.0020479898768503606
A01_minus_A00,653,1.6432879504996702,3.64209901366034,0.002098707471902516
A01_minus_A00,654,1.6291824351911393,3.6636939361866396,0.002080692765250497
A01_minus_A00,655,1.657538716362956,3.6498711188660695,0.002116907683733022
A01_minus_A00,656,1.6929176258393688,3.6971413472854127,0.0021620914761677763
A01_minus_A00,657,1.665314252153288,3.6771157533366354,0.0021268381253554125
A01_minus_A00,658,1.6632769700325274,3.6833342700520264,0.0021242362324808777
A01_minus_A00,659,1.6853735170537356,3.685367493649186,0.0021524565990469163
A01_minus_A00,660,1.698546791182343,3.653650105466341,0.0021692807039365813
A01_minus_A00,661,1.7249063757109222,3.6543352402027893,0.0022029455628491982
A01_minus_A00,662,1.727501541288385,3.6591433722718185,0.0022062599505598786
A01_minus_A00,663,1.7431422805021448,3.6746917885581007,0.002226235351854591
A01_minus_A00,664,1.7419094554993677,3.6811415148776456,0.0022246608627067275
A01_minus_A00,665,1.7540187419216142,3.697442362696619,0.002240126107179584
A01_minus_A00,666,1.7540175757477308,3.697436731444629,0.002240124617813194
A01_minus_A00,667,1.754018380700909,3.6974356330498646,0.0022401256458504585
A01_minus_A00,668,1.7540185482525414,3.697438069566766,0.002240125859837218
A01_minus_A00,669,1.7540194017777753,3.6974395984184745,0.002240126949907759
A01_minus_A00,670,1.7540198682191512,3.6974399439312764,0.0022401275456183285
A01_minus_A00,671,1.754020160799003,3.6974402693883515,0.002240127919283529
A01_minus_A00,672,1.754020638177082,3.697440846312146,0.0022401285289617907
A01_minus_A00,673,1.7540211242627453,3.697441617860116,0.0022401291497608495
A01_minus_A00,674,1.7540217222155305,3.6974421690808144,0.002240129913429796
A01_minus_A00,675,1.7540222487001567,3.697442559515965,0.002240130585823955
A01_minus_A00,676,1.7540244941398089,3.697439442966147,0.002240133453562974
A01_minus_A00,677,1.7541244677374919,3.6974201493597914,0.0022402611337643576
A01_minus_A00,678,1.7597346452982998,3.6965801085112275,0.0022474261114920815
A01_minus_A00,679,1.758350280186165,3.6966770137182725,0.0022456580845289465
A01_minus_A00,680,1.7710869230310922,3.6857710979777836,0.0022619245504867077
A01_minus_A00,681,1.7477064851211888,3.714652956232631,0.0022320644765276994
A01_minus_A00,682,1.7704656311841083,3.7423717006358497,0.002261131074309206
A01_minus_A00,683,1.768263854629793,3.7437089884664463,0.0022583190991440523
A01_minus_A00,684,1.7808774778319982,3.7179235288652475,0.002274428451892718
A01_minus_A00,685,1.8432859246515096,3.6447600213184463,0.002354132726247139
A01_minus_A00,686,1.817836114626265,3.6488688834829515,0.0023216297760233267
A01_minus_A00,687,1.8340220040339776,3.650947286032103,0.00234230141000508
A01_minus_A00,688,1.8539642820277644,3.6577524234484913,0.0023677704751312446
A01_minus_A00,689,1.8915472922382661,3.640171708634107,0.0024157692110322684
A01_minus_A00,690,1.8909411999633874,3.636619680174099,0.0024149951468242494
A01_minus_A00,691,1.8980134778452928,3.63056241977095,0.0024240274301983306
A01_minus_A00,692,1.9034853503403215,3.6338167264820975,0.002431015773103859
A01_minus_A00,693,1.9034889448015333,3.6338153438502303,0.0024310203637312048
A01_minus_A00,694,1.9034769499967163,3.6337744356556074,0.0024310050446956786
A01_minus_A00,695,1.9034850852477363,3.6338020858962854,0.0024310154345437247
A01_minus_A00,696,1.9034877843418183,3.633810503751349,0.0024310188816626032
A01_minus_A00,697,1.9034891833132963,3.6338130627561673,0.0024310206683439287
A01_minus_A00,698,1.9034903373553569,3.633815908227535,0.0024310221422162923
A01_minus_A00,699,1.90349145572314,3.6338187612212502,0.0024310235705276373
A01_minus_A00,700,1.9034925529887214,3.633821328771892,0.002431024971888533
A01_minus_A00,701,1.9034936427612257,3.633823552304744,0.0024310263636797263
A01_minus_A00,702,1.9034943917704217,3.6338248454151714,0.002431027320268738
A01_minus_A00,703,1.9034938628969669,3.633824006336078,0.0024310266448237124
A01_minus_A00,704,1.9034825397778885,3.6338216917682566,0.0024310121836243785
A01_minus_A00,705,1.904423528924273,3.6338171565719337,0.002432213957757692
A01_minus_A00,706,1.9046761923248754,3.633717784052394,0.002432536644093072
A01_minus_A00,707,1.935039259322662,3.6379447126875357,0.00247131450743635
A01_minus_A00,708,1.9303800147990187,3.636531324726526,0.0024653640035747363
A01_minus_A00,709,1.9444701962069983,3.640629440046608,0.0024833591267011475
A01_minus_A00,710,1.9482716142392194,3.642017864780273,0.0024882140667167553
A01_minus_A00,711,1.951460160999185,3.6422733570566264,0.0024922862848010025
A01_minus_A00,712,1.973046376296952,3.653174601999374,0.002519854886713859
A01_minus_A00,713,1.9844510281926993,3.669260041615537,0.0025344202148054906
A01_minus_A00,714,2.0213106413542716,3.710995285002184,0.00258149507197225
A01_minus_A00,715,2.015649314070431,3.7131724769164447,0.0025742647689277532
A01_minus_A00,716,2.031613391592371,3.726578540407767,0.0025946531182533474
A01_minus_A00,717,2.0324420087664707,3.7400853222093913,0.0025957113777349563
A01_minus_A00,718,2.035912331405838,3.7379115116731687,0.002600143462842705
A01_minus_A00,719,2.030522622827191,3.742163333312321,0.002593260054696285
A01_minus_A00,720,2.0305238327401494,3.7421639354496943,0.0025932615999235626
A01_minus_A00,721,2.030521581823125,3.742155060174427,0.0025932587251891763
A01_minus_A00,722,2.0305237489608574,3.7421590310726924,0.002593261492925744
A01_minus_A00,723,2.03052157778864,3.742149530863108,0.002593258720036577
A01_minus_A00,724,2.0305204500772387,3.7421443169090747,0.002593257279792131
A01_minus_A00,725,2.030517439824088,3.742132814656837,0.002593253435279806
A01_minus_A00,726,2.0305183439636245,3.7421346889552844,0.0025932545899918576
A01_minus_A00,727,2.030521165596982,3.7421427994166137,0.00259325819361045
A01_minus_A00,728,2.0305245577209763,3.742152664626626,0.002593262525825002
A01_minus_A00,729,2.030526387490326,3.742157148990729,0.00259326486269518
A01_minus_A00,730,2.030526393191607,3.7421555112844294,0.0025932648699765093
A01_minus_A00,731,2.0305270400178426,3.742156411989725,0.002593265696063656
A01_minus_A00,732,2.0305241670086476,3.7421471560482127,0.0025932620268309674
A01_minus_A00,733,2.0304959534815787,3.7421231103017676,0.002593225994229347
A01_minus_A00,734,2.0418530728241193,3.7465608632564877,0.0026077306166336135
A01_minus_A00,735,2.0579475560520852,3.7546750739237376,0.0026282855121993426
A01_minus_A00,736,2.068555238579951,3.7613359559994475,0.0026418329994635386
A01_minus_A00,737,2.06625415942169,3.7607649147204696,0.0026388942010494125
A01_minus_A00,738,2.066144655442854,3.760645244180426,0.0026387543492245903
A01_minus_A00,739,2.0666183590901657,3.7609628594767757,0.0026393593347256265
A01_minus_A00,740,2.0617426902399862,3.757584773682125,0.0026331324268709915
A01_minus_A00,741,2.0631475258251895,3.758485797073351,0.002634926597477892
A01_minus_A00,742,2.0840153996558946,3.7840864019022824,0.002661577777338307
A01_minus_A00,743,2.0826703481710576,3.7821766196438813,0.0026598599593500097
A01_minus_A00,744,2.104724378547745,3.81514416891915,0.002688026026242331
A01_minus_A00,745,2.107541492009595,3.819635650088903,0.0026916238722983336
A01_minus_A00,746,2.107559073706351,3.819671754793582,0.0026916463265726064
A01_minus_A00,747,2.107565065319558,3.819689864995916,0.0026916539786967534
A01_minus_A00,748,2.107572619160075,3.8197137785295188,0.00269166362600265
A01_minus_A00,749,2.1075730672702044,3.8197148999446604,0.0026916641983016657
A01_minus_A00,750,2.1075727125979618,3.8197140374472123,0.0026916637453358386
A01_minus_A00,751,2.107573885290967,3.8197173456977827,0.002691665243028055
A01_minus_A00,752,2.1075750012361105,3.8197194604276454,0.002691666668245352
A01_minus_A00,753,2.1075766374033944,3.819723049441541,0.0026916687578587414
A01_minus_A00,754,2.1075777818319588,3.8197257005891543,0.0026916702194533315
A01_minus_A00,755,2.10757815067749,3.819726259805464,0.002691670690520422
A01_minus_A00,756,2.1075783222940148,3.8197262955582834,0.002691670909698614
A01_minus_A00,757,2.107578636450877,3.81972634912495,0.0026916713109206604
A01_minus_A00,758,2.1075789967707643,3.8197264362513863,0.002691671771099316
A01_minus_A00,759,2.1075793440538666,3.8197265340628834,0.002691672214628182
A01_minus_A00,760,2.1075797287153755,3.8197266805601835,0.002691672705894477
A01_minus_A00,761,2.1075799686795755,3.8197267918513873,0.0026916730123621654
A01_minus_A00,762,2.107580136897745,3.81972686668167,0.002691673227200185
A01_minus_A00,763,2.107580314808345,3.8197269414856345,0.0026916734544167884
A01_minus_A00,764,2.107580483829318,3.819726964247809,0.0026916736702800995
A01_minus_A00,765,2.1075806571083717,3.819726971368436,0.0026916738915815732
A01_minus_A00,766,2.1075808826195916,3.8197270054081085,0.002691674179590794
A01_minus_A00,767,2.107581001658362,3.8197270168170228,0.002691674331619875
A01_minus_A00,768,2.1075812614774003,3.8197271915549114,0.002691674663444956
A01_minus_A00,769,2.107581614375512,3.819727639493514,0.0026916751141449705
A01_minus_A00,770,2.1075824827000402,3.819729780191265,0.002691676223116271
A01_minus_A00,771,2.107583206169463,3.8197313635873793,0.0026916771470874364
A01_minus_A00,772,2.1075837516142,3.8197323169950215,0.0026916778436962964
A01_minus_A00,773,2.107584157247185,3.8197327174052202,0.0026916783617460856
A01_minus_A00,774,2.1075844347074364,3.819732864849175,0.0026916787161014514
A01_minus_A00,775,2.107584707875255,3.8197330339641025,0.0026916790649747827
A01_minus_A00,776,2.1075850348263536,3.8197333009099226,0.00269167948253685
A01_minus_A00,777,2.1075853656842636,3.8197335068898037,0.0026916799050884592
A01_minus_A00,778,2.107585749658343,3.8197338671975376,0.002691680395476811
A01_minus_A00,779,2.107586377087242,3.819734999841672,0.002691681196790858
A01_minus_A00,780,2.107587240542658,3.8197376043967637,0.002691682299543624
A01_minus_A00,781,2.1075884033425583,3.8197407274434565,0.0026916837846009682
A01_minus_A00,782,2.107589647571671,3.819744104135577,0.002691685373654752
A01_minus_A00,783,2.1075904326779487,3.819745602452965,0.002691686376344762
A11_minus_A00,1,0.0,0.0,0.0
A11_minus_A00,2,2.508352830016682e-09,0.0,3.203515747147742e-12
A11_minus_A00,3,5.875789630843426e-09,0.0,7.504201316530557e-12
A11_minus_A00,4,3.2684571807338188e-09,0.0,4.174274815752004e-12
A11_minus_A00,5,6.611252743388957e-09,0.0,8.443490093727913e-12
A11_minus_A00,6,1.4889427993639033e-08,0.0,1.9015872277955344e-11
A11_minus_A00,7,1.757275426248842e-08,0.0,2.2442853464225312e-11
A11_minus_A00,8,2.230381378840254e-08,0.0,2.848507508097387e-11
A11_minus_A00,9,2.1114632440960087e-08,0.0,2.6966324956526292e-11
A11_minus_A00,10,2.093199898361649e-08,0.0,2.673307660742847e-11
A11_minus_A00,11,1.736739857306791e-08,0.0,2.218058566164484e-11
A11_minus_A00,12,1.4654809452379032e-08,0.0,1.8716231739947677e-11
A11_minus_A00,13,6.436687958717467e-09,0.0,8.220546562857557e-12
A11_minus_A00,14,-7.045517826396621e-09,0.0,-8.998107057977805e-12
A11_minus_A00,15,-2.7097124695031053e-08,0.0,-3.460680037679573e-11
A11_minus_A00,16,-5.74201290092057e-08,0.0,-7.333349809604815e-11
A11_minus_A00,17,-8.361359636405149e-08,0.0,-1.0678620225293933e-10
A11_minus_A00,18,-1.1307047477018892e-07,0.0,-1.4440673661582237e-10
A11_minus_A00,19,-1.4597109869998076e-07,0.0,-1.8642541340993712e-10
A11_minus_A00,20,-1.7906051015269274e-07,0.0,-2.2868519815158715e-10
A11_minus_A00,21,-2.0212006946215219e-07,0.0,-2.5813546546890445e-10
A11_minus_A00,22,-2.2016001303537138e-07,0.0,-2.8117498471950367e-10
A11_minus_A00,23,-2.3068099648830164e-07,0.0,-2.9461174519578755e-10
A11_minus_A00,24,-2.3459670185688526e-07,0.0,-2.996126460496619e-10
A11_minus_A00,25,-2.34396978778849e-07,0.0,-2.993575718759246e-10
A11_minus_A00,26,-2.2892918954216074e-07,0.0,-2.9237444385972e-10
A11_minus_A00,27,-2.1575615003156985e-07,0.0,-2.755506386099232e-10
A11_minus_A00,28,-2.0004319079839712e-07,0.0,-2.5548300229680346e-10
A11_minus_A00,29,-1.803178533326892e-07,0.0,-2.3029100042489042e-10
A11_minus_A00,30,-1.5508345226852184e-07,0.0,-1.9806315743106237e-10
A11_minus_A00,31,-2.735402718533379e-07,0.0,-3.4934900619838815e-10
A11_minus_A00,32,-5.460947821476599e-07,0.0,-6.974390576598467e-10
A11_minus_A00,33,-1.1850103503273856e-06,0.0,-1.5134231804947452e-09
A11_minus_A00,34,-2.4554528408412944e-06,0.0,-3.1359550968598905e-09
A11_minus_A00,35,-4.311676984427423e-06,0.0,-5.506611729792367e-09
A11_minus_A00,36,-5.446462342235906e-06,0.0,-6.955890603110991e-09
A11_minus_A00,37,-3.053196959730707e-06,0.0,-3.8993575475487955e-09
A11_minus_A00,38,-3.350594316017698e-07,0.0,-4.279175371670112e-10
A11_minus_A00,39,2.7387045335503588e-06,0.0,3.4977069394002026e-09
A11_minus_A00,40,5.575094558440088e-06,0.0,7.120171849859627e-09
A11_minus_A00,41,8.215856536487196e-06,0.0,1.04927925114779e-08
A11_minus_A00,42,1.0565649791138032e-05,0.0,1.349380560809455e-08
A11_minus_A00,43,1.2546886664306675e-05,0.0,1.602412089949767e-08
A11_minus_A00,44,1.4272708171978922e-05,0.0,1.822823521325533e-08
A11_minus_A00,45,1.5767672293356622e-05,0.0,2.013751250747972e-08
A11_minus_A00,46,1.7061256510379555e-05,0.0,2.1789599630114374e-08
A11_minus_A00,47,1.8063634616006958e-05,0.0,2.3069776010226e-08
A11_minus_A00,48,1.8885805195710952e-05,0.0,2.4119802293372862e-08
A11_minus_A00,49,1.9475120135550517e-05,0.0,2.4872439509004492e-08
A11_minus_A00,50,1.947355785840353e-05,0.0,2.487044426360604e-08
A11_minus_A00,51,1.951212494237551e-05,0.0,2.4919699798691583e-08
A11_minus_A00,52,1.9585446725506108e-05,0.0,2.5013341922740878e-08
A11_minus_A00,53,1.9675008681292153e-05,0.0,2.5127725008035954e-08
A11_minus_A00,54,1.9774004809826922e-05,0.0,2.525415684524511e-08
A11_minus_A00,55,1.9892297282884906e-05,0.0,2.5405232800619293e-08
A11_minus_A00,56,2.002634378115196e-05,0.0,2.5576428839274533e-08
A11_minus_A00,57,2.017791475232184e-05,0.0,2.577000606937655e-08
A11_minus_A00,58,2.0334267935660995e-05,0.0,2.5969690850141757e-08
A11_minus_A00,59,2.049183617830869e-05,0.0,2.6170927430790154e-08
A11_minus_A00,60,1.7710047769563948e-05,0.0,2.2618196385139142e-08
A11_minus_A00,61,1.3974111404338149e-05,0.0,1.7846885573867367e-08
A11_minus_A00,62,9.583419233035124e-06,0.0,1.2239360450875e-08
A11_minus_A00,63,6.566991360832775e-06,0.0,8.386962146657439e-09
A11_minus_A00,64,8.850894540576068e-06,0.0,1.1303824445180163e-08
A11_minus_A00,65,2.77454027210282e-05,0.0,3.543474166159413e-08
A11_minus_A00,66,-0.0004490265693136744,0.0028176571031047403,-5.734694371822151e-07
A11_minus_A00,67,-0.0028393486964471723,0.01662855422437932,-3.626243545909543e-06
A11_minus_A00,68,-0.002203851309167867,0.010350965003145496,-2.8146249159232015e-06
A11_minus_A00,69,-0.0035194293204623673,0.014681378768227645,-4.494801175558579e-06
A11_minus_A00,70,-0.00272516469910348,0.02114632955787716,-3.480414685955913e-06
A11_minus_A00,71,-0.0035926741096882816,0.021319083878960407,-4.588344967673412e-06
A11_minus_A00,72,-0.00550822129650312,0.022641716637431565,-7.034765385061456e-06
A11_minus_A00,73,-0.006414655129434803,0.022181882841083342,-8.192407572713669e-06
A11_minus_A00,74,-0.007166273414535388,0.024699310115363235,-9.152328754195897e-06
A11_minus_A00,75,-0.007878031082601874,0.02679596315651779,-1.0061342378801882e-05
A11_minus_A00,76,-0.009640138398494843,0.028373862863874638,-1.2311798720938496e-05
A11_minus_A00,77,-0.009506803014709091,0.02813362532242221,-1.2141510874468827e-05
A11_minus_A00,78,-0.009507881465115562,0.0281336411962391,-1.2142888205767e-05
A11_minus_A00,79,-0.009508304599095475,0.028134030775015393,-1.214342860676306e-05
A11_minus_A00,80,-0.009508721749306686,0.028134192232203543,-1.2143961365653494e-05
A11_minus_A00,81,-0.009509253622714294,0.0281345106268276,-1.2144640642036136e-05
A11_minus_A00,82,-0.009509813834616713,0.028134773024431726,-1.21453561106216e-05
A11_minus_A00,83,-0.009510555005472375,0.028135149375979707,-1.2146302688981322e-05
A11_minus_A00,84,-0.009511474249435325,0.028135765357844896,-1.2147476691488284e-05
A11_minus_A00,85,-0.00951241986022848,0.02813635192816317,-1.2148684368107892e-05
A11_minus_A00,86,-0.009514348030467865,0.028136391010988915,-1.2151146909920645e-05
A11_minus_A00,87,-0.009516814456499708,0.028136009214904736,-1.2154296879309972e-05
A11_minus_A00,88,-0.009518446439999743,0.028137181085656993,-1.215638114942496e-05
A11_minus_A00,89,-0.009527141190629316,0.028139933880248217,-1.2167485556359279e-05
A11_minus_A00,90,-0.009523473958043543,0.028146037622620062,-1.2162801989838497e-05
A11_minus_A00,91,-0.00949839398550179,0.02816331937457163,-1.2130771373565506e-05
A11_minus_A00,92,-0.009375585665952884,0.02791775991265685,-1.1973928053579673e-05
A11_minus_A00,93,-0.010906189922086607,0.03475698897794505,-1.3928722761285577e-05
A11_minus_A00,94,-0.011192640036811603,0.037965349216083015,-1.429455943398672e-05
A11_minus_A00,95,-0.008174415745274752,0.03109370279031957,-1.0439866852202749e-05
A11_minus_A00,96,-0.009519247998082729,0.0301095427507414,-1.2157404850680368e-05
A11_minus_A00,97,-0.008373187299616164,0.02653284546164024,-1.0693725797721793e-05
A11_minus_A00,98,-0.008437083773099548,0.03206933376724951,-1.0775330489271454e-05
A11_minus_A00,99,-0.00781728130939859,0.03853549572026229,-9.98375646155631e-06
A11_minus_A00,100,-0.008700712340962752,0.04036934017375935,-1.111202086968423e-05
A11_minus_A00,101,-0.010952444372820272,0.05099692840884416,-1.3987796133870079e-05
A11_minus_A00,102,-0.009269556898053666,0.05415487052286342,-1.1838514556901234e-05
A11_minus_A00,103,-0.013888279388396192,0.05373581325999998,-1.7737266140991305e-05
A11_minus_A00,104,-0.013769965788280296,0.05363517529512545,-1.758616320342311e-05
A11_minus_A00,105,-0.013755909249120669,0.05363837460141174,-1.756821104613112e-05
A11_minus_A00,106,-0.013749354874134452,0.05363804107667604,-1.7559840196851152e-05
A11_minus_A00,107,-0.013751490346480487,0.053638586467798996,-1.7562567492312242e-05
A11_minus_A00,108,-0.013752255219234887,0.05363924719247522,-1.7563544341296154e-05
A11_minus_A00,109,-0.01375285134665907,0.053639892602359025,-1.756430567900264e-05
A11_minus_A00,110,-0.01375347064442243,0.05364051039591442,-1.7565096608457767e-05
A11_minus_A00,111,-0.01375409069599175,0.05364068996233348,-1.7565888500628033e-05
A11_minus_A00,112,-0.013754601252084761,0.05364120195925441,-1.7566540551832388e-05
A11_minus_A00,113,-0.013755443652975461,0.05364202053573658,-1.7567616415038902e-05
A11_minus_A00,114,-0.01375662666214043,0.05364332014538513,-1.7569127282427115e-05
A11_minus_A00,115,-0.013758577844817852,0.05364265153689134,-1.7571619214326757e-05
A11_minus_A00,116,-0.013761093862474375,0.053643129358765425,-1.7574832519124363e-05
A11_minus_A00,117,-0.013663418638321717,0.05367480734189763,-1.7450087660691847e-05
A11_minus_A00,118,-0.013451362007465066,0.05374229497042424,-1.7179261823071605e-05
A11_minus_A00,119,-0.014691772081767673,0.054003810013733444,-1.8763438163177104e-05
A11_minus_A00,120,-0.012647336482163457,0.054353700561777046,-1.6152409300336473e-05
A11_minus_A00,121,-0.004721493429338522,0.054393561270968394,-6.030004379742685e-06
A11_minus_A00,122,-0.006567248242391578,0.05567671385520612,-8.387290220168044e-06
A11_minus_A00,123,-0.009302127857678259,0.05685423543428842,-1.1880112206485643e-05
A11_minus_A00,124,-0.008339844070703897,0.05653844186969617,-1.0651141852750825e-05
A11_minus_A00,125,0.0020822421886530097,0.05390628077833481,2.659313140042158e-06
A11_minus_A00,126,0.008164859405390744,0.06053725450364398,1.0427662075850246e-05
A11_minus_A00,127,-0.011706661072038282,0.16014002784021958,-1.4951035851900743e-05
A11_minus_A00,128,-0.010815450927812753,0.15938953127750993,-1.381283643398819e-05
A11_minus_A00,129,-0.0036417727988245115,0.1664779496701221,-4.651050828639223e-06
A11_minus_A00,130,-0.0002413678370553219,0.17115250654651673,-3.082603282954303e-07
A11_minus_A00,131,0.00581051447423931,0.16691767251116907,7.420835854711763e-06
A11_minus_A00,132,0.00884037952332236,0.16764764276588262,1.129039530437083e-05
A11_minus_A00,133,0.00752999486397227,0.1720401899001382,9.616851678125504e-06
A11_minus_A00,134,-0.0028649608564740754,0.18119604025871644,-3.65895383968592e-06
A11_minus_A00,135,-0.0024372042420333258,0.18042506162238187,-3.112649095828002e-06
A11_minus_A00,136,-0.0024406057764608906,0.18042048667292543,-3.116993328813398e-06
A11_minus_A00,137,-0.0024443842545059276,0.18042176711543992,-3.121818971271938e-06
A11_minus_A00,138,-0.0024479396283412953,0.18042273831090339,-3.126359678596801e-06
A11_minus_A00,139,-0.002450102645995194,0.1804240035509568,-3.129122153250567e-06
A11_minus_A00,140,-0.0024527463009525532,0.1804264757879889,-3.1324984686494935e-06
A11_minus_A00,141,-0.002453656511722458,0.18042656933321863,-3.1336609345114407e-06
A11_minus_A00,142,-0.0024561389751525525,0.1804266436706657,-3.1368313858908716e-06
A11_minus_A00,143,-0.002442520834278171,0.18042305457481067,-3.119439124237766e-06
A11_minus_A00,144,-0.0022826618444020466,0.17996813514298748,-2.9152769404879266e-06
A11_minus_A00,145,-0.002128636227820349,0.17961069201354005,-2.718564786488313e-06
A11_minus_A00,146,-0.0004884797589571194,0.17318138703240926,-6.238566525633709e-07
A11_minus_A00,147,-0.0017041060775515836,0.16552723032820008,-2.176380686528204e-06
A11_minus_A00,148,-0.005199594344059762,0.15544142275793557,-6.640605803396886e-06
A11_minus_A00,149,0.000606049460819956,0.16131501645714233,7.740095285056909e-07
A11_minus_A00,150,0.007519163079600901,0.161467962594583,9.603017981610346e-06
A11_minus_A00,151,0.009716075423451632,0.16706344960108893,1.2408780872862877e-05
A11_minus_A00,152,0.02115574764033633,0.194886957280615,2.7018834789701572e-05
A11_minus_A00,153,0.008011921013005664,0.20011512888456198,1.023233845850021e-05
A11_minus_A00,154,0.01268391026137642,0.19866346916885932,1.6199119107760434e-05
A11_minus_A00,155,0.028592823008128983,0.21326698087491108,3.651701533605234e-05
A11_minus_A00,156,0.02726206002803816,0.2582213992376496,3.4817445757392283e-05
A11_minus_A00,157,0.08900738695709198,0.3254885737038637,0.00011367482369998976
A11_minus_A00,158,0.08307053882646395,0.32143132356470133,0.00010609264217939202
A11_minus_A00,159,0.0786844145531202,0.3277755073815269,0.00010049095089798237
A11_minus_A00,160,0.0796756829806883,0.3302235755365008,0.00010175693867265429
A11_minus_A00,161,0.07911476428990678,0.3282917437738477,0.00010104056742005974
A11_minus_A00,162,0.07904917146789764,0.3325313917498965,0.00010095679625529712
A11_minus_A00,163,0.07939704915187491,0.3322141742636922,0.00010140108448515314
A11_minus_A00,164,0.07941608844651936,0.33221022469226574,0.00010142540031483954
A11_minus_A00,165,0.07940806031996579,0.33221279622371075,0.0001014151472796498
A11_minus_A00,166,0.07940400635129284,0.3322128352890691,0.00010140996979730887
A11_minus_A00,167,0.07940038138742422,0.33221261648323747,0.00010140534021382404
A11_minus_A00,168,0.07939667550787599,0.33221255767723407,0.00010140060728975223
A11_minus_A00,169,0.07939335668744363,0.33221258405623205,0.00010139636869405317
A11_minus_A00,170,0.07939492248928527,0.33220996537389846,0.00010139836844097736
A11_minus_A00,171,0.07948035071431828,0.33224828279049495,0.00010150747217665169
A11_minus_A00,172,0.07993361129425497,0.3325838384078728,0.00010208634903480839
A11_minus_A00,173,0.07955802549656071,0.3332326476739456,0.00010160667368653987
A11_minus_A00,174,0.08973436933782789,0.35161240526014675,0.00011460328140207903
A11_minus_A00,175,0.06987109108163929,0.4113267209878441,8.923510993823664e-05
A11_minus_A00,176,0.07285887656393543,0.41346030693856956,9.305092792328918e-05
A11_minus_A00,177,0.0792551657681454,0.40762517241730833,0.00010121987965280383
A11_minus_A00,178,0.0853048673020787,0.40830143594777835,0.00010894619067953858
A11_minus_A00,179,0.08302994299281062,0.40683732556154717,0.00010604079564854486
A11_minus_A00,180,0.056273162627643265,0.4657265705612318,7.186866235969766e-05
A11_minus_A00,181,0.04766706747447208,0.5375382269355523,6.087748081030917e-05
A11_minus_A00,182,0.0598710363461398,0.5417090938544612,7.646364795164726e-05
A11_minus_A00,183,0.04787847033961042,0.5694148300374764,6.11474716980976e-05
A11_minus_A00,184,0.04905879938588596,0.5473795549351775,6.265491620164236e-05
A11_minus_A00,185,0.06359943488049408,0.5463890967139918,8.122533190356843e-05
A11_minus_A00,186,0.05920146565527398,0.5584645098688391,7.560851296969858e-05
A11_minus_A00,187,0.10985977596560652,0.6416582893265907,0.0001403062272868538
A11_minus_A00,188,0.09178943938754311,0.6537756937573835,0.0001172278919381138
A11_minus_A00,189,0.10435910144938511,0.6584219839273511,0.00013328110019078559
A11_minus_A00,190,0.1048440032209507,0.6587432598228798,0.00013390038725536488
A11_minus_A00,191,0.10660297325337229,0.6577194739211079,0.00013614683684977304
A11_minus_A00,192,0.10665593179988755,0.657728778689254,0.00013621447228593557
A11_minus_A00,193,0.10665602935874316,0.657729970140827,0.00013621459688217518
A11_minus_A00,194,0.10665052893727346,0.6577308238485282,0.00013620757207825473
A11_minus_A00,195,0.10664615135338429,0.6577315133168726,0.00013620198129423282
A11_minus_A00,196,0.10664028150180857,0.6577322970578621,0.0001361944846766393
A11_minus_A00,197,0.10666385064913275,0.6577326524208186,0.00013622458575879024
A11_minus_A00,198,0.10689039485100624,0.6577292347056285,0.00013651391424138727
A11_minus_A00,199,0.10709746566674498,0.6577225116978166,0.00013677837249903574
A11_minus_A00,200,0.1077027476345681,0.6578640143665992,0.00013755140183214316
A11_minus_A00,201,0.1097229604071631,0.6614125689114143,0.00014013149477287753
A11_minus_A00,202,0.12224581080445995,0.6644778026995077,0.00015612491801335882
A11_minus_A00,203,0.14081478945775813,0.6524968986181701,0.00017984008870722623
A11_minus_A00,204,0.1316010795960643,0.6597018080154852,0.00016807289859012043
A11_minus_A00,205,0.1443975557466701,0.6345557478992288,0.00018441578000851863
A11_minus_A00,206,0.12249213325833709,0.6633642345916501,0.00015643950607705886
A11_minus_A00,207,-0.0701754517981448,1.5331219372305933,-8.962382094271366e-05
A11_minus_A00,208,-0.07479338708615012,1.531671058209989,-9.552156715983412e-05
A11_minus_A00,209,-0.14695716574572382,1.5577109594048826,-0.00018768475829594356
A11_minus_A00,210,-0.1385376242454792,1.55880597678431,-0.00017693183173113561
A11_minus_A00,211,-0.06705869076092236,1.5085573539366417,-8.564328321956879e-05
A11_minus_A00,212,-0.06336054562357868,1.5099895165390738,-8.09202370671503e-05
A11_minus_A00,213,-0.07498057800681837,1.5104915812671396,-9.576063602403368e-05
A11_minus_A00,214,-0.0395638010601185,1.531016439789283,-5.052848155826118e-05
A11_minus_A00,215,0.020308729674801712,1.6563712605869831,2.59370749358898e-05
A11_minus_A00,216,0.008157212957670246,1.6619224215194237,1.0417896497663149e-05
A11_minus_A00,217,0.0043349542549601106,1.6598194890895133,5.536340044648928e-06
A11_minus_A00,218,0.012845796672291965,1.6636435748556655,1.6405870590411193e-05
A11_minus_A00,219,0.014808749021669398,1.6640105981887527,1.8912833999577777e-05
A11_minus_A00,220,0.014279820845299385,1.6639765123880625,1.8237319087227823e-05
A11_minus_A00,221,0.014274574089116365,1.6639762521123136,1.823061824919076e-05
A11_minus_A00,222,0.014272425832702551,1.6639759864649923,1.8227874626695467e-05
A11_minus_A00,223,0.01427049934934127,1.6639756117559965,1.822541423926088e-05
A11_minus_A00,224,0.014268151038874188,1.6639753966483852,1.8222415119890407e-05
A11_minus_A00,225,0.014263670710741028,1.6639756957532112,1.8216693117166065e-05
A11_minus_A00,226,0.0142989249754637,1.6639771323680788,1.8261717720898725e-05
A11_minus_A00,227,0.014087772921308778,1.6639780229108512,1.7992047153651057e-05
A11_minus_A00,228,-0.005845926319644951,1.6673363992279637,-7.466061710913091e-06
A11_minus_A00,229,0.025306144139551262,1.6750937924930678,3.231946888831579e-05
A11_minus_A00,230,0.045472193807886335,1.6885660911164448,5.8074321593724564e-05
A11_minus_A00,231,0.0560874246136821,1.6839195946203902,7.163144905961955e-05
A11_minus_A00,232,0.09498461431673574,1.692857562161425,0.00012130857511715931
A11_minus_A00,233,0.09484833059996348,1.6935262805189844,0.00012113452183903381
A11_minus_A00,234,0.11219453701261425,1.6997012348445903,0.00014328804216170402
A11_minus_A00,235,0.10587047141779296,1.6921392752258162,0.00013521133003549548
A11_minus_A00,236,0.13413090040792106,1.6995858572121554,0.0001713038319385965
A11_minus_A00,237,0.06383897932809296,1.7947847945015611,8.153126350969726e-05
A11_minus_A00,238,0.06664994954550263,1.7955375989802513,8.512126378735969e-05
A11_minus_A00,239,0.04683915988283843,1.8707617470620947,5.982012756428918e-05
A11_minus_A00,240,0.032170819686912405,1.866490983800333,4.10866151812419e-05
A11_minus_A00,241,0.03055257799111033,1.896924875390997,3.9019895263231584e-05
A11_minus_A00,242,0.09640247590475814,1.7880068981616724,0.00012311938174298614
A11_minus_A00,243,0.16230041071193094,1.9556026395926251,0.0002072802180229003
A11_minus_A00,244,0.1319396856956791,1.9748529934884564,0.00016850534571606526
A11_minus_A00,245,0.14411397474329735,1.9779801204362881,0.00018405360759041808
A11_minus_A00,246,0.14702067648936323,1.9768880294428175,0.00018776587035678575
A11_minus_A00,247,0.1532021226015262,1.979230018599711,0.0001956604375498419
A11_minus_A00,248,0.16109911457013593,1.977769779998703,0.0002057459956195861
A11_minus_A00,249,0.1610956844489001,1.9777682125558773,0.00020574161487726706
A11_minus_A00,250,0.1610942745808853,1.977767204712391,0.00020573981427954698
A11_minus_A00,251,0.16109350704090145,1.9777670294071952,0.00020573883402413978
A11_minus_A00,252,0.16109269944638566,1.9777668596525295,0.00020573780261351935
A11_minus_A00,253,0.16109110700987353,1.9777661567967877,0.00020573576885041318
A11_minus_A00,254,0.16109203466016345,1.9777746179401547,0.00020573695358896992
A11_minus_A00,255,0.1612596710721144,1.97769718542602,0.00020595104862339002
A11_minus_A00,256,0.1701779350091421,1.9827121039320668,0.0002173409131662096
A11_minus_A00,257,0.18315741208045808,1.976735656826288,0.00023391751223557865
A11_minus_A00,258,0.17664146865208813,1.9791085643825803,0.00022559574540496568
A11_minus_A00,259,0.15843940759035194,1.9869459919776422,0.00020234917955345074
A11_minus_A00,260,0.15129452548951172,1.9668657647570251,0.0001932241704846893
A11_minus_A00,261,0.099207898341792,1.9684157479411946,0.00012670229673281225
A11_minus_A00,262,0.09293189754166464,1.9663438359985046,0.00011868697004044015
A11_minus_A00,263,0.08115336702332504,1.960969204747383,0.00010364414690079826
A11_minus_A00,264,0.14441974388213275,2.038473795676461,0.00018444411734627427
A11_minus_A00,265,0.1182930490774522,2.1268031607703373,0.00015107669103122886
A11_minus_A00,266,0.13126956488953934,2.1232926632179434,0.00016764950816033122
A11_minus_A00,267,0.12570356327491328,2.129104867084247,0.0001605409492655342
A11_minus_A00,268,0.10380341835634666,2.124006349498514,0.00013257141552534693
A11_minus_A00,269,0.1765265591994599,2.1640270848780174,0.0002254489900376244
A11_minus_A00,270,0.2302944127153754,2.032028145226159,0.0002941180239021397
A11_minus_A00,271,0.22339312533085004,2.091974408860255,0.0002853041191964879
A11_minus_A00,272,0.23416859279129448,2.0909566724603263,0.0002990658911766213
A11_minus_A00,273,0.23417873069594833,2.0897028681875383,0.00029907883869214344
A11_minus_A00,274,0.24104581753283744,2.091089931221602,0.000307849064537468
A11_minus_A00,275,0.24319353810071012,2.090972684270017,0.00031059200268289926
A11_minus_A00,276,0.21133074599354668,2.1102929848515335,0.00026989878160095363
A11_minus_A00,277,0.21132750296905017,2.1102903654602296,0.00026989463980721607
A11_minus_A00,278,0.2113268592409954,2.1102904701507357,0.0002698938176768779
A11_minus_A00,279,0.21132648993245673,2.1102905816616273,0.00026989334601846323
A11_minus_A00,280,0.21132617537528528,2.1102906750965515,0.0002698929442851664
A11_minus_A00,281,0.21132567751891712,2.1102904631518515,0.0002698923084532786
A11_minus_A00,282,0.2113334975914289,2.1102927043407305,0.0002699022957744941
A11_minus_A00,283,0.21140657507184824,2.1103093126064127,0.0002699956258899722
A11_minus_A00,284,0.22743362495299152,2.111347501013342,0.0002904643996845358
A11_minus_A00,285,0.21346674297968776,2.106639313609301,0.0002726267471004952
A11_minus_A00,286,0.19153167062333562,2.0945569617148965,0.00024461260616007104
A11_minus_A00,287,0.18749961629208986,2.1107551818328907,0.00023946311148415053
A11_minus_A00,288,0.18166059843223933,2.1161958946277184,0.00023200587283810897
A11_minus_A00,289,0.17326275337223962,2.1712335759561854,0.0002212806556478156
A11_minus_A00,290,0.19401259129068754,2.1748627550054564,0.0002477810872167146
A11_minus_A00,291,0.1950696687791066,2.172924382637821,0.00024913112232325237
A11_minus_A00,292,0.11557207504061817,2.1072210762611143,0.0001476016284043655
A11_minus_A00,293,0.09898394304391037,2.118751635928545,0.00012641627464100941
A11_minus_A00,294,0.07755377846497935,2.126257790578883,9.904697121964158e-05
A11_minus_A00,295,0.08882741930751539,2.0787815916974717,0.00011344497995851263
A11_minus_A00,296,0.15597154611332525,2.047032922883127,0.00019919737690079855
A11_minus_A00,297,0.2822053550461003,2.1767235301722763,0.0003604155236859518
A11_minus_A00,298,0.29447610789304746,2.1493202650217382,0.000376086983260597
A11_minus_A00,299,0.3210555962678626,2.1477193738008573,0.00041003268999727026
A11_minus_A00,300,0.31871690387068075,2.1490765250191206,0.00040704585424097156
A11_minus_A00,301,0.3284163200195592,2.16351142873751,0.00041943335890109735
A11_minus_A00,302,0.3304009238436567,2.1634307567640736,0.0004219679742575437
A11_minus_A00,303,0.3343977376445405,2.1631228558979103,0.0004270724618704221
A11_minus_A00,304,0.3320144212402777,2.164909041699913,0.00042402863504505453
A11_minus_A00,305,0.33201266307372607,2.164907598241364,0.00042402638962161696
A11_minus_A00,306,0.33201244007004804,2.1649076013851647,0.00042402610481487616
A11_minus_A00,307,0.33201252357966715,2.164907573059747,0.000424026211468285
A11_minus_A00,308,0.3320126476159174,2.1649076007862886,0.0004240263698798435
A11_minus_A00,309,0.33201210613874377,2.1649074898762843,0.00042402567833811465
A11_minus_A00,310,0.33201075148035797,2.1649076879091784,0.00042402394825077645
A11_minus_A00,311,0.33187047918657003,2.164904627139041,0.00042384480100455944
A11_minus_A00,312,0.33159951261708326,2.164898614964562,0.0004234987389745635
A11_minus_A00,313,0.3446223947281955,2.1565002922688112,0.00044013077232208877
A11_minus_A00,314,0.3366040787998665,2.155705716137418,0.00042989026666649617
A11_minus_A00,315,0.34072984197004486,2.1593760362634256,0.00043515944057476993
A11_minus_A00,316,0.37995953215950584,2.1647175029868255,0.00048526121604023736
A11_minus_A00,317,0.4190508303021855,2.1968524568720187,0.000535186245596661
A11_minus_A00,318,0.433272019503544,2.192339791274472,0.0005533486839125721
A11_minus_A00,319,0.4812404028488384,2.18626669547613,0.0006146109870355535
A11_minus_A00,320,0.4940985907172702,2.18970284011611,0.0006310326829083911
A11_minus_A00,321,0.525741866504942,2.1048658515154828,0.00067144555109188
A11_minus_A00,322,0.5174676602689039,2.1113445220941336,0.0006608782378913204
A11_minus_A00,323,0.5060185447525908,2.089834590359081,0.0006462561235665271
A11_minus_A00,324,0.5079827627099005,2.1046650832226437,0.0006487647033332063
A11_minus_A00,325,0.5434957904781823,2.1228812387511633,0.00069411978349704
A11_minus_A00,326,0.4839101107879781,2.1600634770366267,0.0006180205757190014
A11_minus_A00,327,0.5095227473534102,2.2085676209392227,0.0006507314781014178
A11_minus_A00,328,0.4992423915419787,2.2086943595639137,0.0006376020326206625
A11_minus_A00,329,0.5087885730035127,2.1940212126460588,0.0006497938352535283
A11_minus_A00,330,0.5310469697792873,2.1998041738951057,0.000678220906486957
A11_minus_A00,331,0.5883235511416454,2.245624169166138,0.0007513710742549749
A11_minus_A00,332,0.5883200178915838,2.2456235858010327,0.000751366561802789
A11_minus_A00,333,0.5883161155734312,2.2456222641437655,0.0007513615779992736
A11_minus_A00,334,0.5883162050515167,2.2456220758697154,0.0007513616922752448
A11_minus_A00,335,0.5883163458100046,2.245621814842615,0.0007513618720434285
A11_minus_A00,336,0.5883165197365373,2.2456216111552627,0.0007513620941718229
A11_minus_A00,337,0.588316831961152,2.2456212158436064,0.00075136249292612
A11_minus_A00,338,0.5883143148254351,2.245621216146136,0.0007513592781934037
A11_minus_A00,339,0.5879519991876447,2.245951614776683,0.0007508965506866471
A11_minus_A00,340,0.5883301579054581,2.2455966693743465,0.0007513795120120793
A11_minus_A00,341,0.5584844717008662,2.274355972967098,0.0007132624159653464
A11_minus_A00,342,0.590136063725342,2.3123982548516553,0.0007536859051409221
A11_minus_A00,343,0.6008159531118011,2.30234952999133,0.0007673256106153271
A11_minus_A00,344,0.6318767232996396,2.306874965679832,0.0008069945380582881
A11_minus_A00,345,0.6569585970155322,2.3207475809365863,0.0008390275823953157
A11_minus_A00,346,0.6277893713401742,2.423296626009827,0.0008017744206132493
A11_minus_A00,347,0.6177026202720405,2.390591169804871,0.0007888922353410479
A11_minus_A00,348,0.5798258347463439,2.4140630066020408,0.000740518307466595
A11_minus_A00,349,0.6034027323061129,2.358350425378943,0.0007706292877472706
A11_minus_A00,350,0.5821962053082821,2.3510380762940697,0.000743545600649147
A11_minus_A00,351,0.5893444979429736,2.3784369765525457,0.0007526749654444108
A11_minus_A00,352,0.7278155923327743,2.6245502064322097,0.0009295218292883451
A11_minus_A00,353,0.7721184762889695,2.6133654612159347,0.0009861027794239713
A11_minus_A00,354,0.6954591883151224,2.571307435493965,0.0008881981970818933
A11_minus_A00,355,0.6669059115709606,2.5411535174985436,0.0008517316878300901
A11_minus_A00,356,0.6697955173006219,2.527597627658049,0.0008554221166036039
A11_minus_A00,357,0.6263252010510253,2.5276687912022124,0.0007999044713295343
A11_minus_A00,358,0.621236192172081,2.5170211123119466,0.0007934050985594905
A11_minus_A00,359,0.623273893106975,2.517105031380313,0.0007960075263179757
A11_minus_A00,360,0.6232729812998332,2.5171033590209144,0.0007960063618133247
A11_minus_A00,361,0.6232704174812326,2.517103490523613,0.0007960030874600672
A11_minus_A00,362,0.6232703915924873,2.5171033847219606,0.0007960030543965355
A11_minus_A00,363,0.6232706923093162,2.517103441418944,0.0007960034384537882
A11_minus_A00,364,0.623271097793447,2.5171035442738754,0.00079600395631347
A11_minus_A00,365,0.6232714579249473,2.517103602219508,0.0007960044162515291
A11_minus_A00,366,0.6232718331116951,2.517103461335847,0.0007960048954172352
A11_minus_A00,367,0.6238134487245577,2.516546398107718,0.0007966966139521809
A11_minus_A00,368,0.6336749939794928,2.507112147026053,0.0008092911800504377
A11_minus_A00,369,0.641157645243716,2.499009818341104,0.0008188475673610677
A11_minus_A00,370,0.6457424691873308,2.4863971703218115,0.0008247030257820317
A11_minus_A00,371,0.5834226350471721,2.551713864233251,0.0007451119221547536
A11_minus_A00,372,0.5666608119989851,2.5440328835173585,0.0007237047407394445
A11_minus_A00,373,0.6424284110640901,2.6906552711087226,0.0008204705122146744
A11_minus_A00,374,0.6400291811756279,2.6998500103720406,0.0008174063616546972
A11_minus_A00,375,0.6638677447564626,2.686614269709188,0.0008478515258703226
A11_minus_A00,376,0.707276398636731,2.7362167488815685,0.0009032904197148544
A11_minus_A00,377,0.6699067901554301,2.8214334589348358,0.0008555642275292849
A11_minus_A00,378,0.6825015649755971,2.8326550997388416,0.000871649508270239
A11_minus_A00,379,0.685117898873137,2.840518851598807,0.0008749909308724611
A11_minus_A00,380,0.6908548952055305,2.878331758419255,0.0008823178738257094
A11_minus_A00,381,0.7009772402565216,2.857246264502133,0.0008952455175689931
A11_minus_A00,382,0.6876575755115151,2.8427015965849547,0.0008782344514834164
A11_minus_A00,383,0.6402287439921909,2.8680688174883806,0.0008176612311522234
A11_minus_A00,384,0.5543990342255349,2.8789832739603405,0.0007080447435830586
A11_minus_A00,385,0.5513398825391739,2.9044459849233015,0.0007041377810206563
A11_minus_A00,386,0.5428277611380592,2.8878156042404637,0.0006932666170345583
A11_minus_A00,387,0.5773455198540877,2.885058689659388,0.0007373506000690774
A11_minus_A00,388,0.5700612910896302,2.885458872910519,0.0007280476259126823
A11_minus_A00,389,0.569544288419249,2.885510526013663,0.0007273873415316079
A11_minus_A00,390,0.5695769944578872,2.8855074926757607,0.0007274291116958968
A11_minus_A00,391,0.5695780266081135,2.885507502329525,0.0007274304298954195
A11_minus_A00,392,0.5695789708336981,2.8855076097459187,0.000727431635802935
A11_minus_A00,393,0.5695798555464018,2.8855077258077957,0.0007274327657042168
A11_minus_A00,394,0.5695787624663516,2.885508439511504,0.0007274313696888271
A11_minus_A00,395,0.5702509918360427,2.8849481785710074,0.0007282899001737455
A11_minus_A00,396,0.5746135858331953,2.8814386603954962,0.0007338615400168522
A11_minus_A00,397,0.5784684273277196,2.880380229925131,0.0007387847092308041
A11_minus_A00,398,0.5794079075868019,2.874730517924251,0.0007399845563049834
A11_minus_A00,399,0.5562619979815562,2.8941363341932225,0.0007104240076392799
A11_minus_A00,400,0.5626383280992913,2.8906323237535574,0.0007185674688368982
A11_minus_A00,401,0.5257422983065203,2.8600156036673376,0.0006714461025626058
A11_minus_A00,402,0.490713139221287,2.8832179633664206,0.0006267089900655006
A11_minus_A00,403,0.4962326900776576,2.8553059377710186,0.0006337582248756801
A11_minus_A00,404,0.45277202979528486,2.8462296923659287,0.0005782529116159449
A11_minus_A00,405,0.5109044544982619,2.8711610300537274,0.0006524961104703217
A11_minus_A00,406,0.535116908666798,2.871176485195151,0.0006834187850150676
A11_minus_A00,407,0.5479011922075641,2.9518853328533767,0.0006997460947733896
A11_minus_A00,408,0.6146548868845346,2.9723555295748363,0.0007849998555358041
A11_minus_A00,409,0.6223083638779896,3.008472038022353,0.0007947744110830008
A11_minus_A00,410,0.565291182060972,3.085179610468269,0.0007219555326449195
A11_minus_A00,411,0.6305701785408299,3.1501368312866216,0.0008053258985195784
A11_minus_A00,412,0.6336494676975934,3.1206349150884343,0.0008092585794349852
A11_minus_A00,413,0.6486407224999945,3.053076823141119,0.0008284044987228537
A11_minus_A00,414,0.6781501845801217,3.080335407113371,0.0008660921897574989
A11_minus_A00,415,0.6743678010201896,3.0592315781104964,0.0008612615594127581
A11_minus_A00,416,0.7234078359132176,3.010171009632431,0.00092389251074485
A11_minus_A00,417,0.7271948472156639,3.0055339245514503,0.0009287290513610011
A11_minus_A00,418,0.7272065297203618,3.0055335755502575,0.0009287439715458005
A11_minus_A00,419,0.7272070381725106,3.0055336548923495,0.0009287446209099752
A11_minus_A00,420,0.72720771711282,3.0055338196238828,0.0009287454880112643
A11_minus_A00,421,0.7272085333793107,3.005534022803644,0.0009287465304972039
A11_minus_A00,422,0.7272233634295189,3.005532773900108,0.000928765470535784
A11_minus_A00,423,0.727054180027003,3.0056394259340586,0.0009285493997790587
A11_minus_A00,424,0.7310706636776078,3.0038568023636705,0.0009336790085282347
A11_minus_A00,425,0.7568279059317118,3.005758077997663,0.0009665745925053791
A11_minus_A00,426,0.7711726539532195,2.9956282644009136,0.0009848948326350185
A11_minus_A00,427,0.8707728847601086,2.888632578975362,0.0011120981925416458
A11_minus_A00,428,0.8763891508314804,2.868348158042331,0.0011192709461449303
A11_minus_A00,429,0.8768352867680764,2.856545280128808,0.0011198407238417324
A11_minus_A00,430,0.8896434295395297,2.8559253917162066,0.0011361985051590417
A11_minus_A00,431,0.9058129351073717,2.8808385644302343,0.0011568492146965155
A11_minus_A00,432,0.9517548660776896,2.8745628069341462,0.0012155234560379178
A11_minus_A00,433,0.9714225969134525,2.88125788074236,0.0012406418862240772
A11_minus_A00,434,0.9269142157431264,2.855613685642251,0.0011837984875391141
A11_minus_A00,435,0.9848441896012101,2.863223283816368,0.00125778312848175
A11_minus_A00,436,1.0317966359059643,2.8463503316964736,0.0013177479385772213
A11_minus_A00,437,1.0183741447232268,2.8122248713714377,0.0013006055488163817
A11_minus_A00,438,1.0005917411985281,2.802060434648249,0.001277894944059423
A11_minus_A00,439,0.9427142373544513,2.8877680888606703,0.0012039773146289288
A11_minus_A00,440,0.9653363653588674,3.100459780980656,0.0012328689212756927
A11_minus_A00,441,0.9934892781860071,3.108817488611297,0.001268824110071529
A11_minus_A00,442,1.0195659439141966,3.1995906879558333,0.001302127642291439
A11_minus_A00,443,1.009103861234338,3.2057018323969024,0.0012887661063018365
A11_minus_A00,444,1.0122085284177689,3.2025449452830337,0.0012927311984901263
A11_minus_A00,445,1.0155099029643286,3.1983398942438916,0.0012969475133644045
A11_minus_A00,446,1.0202713670096017,3.19249659333331,0.001303028565784932
A11_minus_A00,447,1.0202710773744184,3.192496809826473,0.0013030281958804832
A11_minus_A00,448,1.0202714146305363,3.192496704240757,0.0013030286266034947
A11_minus_A00,449,1.020271538589899,3.1924965764206052,0.0013030287849168571
A11_minus_A00,450,1.0202724114329669,3.192495878332751,0.0013030298996589615
A11_minus_A00,451,1.020195628922322,3.1925191559559027,0.0013029318377041149
A11_minus_A00,452,1.0156576906352934,3.1938211461388963,0.0012971362587934781
A11_minus_A00,453,1.004851452978091,3.1961365038791896,0.0012833351889886219
A11_minus_A00,454,0.9979540986755928,3.1917708531681015,0.001274526307376236
A11_minus_A00,455,0.9660380990620351,3.2086411208973513,0.001233765132901705
A11_minus_A00,456,1.0122908131482058,3.2164350389897045,0.0012928362875456012
A11_minus_A00,457,1.0198176345866736,3.3126746351215024,0.0013024490863175909
A11_minus_A00,458,1.0119964140631204,3.3443917739250115,0.0012924602989311882
A11_minus_A00,459,1.0552415429285555,3.448175001212054,0.0013476903485677594
A11_minus_A00,460,1.036914917403037,3.459877029513692,0.0013242846965556027
A11_minus_A00,461,1.0439045335258164,3.5031064683107918,0.0013332114093560874
A11_minus_A00,462,1.0469598508933833,3.501179880959081,0.0013371134749596211
A11_minus_A00,463,1.0731474435388424,3.5007011877108516,0.001370558676294818
A11_minus_A00,464,1.1178216031259396,3.4973190863172023,0.0014276137970957083
A11_minus_A00,465,1.1542721854297482,3.4744166224737167,0.0014741662649166644
A11_minus_A00,466,1.1426775202310726,3.503223934734237,0.0014593582633857887
A11_minus_A00,467,1.1225472005103354,3.490363208271256,0.0014336490427973633
A11_minus_A00,468,1.1540467417698554,3.5495809320250697,0.001473878341979381
A11_minus_A00,469,1.1484576272982472,3.482518623636981,0.0014667402647487193
A11_minus_A00,470,1.0980433556775,3.550126918372005,0.0014023542218103448
A11_minus_A00,471,1.0925891421358205,3.524798429475821,0.001395388431846514
A11_minus_A00,472,1.1177362161939692,3.523001519644811,0.0014275047460970234
A11_minus_A00,473,1.0290372466934516,3.6572123355054686,0.0013142238144233098
A11_minus_A00,474,1.0282506518491825,3.6586865540875997,0.0013132192233067466
A11_minus_A00,475,1.0282509265696107,3.6586863890462458,0.0013132195741629767
A11_minus_A00,476,1.028251494220381,3.6586859718772047,0.001313220299132032
A11_minus_A00,477,1.0282520997638347,3.6586855398599916,0.0013132210724953188
A11_minus_A00,478,1.0282517567397098,3.658684477238334,0.0013132206344057596
A11_minus_A00,479,1.0282283016276585,3.6587176656446982,0.001313190678962527
A11_minus_A00,480,1.0288121558340593,3.6582504909580202,0.0013139363420613783
A11_minus_A00,481,1.0596006113897325,3.639204146902357,0.0013532574858106418
A11_minus_A00,482,1.030556803470389,3.6468074827016834,0.0013161644999621824
A11_minus_A00,483,1.0438394275873073,3.6313467460772175,0.0013331282600093325
A11_minus_A00,484,1.106432891978475,3.601057471899526,0.0014130688275587164
A11_minus_A00,485,1.1415388870407779,3.6431950103421187,0.0014579040702947354
A11_minus_A00,486,1.2938711401917102,3.6533711044647825,0.0016524535634632315
A11_minus_A00,487,1.252942301172622,3.654626694308933,0.0016001817384069246
A11_minus_A00,488,1.3333380020880887,3.6071951650798435,0.0017028582402146726
A11_minus_A00,489,1.4427248511113535,3.570533538860788,0.0018425604739608602
A11_minus_A00,490,1.4378366453356586,3.555907603225047,0.0018363175547070991
A11_minus_A00,491,1.3946586273664083,3.5172068180793215,0.0017811732150273415
A11_minus_A00,492,1.4259883578649875,3.4537211410457402,0.0018211856422285918
A11_minus_A00,493,1.4568192444107784,3.4267729393602413,0.0018605609762589763
A11_minus_A00,494,1.593004419963532,3.6188739496706974,0.0020344884035294153
A11_minus_A00,495,1.623195180304836,3.5647103124638395,0.0020730462072858697
A11_minus_A00,496,1.6286499754859265,3.569788271926293,0.0020800127400841975
A11_minus_A00,497,1.688351667568076,3.6111445451966544,0.0021562601118366234
A11_minus_A00,498,1.719945359407797,3.61035657742836,0.002196609654416088
A11_minus_A00,499,1.8281288361701988,3.8857742865781733,0.002334775014265899
A11_minus_A00,500,1.8388757534994062,3.921645399824346,0.002348500323754031
A11_minus_A00,501,1.8457601087194884,3.944934134286157,0.002357292603728593
A11_minus_A00,502,1.783338536197294,3.743615896152618,0.002277571566024641
A11_minus_A00,503,1.783340269763737,3.7436214679699846,0.0022775737800303157
A11_minus_A00,504,1.783340264831132,3.7436216098712354,0.002277573773730692
A11_minus_A00,505,1.7833396222413775,3.7436219457520656,0.002277572953054122
A11_minus_A00,506,1.7833369588578498,3.743622430318347,0.0022775695515425925
A11_minus_A00,507,1.7833492619045006,3.743626080047101,0.00227758526424585
A11_minus_A00,508,1.7749813220115356,3.7495276641560595,0.0022668982401169036
A11_minus_A00,509,1.773372103793948,3.7434958080860916,0.002264843044436715
A11_minus_A00,510,1.7973544182118544,3.7376401310617684,0.0022954717984825725
A11_minus_A00,511,1.8469932491564864,3.817888108335301,0.002358867495729868
A11_minus_A00,512,1.8331564024787472,3.6732665071717694,0.002341195916320239
A11_minus_A00,513,1.7681125408923113,3.661925185615004,0.002258125850437179
A11_minus_A00,514,1.8576805328181787,3.759106404890832,0.002372516644723089
A11_minus_A00,515,1.8942526880435917,3.796371478000627,0.002419224378088878
A11_minus_A00,516,1.9305903996087532,3.8210388427800543,0.0024656326942640527
A11_minus_A00,517,1.9352474639065362,3.9042491557726255,0.0024715804136737373
A11_minus_A00,518,1.9811581680197685,3.953354587174952,0.002530214773971607
A11_minus_A00,519,2.143933495127212,4.02264046471699,0.0027381015263438216
A11_minus_A00,520,2.040204192159904,4.085861860832634,0.0026056247664877448
A11_minus_A00,521,2.0781025627266896,4.190074460636304,0.0026540262614644823
A11_minus_A00,522,2.1052684694483497,4.143981246598191,0.0026887209060643034
A11_minus_A00,523,2.181776481040778,4.101721865822357,0.002786432287408401
A11_minus_A00,524,2.134131905565205,4.336838361814999,0.002725583532011756
A11_minus_A00,525,2.1012437878838712,4.3132963463303575,0.0026835808274378943
A11_minus_A00,526,2.072317911537885,4.295648307457961,0.0026466384566256516
A11_minus_A00,527,2.0715099368409478,4.293858968695402,0.0026456065604609806
A11_minus_A00,528,2.0707556721013236,4.29218167798216,0.0026446432593886637
A11_minus_A00,529,2.0695145383005826,4.289424071557956,0.0026430581587491477
A11_minus_A00,530,2.15956297884415,4.5136208285642585,0.002758062552802235
A11_minus_A00,531,2.1595653004159074,4.513625107741007,0.002758065517772551
A11_minus_A00,532,2.15956603076315,4.513625031224734,0.0027580664505276503
A11_minus_A00,533,2.1595665720770185,4.513625060803187,0.0027580671418608155
A11_minus_A00,534,2.1595634887300608,4.513620595110157,0.002758063203997523
A11_minus_A00,535,2.1595752205178993,4.5136163620062675,0.0027580781871237537
A11_minus_A00,536,2.1709295396478336,4.533170144721429,0.0027725792332667096
A11_minus_A00,537,2.1512306138727806,4.511242731392912,0.002747420962800486
A11_minus_A00,538,2.174786959312923,4.544918265808327,0.0027775056951633756
A11_minus_A00,539,2.2400146478301686,4.570641433254982,0.0028608105336272904
A11_minus_A00,540,2.2423272133931067,4.572366803601808,0.0028637640017791914
A11_minus_A00,541,2.2241515158400125,4.56040407167986,0.002840551105798228
A11_minus_A00,542,2.336703838757065,4.66157312320702,0.002984296090366622
A11_minus_A00,543,2.367684492852722,4.660106386264578,0.0030238626984070522
A11_minus_A00,544,2.3532239906171464,4.664679409701,0.0030053946240321153
A11_minus_A00,545,2.4088792532918126,4.629195927255508,0.0030764741421351375
A11_minus_A00,546,2.4376953117063964,4.617001766474507,0.0031132762601614257
A11_minus_A00,547,2.5435195384136784,4.575388765795381,0.003248428529263957
A11_minus_A00,548,2.6424973502341866,4.577227759161185,0.0033748369734791657
A11_minus_A00,549,2.5158612030384053,4.497243391775821,0.0032131049847233784
A11_minus_A00,550,2.589257207078774,4.496490194476112,0.003306841899206608
A11_minus_A00,551,2.5526312090453938,4.504647594830038,0.0032600654010796854
A11_minus_A00,552,2.5638540063644637,4.502231056194547,0.003274398475561256
A11_minus_A00,553,2.5813199943656393,4.734189860637853,0.003296704973647049
A11_minus_A00,554,2.5952206464031997,4.750247685348539,0.003314458041383397
A11_minus_A00,555,2.598949025424017,4.759285048391338,0.0033192197004138146
A11_minus_A00,556,2.599589053119122,4.760851524390744,0.0033200371048775503
A11_minus_A00,557,2.598500487399673,4.758196521298937,0.0033186468549165683
A11_minus_A00,558,2.5983309457959556,4.757784985251799,0.003318430326687044
A11_minus_A00,559,2.598330849280604,4.757784689229616,0.0033184302034235044
A11_minus_A00,560,2.5983310553592966,4.757784664802321,0.003318430466614683
A11_minus_A00,561,2.5983314147892176,4.757784281314037,0.0033184309256567273
A11_minus_A00,562,2.598331286057965,4.757782317323468,0.0033184307612489972
A11_minus_A00,563,2.598333606308938,4.757780715809387,0.003318433724532488
A11_minus_A00,564,2.584731926528224,4.743668045014508,0.0033010624859875146
A11_minus_A00,565,2.575088184400297,4.73360484084177,0.0032887460848024224
A11_minus_A00,566,2.5996604300028823,4.732028025913577,0.003320128263094358
A11_minus_A00,567,2.670040332857794,4.699613344077232,0.003410013196497821
A11_minus_A00,568,2.668826016518689,4.696327002299459,0.003408462345490024
A11_minus_A00,569,2.6545767660648973,4.723227441075021,0.0033902640690484003
A11_minus_A00,570,2.870803010539434,4.7517471924715045,0.0036664150837029813
A11_minus_A00,571,2.779658831345949,4.684749564517069,0.0035500112788581723
A11_minus_A00,572,2.835195543644649,4.63776527658059,0.0036209393916279043
A11_minus_A00,573,3.000215159801499,4.902398007255229,0.00383169241353959
A11_minus_A00,574,2.791671822651465,4.9908739738108405,0.003565353541061897
A11_minus_A00,575,2.7775177830651945,4.952221704989529,0.003547276862152228
A11_minus_A00,576,2.818177216111865,4.97950493704435,0.0035992046182782437
A11_minus_A00,577,2.866745099954763,4.988493923860942,0.0036612325669920344
A11_minus_A00,578,2.789829947716068,4.911544971381503,0.0035630012103653485
A11_minus_A00,579,2.7604901982198524,4.9210248016761735,0.0035255302659257374
A11_minus_A00,580,2.8187065992655134,4.860023989327621,0.003599880714259915
A11_minus_A00,581,2.812142092985683,5.014798201211235,0.003591496925907641
A11_minus_A00,582,2.8127647420708124,5.015389905569867,0.0035922921354671934
A11_minus_A00,583,2.812770227930372,5.015395054524588,0.0035922991416735273
A11_minus_A00,584,2.8127694611480947,5.015398874600116,0.003592298162385817
A11_minus_A00,585,2.812769559582434,5.015401542752413,0.003592298288100171
A11_minus_A00,586,2.8127687687206295,5.015400047919399,0.0035922972780595523
A11_minus_A00,587,2.8127689678106154,5.015399682137312,0.003592297532325179
A11_minus_A00,588,2.8127693535361553,5.0153994774921555,0.00359229802495039
A11_minus_A00,589,2.812769564503574,5.015399233154214,0.003592298294385152
A11_minus_A00,590,2.8127691015340472,5.01539857943538,0.0035922977031086173
A11_minus_A00,591,2.8127687932267564,5.015400512253393,0.003592297309357288
A11_minus_A00,592,2.936202866428583,5.259620745587914,0.0037499398038679218
A11_minus_A00,593,2.8938581220874955,5.219239239822114,0.003695859670609828
A11_minus_A00,594,2.8989908681245726,5.214420295615756,0.0037024149018193776
A11_minus_A00,595,2.8767754152606444,5.230105510172576,0.0036740426759395203
A11_minus_A00,596,2.8833693795829065,5.200380714638983,0.0036824640863127797
A11_minus_A00,597,2.8727776046066165,5.136694692810656,0.0036689369152064066
A11_minus_A00,598,2.9127682971463447,5.303956182498859,0.0037200105966109127
A11_minus_A00,599,2.952717416594628,5.32989258754745,0.0037710311833903296
A11_minus_A00,600,3.037196563428926,5.342821249874207,0.003878922814085474
A11_minus_A00,601,2.9896901272320084,5.302818705852635,0.0038182504817777887
A11_minus_A00,602,3.0027431409316265,5.29926883253016,0.0038349209973583993
A11_minus_A00,603,2.976347422277451,5.32581878180167,0.00380120999013723
A11_minus_A00,604,2.986652167950257,5.319526390627479,0.003814370584866229
A11_minus_A00,605,2.979236549467532,5.318613269799391,0.0038048998077490834
A11_minus_A00,606,3.020924109706293,5.005895812382149,0.0038581406254231073
A11_minus_A00,607,2.9860532177209107,5.003441834908401,0.0038136056420445858
A11_minus_A00,608,2.930249634570962,4.968626269618747,0.0037423366980472053
A11_minus_A00,609,2.832957300217678,5.127941411735139,0.0036180808431898826
A11_minus_A00,610,2.8332023952663534,5.127800893167101,0.003618393863686275
A11_minus_A00,611,2.833207105145364,5.127793904142562,0.003618399878857425
A11_minus_A00,612,2.8332006593099983,5.127790272413636,0.00361839164662835
A11_minus_A00,613,2.8331998125571194,5.127789020558354,0.003618390565207049
A11_minus_A00,614,2.8331994810059844,5.127788700626186,0.003618390141770095
A11_minus_A00,615,2.83319920388119,5.127788513346332,0.003618389787843155
A11_minus_A00,616,2.833199126511366,5.127788456377281,0.0036183896890311187
A11_minus_A00,617,2.833199009370121,5.12778857436597,0.003618389539425442
A11_minus_A00,618,2.833198080418693,5.127788828044355,0.0036183883530251505
A11_minus_A00,619,2.833197761613669,5.127787092466738,0.003618387945866755
A11_minus_A00,620,2.8068046543973058,5.070925587629483,0.003584680273815205
A11_minus_A00,621,2.8053156148897953,5.0659659507770565,0.003582778563077644
A11_minus_A00,622,3.04565823807957,5.076085062491375,0.0038897295505486203
A11_minus_A00,623,3.1014408231878767,5.1736423307153325,0.003960971677123725
A11_minus_A00,624,3.149558740442708,5.19196406268991,0.0040224249558655275
A11_minus_A00,625,3.1558482156916514,5.155056741180709,0.004030457491304791
A11_minus_A00,626,3.1543018610261058,5.158900514320045,0.00402848258113168
A11_minus_A00,627,3.2762840174972703,5.125014721204666,0.004184270775858583
A11_minus_A00,628,3.3094573207310143,5.500141609941734,0.0042266377020830324
A11_minus_A00,629,3.713887531832799,6.482902394179353,0.004743151381651084
A11_minus_A00,630,3.71786585126182,6.485562402421345,0.004748232249376526
A11_minus_A00,631,3.6972567376439565,6.4979784700528285,0.004721911542329447
A11_minus_A00,632,3.6900368079330743,6.515364206915255,0.0047126906870154205
A11_minus_A00,633,3.6745951510139285,6.5406151506847285,0.004692969541524813
A11_minus_A00,634,3.638712884417602,6.577589893329843,0.004647142891976504
A11_minus_A00,635,3.5925671498769427,6.576394387023579,0.004588208365104652
A11_minus_A00,636,3.5888809454728534,6.5829000878687935,0.004583500568930848
A11_minus_A00,637,3.5849931539245117,6.589339831573304,0.004578535317911254
A11_minus_A00,638,3.585009773754395,6.589339545836916,0.004578556543747631
A11_minus_A00,639,3.5850120644971053,6.589338948001907,0.0045785594693449625
A11_minus_A00,640,3.5850088916344323,6.58933778416519,0.00457855541715764
A11_minus_A00,641,3.585008808063588,6.589337689914989,0.004578555310426038
A11_minus_A00,642,3.585009455296544,6.589338143700443,0.004578556137032623
A11_minus_A00,643,3.5850093843420825,6.5893380557080805,0.004578556046413899
A11_minus_A00,644,3.5850094875914365,6.5893379772020335,0.0045785561782776965
A11_minus_A00,645,3.58500888220303,6.589337663592603,0.004578555405112427
A11_minus_A00,646,3.585008447642574,6.58933737535586,0.00457855485011823
A11_minus_A00,647,3.5850068631449545,6.58933480263762,0.004578552826494195
A11_minus_A00,648,3.584972836419256,6.589277255641821,0.00457850936962868
A11_minus_A00,649,3.596448901641661,6.607479286105535,0.004593165902479771
A11_minus_A00,650,3.6021128628131467,6.634737212242131,0.0046003995693654496
A11_minus_A00,651,3.60740930057587,6.625302268651734,0.004607163857695875
A11_minus_A00,652,3.6395248611296447,6.630795518569499,0.004648179899271577
A11_minus_A00,653,3.661656802633751,6.637746956773962,0.0046764454695194775
A11_minus_A00,654,3.7152734426186553,6.698263019530456,0.004744921382654733
A11_minus_A00,655,3.7404757748976714,6.840782518985162,0.004777108269345685
A11_minus_A00,656,3.7554534055252677,6.823285097368835,0.004796236788665731
A11_minus_A00,657,3.718614196354276,6.715960713352144,0.004749187990235346
A11_minus_A00,658,3.748773510579756,6.737581821026179,0.004787705632924338
A11_minus_A00,659,3.7886876027884497,6.681550762873006,0.00483868148504272
A11_minus_A00,660,3.8224846241004427,6.671505139627953,0.004881844986079748
A11_minus_A00,661,4.021795550489053,6.56610485674101,0.005136392784788062
A11_minus_A00,662,4.208693218131796,6.802313739556457,0.005375087124050826
A11_minus_A00,663,4.212976846954449,6.817667216682478,0.005380557914373498
A11_minus_A00,664,4.22892229452025,6.797458143974756,0.00540092247065166
A11_minus_A00,665,4.203365676582558,6.834375065649863,0.005368283111855119
A11_minus_A00,666,4.20337586946283,6.834366331742041,0.005368296129582158
A11_minus_A00,667,4.203377710755481,6.83436686661674,0.005368298481169196
A11_minus_A00,668,4.203377472037319,6.8343671601119595,0.005368298176292872
A11_minus_A00,669,4.203377641406028,6.834367593557187,0.005368298392600291
A11_minus_A00,670,4.203377564662633,6.8343687641684845,0.005368298294588292
A11_minus_A00,671,4.20337746173108,6.834369665676863,0.00536829816313037
A11_minus_A00,672,4.203377457499975,6.83437039327214,0.00536829815772666
A11_minus_A00,673,4.203377434060067,6.834371010734476,0.0053682981277906345
A11_minus_A00,674,4.203377510504122,6.8343716550025135,0.005368298225420335
A11_minus_A00,675,4.20337768889995,6.834372419092501,0.005368298453256641
A11_minus_A00,676,4.203377905908479,6.834372918883916,0.005368298730406742
A11_minus_A00,677,4.20302275823841,6.834663297755549,0.005367845157392605
A11_minus_A00,678,4.207320912794651,6.831286522800525,0.00537333449909917
A11_minus_A00,679,4.2124549247157805,6.83638499526788,0.005379891347018877
A11_minus_A00,680,4.226896553762957,6.836140627479968,0.005398335317704926
A11_minus_A00,681,4.183772564205855,6.82981642066065,0.005343259979828678
A11_minus_A00,682,4.2662616938317495,6.9711192653296195,0.00544861008152203
A11_minus_A00,683,4.280298801164066,6.967116950523745,0.005466537421665474
A11_minus_A00,684,4.29893979314102,6.954268754594277,0.005490344563398493
A11_minus_A00,685,4.411890570921688,6.946072752113934,0.005634598430295898
A11_minus_A00,686,4.389148358123718,6.954061863047769,0.005605553458650981
A11_minus_A00,687,4.3202831464015645,6.957977878394328,0.005517602996681436
A11_minus_A00,688,4.343176562825217,6.9573074025552675,0.005546841076405131
A11_minus_A00,689,4.416523720993597,6.9492758646635755,0.005640515607910086
A11_minus_A00,690,4.407959403862428,6.965072958087276,0.005629577782710636
A11_minus_A00,691,4.401712885001637,6.958453237071851,0.005621600108558923
A11_minus_A00,692,4.400694057625078,6.959796000871917,0.005620298924169959
A11_minus_A00,693,4.400739418269906,6.959752538810184,0.005620356856027977
A11_minus_A00,694,4.400736665094238,6.959750159830754,0.005620353339839384
A11_minus_A00,695,4.400747167213397,6.959757608820871,0.005620366752507531
A11_minus_A00,696,4.4007494936627545,6.959760227599959,0.005620369723707222
A11_minus_A00,697,4.4007507898473115,6.959761079194049,0.0056203713791153406
A11_minus_A00,698,4.400751634210139,6.959761916229121,0.005620372457484213
A11_minus_A00,699,4.400752541212315,6.95976295398061,0.005620373615852253
A11_minus_A00,700,4.400753652831542,6.959763881197582,0.005620375035544753
A11_minus_A00,701,4.400754650524807,6.9597647053562754,0.005620376309737941
A11_minus_A00,702,4.4007551998224725,6.959765384306069,0.005620377011267525
A11_minus_A00,703,4.40075469749214,6.959765840663211,0.005620376369721762
A11_minus_A00,704,4.400741453968209,6.959776289451096,0.0056203594558980954
A11_minus_A00,705,4.399973941619138,6.960327057625744,0.00561937923578434
A11_minus_A00,706,4.402065295085858,6.958904005272194,0.0056220501852948385
A11_minus_A00,707,4.395880462298006,6.9632239471794035,0.005614151292845474
A11_minus_A00,708,4.38691832333527,6.970522759389013,0.005602705393787063
A11_minus_A00,709,4.419238693759445,6.95705768486404,0.005643983006078474
A11_minus_A00,710,4.419452469170105,6.957822149001684,0.005644256027037171
A11_minus_A00,711,4.418902230923271,6.9533328194084945,0.005643553296198303
A11_minus_A00,712,4.5004057038785055,6.912937051678509,0.0057476445771117565
A11_minus_A00,713,4.5241016381909915,6.907937247403672,0.005777907583896541
A11_minus_A00,714,4.563487532997257,6.901184266121488,0.005828208854402627
A11_minus_A00,715,4.562666414936196,6.900834453152618,0.005827160172332306
A11_minus_A00,716,4.622551240669457,6.8798645736858,0.005903641431250903
A11_minus_A00,717,4.610255937690342,6.8893546333348805,0.0058879386177399
A11_minus_A00,718,4.609195030824068,6.889704020811688,0.005886583691984762
A11_minus_A00,719,4.608791071243143,6.889810174441213,0.005886067779365445
A11_minus_A00,720,4.6087929749221415,6.889810515969123,0.005886070210628533
A11_minus_A00,721,4.608794449321012,6.889811145123734,0.005886072093641139
A11_minus_A00,722,4.608798990883626,6.8898133951454,0.00588607789384882
A11_minus_A00,723,4.608799053383215,6.889813275798375,0.005886077973669495
A11_minus_A00,724,4.60880081955655,6.889814615290828,0.00588608022931871
A11_minus_A00,725,4.608800914833504,6.889814939672124,0.005886080351000644
A11_minus_A00,726,4.608807898385981,6.889819548724496,0.005886089269969324
A11_minus_A00,727,4.608811624652197,6.889822111737872,0.005886094028930009
A11_minus_A00,728,4.608816742402022,6.889825677649048,0.005886100565008968
A11_minus_A00,729,4.60882020933537,6.889828176069877,0.005886104992765479
A11_minus_A00,730,4.608823685915283,6.8898307093301945,0.005886109432841996
A11_minus_A00,731,4.608828188101636,6.889834008380533,0.005886115182760711
A11_minus_A00,732,4.608836004294274,6.88984005363551,0.005886125165126787
A11_minus_A00,733,4.608829791432397,6.889842655983904,0.005886117230437289
A11_minus_A00,734,4.623002041252233,6.882173694315989,0.005904217166350234
A11_minus_A00,735,4.6423198012078695,6.873201968820156,0.0059288886350036644
A11_minus_A00,736,4.654149614681975,6.868729988890854,0.005943996953616826
A11_minus_A00,737,4.675332709557846,6.8432315658483285,0.005971050714633264
A11_minus_A00,738,4.670936789626817,6.848399356189717,0.005965436512933355
A11_minus_A00,739,4.671181100387393,6.848415837047078,0.005965748531784666
A11_minus_A00,740,4.673582678066746,6.847839455740738,0.005968815680800443
A11_minus_A00,741,4.671482387815821,6.848360235125334,0.005966133317772441
A11_minus_A00,742,4.672690995389456,6.851471173055574,0.005967676877892026
A11_minus_A00,743,4.671055422493513,6.8513754845863994,0.005965588023618791
A11_minus_A00,744,4.695436667442008,6.854128099457777,0.0059967262674866005
A11_minus_A00,745,4.695779476253526,6.85418781055815,0.005997164082060698
A11_minus_A00,746,4.695789379659231,6.85419094534912,0.005997176730088418
A11_minus_A00,747,4.6957922432443215,6.8541930071128965,0.005997180387285213
A11_minus_A00,748,4.6957988511958355,6.854197592064997,0.005997188826559177
A11_minus_A00,749,4.695800140990599,6.854199244229758,0.00599719047380664
A11_minus_A00,750,4.6958013683590885,6.8542008821658955,0.005997192041327061
A11_minus_A00,751,4.69580217313319,6.854201707196555,0.00599719306913562
A11_minus_A00,752,4.695802356903199,6.854202369037706,0.005997193303835503
A11_minus_A00,753,4.69580282034511,6.854203127707475,0.005997193895715338
A11_minus_A00,754,4.695802381818896,6.854203604291062,0.005997193335656317
A11_minus_A00,755,4.6958028897173785,6.854204163933823,0.005997193984313382
A11_minus_A00,756,4.695803307497772,6.854204837279626,0.005997194517877103
A11_minus_A00,757,4.69580368834485,6.854205498943759,0.005997195004271839
A11_minus_A00,758,4.69580425955167,6.854206030569734,0.005997195733782465
A11_minus_A00,759,4.695804758202449,6.854206558533738,0.005997196370628926
A11_minus_A00,760,4.695805227504944,6.854207088309629,0.005997196969993543
A11_minus_A00,761,4.6958056038415386,6.854207618320635,0.0059971974506277635
A11_minus_A00,762,4.695805942792514,6.854208183981564,0.005997197883515344
A11_minus_A00,763,4.6958062167983226,6.854208831273697,0.005997198233458905
A11_minus_A00,764,4.695806535044287,6.854209458351412,0.005997198639903304
A11_minus_A00,765,4.695806856280017,6.854210060213001,0.005997199050166049
A11_minus_A00,766,4.695807145739711,6.8542106744742,0.005997199419846375
A11_minus_A00,767,4.695807410286077,6.854211275728634,0.005997199757708911
A11_minus_A00,768,4.695807647058871,6.854211848962703,0.005997200060100729
A11_minus_A00,769,4.695807945746985,6.854212398507722,0.005997200441567031
A11_minus_A00,770,4.695809253520161,6.8542135536006805,0.005997202111775429
A11_minus_A00,771,4.695810192929178,6.854214587199979,0.005997203311531517
A11_minus_A00,772,4.695810818497917,6.854215372147114,0.005997204110469881
A11_minus_A00,773,4.695811223527742,6.854215973851801,0.0059972046277493515
A11_minus_A00,774,4.695811495288249,6.854216495377961,0.00599720497482535
A11_minus_A00,775,4.695811831036711,6.854216963678374,0.005997205403622875
A11_minus_A00,776,4.695812233091543,6.8542174825322775,0.005997205917102864
A11_minus_A00,777,4.695812649664589,6.854217999707986,0.005997206449124635
A11_minus_A00,778,4.69581301230078,6.8542185098383035,0.0059972069122615325
A11_minus_A00,779,4.695813497673049,6.854219099099015,0.005997207532149488
A11_minus_A00,780,4.695814084971957,6.85421984526436,0.00599720828221195
A11_minus_A00,781,4.695815095426898,6.854220856022348,0.005997209572703574
A11_minus_A00,782,4.695816213446031,6.854221978701172,0.005997211000569644
A11_minus_A00,783,4.695816892482327,6.854222845779737,0.005997211867793521
FP16_minus_A00,1,0.0,0.0,0.0
FP16_minus_A00,2,-1.0248133074159779e-10,0.0,-1.3088292559591034e-13
FP16_minus_A00,3,-2.1807688133814568e-10,0.0,-2.7851453555318735e-13
FP16_minus_A00,4,-5.739608016442926e-10,0.0,-7.330278437347287e-13
FP16_minus_A00,5,-6.228764749703554e-10,0.0,-7.954999680336595e-13
FP16_minus_A00,6,-5.463447127619338e-10,0.0,-6.977582538466588e-13
FP16_minus_A00,7,-8.558242386588531e-10,0.0,-1.0930066904966196e-12
FP16_minus_A00,8,1.5546043465518663e-10,0.0,1.9854461641786289e-13
FP16_minus_A00,9,1.5975404691335234e-09,0.0,2.040281569774615e-12
FP16_minus_A00,10,2.9870248441760705e-09,0.0,3.814846544286169e-12
FP16_minus_A00,11,4.205057416204381e-09,0.0,5.37044369885617e-12
FP16_minus_A00,12,4.237309299534166e-09,0.0,5.411633843594082e-12
FP16_minus_A00,13,2.4699775837198558e-09,0.0,3.154505215478743e-12
FP16_minus_A00,14,-1.1547851309952074e-09,0.0,-1.4748213678099712e-12
FP16_minus_A00,15,-6.549478203198944e-09,0.0,-8.364595406384347e-12
FP16_minus_A00,16,-1.3645264219769096e-08,0.0,-1.74269019409567e-11
FP16_minus_A00,17,-2.2365872136697845e-08,0.0,-2.8564332230776304e-11
FP16_minus_A00,18,-3.274654135164856e-08,0.0,-4.1821891892271465e-11
FP16_minus_A00,19,-4.39151301001707e-08,0.0,-5.608573448297663e-11
FP16_minus_A00,20,-5.671292311417051e-08,0.0,-7.243029771924714e-11
FP16_minus_A00,21,-7.036374821693148e-08,0.0,-8.986430168190483e-11
FP16_minus_A00,22,-8.351867682757163e-08,0.0,-1.0666497679127923e-10
FP16_minus_A00,23,-9.586694824445346e-08,0.0,-1.224354383709495e-10
FP16_minus_A00,24,-1.0786570151094155e-07,0.0,-1.3775951661678358e-10
FP16_minus_A00,25,-1.195539606254245e-07,0.0,-1.5268705060718328e-10
FP16_minus_A00,26,-1.3091010994982762e-07,0.0,-1.6719043416325366e-10
FP16_minus_A00,27,-1.4209453745101483e-07,0.0,-1.8147450504599595e-10
FP16_minus_A00,28,-1.5321363530216893e-07,0.0,-1.956751408712247e-10
FP16_minus_A00,29,-1.6460831269033032e-07,0.0,-2.1022773012813578e-10
FP16_minus_A00,30,-1.7618057854076083e-07,0.0,-2.2500712457313005e-10
FP16_minus_A00,31,-1.5613804812978666e-07,0.0,-1.9941002315426138e-10
FP16_minus_A00,32,-1.0620048611755399e-07,0.0,-1.3563280474783395e-10
FP16_minus_A00,33,2.012990626375154e-08,0.0,2.5708692546298264e-11
FP16_minus_A00,34,2.603713257477354e-07,0.0,3.3253042879659696e-10
FP16_minus_A00,35,6.032605931889048e-07,0.0,7.704477563076689e-10
FP16_minus_A00,36,9.214450461476636e-07,0.0,1.1768135966125973e-09
FP16_minus_A00,37,8.076454585626197e-07,0.0,1.0314756814337416e-09
FP16_minus_A00,38,6.796569047823416e-07,0.0,8.680164812035015e-10
FP16_minus_A00,39,5.396961423704734e-07,0.0,6.89267103921422e-10
FP16_minus_A00,40,4.1421770746244627e-07,0.0,5.290136749201102e-10
FP16_minus_A00,41,2.885004747576427e-07,0.0,3.684552678897097e-10
FP16_minus_A00,42,1.1677235239865094e-07,0.0,1.4913454967899225e-10
FP16_minus_A00,43,-1.2768560198690967e-07,0.0,-1.6307228861674288e-10
FP16_minus_A00,44,-4.1209885907829807e-07,0.0,-5.263076105725391e-10
FP16_minus_A00,45,-7.137319855310887e-07,0.0,-9.115351028494109e-10
FP16_minus_A00,46,-1.0244464677450434e-06,0.0,-1.3083607506322394e-09
FP16_minus_A00,47,-1.3421063066153305e-06,0.0,-1.71405658571562e-09
FP16_minus_A00,48,-1.6541880197262512e-06,0.0,-2.11262837768359e-09
FP16_minus_A00,49,-1.935632022417506e-06,0.0,-2.4720715484259334e-09
FP16_minus_A00,50,-1.944905733022887e-06,0.0,-2.483915367845322e-09
FP16_minus_A00,51,-1.951233071304528e-06,0.0,-2.491996259648184e-09
FP16_minus_A00,52,-1.956951360652703e-06,0.0,-2.4992993111784204e-09
FP16_minus_A00,53,-1.9641785754596065e-06,0.0,-2.50852947057421e-09
FP16_minus_A00,54,-1.9700802179618386e-06,0.0,-2.5160666896064352e-09
FP16_minus_A00,55,-1.9748990635804116e-06,0.0,-2.5222210262840506e-09
FP16_minus_A00,56,-1.9786590197170573e-06,0.0,-2.527023013687174e-09
FP16_minus_A00,57,-1.982222451272962e-06,0.0,-2.5315740118428633e-09
FP16_minus_A00,58,-1.9851210072585114e-06,0.0,-2.535275871339095e-09
FP16_minus_A00,59,-1.987735016211163e-06,0.0,-2.5386143246630438e-09
FP16_minus_A00,60,-2.07554342963397e-06,0.0,-2.6507578922528355e-09
FP16_minus_A00,61,-3.3514461201279014e-06,0.0,-4.280263244096937e-09
FP16_minus_A00,62,-4.576291503897915e-06,0.0,-5.8445613076601726e-09
FP16_minus_A00,63,-5.107156043392213e-06,0.0,-6.522549225277412e-09
FP16_minus_A00,64,-4.536557405734455e-06,0.0,-5.793815332994195e-09
FP16_minus_A00,65,-6.341754071336627e-07,0.0,-8.099302773099141e-10
FP16_minus_A00,66,-3.7380180490079355e-05,0.000222435565706918,-4.77396941124896e-08
FP16_minus_A00,67,-4.122092907020144e-05,0.00023227231655670598,-5.264486471290095e-08
FP16_minus_A00,68,7.542598509783913e-05,0.0006191375126934568,9.632948288357488e-08
FP16_minus_A00,69,0.000541337523522172,0.0027980016156998687,6.913633761458136e-07
FP16_minus_A00,70,0.0007979082914710695,0.0037886565904025975,1.0190399635645842e-06
FP16_minus_A00,71,0.0011327051776382818,0.004298026183924381,1.4466221936631952e-06
FP16_minus_A00,72,0.0007358675708845838,0.005835384486893743,9.398053268002347e-07
FP16_minus_A00,73,4.046036296035153e-05,0.006891922513320287,5.167351591360348e-08
FP16_minus_A00,74,0.0004035111138386997,0.009900821254296048,5.15339864417241e-07
FP16_minus_A00,75,0.0016890299122985287,0.013184088349902093,2.1571263247746216e-06
FP16_minus_A00,76,0.0012310297161367007,0.01423636882438306,1.5721963169051095e-06
FP16_minus_A00,77,0.0012242626960229023,0.01425636878959013,1.5635538901952775e-06
FP16_minus_A00,78,0.001224558127625125,0.014257864478411606,1.5639311974778098e-06
FP16_minus_A00,79,0.0012245454143911868,0.014257855005507043,1.5639149609082845e-06
FP16_minus_A00,80,0.0012245063105364175,0.014257590922097267,1.563865019842168e-06
FP16_minus_A00,81,0.0012244330006764526,0.014257288077011952,1.563771392945661e-06
FP16_minus_A00,82,0.0012243706643433909,0.014257185045049971,1.563691780770614e-06
FP16_minus_A00,83,0.0012243742354019552,0.014257154473847603,1.5636963415095214e-06
FP16_minus_A00,84,0.0012243779247340532,0.01425709140825818,1.5637010533001957e-06
FP16_minus_A00,85,0.0012243930255555657,0.01425705922252485,1.5637203391514249e-06
FP16_minus_A00,86,0.0012243241897129764,0.01425772104510522,1.5636324261979264e-06
FP16_minus_A00,87,0.0012237573833758868,0.014257467049889436,1.562908535601388e-06
FP16_minus_A00,88,0.0012238492600979184,0.014258059381784056,1.563025874965413e-06
FP16_minus_A00,89,0.0012254023431238167,0.01425749201993684,1.5650093781913367e-06
FP16_minus_A00,90,0.0012218062212921172,0.014261508627880939,1.560416630002704e-06
FP16_minus_A00,91,0.001217113408791614,0.014266889339518996,1.5544232551617037e-06
FP16_minus_A00,92,0.0011684808738166388,0.01423258825913164,1.4923127379522844e-06
FP16_minus_A00,93,0.0013599404759679972,0.01451809568467336,1.7368333026411204e-06
FP16_minus_A00,94,0.0010869509074680895,0.014202057605478878,1.3881876212874707e-06
FP16_minus_A00,95,0.0011646312446812529,0.01434188171873291,1.4873962256465554e-06
FP16_minus_A00,96,0.0008283302103623574,0.013948280563442881,1.057892988968528e-06
FP16_minus_A00,97,0.0005234595187807162,0.01396720204059482,6.685306753265851e-07
FP16_minus_A00,98,0.0006388554165752601,0.014453072195640211,8.159073008624011e-07
FP16_minus_A00,99,0.0014874948315114576,0.01407092229754014,1.8997379712790008e-06
FP16_minus_A00,100,0.001054020541567842,0.015384047569564841,1.3461309598567585e-06
FP16_minus_A00,101,0.0013265566973473162,0.022172814294526486,1.694197570047658e-06
FP16_minus_A00,102,0.0012509909316112417,0.021606275255226487,1.5976895678304492e-06
FP16_minus_A00,103,0.001126557680424089,0.021581976284612888,1.438770983938811e-06
FP16_minus_A00,104,0.0011567902623151204,0.021544522191981694,1.4773821996361691e-06
FP16_minus_A00,105,0.001155746482594614,0.02154604416642518,1.4760491476304138e-06
FP16_minus_A00,106,0.0011563532609603672,0.021545907305234587,1.4768240880719888e-06
FP16_minus_A00,107,0.0011561448112857825,0.021545725793317344,1.4765578688196456e-06
FP16_minus_A00,108,0.0011560530911915333,0.02154553949840425,1.4764407294911025e-06
FP16_minus_A00,109,0.0011560387004231443,0.021545478513110967,1.4764223504765572e-06
FP16_minus_A00,110,0.0011560200073359704,0.021545334079222173,1.4763984768020057e-06
FP16_minus_A00,111,0.0011560413455402574,0.021545396560801112,1.4764257286593327e-06
FP16_minus_A00,112,0.001156052578832728,0.021545374172152874,1.4764400751375835e-06
FP16_minus_A00,113,0.0011560823636343988,0.02154546988507642,1.476478114475605e-06
FP16_minus_A00,114,0.0011560918410177569,0.021545496880684592,1.4764902184134826e-06
FP16_minus_A00,115,0.001156318602106766,0.02154613265956437,1.4767798238911445e-06
FP16_minus_A00,116,0.0011577293057988863,0.021546471793794635,1.4785814888874666e-06
FP16_minus_A00,117,0.0011022429054690652,0.021547034474165214,1.4077176315058305e-06
FP16_minus_A00,118,0.0010504883046034371,0.021547292575911977,1.3416198015369568e-06
FP16_minus_A00,119,0.0010254474638918085,0.02155476843214234,1.3096391620585038e-06
FP16_minus_A00,120,0.000976843823656223,0.021541169475361346,1.2475655474536691e-06
FP16_minus_A00,121,-0.0035275618010925905,0.03895157924622131,-4.50518748543115e-06
FP16_minus_A00,122,-0.004031269512846918,0.04027406079799785,-5.148492353572054e-06
FP16_minus_A00,123,-0.007474211552244658,0.04341164277634783,-9.545608623556395e-06
FP16_minus_A00,124,-0.003717944597123573,0.04201045598710203,-4.748332818804053e-06
FP16_minus_A00,125,-0.0054012186626395285,0.04228540632856831,-6.898108125976409e-06
FP16_minus_A00,126,-0.007058394596571082,0.04325196659511632,-9.01455248604225e-06
FP16_minus_A00,127,-0.008874986639276425,0.047807910511843826,-1.133459340903758e-05
FP16_minus_A00,128,-0.011399016972759395,0.05156095491326361,-1.4558131510548398e-05
FP16_minus_A00,129,-0.01028991635794606,0.05108049193058194,-1.314165562956074e-05
FP16_minus_A00,130,-0.00846602321120066,0.05331520624161818,-1.08122901803329e-05
FP16_minus_A00,131,-0.011830488798427958,0.05461980411356473,-1.5109181096332002e-05
FP16_minus_A00,132,-0.011290091847816038,0.05483401067004971,-1.4419018962728018e-05
FP16_minus_A00,133,-0.012101127951194175,0.05555965220973799,-1.545482496959665e-05
FP16_minus_A00,134,-0.013975818007056079,0.05823530567111608,-1.7849065143111213e-05
FP16_minus_A00,135,-0.014351465560203037,0.05900397677956958,-1.8328819361689704e-05
FP16_minus_A00,136,-0.014351078731614654,0.05900351033458727,-1.8328325327732636e-05
FP16_minus_A00,137,-0.014351049843723304,0.059003623455239594,-1.832828843387395e-05
FP16_minus_A00,138,-0.014351051005314136,0.059003696652583704,-1.8328289917387147e-05
FP16_minus_A00,139,-0.014351156010921807,0.0590037418313291,-1.8328424024165783e-05
FP16_minus_A00,140,-0.01435113386096577,0.059003711604260184,-1.8328395735588465e-05
FP16_minus_A00,141,-0.014351403690062776,0.059004387686422646,-1.832874034490776e-05
FP16_minus_A00,142,-0.014351594961090244,0.05900463049053853,-1.832898462463633e-05
FP16_minus_A00,143,-0.014343873263404992,0.05900647168312106,-1.8319122941768828e-05
FP16_minus_A00,144,-0.014309286538076678,0.05896657929983202,-1.8274950878769703e-05
FP16_minus_A00,145,-0.014207371777155371,0.05860825315396555,-1.8144791541705456e-05
FP16_minus_A00,146,-0.014312302630474612,0.059115253605404025,-1.827880284862658e-05
FP16_minus_A00,147,-0.014132104560583145,0.056641518184243525,-1.8048664828330965e-05
FP16_minus_A00,148,-0.014995919619931058,0.05692712268863647,-1.915187690923507e-05
FP16_minus_A00,149,-0.013712536777634843,0.06521230520175762,-1.7512818362241177e-05
FP16_minus_A00,150,-0.009924562360649689,0.07154446425017924,-1.267504771475056e-05
FP16_minus_A00,151,-0.007886254739568287,0.0730509485069634,-1.007184513354826e-05
FP16_minus_A00,152,-0.0115612251073087,0.07811170395577416,-1.4765293879066027e-05
FP16_minus_A00,153,-0.013695217390609204,0.0757878258685117,-1.74906990940092e-05
FP16_minus_A00,154,-0.014819391061268778,0.07539389481445757,-1.892642536560508e-05
FP16_minus_A00,155,-0.01661858028399156,0.07740531177864089,-2.1224240464867892e-05
FP16_minus_A00,156,-0.019697252347115446,0.08279942004631018,-2.5156133265792395e-05
FP16_minus_A00,157,-0.013099046203814751,0.08754057195680691,-1.6729305496570564e-05
FP16_minus_A00,158,-0.0135432423707506,0.09528568830515552,-1.7296605837484802e-05
FP16_minus_A00,159,-0.013247266037029238,0.09978208970389375,-1.691860285699775e-05
FP16_minus_A00,160,-0.013392097266901791,0.09929914425373447,-1.7103572499236005e-05
FP16_minus_A00,161,-0.01325046314232379,0.0979898088535004,-1.6922686005522084e-05
FP16_minus_A00,162,-0.012980247225360685,0.09814646254918331,-1.6577582663295895e-05
FP16_minus_A00,163,-0.011058591859170854,0.09444307157686059,-1.4123361250537488e-05
FP16_minus_A00,164,-0.011056271406173612,0.09444157693345644,-1.4120397709033987e-05
FP16_minus_A00,165,-0.011056120114657134,0.09444183317506084,-1.4120204488706428e-05
FP16_minus_A00,166,-0.01105615555094273,0.09444190988119953,-1.4120249745776157e-05
FP16_minus_A00,167,-0.011056229713115494,0.09444195079014714,-1.4120344461194757e-05
FP16_minus_A00,168,-0.01105654269204991,0.0944419105994917,-1.412074417886323e-05
FP16_minus_A00,169,-0.011057176834423985,0.0944415712411643,-1.4121554066952726e-05
FP16_minus_A00,170,-0.011057634926395941,0.09444142785542275,-1.4122139114171061e-05
FP16_minus_A00,171,-0.01104531992871272,0.0944473148985374,-1.410641114778125e-05
FP16_minus_A00,172,-0.010944814303549176,0.09448667755294113,-1.3978051473242881e-05
FP16_minus_A00,173,-0.011207737677034509,0.09466898498804016,-1.4313841222266294e-05
FP16_minus_A00,174,-0.0061123866940416445,0.10238812149991894,-7.80636870247975e-06
FP16_minus_A00,175,0.0003401363602609925,0.10715470943938728,4.344014818148052e-07
FP16_minus_A00,176,-0.002843814840791625,0.11019420889372854,-3.631947433961207e-06
FP16_minus_A00,177,-0.002253826242806025,0.1091779649387424,-2.8784498630983714e-06
FP16_minus_A00,178,-0.0010438218965433152,0.10956862258501081,-1.3331058704256899e-06
FP16_minus_A00,179,-0.002394941749496392,0.1095342884577891,-3.058674009573936e-06
FP16_minus_A00,180,-0.002533972497387391,0.11139138189040547,-3.2362356288472427e-06
FP16_minus_A00,181,0.0005871200174655425,0.11158983306725538,7.498339942088665e-07
FP16_minus_A00,182,0.004782912781167626,0.10945511865547358,6.108445442104247e-06
FP16_minus_A00,183,0.004852507772642798,0.1112826895012481,6.197327934409703e-06
FP16_minus_A00,184,0.007647484402718426,0.11174016603769295,9.766902174608463e-06
FP16_minus_A00,185,0.005923869844545661,0.11011763990976038,7.565606442587051e-06
FP16_minus_A00,186,0.004136134262762589,0.12074829428553584,5.282419237244686e-06
FP16_minus_A00,187,0.013451266110252581,0.13350803569632566,1.7179139348981585e-05
FP16_minus_A00,188,0.013451826484265322,0.13509581926820768,1.71798550246045e-05
FP16_minus_A00,189,0.013480403138851172,0.13574799807220353,1.7216351390614525e-05
FP16_minus_A00,190,0.015405160485967035,0.13636675645993962,1.967453446483657e-05
FP16_minus_A00,191,0.015447157508156568,0.13634583029070674,1.9728170508501366e-05
FP16_minus_A00,192,0.015448656563991135,0.1363458539017943,1.973008501148293e-05
FP16_minus_A00,193,0.015448770324253094,0.13634656511906176,1.973023029917381e-05
FP16_minus_A00,194,0.015448719476952815,0.1363465920684531,1.9730165360092995e-05
FP16_minus_A00,195,0.01544863380414481,0.13634658234662084,1.9730055943990816e-05
FP16_minus_A00,196,0.01544885307134753,0.13634657460416608,1.9730335978732478e-05
FP16_minus_A00,197,0.01544782440144157,0.13634648698027763,1.972902222406331e-05
FP16_minus_A00,198,0.015442079276063522,0.13634676123976522,1.9721684899187128e-05
FP16_minus_A00,199,0.015440510167232848,0.13634696241007407,1.9719680928777585e-05
FP16_minus_A00,200,0.015406431059445778,0.1363617427763858,1.967615716404314e-05
FP16_minus_A00,201,0.01621240980404469,0.13619694437156224,2.0705504219725017e-05
FP16_minus_A00,202,0.01585447760761148,0.1364071612759245,2.0248374977792442e-05
FP16_minus_A00,203,0.01540011722850362,0.1377240580445708,1.966809352299313e-05
FP16_minus_A00,204,0.014652419379716924,0.1390804771900567,1.8713179284440516e-05
FP16_minus_A00,205,0.015897840302491778,0.13878644695205125,2.030375517559614e-05
FP16_minus_A00,206,0.016239730915820372,0.13439782081305449,2.0740397082784637e-05
FP16_minus_A00,207,0.04057530097995564,0.15311755030167987,5.182030776494973e-05
FP16_minus_A00,208,0.03703759610077981,0.15350034931274043,4.73021661568069e-05
FP16_minus_A00,209,0.024288344989490153,0.17042545982481186,3.101959768772689e-05
FP16_minus_A00,210,0.025978268258347828,0.1692455095740264,3.3177864953190077e-05
FP16_minus_A00,211,0.02810293160263977,0.17574605139678007,3.589135581435475e-05
FP16_minus_A00,212,0.02535754307984056,0.17372099268174113,3.238511249021783e-05
FP16_minus_A00,213,0.024330941795495283,0.17264943038330569,3.1073999738819004e-05
FP16_minus_A00,214,0.028028665545779544,0.17575434623837924,3.57965077213021e-05
FP16_minus_A00,215,0.033465786974042705,0.18901951745500165,4.274046867693832e-05
FP16_minus_A00,216,0.03232715891631171,0.19086689521830597,4.128628214088341e-05
FP16_minus_A00,217,0.03321346213437844,0.18996095034037247,4.241821473100695e-05
FP16_minus_A00,218,0.03396506517306144,0.19008837190957825,4.33781164406915e-05
FP16_minus_A00,219,0.0332383942738606,0.19013987309002212,4.2450056543883266e-05
FP16_minus_A00,220,0.03326033113571021,0.19014458677934554,4.2478072970255695e-05
FP16_minus_A00,221,0.033259969123461366,0.19014460678206893,4.247761063021886e-05
FP16_minus_A00,222,0.033259932836359744,0.19014460464067745,4.2477564286538625e-05
FP16_minus_A00,223,0.03325990949517595,0.1901445917326366,4.2477534476597644e-05
FP16_minus_A00,224,0.03325991279335422,0.1901445621045036,4.247753868883042e-05
FP16_minus_A00,225,0.033259634264379306,0.1901447292657529,4.247718296855595e-05
FP16_minus_A00,226,0.03325655648509191,0.19014869229936604,4.247325221595391e-05
FP16_minus_A00,227,0.03332130713839114,0.19020735420392962,4.255594781403722e-05
FP16_minus_A00,228,0.031143733923178128,0.1919654598185119,3.977488368221983e-05
FP16_minus_A00,229,0.030164753578703705,0.1914374723073758,3.852458950026016e-05
FP16_minus_A00,230,0.03610385852585167,0.19113848956300494,4.610965328972116e-05
FP16_minus_A00,231,0.03393033168474931,0.19093636998975377,4.333375694093143e-05
FP16_minus_A00,232,0.03655451699627023,0.1903270121026972,4.6685206891788286e-05
FP16_minus_A00,233,0.035220719222405564,0.1915024835173146,4.498176145901094e-05
FP16_minus_A00,234,0.040596714291258454,0.20261995549787393,5.184765554439139e-05
FP16_minus_A00,235,0.03755780175788344,0.20492244316397137,4.7966541197807714e-05
FP16_minus_A00,236,0.0372150408346,0.2055192125275852,4.752878778365262e-05
FP16_minus_A00,237,0.026472580032131682,0.24012749456164056,3.380916990055132e-05
FP16_minus_A00,238,0.025930409888944378,0.24061538417160147,3.311674315318567e-05
FP16_minus_A00,239,0.026896690515521654,0.23946104873584084,3.435081802748615e-05
FP16_minus_A00,240,0.022085578904075732,0.2409162474721342,2.8206358753608855e-05
FP16_minus_A00,241,0.021895025533363876,0.2422106855784494,2.7962995572623084e-05
FP16_minus_A00,242,0.026206529503959533,0.24760033886513125,3.346938633966735e-05
FP16_minus_A00,243,0.030103054059640675,0.26261213109642767,3.84457906253393e-05
FP16_minus_A00,244,0.03899185486006499,0.26578518813014274,4.9798026641206886e-05
FP16_minus_A00,245,0.0391293746148087,0.26594619526996327,4.99736585118885e-05
FP16_minus_A00,246,0.03959403366077267,0.2658924161495876,5.0567092797921676e-05
FP16_minus_A00,247,0.039356292059324054,0.2659912270814574,5.0263463677297644e-05
FP16_minus_A00,248,0.03996192960492256,0.2658584112317556,5.103694713272357e-05
FP16_minus_A00,249,0.03996109885752985,0.26585841176145103,5.103588615265626e-05
FP16_minus_A00,250,0.03996111622713476,0.2658584050589194,5.103590833605972e-05
FP16_minus_A00,251,0.03996113240473501,0.2658584585934113,5.10359289971073e-05
FP16_minus_A00,252,0.03996117607416692,0.26585851693369,5.103598476905098e-05
FP16_minus_A00,253,0.039961257165857064,0.2658586437047911,5.1036088334427925e-05
FP16_minus_A00,254,0.03996160744523187,0.26586028121639466,5.10365356899513e-05
FP16_minus_A00,255,0.03993832920861547,0.26588029742486097,5.100680614127135e-05
FP16_minus_A00,256,0.039851283198488456,0.26562611660941793,5.089563626882306e-05
FP16_minus_A00,257,0.0409263806701978,0.26604515354975394,5.226868540255147e-05
FP16_minus_A00,258,0.03419141388278829,0.2660992599628192,4.366719525260318e-05
FP16_minus_A00,259,0.03277409190927459,0.26720407725240747,4.185707778962272e-05
FP16_minus_A00,260,0.03369339416156779,0.2673425687264663,4.303115474018875e-05
FP16_minus_A00,261,0.025427099201569943,0.26405637150369327,3.2473945340446927e-05
FP16_minus_A00,262,0.022344757539942275,0.2671672645474425,2.8537365951394985e-05
FP16_minus_A00,263,0.027422385532824486,0.2660137418942792,3.502220374562514e-05
FP16_minus_A00,264,0.027968813558558268,0.2681630894504152,3.57200684017347e-05
FP16_minus_A00,265,0.021334993389206126,0.28922024265925134,2.724775656348164e-05
FP16_minus_A00,266,0.02535029321543565,0.29158973339521077,3.2375853404132376e-05
FP16_minus_A00,267,0.034113002793579095,0.2956510706020487,4.356705337621851e-05
FP16_minus_A00,268,0.03395192984988585,0.29583712447840893,4.3361340804451914e-05
FP16_minus_A00,269,0.035998716680840114,0.29358071062031377,4.597537251703718e-05
FP16_minus_A00,270,0.04526967215462505,0.2964856864302569,5.781567324984043e-05
FP16_minus_A00,271,0.044558584763433336,0.305811163842764,5.690751566211154e-05
FP16_minus_A00,272,0.04567359878614816,0.3059485942254442,5.833154378818411e-05
FP16_minus_A00,273,0.045976141071867926,0.30636589040827333,5.871793240340731e-05
FP16_minus_A00,274,0.04646005579452971,0.30688293305237085,5.933595886913118e-05
FP16_minus_A00,275,0.046742646089527815,0.306907559891805,5.9696866014722627e-05
FP16_minus_A00,276,0.04481417073755187,0.30780374287224344,5.723393453071758e-05
FP16_minus_A00,277,0.04481485800646146,0.30780333260983445,5.723481226878859e-05
FP16_minus_A00,278,0.044814942013542115,0.30780332797541476,5.723491955752505e-05
FP16_minus_A00,279,0.044815029560872126,0.307803339996228,5.723503136765278e-05
FP16_minus_A00,280,0.044815095927610335,0.30780335826614474,5.7235116127216265e-05
FP16_minus_A00,281,0.044815182559248073,0.30780335092449057,5.723522676787749e-05
FP16_minus_A00,282,0.04481594721417224,0.3078026371321245,5.723620333866186e-05
FP16_minus_A00,283,0.044832382326584055,0.3077881055507126,5.7257193265113735e-05
FP16_minus_A00,284,0.04555652581769371,0.30719825189806876,5.8182025309953656e-05
FP16_minus_A00,285,0.04767499644009616,0.309159356842819,6.088760720318794e-05
FP16_minus_A00,286,0.04847285129113911,0.3175129131105824,6.190657891588647e-05
FP16_minus_A00,287,0.045159913207134694,0.31931415197830376,5.767549579455261e-05
FP16_minus_A00,288,0.04443155165882564,0.32095486241533155,5.6745276703481023e-05
FP16_minus_A00,289,0.03651639806472008,0.33057328785748263,4.6636523709731904e-05
FP16_minus_A00,290,0.044602403110096604,0.3372008487800511,5.696347779067255e-05
FP16_minus_A00,291,0.0537139734696079,0.33885557423154455,6.860022154483768e-05
FP16_minus_A00,292,0.044001013508119975,0.3381659372009661,5.619541955060022e-05
FP16_minus_A00,293,0.058340066667622606,0.36184308172598906,7.450838654868787e-05
FP16_minus_A00,294,0.0846799829161605,0.4383608593105619,0.00010814812632970689
FP16_minus_A00,295,0.08440475614709392,0.43801631957916176,0.000107796623431793
FP16_minus_A00,296,0.08837738781831943,0.4596969501215412,0.00011287022709874767
FP16_minus_A00,297,0.08463239149150736,0.4574180686883636,0.00010808734545530954
FP16_minus_A00,298,0.08432688418525466,0.4587911010876098,0.00010769717009611068
FP16_minus_A00,299,0.08742699823032717,0.4599495063823598,0.00011165644729288272
FP16_minus_A00,300,0.08636670574742114,0.45926541662045406,0.0001103023061908316
FP16_minus_A00,301,0.08675104140905929,0.46027621425539283,0.00011079315633340905
FP16_minus_A00,302,0.08658980367487092,0.46002246927222334,0.00011058723330124
FP16_minus_A00,303,0.0866268223209292,0.4600195983455697,0.00011063451126555454
FP16_minus_A00,304,0.08705337618328154,0.4598297571088833,0.00011117927992756263
FP16_minus_A00,305,0.08705352887427158,0.45982968018157594,0.00011117947493521274
FP16_minus_A00,306,0.08705359535403102,0.45982965089543215,0.00011117955983912008
FP16_minus_A00,307,0.08705365741718919,0.45982962631327107,0.00011117963910241276
FP16_minus_A00,308,0.08705372490001076,0.4598295987067796,0.00011117972528737007
FP16_minus_A00,309,0.08705381439737338,0.4598295638896384,0.0001111798395879609
FP16_minus_A00,310,0.0870538154913214,0.459829546038573,0.00011117984098508481
FP16_minus_A00,311,0.08716595096857228,0.4597223130320498,0.00011132305359970918
FP16_minus_A00,312,0.08712994033546737,0.4597592400044089,0.00011127706300825973
FP16_minus_A00,313,0.09353530730885662,0.46530855493074064,0.00011945760831271599
FP16_minus_A00,314,0.09885351787871374,0.4743400390250334,0.00012624970354880427
FP16_minus_A00,315,0.09815290641727814,0.47514589746776253,0.000125354925181709
FP16_minus_A00,316,0.10120326515682079,0.4778821913668916,0.00012925065792697418
FP16_minus_A00,317,0.10673835120630783,0.501914517824725,0.0001363197333413893
FP16_minus_A00,318,0.10874438778121301,0.5030989403210658,0.00013888172130423117
FP16_minus_A00,319,0.12830974612322205,0.5202080398946444,0.00016386940756477913
FP16_minus_A00,320,0.12763828337518734,0.5203823982527044,0.00016301185616243594
FP16_minus_A00,321,0.12867056142882527,0.5187500206675851,0.00016433021893847417
FP16_minus_A00,322,0.1295127553906104,0.5182182587005572,0.0001654058178679571
FP16_minus_A00,323,0.12780877326271037,0.5177067416275273,0.00016322959548238872
FP16_minus_A00,324,0.12457327509146886,0.5213905019450451,0.0001590974139099219
FP16_minus_A00,325,0.12725123730178892,0.5261677474286286,0.00016251754444672914
FP16_minus_A00,326,0.11688385436381542,0.5318722182237207,0.00014927695321049223
FP16_minus_A00,327,0.12004756521633252,0.5356324559908556,0.00015331745238356643
FP16_minus_A00,328,0.12029370910155375,0.5351445138570945,0.00015363181239023467
FP16_minus_A00,329,0.11970869536807333,0.5347618363955312,0.00015288466841388676
FP16_minus_A00,330,0.12033280729679716,0.5349245937763729,0.00015368174622834886
FP16_minus_A00,331,0.12366002071139637,0.5347819639032714,0.00015793106093409497
FP16_minus_A00,332,0.12365949507952625,0.5347821576446392,0.0001579303896290246
FP16_minus_A00,333,0.12365902520422545,0.534782414819561,0.000157929789532855
FP16_minus_A00,334,0.12365915516245632,0.5347823694660759,0.00015792995550760705
FP16_minus_A00,335,0.12365927909964833,0.5347823340520995,0.0001579301137926543
FP16_minus_A00,336,0.12365938991203093,0.534782289605222,0.0001579302553154929
FP16_minus_A00,337,0.12365953342208058,0.5347822367071263,0.00015793043859780407
FP16_minus_A00,338,0.12365924640100023,0.5347824204009138,0.0001579300720319288
FP16_minus_A00,339,0.1237244385487451,0.534696264711359,0.0001580133314798788
FP16_minus_A00,340,0.12358936444886949,0.5348724900860027,0.0001578408230509189
FP16_minus_A00,341,0.12721530305760728,0.5351467298092228,0.00016247165141456869
FP16_minus_A00,342,0.12847268811484716,0.5362634687695591,0.00016407750717094147
FP16_minus_A00,343,0.12832212193315676,0.5356708866435655,0.00016388521319687965
FP16_minus_A00,344,0.133329376492054,0.5377766360943376,0.00017028017431935377
FP16_minus_A00,345,0.13548064184352493,0.5416355919369956,0.00017302763964690285
FP16_minus_A00,346,0.13131946039949619,0.5440561104855877,0.00016771323167240893
FP16_minus_A00,347,0.12507508790395722,0.5422948462703941,0.0001597382987279147
FP16_minus_A00,348,0.12803621124740655,0.5426243477539456,0.00016352006545007223
FP16_minus_A00,349,0.1291379157766146,0.5407064498492016,0.00016492709550014635
FP16_minus_A00,350,0.13279997890419243,0.5414756968344115,0.00016960405990318317
FP16_minus_A00,351,0.13441096083896348,0.5435416160063363,0.0001716615080957388
FP16_minus_A00,352,0.13209866546178772,0.5469168827507784,0.00016870838500866888
FP16_minus_A00,353,0.13113829552838105,0.5437519082427537,0.00016748185891236403
FP16_minus_A00,354,0.12161745754782076,0.5396236751393457,0.0001553224234327213
FP16_minus_A00,355,0.12528161425585507,0.5391727169574753,0.00016000206162944454
FP16_minus_A00,356,0.1262587187347731,0.5415493195404397,0.00016124996006995287
FP16_minus_A00,357,0.12620979210292468,0.5472970811857051,0.00016118747395009537
FP16_minus_A00,358,0.12909317657490033,0.5554104731969552,0.00016486995731149467
FP16_minus_A00,359,0.12838900391127794,0.5551013469825982,0.00016397063079345842
FP16_minus_A00,360,0.12838815222185618,0.5551011182481941,0.0001639695430675047
FP16_minus_A00,361,0.12838808857559106,0.5551012229643738,0.00016396946178236406
FP16_minus_A00,362,0.12838811917362816,0.5551012094951511,0.00016396950086031693
FP16_minus_A00,363,0.12838822506344874,0.5551011838359472,0.00016396963609635856
FP16_minus_A00,364,0.1283883372459254,0.555101154147868,0.00016396977936899797
FP16_minus_A00,365,0.12838846573307533,0.5551011225357342,0.00016396994346497488
FP16_minus_A00,366,0.12838858798501177,0.5551010770103764,0.0001639700995977162
FP16_minus_A00,367,0.12841782192810372,0.5550590414562595,0.00016400743541264843
FP16_minus_A00,368,0.12767036996109757,0.5561356947693648,0.00016305283519935833
FP16_minus_A00,369,0.12728259190738875,0.5576895005668042,0.0001625575886428975
FP16_minus_A00,370,0.1241795041117181,0.5537989479704893,0.00015859451355264124
FP16_minus_A00,371,0.12264921162526637,0.5585183761798955,0.00015664011701822014
FP16_minus_A00,372,0.1214725850970829,0.558598169003869,0.00015513740114569976
FP16_minus_A00,373,0.12772463000517817,0.5716301528032627,0.00016312213282909088
FP16_minus_A00,374,0.13292268150480846,0.5744500460108655,0.0001697607682053748
FP16_minus_A00,375,0.13161018657156698,0.5768608707073815,0.00016808452946560278
FP16_minus_A00,376,0.12792139826857687,0.5856100750885976,0.00016337343329320163
FP16_minus_A00,377,0.15009620191654516,0.6249075011380809,0.0001916937444655749
FP16_minus_A00,378,0.15061071741319937,0.6343134418992148,0.00019235085237956497
FP16_minus_A00,379,0.15015007284638082,0.635397000040094,0.0001917625451422488
FP16_minus_A00,380,0.14811271133047904,0.6371782639398379,0.00018916055086906647
FP16_minus_A00,381,0.1478078623738948,0.638904301676776,0.0001887712163140419
FP16_minus_A00,382,0.14422473150316276,0.6425473752964757,0.00018419505939101246
FP16_minus_A00,383,0.14060965276805618,0.6437625937601092,0.0001795781005977729
FP16_minus_A00,384,0.14521807850716,0.6467638940737008,0.00018546370179713922
FP16_minus_A00,385,0.1447251288676118,0.6459574054434023,0.0001848341364848171
FP16_minus_A00,386,0.14456680522539503,0.643872253181438,0.00018463193515376122
FP16_minus_A00,387,0.14610200970828463,0.6495721148023543,0.00018659260499142354
FP16_minus_A00,388,0.14666101913587035,0.649340803889503,0.000187306537849132
FP16_minus_A00,389,0.14651902647140472,0.6493979087866462,0.00018712519345006988
FP16_minus_A00,390,0.1465248356624762,0.6493955472534769,0.00018713261259575506
FP16_minus_A00,391,0.1465249946614398,0.649395483460412,0.00018713281565956553
FP16_minus_A00,392,0.14652509371415773,0.6493954409234443,0.00018713294216367527
FP16_minus_A00,393,0.14652522880835867,0.6493953846932388,0.00018713311469777607
FP16_minus_A00,394,0.14652540902472747,0.6493952901453319,0.0001871333448591666
FP16_minus_A00,395,0.14632943416251376,0.6496674521607438,0.00018688305767881706
FP16_minus_A00,396,0.14579820007060618,0.6504198758637678,0.00018620459779132334
FP16_minus_A00,397,0.14562795070589654,0.6494090983024555,0.000185987165652486
FP16_minus_A00,398,0.14425799462780572,0.6461966031324826,0.00018423754103168036
FP16_minus_A00,399,0.14357509035902538,0.6471317509135122,0.00018336537721459181
FP16_minus_A00,400,0.14229684815011073,0.6478030917448206,0.00018173288397204437
FP16_minus_A00,401,0.14489889759851404,0.6576552435205596,0.00018505606334420695
FP16_minus_A00,402,0.13977294971788404,0.6603862905110713,0.00017850951432679953
FP16_minus_A00,403,0.1397863118816987,0.6548627189477274,0.0001785265796701133
FP16_minus_A00,404,0.14272156539424247,0.6558637856668359,0.00018227530701691246
FP16_minus_A00,405,0.13855449456827423,0.6564944215174235,0.00017695337748183172
FP16_minus_A00,406,0.13932725405558363,0.6554765934844374,0.00017794029892156276
FP16_minus_A00,407,0.14283859117346678,0.6481769268852715,0.00018242476522792694
FP16_minus_A00,408,0.14599012375133816,0.653126196096381,0.00018644971104896316
FP16_minus_A00,409,0.14509868675785245,0.648489939687844,0.0001853112219129661
FP16_minus_A00,410,0.14159664412426323,0.6478935714991706,0.00018083862595691345
FP16_minus_A00,411,0.1402524804469782,0.6432084033505363,0.0001791219418224498
FP16_minus_A00,412,0.1403416770622277,0.6459306065723104,0.00017923585831702133
FP16_minus_A00,413,0.13949855119439547,0.6488806327192895,0.00017815906921378732
FP16_minus_A00,414,0.14006956048917646,0.650734977124701,0.00017888832757238373
FP16_minus_A00,415,0.14088786803023126,0.6479119059976425,0.000179933420217409
FP16_minus_A00,416,0.1469844492766954,0.6636078035874815,0.0001877196031630848
FP16_minus_A00,417,0.14713992264048667,0.6641562824693087,0.0001879181642918093
FP16_minus_A00,418,0.14714422853491582,0.6641555438441765,0.000187923663518411
FP16_minus_A00,419,0.14714435147709032,0.6641555382019007,0.0001879238205326824
FP16_minus_A00,420,0.14714445152024003,0.6641555459464075,0.0001879239483017114
FP16_minus_A00,421,0.14714454532604448,0.664155555338151,0.00018792406810478222
FP16_minus_A00,422,0.14714746180606367,0.6641554932476518,0.00018792779285576458
FP16_minus_A00,423,0.1471405224780601,0.6641643232826562,0.00018791893036789283
FP16_minus_A00,424,0.14747163492795298,0.6638309043226788,0.0001883418070599655
FP16_minus_A00,425,0.15103324624610878,0.6642370353676449,0.00019289048051865745
FP16_minus_A00,426,0.1463712135582212,0.6681049744259564,0.0001869364157831688
FP16_minus_A00,427,0.14825274686103224,0.6709301606300855,0.00018933939573567335
FP16_minus_A00,428,0.15233049580696378,0.6663635540852921,0.00019454724879561147
FP16_minus_A00,429,0.15298046880255894,0.6651028438462486,0.00019537735479254015
FP16_minus_A00,430,0.15931591791601898,0.6775719356022695,0.00020346860525672923
FP16_minus_A00,431,0.1573420014701452,0.6831015096037947,0.00020094763917004497
FP16_minus_A00,432,0.1593754972032148,0.682646368035016,0.00020354469630040205
FP16_minus_A00,433,0.161556851706867,0.6824606573658377,0.00020633058966394255
FP16_minus_A00,434,0.15926243974530183,0.6833203153509206,0.00020340030618812494
FP16_minus_A00,435,0.1635082122247166,0.6890960744672787,0.00020882274869057037
FP16_minus_A00,436,0.1641194075705868,0.6949916784616411,0.00020960333023063447
FP16_minus_A00,437,0.16287419314852336,0.6933646698557749,0.00020801301806963393
FP16_minus_A00,438,0.16136438183677582,0.6911243569301486,0.000206084778846457
FP16_minus_A00,439,0.16121559078354974,0.6912814905169009,0.00020589475195855652
FP16_minus_A00,440,0.1565974785073067,0.7243728491345947,0.00019999677970281826
FP16_minus_A00,441,0.15948237168753157,0.7249194655805848,0.00020368118989467634
FP16_minus_A00,442,0.15372881929203042,0.7245357259840319,0.00019633310254410014
FP16_minus_A00,443,0.15319990438857972,0.7235599418775687,0.00019565760458311587
FP16_minus_A00,444,0.15138258543883298,0.7248756548777386,0.00019333663529863727
FP16_minus_A00,445,0.15152139349766658,0.7252048887532819,0.00019351391251298415
FP16_minus_A00,446,0.15144155826969846,0.7250316542529998,0.00019341195181315257
FP16_minus_A00,447,0.15144158784041784,0.7250316783722549,0.0001934119895790777
FP16_minus_A00,448,0.15144166146540844,0.7250316319602207,0.0001934120836084399
FP16_minus_A00,449,0.15144175221353712,0.7250315915389808,0.0001934121995064331
FP16_minus_A00,450,0.15144224647906226,0.7250314814746349,0.00019341283075231453
FP16_minus_A00,451,0.15143760780543422,0.7250315918940795,0.0001934069065203502
FP16_minus_A00,452,0.1505246712456741,0.7252961438836282,0.00019224095944530537
FP16_minus_A00,453,0.15023907078682236,0.7248169212904679,0.0001918762079014334
FP16_minus_A00,454,0.14900635823418956,0.7245020959172439,0.00019030186236805818
FP16_minus_A00,455,0.1433627859318539,0.7232339844473727,0.00018309423490658224
FP16_minus_A00,456,0.1435346740110942,0.7263076246452174,0.00018331375991199772
FP16_minus_A00,457,0.14961333118749512,0.7276871698239141,0.0001910770513250257
FP16_minus_A00,458,0.1473662726243486,0.7282485588558367,0.00018820724473096883
FP16_minus_A00,459,0.13818851569077972,0.7348629993780496,0.00017648597150802007
FP16_minus_A00,460,0.1374505557591656,0.7344002330058907,0.0001755434939452945
FP16_minus_A00,461,0.13668380267185828,0.7331279133335625,0.0001745642435145061
FP16_minus_A00,462,0.1349947101090445,0.7324070629111407,0.00017240703717630207
FP16_minus_A00,463,0.13609440303431336,0.7275179686216294,0.00017381149812811412
FP16_minus_A00,464,0.12988839710898475,0.74192862934584,0.00016588556463471873
FP16_minus_A00,465,0.12767235992067408,0.7440491299012129,0.00016305537665475616
FP16_minus_A00,466,0.12646818463289533,0.7441678583065419,0.0001615174771812201
FP16_minus_A00,467,0.12104847051817821,0.7412688325899471,0.0001545957477882225
FP16_minus_A00,468,0.11792128466565686,0.7431302858294799,0.0001506018961247214
FP16_minus_A00,469,0.10185526977224009,0.7464724039856625,0.0001300833585852364
FP16_minus_A00,470,0.10423366796748379,0.750912688457289,0.00013312090417303167
FP16_minus_A00,471,0.1026786232399921,0.7539943792767863,0.00013113489558108825
FP16_minus_A00,472,0.10358914560812599,0.7554725757200077,0.0001322977593973512
FP16_minus_A00,473,0.10835494039097467,0.7672107528562331,0.00013838434277263688
FP16_minus_A00,474,0.10678095515305966,0.7632490170336496,0.000136374144512209
FP16_minus_A00,475,0.10678102338692916,0.7632489944677298,0.00013637423165635909
FP16_minus_A00,476,0.106781103342235,0.763248947405814,0.00013637433377041507
FP16_minus_A00,477,0.10678123766590045,0.7632489055396433,0.0001363745053204348
FP16_minus_A00,478,0.10678111864514772,0.7632488893724514,0.0001363743533143649
FP16_minus_A00,479,0.10677427966857253,0.76324945352047,0.00013636561898923696
FP16_minus_A00,480,0.10657911071589679,0.7632657627244731,0.00013611636106755656
FP16_minus_A00,481,0.10493773973115136,0.7640885215038067,0.00013402010182777952
FP16_minus_A00,482,0.10609006908553592,0.7643479925079911,0.00013549178682699351
FP16_minus_A00,483,0.10636934788096783,0.7601416019385878,0.00013584846472665111
FP16_minus_A00,484,0.10487809687516729,0.7601753373901022,0.00013394392959791481
FP16_minus_A00,485,0.10065116197685266,0.7599223614032937,0.00012854554530887952
FP16_minus_A00,486,0.10206113907648345,0.7585577700439396,0.00013034628234544503
FP16_minus_A00,487,0.11249985033835838,0.7599420270579502,0.00014367796978078976
FP16_minus_A00,488,0.1126728643613117,0.7613659305016865,0.0001438989327730673
FP16_minus_A00,489,0.12651693213344414,0.7521317640850915,0.00016157973452547144
FP16_minus_A00,490,0.12689688465516935,0.7529436130883796,0.0001620649867882112
FP16_minus_A00,491,0.1266218088872615,0.7406483078573256,0.00016171367673979757
FP16_minus_A00,492,0.12681347987529556,0.7393321571020248,0.00016195846727368526
FP16_minus_A00,493,0.1268079490664989,0.7376479544519324,0.00016195140366091814
FP16_minus_A00,494,0.1350052000309191,0.7522668142539803,0.00017242043426681877
FP16_minus_A00,495,0.1379918342670504,0.7552549280430756,0.00017623478195025592
FP16_minus_A00,496,0.13450492333952824,0.7580866796816239,0.0001717815112893081
FP16_minus_A00,497,0.12694869499607864,0.7653822833354907,0.00016213115580597528
FP16_minus_A00,498,0.12935148760000442,0.7668151418290303,0.00016519985644955864
FP16_minus_A00,499,0.1297605131343216,0.7699762989420604,0.00016572223899657932
FP16_minus_A00,500,0.13059796740540175,0.7697437557622637,0.0001667917846812283
FP16_minus_A00,501,0.13244435385380116,0.7693334633905072,0.00016914987720791975
FP16_minus_A00,502,0.10724633225127916,0.7869242138164118,0.00013696849585093123
FP16_minus_A00,503,0.10724649282328715,0.7869239462761068,0.00013696870092373838
FP16_minus_A00,504,0.10724645118066327,0.7869239431716067,0.0001369686477403107
FP16_minus_A00,505,0.10724637709861226,0.7869239751353556,0.00013696855312721873
FP16_minus_A00,506,0.10724612473267744,0.7869239697532128,0.00013696823082078857
FP16_minus_A00,507,0.10725709980395101,0.786925738798149,0.00013698224751462453
FP16_minus_A00,508,0.10679126533493233,0.7871696947268818,0.000136387312049722
FP16_minus_A00,509,0.10358573869154855,0.7846719055138378,0.0001322934082906112
FP16_minus_A00,510,0.10492551214295556,0.7847300748065397,0.00013400448549547326
FP16_minus_A00,511,0.10047859393046413,0.7794066853164877,0.00012832515189075878
FP16_minus_A00,512,0.09519195593123371,0.7883496382442989,0.0001215733792225207
FP16_minus_A00,513,0.09902308243395463,0.7870213420406248,0.00012646626109061895
FP16_minus_A00,514,0.09453708899749359,0.7905506647296613,0.00012073702298530472
FP16_minus_A00,515,0.08717361903795717,0.7896784590709621,0.00011133284679177161
FP16_minus_A00,516,0.08473950392751989,0.791532273664098,0.00010822414294702412
FP16_minus_A00,517,0.09613273426841185,0.7915315552295424,0.00012277488412313134
FP16_minus_A00,518,0.09769890068495286,0.7951140350906709,0.00012477509666022077
FP16_minus_A00,519,0.10465592947075729,0.7967691023104552,0.00013366019089496462
FP16_minus_A00,520,0.07637187060866282,0.8079944148898766,9.753751035589121e-05
FP16_minus_A00,521,0.08166565576644266,0.8106519136400103,0.0001042984109405398
FP16_minus_A00,522,0.0851664109659916,0.8093053768122156,0.00010876936266410166
FP16_minus_A00,523,0.07994462537803033,0.8019924080683201,0.00010210041555304002
FP16_minus_A00,524,0.08922388717953444,0.7961015730610863,0.00011395132462264935
FP16_minus_A00,525,0.082968555127258,0.7962949562699915,0.0001059623947985415
FP16_minus_A00,526,0.07683878222061301,0.7916675949366591,9.813382148226438e-05
FP16_minus_A00,527,0.07671439055769541,0.7918133347464745,9.797495601238238e-05
FP16_minus_A00,528,0.07654873017561468,0.7920090586120986,9.776338464318606e-05
FP16_minus_A00,529,0.07627774658156461,0.7923342472214828,9.741730087045288e-05
FP16_minus_A00,530,0.0829556733160159,0.7851638308743829,0.00010594594293233194
FP16_minus_A00,531,0.08295615447420401,0.7851633682667821,0.0001059465574383193
FP16_minus_A00,532,0.08295614845115992,0.785163366347657,0.00010594654974605354
FP16_minus_A00,533,0.08295607840714465,0.7851634373501685,0.00010594646029009534
FP16_minus_A00,534,0.08295536810597648,0.7851639785204355,0.00010594555313662386
FP16_minus_A00,535,0.08295690126704734,0.7851639714126581,0.00010594751119673991
FP16_minus_A00,536,0.08253527790849957,0.7848256129231264,0.00010540903947445667
FP16_minus_A00,537,0.0794844748631197,0.7811682698886734,0.00010151273928878633
FP16_minus_A00,538,0.0817191725846461,0.7835372848220509,0.00010436675936736411
FP16_minus_A00,539,0.08264514032297043,0.7865479314172249,0.00010554934907148204
FP16_minus_A00,540,0.07330151605725801,0.7811756800570963,9.36162401752976e-05
FP16_minus_A00,541,0.07266686742401612,0.7846467799750364,9.280570552237052e-05
FP16_minus_A00,542,0.0724514662080164,0.7852584366504414,9.2530608183929e-05
FP16_minus_A00,543,0.07442384951130027,0.7883535009429615,9.504961623409995e-05
FP16_minus_A00,544,0.07619464297854266,0.7900414064456637,9.731116600069305e-05
FP16_minus_A00,545,0.0760445421986605,0.791629968860927,9.71194664095281e-05
FP16_minus_A00,546,0.08065443620916259,0.7996286731379718,0.00010300694279586537
FP16_minus_A00,547,0.08117980702826746,0.795593282564438,0.00010367791446777454
FP16_minus_A00,548,0.07111001326445936,0.8015651941899744,9.081738603379229e-05
FP16_minus_A00,549,0.05431850239614243,0.8063022361961922,6.937228913939007e-05
FP16_minus_A00,550,0.05738987007524762,0.804965601495007,7.329485322509274e-05
FP16_minus_A00,551,0.049909545482144796,0.8085003647640248,6.374143739737522e-05
FP16_minus_A00,552,0.052039200778841346,0.8063326054606683,6.646130367668116e-05
FP16_minus_A00,553,0.04491387188667468,0.8087094576408614,5.7361266777362295e-05
FP16_minus_A00,554,0.04493520293473145,0.8075851067565413,5.738850949518704e-05
FP16_minus_A00,555,0.046020802470210426,0.8068443681808846,5.8774971226322385e-05
FP16_minus_A00,556,0.046402852921684085,0.806594402532754,5.9262902837399855e-05
FP16_minus_A00,557,0.04656677944475149,0.8064890187215915,5.947225982726882e-05
FP16_minus_A00,558,0.04656122329808386,0.8064926702801178,5.946516385451323e-05
FP16_minus_A00,559,0.04656130865405817,0.8064926765116003,5.9465272865974676e-05
FP16_minus_A00,560,0.046561434819667874,0.8064926881667663,5.946543399702155e-05
FP16_minus_A00,561,0.04656157505325898,0.8064926991547476,5.946561309483906e-05
FP16_minus_A00,562,0.046561727489897196,0.8064926264936879,5.946580777764648e-05
FP16_minus_A00,563,0.046562354537962244,0.8064925080954729,5.9466608605315764e-05
FP16_minus_A00,564,0.0446684770599771,0.806143487218182,5.704786342270383e-05
FP16_minus_A00,565,0.044989182559422476,0.8048127041088944,5.745744899032245e-05
FP16_minus_A00,566,0.049193856606156806,0.8031285330943946,6.28274030729972e-05
FP16_minus_A00,567,0.03446314329850425,0.8158679876027805,4.4014231543428164e-05
FP16_minus_A00,568,0.03216981552435329,0.8180954005165402,4.1085332725866265e-05
FP16_minus_A00,569,0.034131145493842927,0.816412724863413,4.3590224130067595e-05
FP16_minus_A00,570,0.045725741308745065,0.83494426111702,5.83981370482057e-05
FP16_minus_A00,571,0.03007768357294254,0.8353907518548847,3.8413388982046666e-05
FP16_minus_A00,572,0.02148303256908895,0.8340078310022702,2.7436823204455872e-05
FP16_minus_A00,573,0.02636867748519099,0.8475660624502767,3.3676471884024254e-05
FP16_minus_A00,574,-0.0016165264631448004,0.8422778591075611,-2.0645293271325675e-06
FP16_minus_A00,575,-0.0057579445096792164,0.8315317368913413,-7.3536966917997655e-06
FP16_minus_A00,576,-0.008349750983916243,0.8263605526947404,-1.0663794360046287e-05
FP16_minus_A00,577,-0.012195157232125588,0.8323374188210548,-1.5574913450990534e-05
FP16_minus_A00,578,0.0008796572120706031,0.8273642868583345,1.1234447152881265e-06
FP16_minus_A00,579,-0.00809955044164589,0.8366633375641153,-1.03442534376065e-05
FP16_minus_A00,580,-0.017940846149265034,0.8371924233497472,-2.291295804503836e-05
FP16_minus_A00,581,-0.02475135032007275,0.8412862838483527,-3.161091994900734e-05
FP16_minus_A00,582,-0.02515453507282988,0.8413322371634965,-3.212584300489129e-05
FP16_minus_A00,583,-0.025154673153732675,0.8413327267745004,-3.2126019353426146e-05
FP16_minus_A00,584,-0.025155881515865015,0.8413331402334867,-3.2127562600083036e-05
FP16_minus_A00,585,-0.02515589642617199,0.8413331306278411,-3.212758164262068e-05
FP16_minus_A00,586,-0.025155947175380892,0.8413330858870629,-3.212764645642515e-05
FP16_minus_A00,587,-0.025155936971170845,0.841333042103531,-3.212763342422841e-05
FP16_minus_A00,588,-0.02515588326479272,0.8413329984896049,-3.2127564833707176e-05
FP16_minus_A00,589,-0.025155861798847105,0.8413329675408039,-3.212753741870639e-05
FP16_minus_A00,590,-0.025156129845456416,0.8413340658199528,-3.212787975154076e-05
FP16_minus_A00,591,-0.025155831529325927,0.8413339358733597,-3.212749876031408e-05
FP16_minus_A00,592,-0.03303627337158767,0.8370350724663954,-4.219192001479907e-05
FP16_minus_A00,593,-0.027423354498221107,0.846648273309428,-3.502344124932453e-05
FP16_minus_A00,594,-0.027020002596556333,0.8443067478576417,-3.450830472101703e-05
FP16_minus_A00,595,-0.02658884834935788,0.8481269356049986,-3.3957660727149277e-05
FP16_minus_A00,596,-0.02670487158447487,0.8537793664283128,-3.4105838549776335e-05
FP16_minus_A00,597,-0.02873533546762176,0.8548247781048114,-3.669902358572383e-05
FP16_minus_A00,598,-0.028680265185904205,0.8558385981884167,-3.662869116973717e-05
FP16_minus_A00,599,-0.026423562892943734,0.8651239835959869,-3.374656819022188e-05
FP16_minus_A00,600,-0.02650252870192099,0.864847497665051,-3.384741852097189e-05
FP16_minus_A00,601,-0.022628533822071636,0.8607124592915208,-2.8899787767652152e-05
FP16_minus_A00,602,-0.021684202220202668,0.8543716275158811,-2.7693744853387828e-05
FP16_minus_A00,603,-0.019772890529563998,0.856190778405177,-2.5252733754232438e-05
FP16_minus_A00,604,-0.019018940676151348,0.8549479728395772,-2.4289834835442334e-05
FP16_minus_A00,605,-0.013511904960461653,0.8512781500975385,-1.7256583602122163e-05
FP16_minus_A00,606,-0.004242811789222707,0.8419367654507272,-5.4186612889178894e-06
FP16_minus_A00,607,-0.019484483662239257,0.8570579945440968,-2.4884398036065463e-05
FP16_minus_A00,608,-0.030884599999111757,0.8581591657630694,-3.944393358762676e-05
FP16_minus_A00,609,-0.04268037916709159,0.8612706578806412,-5.4508785654012246e-05
FP16_minus_A00,610,-0.04266340925327443,0.8612643274547915,-5.448711271171702e-05
FP16_minus_A00,611,-0.04266215647876474,0.8612665548526249,-5.44855127442717e-05
FP16_minus_A00,612,-0.04266321928102619,0.8612662922268725,-5.448687009071033e-05
FP16_minus_A00,613,-0.042663211797537515,0.8612664831830583,-5.448686053325353e-05
FP16_minus_A00,614,-0.0426631074703981,0.8612665334333351,-5.448672729297331e-05
FP16_minus_A00,615,-0.042663073325866836,0.8612665370028609,-5.4486683685653684e-05
FP16_minus_A00,616,-0.04266308484652813,0.8612665227495163,-5.448669839914193e-05
FP16_minus_A00,617,-0.042663084931443974,0.8612665261861373,-5.4486698507591286e-05
FP16_minus_A00,618,-0.04266316391184157,0.8612666615627853,-5.4486799376553733e-05
FP16_minus_A00,619,-0.042662569782565996,0.8612663908871637,-5.4486040590761167e-05
FP16_minus_A00,620,-0.06315833015759437,0.8571014962308938,-8.066197976704261e-05
FP16_minus_A00,621,-0.06382891907418774,0.8571734430935062,-8.151841516499073e-05
FP16_minus_A00,622,-0.07953610977109819,0.873695244564949,-0.0001015786842542761
FP16_minus_A00,623,-0.07401806788217141,0.8657066339649581,-9.453137660558291e-05
FP16_minus_A00,624,-0.07192892590067196,0.8656031206598873,-9.186325146956827e-05
FP16_minus_A00,625,-0.08056678053006702,0.8658792254056068,-0.00010289499429127333
FP16_minus_A00,626,-0.07823046383442311,0.8652211694858506,-9.99111926365557e-05
FP16_minus_A00,627,-0.07396917209599954,0.8597248847702468,-9.446892987994833e-05
FP16_minus_A00,628,-0.08143612159362604,0.8613335939276997,-0.00010400526384881997
FP16_minus_A00,629,-0.07304228044646693,0.861568020465698,-9.328516021260144e-05
FP16_minus_A00,630,-0.07209965292744816,0.8635081829827316,-9.208129364935908e-05
FP16_minus_A00,631,-0.07462952281672562,0.8648064736487037,-9.531228967653336e-05
FP16_minus_A00,632,-0.07771047776446115,0.872463805194462,-9.924709803890312e-05
FP16_minus_A00,633,-0.09011463464447252,0.8710306972617482,-0.00011508893313470309
FP16_minus_A00,634,-0.09790268429974774,0.8781099609166518,-0.0001250353567046587
FP16_minus_A00,635,-0.1145038915656931,0.9003961331790264,-0.00014623740940701544
FP16_minus_A00,636,-0.11555079077311523,0.900918886897827,-0.0001475744454318202
FP16_minus_A00,637,-0.11641769477188878,0.9013063657141791,-0.00014868160251837648
FP16_minus_A00,638,-0.11641526524686208,0.9013046922889209,-0.00014867849967670763
FP16_minus_A00,639,-0.11641476823884234,0.9013047160841691,-0.00014867786492827885
FP16_minus_A00,640,-0.11641496448813463,0.9013043571744414,-0.0001486781155659446
FP16_minus_A00,641,-0.11641502726572708,0.9013042909410809,-0.00014867819574166934
FP16_minus_A00,642,-0.11641492813790869,0.901304274859665,-0.00014867806914164582
FP16_minus_A00,643,-0.11641495064057017,0.901304311448784,-0.0001486780978806771
FP16_minus_A00,644,-0.1164146839724294,0.9013042464094725,-0.00014867775730833895
FP16_minus_A00,645,-0.11641468984625594,0.9013042465630705,-0.00014867776481003312
FP16_minus_A00,646,-0.1164146830927327,0.901304257147737,-0.0001486777561848438
FP16_minus_A00,647,-0.11641475465349804,0.9013043362215121,-0.000148677847577903
FP16_minus_A00,648,-0.11642012822337479,0.9013029888279205,-0.00014868471037468044
FP16_minus_A00,649,-0.11733113921347622,0.9011362628692321,-0.00014984819822921612
FP16_minus_A00,650,-0.11579391940776507,0.8997988928700338,-0.00014788495454376126
FP16_minus_A00,651,-0.1133699747978413,0.8992579160420868,-0.00014478923984398635
FP16_minus_A00,652,-0.11704045396143554,0.8995323059593742,-0.00014947695269659713
FP16_minus_A00,653,-0.11368792886240148,0.897851067429694,-0.00014519531144623432
FP16_minus_A00,654,-0.10990730654276677,0.8997968026189086,-0.00014036693045053227
FP16_minus_A00,655,-0.11615164755345048,0.8903980350816207,-0.00014834182318448336
FP16_minus_A00,656,-0.11500219305141376,0.9043901344676666,-0.00014687380977192053
FP16_minus_A00,657,-0.12624488283678234,0.9018403786097188,-0.00016123228970214859
FP16_minus_A00,658,-0.12978219116218553,0.9031552422421719,-0.00016574992485592023
FP16_minus_A00,659,-0.12945770701278642,0.9076641820823368,-0.00016533551342629173
FP16_minus_A00,660,-0.12988284467847258,0.8841997264177712,-0.00016587847340801095
FP16_minus_A00,661,-0.12747576143570902,0.880804453349213,-0.00016280429302133973
FP16_minus_A00,662,-0.1367346429128215,0.8844192159094988,-0.00017462917357959323
FP16_minus_A00,663,-0.14232494388468858,0.8937779734427836,-0.00018176876613625617
FP16_minus_A00,664,-0.14281242625713195,0.8943984974837791,-0.00018239134898739712
FP16_minus_A00,665,-0.14725683678899804,0.8966828184769334,-0.0001880674799348634
FP16_minus_A00,666,-0.14725754964498422,0.8966835524924236,-0.00018806839035119313
FP16_minus_A00,667,-0.14725723832336418,0.8966836749809037,-0.00018806799275014583
FP16_minus_A00,668,-0.14725727544465644,0.8966835891138693,-0.00018806804015920363
FP16_minus_A00,669,-0.1472572221757747,0.8966835748795402,-0.00018806797212742618
FP16_minus_A00,670,-0.14725720061031156,0.8966835582580663,-0.00018806794458532767
FP16_minus_A00,671,-0.14725720237289597,0.8966835466239546,-0.00018806794683639332
FP16_minus_A00,672,-0.1472571693232108,0.8966835346838032,-0.0001880679046273446
FP16_minus_A00,673,-0.1472571642682624,0.8966835255614627,-0.00018806789817147178
FP16_minus_A00,674,-0.14725716447833823,0.8966835137435796,-0.00018806789843976785
FP16_minus_A00,675,-0.14725714663312406,0.8966834845178703,-0.00018806787564894516
FP16_minus_A00,676,-0.14725736766278402,0.8966835687913215,-0.00018806815793459008
FP16_minus_A00,677,-0.14725595878940434,0.8966827509383881,-0.00018806635860715753
FP16_minus_A00,678,-0.1471981332572181,0.8966392385809027,-0.00018799250735276895
FP16_minus_A00,679,-0.14773343521140792,0.8966561225464422,-0.00018867616246667678
FP16_minus_A00,680,-0.14634656765498108,0.8971127196303437,-0.00018690493953382002
FP16_minus_A00,681,-0.15633198426944578,0.9022645302410078,-0.0001996577066021019
FP16_minus_A00,682,-0.15334376598494368,0.9013081847702193,-0.00019584133586838273
FP16_minus_A00,683,-0.15051660610173628,0.9004151072340585,-0.0001922306591337628
FP16_minus_A00,684,-0.15124240026833974,0.8999776831810586,-0.00019315759932099583
FP16_minus_A00,685,-0.13792925334942252,0.8890673624078216,-0.0001761548574066699
FP16_minus_A00,686,-0.14232261441246438,0.8943801027594873,-0.0001817657910759443
FP16_minus_A00,687,-0.15072580561913576,0.8984975282687941,-0.0001924978360397647
FP16_minus_A00,688,-0.15164352892956218,0.8974243879392898,-0.00019366989646176525
FP16_minus_A00,689,-0.15066694421136984,0.8961450776198913,-0.00019242266182805854
FP16_minus_A00,690,-0.1520426373960756,0.8969021633784361,-0.0001941796135326636
FP16_minus_A00,691,-0.15286342019471574,0.8974508872557565,-0.00019522786742620147
FP16_minus_A00,692,-0.15260610911963446,0.897306080500344,-0.00019489924536351784
FP16_minus_A00,693,-0.15260612571648063,0.8973060856124156,-0.0001948992665600008
FP16_minus_A00,694,-0.1526050980377105,0.8973054505548042,-0.00019489795407115005
FP16_minus_A00,695,-0.15260437955327422,0.897305167109837,-0.00019489703646650603
FP16_minus_A00,696,-0.1526040143698713,0.8973050193620173,-0.000194896570076464
FP16_minus_A00,697,-0.15260377336563624,0.8973049310755297,-0.00019489626228050606
FP16_minus_A00,698,-0.15260355984871138,0.8973048651341465,-0.0001948959895896697
FP16_minus_A00,699,-0.15260330880935502,0.8973047877985675,-0.0001948956689774649
FP16_minus_A00,700,-0.15260314711292716,0.8973047337422155,-0.00019489546246861706
FP16_minus_A00,701,-0.15260293267642155,0.8973046725711536,-0.00019489518860334808
FP16_minus_A00,702,-0.1526027677695539,0.8973046295846018,-0.0001948949779943217
FP16_minus_A00,703,-0.1526027747104849,0.8973046714951254,-0.00019489498685885682
FP16_minus_A00,704,-0.15260566931304614,0.8973060121274237,-0.00019489868366927987
FP16_minus_A00,705,-0.15271897147187508,0.8973553863381185,-0.00019504338629869103
FP16_minus_A00,706,-0.15336756441025975,0.8976469247272317,-0.00019587172977044668
FP16_minus_A00,707,-0.15390172464367047,0.8979213519094519,-0.00019655392674798272
FP16_minus_A00,708,-0.15504790529780957,0.8985020123462758,-0.00019801775900103394
FP16_minus_A00,709,-0.15925082878680236,0.9014249990789919,-0.0002033854773777808
FP16_minus_A00,710,-0.15883443216148668,0.9028815011822406,-0.00020285368092143893
FP16_minus_A00,711,-0.15969300724711047,0.8988410156140926,-0.00020395020082645014
FP16_minus_A00,712,-0.15721692814355462,0.9037794528294998,-0.0002007879031207594
FP16_minus_A00,713,-0.1569109978192128,0.904676524804548,-0.00020039718750857317
FP16_minus_A00,714,-0.147205998252103,0.9158493589350849,-0.00018800255204610858
FP16_minus_A00,715,-0.15110713003496992,0.9089623064211182,-0.00019298484040226044
FP16_minus_A00,716,-0.1436544413669592,0.9068630548688275,-0.0001834667194980322
FP16_minus_A00,717,-0.14405375907271487,0.9092489632448043,-0.00018397670379657072
FP16_minus_A00,718,-0.1444201147601813,0.909380258173476,-0.0001844445910091715
FP16_minus_A00,719,-0.14544747637465996,0.909822100575831,-0.00018575667480799483
FP16_minus_A00,720,-0.14544691054728343,0.9098223170163642,-0.0001857559521676672
FP16_minus_A00,721,-0.14544688555887128,0.9098223610681497,-0.0001857559202539863
FP16_minus_A00,722,-0.14544642968238508,0.9098222662057363,-0.0001857553380362517
FP16_minus_A00,723,-0.1454459621781243,0.9098220405707473,-0.00018575474096823027
FP16_minus_A00,724,-0.14544549907794513,0.9098218991754081,-0.00018575414952483413
FP16_minus_A00,725,-0.14544510388505494,0.9098217605951514,-0.00018575364480849927
FP16_minus_A00,726,-0.14544451275465248,0.9098215315264688,-0.00018575288985268516
FP16_minus_A00,727,-0.14544425410182568,0.9098214589273167,-0.00018575255951701876
FP16_minus_A00,728,-0.14544389635655255,0.9098213449853271,-0.0001857521026265039
FP16_minus_A00,729,-0.1454437104587426,0.9098213177776727,-0.0001857518652091221
FP16_minus_A00,730,-0.14544343721240954,0.9098212365572013,-0.00018575151623551666
FP16_minus_A00,731,-0.14544274507787697,0.909820995574571,-0.00018575063228336777
FP16_minus_A00,732,-0.1454408391452909,0.9098202155568408,-0.00018574819814213398
FP16_minus_A00,733,-0.145440812403757,0.9098204658650328,-0.00018574816398947254
FP16_minus_A00,734,-0.14299259138857678,0.9082250950003539,-0.0001826214449407111
FP16_minus_A00,735,-0.13954493666904114,0.9063316829503102,-0.00017821830992214704
FP16_minus_A00,736,-0.1397322367936872,0.9063923752115951,-0.00017845751825502836
FP16_minus_A00,737,-0.13390294623417476,0.908922335820309,-0.00017101270272563827
FP16_minus_A00,738,-0.1339179150205284,0.9089042941728785,-0.00017103181994958927
FP16_minus_A00,739,-0.13392043081278604,0.9089110657753486,-0.00017103503296652113
FP16_minus_A00,740,-0.13380449044673307,0.9091381530534046,-0.00017088696097922486
FP16_minus_A00,741,-0.13455204798532994,0.9076751414848765,-0.00017184169602213275
FP16_minus_A00,742,-0.131797510635978,0.9093430344550377,-0.00016832376837289654
FP16_minus_A00,743,-0.13255439082118017,0.9085955377586942,-0.00016929040973330802
FP16_minus_A00,744,-0.12986496239408268,0.9113496120714705,-0.00016585563524148492
FP16_minus_A00,745,-0.12818498099014486,0.9131938987899898,-0.00016371006512151323
FP16_minus_A00,746,-0.12818323295351472,0.9131957063241563,-0.00016370783263539555
FP16_minus_A00,747,-0.12818289170327846,0.9131956892812362,-0.00016370739681133902
FP16_minus_A00,748,-0.12818240442299564,0.9131954758541788,-0.00016370677448658446
FP16_minus_A00,749,-0.12818245258063274,0.9131954830519374,-0.00016370683599059097
FP16_minus_A00,750,-0.1281824619357505,0.9131954488439851,-0.00016370684793837867
FP16_minus_A00,751,-0.12818246715057818,0.9131954426681412,-0.00016370685459843958
FP16_minus_A00,752,-0.1281824864022735,0.9131955043237393,-0.0001637068791855345
FP16_minus_A00,753,-0.1281824439449766,0.9131955237470475,-0.00016370682496165593
FP16_minus_A00,754,-0.12818246675720021,0.9131956105215155,-0.00016370685409604113
FP16_minus_A00,755,-0.1281824450982442,0.9131956270425856,-0.0001637068264345392
FP16_minus_A00,756,-0.12818241483222687,0.913195656161455,-0.0001637067877806218
FP16_minus_A00,757,-0.12818236530131139,0.9131956700743301,-0.00016370672452274763
FP16_minus_A00,758,-0.1281823102942614,0.9131956818438133,-0.00016370665427108735
FP16_minus_A00,759,-0.12818226414281403,0.9131956936688265,-0.0001637065953292644
FP16_minus_A00,760,-0.12818220929928087,0.9131957075627004,-0.0001637065252864379
FP16_minus_A00,761,-0.12818217677339383,0.9131957171031456,-0.00016370648374635228
FP16_minus_A00,762,-0.1281821602349756,0.9131957324285203,-0.0001637064626244899
FP16_minus_A00,763,-0.1281821396407154,0.913195748670531,-0.00016370643632275273
FP16_minus_A00,764,-0.1281821133008778,0.9131957619996512,-0.00016370640268311342
FP16_minus_A00,765,-0.12818207475292162,0.9131957788879168,-0.00016370635345200717
FP16_minus_A00,766,-0.128182031681236,0.91319579289677,-0.00016370629844346873
FP16_minus_A00,767,-0.12818200017073034,0.9131958073420688,-0.00016370625820016647
FP16_minus_A00,768,-0.12818196414371583,0.9131958134950653,-0.00016370621218865367
FP16_minus_A00,769,-0.12818191913108756,0.9131958157192811,-0.00016370615470126125
FP16_minus_A00,770,-0.1281818650164994,0.9131958144355856,-0.00016370608558939897
FP16_minus_A00,771,-0.12818182183672666,0.9131958187043437,-0.00016370603044281822
FP16_minus_A00,772,-0.1281817751649993,0.9131958273699068,-0.00016370597083652529
FP16_minus_A00,773,-0.1281817273836086,0.9131958437546329,-0.0001637059098130378
FP16_minus_A00,774,-0.128181678099292,0.9131958567021046,-0.00016370584687010474
FP16_minus_A00,775,-0.12818162355433838,0.9131958618445284,-0.00016370577720860584
FP16_minus_A00,776,-0.12818156037848322,0.9131958686169706,-0.0001637056965242442
FP16_minus_A00,777,-0.12818149217830743,0.9131958780286613,-0.00016370560942312573
FP16_minus_A00,778,-0.12818143302922425,0.9131958890524012,-0.00016370553388151245
FP16_minus_A00,779,-0.12818137700140697,0.913195892574334,-0.00016370546232619026
FP16_minus_A00,780,-0.1281813702628387,0.9131959067662262,-0.00016370545372010052
FP16_minus_A00,781,-0.12818132174002442,0.9131958948792431,-0.0001637053917497119
FP16_minus_A00,782,-0.12818125578315642,0.9131958871895878,-0.00016370530751360973
FP16_minus_A00,783,-0.1281811856883287,0.9131958789676143,-0.00016370521799275698
pair_minus_A00,1,0.0,0.0,0.0
pair_minus_A00,2,2.8926994555702036e-12,0.0,3.694379892171396e-15
pair_minus_A00,3,-1.2275516080821754e-12,0.0,-1.5677542887384106e-15
pair_minus_A00,4,3.769160887145685e-12,0.0,4.813743150888486e-15
pair_minus_A00,5,-2.549872938426153e-13,0.0,-3.2565427055251e-16
pair_minus_A00,6,-5.437174756584592e-12,0.0,-6.944029063326427e-15
pair_minus_A00,7,-8.75624584538231e-12,0.0,-1.1182944885545734e-14
pair_minus_A00,8,-2.4068961893641643e-11,0.0,-3.073941493440823e-14
pair_minus_A00,9,-3.953384285595554e-11,0.0,-5.049022076111818e-14
pair_minus_A00,10,-5.3411104662662496e-11,0.0,-6.821341591655491e-14
pair_minus_A00,11,-5.801507613477667e-11,0.0,-7.409332839690507e-14
pair_minus_A00,12,-6.437677146210421e-11,0.0,-8.221809892989043e-14
pair_minus_A00,13,-7.879509389832151e-11,0.0,-1.0063230382927396e-13
pair_minus_A00,14,-1.0205488482654542e-10,0.0,-1.3033829479763144e-13
pair_minus_A00,15,-1.234557237069254e-10,0.0,-1.5767014521957267e-13
pair_minus_A00,16,-1.3759822437989648e-10,0.0,-1.7573208733064685e-13
pair_minus_A00,17,-1.4651881169026572e-10,0.0,-1.871249191446561e-13
pair_minus_A00,18,-1.502114047190481e-10,0.0,-1.918408744815429e-13
pair_minus_A00,19,-1.5464174885516997e-10,0.0,-1.9749904068348654e-13
pair_minus_A00,20,-1.5348242349915204e-10,0.0,-1.9601842081628614e-13
pair_minus_A00,21,-1.3492494586417894e-10,0.0,-1.7231793852385561e-13
pair_minus_A00,22,-1.0405027280081249e-10,0.0,-1.328866830150862e-13
pair_minus_A00,23,-7.551858821115646e-11,0.0,-9.64477499503914e-14
pair_minus_A00,24,-4.8742387573470715e-11,0.0,-6.225081427007754e-14
pair_minus_A00,25,-3.881047102778599e-11,0.0,-4.9566374237274574e-14
pair_minus_A00,26,-4.509816342516989e-11,0.0,-5.759663272690919e-14
pair_minus_A00,27,-5.266306660021771e-11,0.0,-6.72580671778004e-14
pair_minus_A00,28,-4.447541791046495e-11,0.0,-5.68013000133652e-14
pair_minus_A00,29,-3.199133189641737e-11,0.0,-4.0857384286612226e-14
pair_minus_A00,30,-6.198138803114141e-13,0.0,-7.915886083159823e-16
pair_minus_A00,31,6.547276018487163e-11,0.0,8.361782909945291e-14
pair_minus_A00,32,2.0468300676457292e-10,0.0,2.614086931859169e-13
pair_minus_A00,33,3.5949706091221683e-10,0.0,4.591277917141978e-13
pair_minus_A00,34,3.6376604915129766e-10,0.0,4.645798839735602e-13
pair_minus_A00,35,1.5420334748680731e-10,0.0,1.969391411070336e-13
pair_minus_A00,36,-2.335215202958742e-10,0.0,-2.982394895221893e-13
pair_minus_A00,37,-2.0146187716978626e-09,0.0,-2.572948622858062e-12
pair_minus_A00,38,-3.1854828572891264e-09,0.0,-4.068305054009101e-12
pair_minus_A00,39,-4.063271536760072e-09,0.0,-5.189363393052455e-12
pair_minus_A00,40,-4.641776473585707e-09,0.0,-5.928194729994517e-12
pair_minus_A00,41,-4.416221249456483e-09,0.0,-5.64012930965068e-12
pair_minus_A00,42,-3.976791668815593e-09,0.0,-5.0789165629828776e-12
pair_minus_A00,43,-4.038053772034698e-09,0.0,-5.15715679697918e-12
pair_minus_A00,44,-3.633385703909933e-09,0.0,-4.640339340881141e-12
pair_minus_A00,45,-3.5225791579507924e-09,0.0,-4.498823956514422e-12
pair_minus_A00,46,-3.152307813983127e-09,0.0,-4.02593590547015e-12
pair_minus_A00,47,-3.3824369306194986e-09,0.0,-4.319842823268836e-12
pair_minus_A00,48,-2.9320596057754563e-09,0.0,-3.7446482832381304e-12
pair_minus_A00,49,-2.5291087342396084e-09,0.0,-3.230023926231939e-12
pair_minus_A00,50,-2.3857928333727333e-09,0.0,-3.046989570080119e-12
pair_minus_A00,51,-2.209537612977765e-09,0.0,-2.82188711746841e-12
pair_minus_A00,52,-2.026861417765617e-09,0.0,-2.5885841861629848e-12
pair_minus_A00,53,-1.8723978792109507e-09,0.0,-2.391312744841572e-12
pair_minus_A00,54,-1.7487856726400458e-09,0.0,-2.2334427492210037e-12
pair_minus_A00,55,-1.6296262307929881e-09,0.0,-2.0812595540140334e-12
pair_minus_A00,56,-1.5457667278440867e-09,0.0,-1.974159294820034e-12
pair_minus_A00,57,-1.4626414602258353e-09,0.0,-1.8679967563548343e-12
pair_minus_A00,58,-1.406464130130355e-09,0.0,-1.7962504854793808e-12
pair_minus_A00,59,-1.3674703465415597e-09,0.0,-1.7464499955830903e-12
pair_minus_A00,60,6.931920304399554e-10,0.0,8.853027208683977e-13
pair_minus_A00,61,4.623368159371353e-09,0.0,5.904684750154984e-12
pair_minus_A00,62,9.450049119720101e-09,0.0,1.2069028249961815e-11
pair_minus_A00,63,1.7456857131248952e-08,0.0,2.229483669380454e-11
pair_minus_A00,64,2.8127529213946557e-08,0.0,3.5922770388182064e-11
pair_minus_A00,65,3.7307753527968033e-08,0.0,4.764719479944832e-11
pair_minus_A00,66,-1.1537344146183269e-07,1.1013023762972945e-06,-1.473479456728387e-10
pair_minus_A00,67,-2.1469647912458274e-06,1.24821481838057e-05,-2.7419729134684896e-09
pair_minus_A00,68,-1.9601444569637342e-07,4.08056181962844e-06,-2.503377339672713e-10
pair_minus_A00,69,-2.413378803484307e-07,5.26714643491436e-06,-3.0822206941051177e-10
pair_minus_A00,70,1.6292216540685315e-06,5.179167936479578e-06,2.0807428532165155e-09
pair_minus_A00,71,1.2906026915497234e-06,6.242106473775981e-06,1.6482792995526481e-09
pair_minus_A00,72,1.5796373124758819e-06,4.470147378079628e-06,2.017416746457065e-09
pair_minus_A00,73,-1.544560035220834e-06,1.2601484526338593e-05,-1.972618180358664e-09
pair_minus_A00,74,-1.263378314672415e-06,1.0997530633078557e-05,-1.6135099804245402e-09
pair_minus_A00,75,-5.451525817863959e-07,1.0331470702456082e-05,-6.962357366365209e-10
pair_minus_A00,76,-2.7236362606503395e-06,1.6704624827042436e-05,-3.478462657280127e-09
pair_minus_A00,77,-2.713878608819771e-06,1.667302762975276e-05,-3.4660007775476e-09
pair_minus_A00,78,-2.714885112451578e-06,1.6673912570555626e-05,-3.46728622279895e-09
pair_minus_A00,79,-2.715223351747816e-06,1.667447539087228e-05,-3.467718201465921e-09
pair_minus_A00,80,-2.715341583389843e-06,1.6674405830112686e-05,-3.4678691997316003e-09
pair_minus_A00,81,-2.7154531445566793e-06,1.6674213186041553e-05,-3.4680116788718765e-09
pair_minus_A00,82,-2.7156649735637826e-06,1.6674163569576957e-05,-3.4682822140022766e-09
pair_minus_A00,83,-2.716032027603847e-06,1.6674290646204864e-05,-3.4687509931083612e-09
pair_minus_A00,84,-2.7163888874725427e-06,1.667443091273886e-05,-3.4692067528384964e-09
pair_minus_A00,85,-2.7166473258203853e-06,1.6674450764034633e-05,-3.469536814585422e-09
pair_minus_A00,86,-2.7168153382718615e-06,1.6674344671647702e-05,-3.4697513898746637e-09
pair_minus_A00,87,-2.7168260922278766e-06,1.667423610379563e-05,-3.4697651241735335e-09
pair_minus_A00,88,-2.7172721891852453e-06,1.667459057194088e-05,-3.4703348520884357e-09
pair_minus_A00,89,-2.717439079359666e-06,1.667268528185322e-05,-3.4705479940736475e-09
pair_minus_A00,90,-2.7193808880996355e-06,1.6667289188081225e-05,-3.473027954150237e-09
pair_minus_A00,91,-2.730139273428972e-06,1.6657084766911738e-05,-3.4867679098709734e-09
pair_minus_A00,92,-2.815380185263799e-06,1.6537421817369965e-05,-3.5956324205157074e-09
pair_minus_A00,93,-5.639267069717677e-06,1.9650630757394845e-05,-7.2021290800992045e-09
pair_minus_A00,94,-6.150465592657659e-06,2.121242194445677e-05,-7.855000756906334e-09
pair_minus_A00,95,-7.412775267841049e-06,2.326452461339467e-05,-9.467145935940038e-09
pair_minus_A00,96,-6.909382727943424e-06,2.2927999897089506e-05,-8.82424358613464e-09
pair_minus_A00,97,-7.696167557188773e-06,2.396849171384198e-05,-9.829077339960119e-09
pair_minus_A00,98,-1.0086812547796147e-05,2.8134345847578327e-05,-1.288226379028882e-08
pair_minus_A00,99,-1.3768016766020029e-05,3.782711530371809e-05,-1.7583674030676922e-08
pair_minus_A00,100,-1.1243757857658613e-05,4.1246645824780106e-05,-1.4359844007226836e-08
pair_minus_A00,101,-1.2107080686890206e-05,4.592616689063179e-05,-1.5462427441749943e-08
pair_minus_A00,102,-1.0131717764159821e-05,4.41640051496402e-05,-1.2939614002758392e-08
pair_minus_A00,103,-1.2121706591244648e-05,5.8846608108884264e-05,-1.5481106757656e-08
pair_minus_A00,104,-1.1849470127877205e-05,5.755101816883383e-05,-1.5133422896394897e-08
pair_minus_A00,105,-1.1866109652666648e-05,5.754005220880717e-05,-1.5154673885908872e-08
pair_minus_A00,106,-1.1870893573377066e-05,5.7537236172775714e-05,-1.5160783618616944e-08
pair_minus_A00,107,-1.1871135374842435e-05,5.7537157810815104e-05,-1.516109243274896e-08
pair_minus_A00,108,-1.1870892076259183e-05,5.7537265082585095e-05,-1.5160781706588994e-08
pair_minus_A00,109,-1.1870773106925981e-05,5.753735621379853e-05,-1.5160629766188993e-08
pair_minus_A00,110,-1.1870661383459889e-05,5.753746105203937e-05,-1.5160487079769974e-08
pair_minus_A00,111,-1.1870512897562407e-05,5.753759072699841e-05,-1.5160297442608438e-08
pair_minus_A00,112,-1.1870529079943708e-05,5.753746626385729e-05,-1.516031810976208e-08
pair_minus_A00,113,-1.1870603603690821e-05,5.7537723982232713e-05,-1.516041328696146e-08
pair_minus_A00,114,-1.1870501170526903e-05,5.753816819540306e-05,-1.51602824655516e-08
pair_minus_A00,115,-1.186998655208952e-05,5.753843101402143e-05,-1.515962522616797e-08
pair_minus_A00,116,-1.185012207460897e-05,5.7542240599083854e-05,-1.5134255523127674e-08
pair_minus_A00,117,-1.1848669404868724e-05,5.754203060126672e-05,-1.513240026164588e-08
pair_minus_A00,118,-1.1879730528988785e-05,5.753014955636674e-05,-1.517206964110956e-08
pair_minus_A00,119,-1.2289264987629177e-05,5.7521859150011416e-05,-1.569510215533739e-08
pair_minus_A00,120,-1.2462070571263037e-05,5.8551079263549285e-05,-1.591579894158753e-08
pair_minus_A00,121,-1.3898702378098914e-05,6.18827454386816e-05,-1.7750577749807043e-08
pair_minus_A00,122,-9.529359584505363e-06,6.605690194535367e-05,-1.2170318754157553e-08
pair_minus_A00,123,-5.46869535992565e-06,6.968260719298108e-05,-6.984285261718582e-09
pair_minus_A00,124,4.186170746227072e-06,8.127587535269945e-05,5.346322792116312e-09
pair_minus_A00,125,2.71823150526278e-06,8.852383955897659e-05,3.4715600322640867e-09
pair_minus_A00,126,2.70332158911839e-06,8.61340896873963e-05,3.4525179937655047e-09
pair_minus_A00,127,2.2979053096445194e-06,8.841982490833781e-05,2.9347449676175215e-09
pair_minus_A00,128,-3.1924087693990966e-06,8.212835956241903e-05,-4.077150407917109e-09
pair_minus_A00,129,-1.4751947275696423e-06,8.129746340803775e-05,-1.8840290262702966e-09
pair_minus_A00,130,-9.102043561258965e-08,8.134081632382953e-05,-1.1624576706588716e-10
pair_minus_A00,131,-3.822474683637996e-06,8.723674617700331e-05,-4.88183229072541e-09
pair_minus_A00,132,-4.0808482796451777e-07,9.215676065836929e-05,-5.211811340543011e-10
pair_minus_A00,133,1.333708423268651e-07,9.117119013273502e-05,1.703331319627907e-10
pair_minus_A00,134,-2.7002210246713685e-07,9.206261280777989e-05,-3.448558141342744e-10
pair_minus_A00,135,-4.919004014427217e-07,9.204881157771596e-05,-6.282252891988782e-10
pair_minus_A00,136,-4.931750463534432e-07,9.204873320546128e-05,-6.298531881908598e-10
pair_minus_A00,137,-4.934293449147879e-07,9.204862081182692e-05,-6.301779628541352e-10
pair_minus_A00,138,-4.93746942133491e-07,9.204820691371179e-05,-6.305835787145478e-10
pair_minus_A00,139,-4.937434984353377e-07,9.204807567052586e-05,-6.305791806326152e-10
pair_minus_A00,140,-4.938404689218489e-07,9.20478602913405e-05,-6.307030254429744e-10
pair_minus_A00,141,-4.947086420386945e-07,9.204760960452114e-05,-6.318118033699802e-10
pair_minus_A00,142,-4.956534843625915e-07,9.204741813046617e-05,-6.330184985473711e-10
pair_minus_A00,143,-4.962365265342594e-07,9.204615496837127e-05,-6.337631245648269e-10
pair_minus_A00,144,-3.6775924433655506e-07,9.196152949842112e-05,-4.696797501105429e-10
pair_minus_A00,145,-2.400194344727327e-08,9.174024520058463e-05,-3.0653823048880295e-11
pair_minus_A00,146,5.559165603190502e-07,9.146718954687881e-05,7.099828356565137e-10
pair_minus_A00,147,-5.475409604431276e-07,9.159185450789288e-05,-6.992860286629982e-10
pair_minus_A00,148,6.103213769551393e-06,8.3221470530357e-05,7.794653600959634e-09
pair_minus_A00,149,-2.3789404114688543e-07,0.00010649937555799955,-3.038238073395727e-10
pair_minus_A00,150,-3.1170228643500896e-06,0.0001256063562134004,-3.980872112835363e-09
pair_minus_A00,151,-1.928646170015481e-05,0.00011027981163347678,-2.4631496424207934e-08
pair_minus_A00,152,-6.598651897624081e-05,0.00022510593116373322,-8.427397059545442e-08
pair_minus_A00,153,-4.436129931904201e-05,0.00020551428956056984,-5.66555546858774e-08
pair_minus_A00,154,-3.730100521481304e-05,0.00020977905804206998,-4.763857626412904e-08
pair_minus_A00,155,-2.8679347120035665e-05,0.00021474916714450665,-3.6627518671820775e-08
pair_minus_A00,156,-5.1083711430638134e-05,0.0002748739816242534,-6.52410107670985e-08
pair_minus_A00,157,-4.132768706620036e-05,0.00028070710306794913,-5.278120953537722e-08
pair_minus_A00,158,-4.835408852389639e-05,0.00028258182989735305,-6.175490232936958e-08
pair_minus_A00,159,-4.864382359599514e-05,0.00028284659402496155,-6.212493434992994e-08
pair_minus_A00,160,-4.010098033914222e-05,0.00028809694799929755,-5.1214534277320846e-08
pair_minus_A00,161,-3.853488534655892e-05,0.0002879963530024125,-4.921441295856822e-08
pair_minus_A00,162,-4.069364496511478e-05,0.00028730882682165314,-5.1971449508447994e-08
pair_minus_A00,163,-4.400024884471637e-05,0.00028744706185983667,-5.6194442968986424e-08
pair_minus_A00,164,-4.4021265665401086e-05,0.00028744470299515507,-5.622128437471403e-08
pair_minus_A00,165,-4.4025377350996586e-05,0.00028744539013843544,-5.6226535569599725e-08
pair_minus_A00,166,-4.402591330674352e-05,0.00028744559111401234,-5.6227220059697984e-08
pair_minus_A00,167,-4.4026544885264447e-05,0.00028744588210100617,-5.6228026673390095e-08
pair_minus_A00,168,-4.402771179081044e-05,0.00028744624463723187,-5.622951697421512e-08
pair_minus_A00,169,-4.402910983486113e-05,0.0002874467398597254,-5.6231302471087015e-08
pair_minus_A00,170,-4.403439719667039e-05,0.0002874471627618028,-5.6238055168161416e-08
pair_minus_A00,171,-4.404175363890759e-05,0.00028744940727624995,-5.624745036897521e-08
pair_minus_A00,172,-4.391082634206347e-05,0.00028753261173724046,-5.608023798475539e-08
pair_minus_A00,173,-1.8441217689535338e-05,0.00031805171930068436,-2.3552002157771823e-08
pair_minus_A00,174,-1.3493645188998623e-05,0.0003158567854850921,-1.7233263332054436e-08
pair_minus_A00,175,4.1458869502112755e-05,0.0004924342453000189,5.294874776770467e-08
pair_minus_A00,176,3.820539975054912e-05,0.0005289656183311162,4.8793613985375635e-08
pair_minus_A00,177,4.239037037436309e-05,0.0005281892371784591,5.413840405410356e-08
pair_minus_A00,178,5.203311668016821e-05,0.0005282366301002408,6.64535334357193e-08
pair_minus_A00,179,3.968883061840415e-05,0.0005188391837474884,5.068816170932842e-08
pair_minus_A00,180,2.1303126738581705e-05,0.000535304103001698,2.7207058414536024e-08
pair_minus_A00,181,6.60655655566732e-06,0.0005735918607535936,8.437492408259668e-09
pair_minus_A00,182,9.102174626593075e-06,0.000586712207548093,1.162474409526574e-08
pair_minus_A00,183,1.1835013964525402e-05,0.0005875870566695636,1.5114960363378548e-08
pair_minus_A00,184,1.4758130156670052e-06,0.0005899572255801097,1.8848186662413858e-09
pair_minus_A00,185,4.887508702618287e-06,0.0005899669027851971,6.242028994403943e-09
pair_minus_A00,186,8.440830652660567e-05,0.0006924969435720485,1.0780115776067136e-07
pair_minus_A00,187,0.0001535895453416775,0.0009410865674569622,1.961552303214272e-07
pair_minus_A00,188,0.000152609163138272,0.000940806597665771,1.949031457704623e-07
pair_minus_A00,189,0.00015280550765032222,0.0009325924727017705,1.951539050451114e-07
pair_minus_A00,190,0.00014946363081364087,0.0009329037894776533,1.9088586310809817e-07
pair_minus_A00,191,0.00015093769953343093,0.0009323953109723061,1.9276845406568447e-07
pair_minus_A00,192,0.0001509164490377256,0.0009323829266742494,1.9274131422442606e-07
pair_minus_A00,193,0.00015090960143427588,0.000932393845928404,1.927325688815784e-07
pair_minus_A00,194,0.0001509086764931761,0.0009323945390898253,1.927313876030346e-07
pair_minus_A00,195,0.00015090838112951683,0.000932394881225415,1.927310103825247e-07
pair_minus_A00,196,0.00015090894977218215,0.0009323950634871285,1.9273173661836802e-07
pair_minus_A00,197,0.0001509166569841079,0.0009323942540137787,1.927415798009041e-07
pair_minus_A00,198,0.00015094959368101905,0.000932386261155902,1.9278364454791705e-07
pair_minus_A00,199,0.00015090472682242705,0.0009320555487846808,1.9272634332366161e-07
pair_minus_A00,200,0.00014193593204895897,0.0008849947425459166,1.8127194386840225e-07
pair_minus_A00,201,4.2668097154560566e-05,0.00046207350836675556,5.44930998142536e-08
pair_minus_A00,202,5.4213275784154605e-05,0.0004642998616189255,6.923790010747715e-08
pair_minus_A00,203,7.579500407548564e-05,0.0005523538970740154,9.68007714884874e-08
pair_minus_A00,204,-1.3627206517263763e-05,0.0004242908155058935,-1.7403839741077602e-08
pair_minus_A00,205,-2.1782470038187615e-05,0.0004325717185479611,-2.7819246536638076e-08
pair_minus_A00,206,-2.6998092722661985e-05,0.0005252213358522795,-3.448032276202042e-08
pair_minus_A00,207,-0.00020551361430711656,0.0013270475230400286,-2.6246949464510417e-07
pair_minus_A00,208,-0.0002105240221011091,0.0013269184393427211,-2.688684828877511e-07
pair_minus_A00,209,-0.00021458851759052045,0.001332094136659992,-2.7405940943872345e-07
pair_minus_A00,210,-0.00023727401791636356,0.0013313696893695686,-3.0303195136189474e-07
pair_minus_A00,211,-0.0002557590570739739,0.0012859649654194504,-3.2663991963470486e-07
pair_minus_A00,212,-0.0002507684570246253,0.0012740315287865307,-3.202662286393682e-07
pair_minus_A00,213,-0.00025397827840919525,0.0012800271126067887,-3.2436561738083683e-07
pair_minus_A00,214,-0.0002371690614205908,0.0012864114080829772,-3.028979073059908e-07
pair_minus_A00,215,-0.0001783598931161404,0.001318582410544169,-2.277904126642917e-07
pair_minus_A00,216,-0.00021727285726426008,0.0013232911555121323,-2.774876848841125e-07
pair_minus_A00,217,-0.00023506737492093755,0.0013215757180915881,-3.002137610739943e-07
pair_minus_A00,218,-0.00023437733512725122,0.0013217798467959523,-2.993324841982774e-07
pair_minus_A00,219,-0.00023409225943725958,0.0013216269066470671,-2.989684028572919e-07
pair_minus_A00,220,-0.00023389755869834524,0.001321662466990377,-2.9871974290976403e-07
pair_minus_A00,221,-0.00023390123579257764,0.001321663035742026,-2.987244390709804e-07
pair_minus_A00,222,-0.00023390170507604476,0.0013216631396338722,-2.98725038411296e-07
pair_minus_A00,223,-0.00023390211786806746,0.0013216632229514844,-2.98725565604173e-07
pair_minus_A00,224,-0.00023390256643245207,0.0013216633014210058,-2.98726138483336e-07
pair_minus_A00,225,-0.00023390292627369907,0.0013216633619575512,-2.9872659805070124e-07
pair_minus_A00,226,-0.00023388425239820443,0.0013216633029215022,-2.9870274891213845e-07
pair_minus_A00,227,-0.00023311517792877178,0.0013216803680522623,-2.977205337532207e-07
pair_minus_A00,228,-0.00022684265557473943,0.0013235605526515835,-2.8970964952074e-07
pair_minus_A00,229,-0.0002677792218262288,0.0013651063330041447,-3.41991343328517e-07
pair_minus_A00,230,-0.0001043144415846548,0.0014363520458409993,-1.332240633265068e-07
pair_minus_A00,231,-7.102726651545265e-05,0.0016345832486700737,-9.071170691628691e-08
pair_minus_A00,232,-6.106791688236866e-05,0.0016830452557692434,-7.799223101196507e-08
pair_minus_A00,233,-6.535906614686627e-05,0.0016846185080596355,-8.347262598578067e-08
pair_minus_A00,234,-1.5044640463642353e-05,0.001769559833507056,-1.9214100208994065e-08
pair_minus_A00,235,-8.318330695761896e-06,0.001769192762611932,-1.0623666278112254e-08
pair_minus_A00,236,-3.195645845003399e-05,0.0017759344367950312,-4.0812846040911864e-08
pair_minus_A00,237,-1.7124027613953368e-05,0.0018014322422891169,-2.1869767067628823e-08
pair_minus_A00,238,-1.9677844115525967e-05,0.0018049419750711785,-2.5131346252268156e-08
pair_minus_A00,239,-3.083133332872849e-05,0.001843389093674847,-3.9375904634391424e-08
pair_minus_A00,240,-2.93297385565051e-05,0.0018457614293182103,-3.74581590759963e-08
pair_minus_A00,241,-1.9788335222324015e-05,0.001847665754875607,-2.527245877691445e-08
pair_minus_A00,242,-1.1075409069694308e-05,0.001880308728572739,-1.4144839169469103e-08
pair_minus_A00,243,-6.315256856823424e-05,0.0017396522957065922,-8.06546214153694e-08
pair_minus_A00,244,-0.00016427458854117094,0.0018287323608518675,-2.0980151793252992e-07
pair_minus_A00,245,-0.00013729774815486018,0.0019019269334793897,-1.7534833736252896e-07
pair_minus_A00,246,-0.00014630815361989957,0.0018726574723673362,-1.8685587946347327e-07
pair_minus_A00,247,-0.00015169031092940696,0.0018737422150683404,-1.9372964358800376e-07
pair_minus_A00,248,-0.00014902276564470073,0.0018739775123806722,-1.903228169153266e-07
pair_minus_A00,249,-0.00014902442635758234,0.0018739767818957535,-1.9032493787686123e-07
pair_minus_A00,250,-0.00014902445705881586,0.0018739764822151214,-1.9032497708661028e-07
pair_minus_A00,251,-0.00014902454186616534,0.0018739762084436838,-1.9032508539740146e-07
pair_minus_A00,252,-0.00014902470450212213,0.0018739759962530522,-1.9032529310615852e-07
pair_minus_A00,253,-0.00014902776031954643,0.0018739751707080358,-1.9032919581040412e-07
pair_minus_A00,254,-0.00014903377718555812,0.0018739722901656567,-1.9033688018589798e-07
pair_minus_A00,255,-0.00014914995840987892,0.0018739404823520677,-1.904852597827317e-07
pair_minus_A00,256,-0.00018683482447332133,0.001789210016768383,-2.3861407978712815e-07
pair_minus_A00,257,-0.0001912241934018357,0.0017667760577772021,-2.442199149448732e-07
pair_minus_A00,258,-0.00017368230722653475,0.0018120477567454718,-2.218164843250763e-07
pair_minus_A00,259,-0.00015964055897341626,0.0018158968916055127,-2.0388321707971424e-07
pair_minus_A00,260,-0.0001641218951831289,0.0018211788489360511,-2.0960650725814673e-07
pair_minus_A00,261,-0.0001829657280865901,0.0018357776746304537,-2.336727050914305e-07
pair_minus_A00,262,-0.00014647893760686125,0.0018474567776656163,-1.8707399438935026e-07
pair_minus_A00,263,-0.00010339875230122768,0.0018911662844745345,-1.320546006401375e-07
pair_minus_A00,264,-8.951397172714484e-05,0.0018841860590361043,-1.1432180297208792e-07
pair_minus_A00,265,-9.352876043178312e-05,0.001927016787644355,-1.1944924703931434e-07
pair_minus_A00,266,-0.00011177879580113312,0.0019325136545499096,-1.4275708276006785e-07
pair_minus_A00,267,-0.00013621783702562129,0.0019602347090019482,-1.7396914051803486e-07
pair_minus_A00,268,-0.0001325387224364301,0.001961471484142533,-1.6927039902481494e-07
pair_minus_A00,269,-0.00014343732943117348,0.0019623987533119694,-1.8318943733227775e-07
pair_minus_A00,270,-0.0001865709509932189,0.001971825252339725,-2.3827707661969208e-07
pair_minus_A00,271,-0.00015805217591387016,0.002039782129347065,-2.0185463079676904e-07
pair_minus_A00,272,-0.00016986082628781197,0.002051165583108238,-2.1693592118494505e-07
pair_minus_A00,273,-0.00016444754689869502,0.0020506461354199497,-2.1002240983230527e-07
pair_minus_A00,274,-0.00016252451913327225,0.0020505814063829218,-2.075664356746772e-07
pair_minus_A00,275,-0.00016269588399110625,0.0020505477262031586,-2.0778529245352013e-07
pair_minus_A00,276,-0.00015313870154577068,0.002053027853232063,-1.9557944003291275e-07
pair_minus_A00,277,-0.00015313899048999543,0.0020530276831406476,-1.9557980905491114e-07
pair_minus_A00,278,-0.00015313882821598766,0.0020530276557165425,-1.9557960180841337e-07
pair_minus_A00,279,-0.00015313859453344335,0.002053027606024643,-1.9557930336327374e-07
pair_minus_A00,280,-0.00015313838948496542,0.002053027540676492,-1.9557904148782303e-07
pair_minus_A00,281,-0.00015313835057340652,0.00205302746288979,-1.9557899179234548e-07
pair_minus_A00,282,-0.00015313672315421387,0.002053041292857388,-1.9557691335148641e-07
pair_minus_A00,283,-0.00015137162781846277,0.0020571958677484837,-1.933226408920342e-07
pair_minus_A00,284,-0.00016165105301293065,0.0020293993313031883,-2.0645089784537758e-07
pair_minus_A00,285,-0.00015210074685598107,0.0020120760467747093,-1.9425382740227468e-07
pair_minus_A00,286,-0.0001389680470674971,0.0020585310871860793,-1.7748154159322744e-07
pair_minus_A00,287,-0.00014688756259613207,0.0020529260141414793,-1.8759586538458757e-07
pair_minus_A00,288,-0.00014240521665914724,0.0020499422840857644,-1.818712856438662e-07
pair_minus_A00,289,-0.00015436825579924387,0.0020593318485839416,-1.971497519786001e-07
pair_minus_A00,290,-0.00014587772146334185,0.0020710796424814933,-1.8630615767987466e-07
pair_minus_A00,291,-0.00013302595455839017,0.0020792919052633604,-1.698926622712518e-07
pair_minus_A00,292,-0.00011303424918512406,0.002075312018178842,-1.4436047150079702e-07
pair_minus_A00,293,-5.1782669178021616e-05,0.0021377289058645698,-6.613367711113871e-08
pair_minus_A00,294,1.6983018981339487e-05,0.0021962373402804086,2.1689679414226674e-08
pair_minus_A00,295,4.2870948936106316e-05,0.0021975634381176364,5.475216977791356e-08
pair_minus_A00,296,4.019517986881573e-05,0.0021938994321548068,5.13348401900584e-08
pair_minus_A00,297,4.389730674496744e-05,0.0021973987676819993,5.6062971577225343e-08
pair_minus_A00,298,2.4395044815214473e-05,0.0021614754386149342,3.1155868218664714e-08
pair_minus_A00,299,1.7826741382961832e-05,0.0021555050128492566,2.2767230374153043e-08
pair_minus_A00,300,1.2324160449810908e-05,0.002160517671570228,1.573966851827702e-08
pair_minus_A00,301,1.076903648540559e-05,0.002162641702016499,1.3753558729764482e-08
pair_minus_A00,302,7.512731545008183e-06,0.0021633645882991534,9.59480401661326e-09
pair_minus_A00,303,1.3195671432378526e-05,0.00216481985871857,1.6852709364468105e-08
pair_minus_A00,304,1.6899493337919414e-05,0.0021660332131983777,2.1583005540126967e-08
pair_minus_A00,305,1.6898386005645796e-05,0.0021660332234708373,2.158159132266385e-08
pair_minus_A00,306,1.6898496042392952e-05,0.0021660332475070833,2.1581731854907986e-08
pair_minus_A00,307,1.6898592514562913e-05,0.0021660332342346325,2.158185506329874e-08
pair_minus_A00,308,1.6898684224086677e-05,0.0021660332172993855,2.1581972189127302e-08
pair_minus_A00,309,1.689831523444052e-05,0.002166033307749507,2.1581500937982786e-08
pair_minus_A00,310,1.6897986153069507e-05,0.0021660329694689184,2.1581080655261183e-08
pair_minus_A00,311,2.0795544125505253e-05,0.0021742815675143998,2.6558804757988827e-08
pair_minus_A00,312,1.8128370738401228e-05,0.0021684682014115014,2.3152453050320854e-08
pair_minus_A00,313,1.553087720796746e-05,0.002175006252731386,1.9835092219626387e-08
pair_minus_A00,314,0.00010308146242698636,0.0022682719273910534,1.3164937730138743e-07
pair_minus_A00,315,0.0001021900343491756,0.002272984864923438,1.305108995519484e-07
pair_minus_A00,316,0.00011517511130961964,0.002272983620295147,1.4709465045928433e-07
pair_minus_A00,317,0.00020298475781509317,0.0024401559804299203,2.592397928672965e-07
pair_minus_A00,318,0.0001940223934902494,0.0024241864664485513,2.4779360599010144e-07
pair_minus_A00,319,0.00023960453694880248,0.002394941731518332,3.060083485936175e-07
pair_minus_A00,320,0.00022781426049115166,0.0024016471814773416,2.909505242543444e-07
pair_minus_A00,321,0.00019558883368811015,0.002387420712667111,2.497941681840487e-07
pair_minus_A00,322,0.0001900688338023586,0.0023883518574970885,2.427443599008411e-07
pair_minus_A00,323,0.00018183338583522478,0.002387957241339191,2.322265464051402e-07
pair_minus_A00,324,0.00017228725564197913,0.0023919747803351015,2.2003480924901548e-07
pair_minus_A00,325,0.0001975989549467511,0.002453695585399765,2.523613728566425e-07
pair_minus_A00,326,0.00018267964669570856,0.002385546272331852,2.3330733933040685e-07
pair_minus_A00,327,0.0002203586303655359,0.002383599420292292,2.8142864669927955e-07
pair_minus_A00,328,0.00020144953722297753,0.0023949724058567627,2.5727910245591e-07
pair_minus_A00,329,0.00020569823351810943,0.002406090966803081,2.627052790780452e-07
pair_minus_A00,330,0.00020395496831713132,0.0024070408915067582,2.6047888673963134e-07
pair_minus_A00,331,0.00023012213411923569,0.0024102434904752583,2.938980001522806e-07
pair_minus_A00,332,0.0002301201309429379,0.00241024342574262,2.938954418172898e-07
pair_minus_A00,333,0.00023012132891904737,0.0024102430336428063,2.9389697179954963e-07
pair_minus_A00,334,0.0002301212841694165,0.0024102430985191575,2.938969146480415e-07
pair_minus_A00,335,0.00023012142867036617,0.0024102431016906935,2.9389709919586993e-07
pair_minus_A00,336,0.0002301215182558292,0.002410243103650662,2.9389721360897726e-07
pair_minus_A00,337,0.0002301216395082925,0.002410243082007861,2.9389736846525226e-07
pair_minus_A00,338,0.00023012151717938714,0.002410243802676079,2.938972122342109e-07
pair_minus_A00,339,0.00023198987162261533,0.0024131472101938177,2.962833609484232e-07
pair_minus_A00,340,0.00022655158350537254,0.0024048238803868476,2.893379099685473e-07
pair_minus_A00,341,0.0001864850413639228,0.0024186726645422938,2.3816735806375836e-07
pair_minus_A00,342,0.0002018446670069957,0.002444130459837044,2.577837381953968e-07
pair_minus_A00,343,0.00017993749398322422,0.0024420055875357073,2.2980522858649325e-07
pair_minus_A00,344,0.00017593735295988154,0.0024423764815220527,2.246964916473583e-07
pair_minus_A00,345,0.00019040922795829766,0.00250035208042324,2.431790906236241e-07
pair_minus_A00,346,0.00018727432292505152,0.0024996673671929823,2.391753804917644e-07
pair_minus_A00,347,0.00019072864001893394,0.0025035728161967204,2.435870242898262e-07
pair_minus_A00,348,0.0001700260741232071,0.0025101391784618835,2.17146965674594e-07
pair_minus_A00,349,0.00017260668317335793,0.0025051712084298724,2.2044276267350948e-07
pair_minus_A00,350,0.0001817425510131545,0.0025189289781470635,2.3211053769240676e-07
pair_minus_A00,351,0.0001697208614468027,0.002515553109871052,2.167571665987263e-07
pair_minus_A00,352,0.00016639904034857392,0.002503368802384016,2.1251473863163974e-07
pair_minus_A00,353,0.00017400509157098365,0.0025128817184363267,2.2222872486715665e-07
pair_minus_A00,354,0.00011996574645028695,0.0024643980706162373,1.5321295842948524e-07
pair_minus_A00,355,4.6367765232563444e-05,0.002536081271668461,5.921809097389967e-08
pair_minus_A00,356,3.7401218588300296e-05,0.0025347154590809632,4.776656269259297e-08
pair_minus_A00,357,5.51846682021691e-05,0.0025338551254749687,7.04785034510461e-08
pair_minus_A00,358,4.428335196012768e-05,0.0025066088750859616,5.6556005057634324e-08
pair_minus_A00,359,4.0377011025080205e-05,0.0025053326528865242,5.1567063888991325e-08
pair_minus_A00,360,4.037082374650354e-05,0.0025053322995795724,5.155916187292917e-08
pair_minus_A00,361,4.037131194171661e-05,0.0025053327358520844,5.155978536617702e-08
pair_minus_A00,362,4.037138345054059e-05,0.0025053327049804675,5.155987669289986e-08
pair_minus_A00,363,4.0371574545393693e-05,0.002505332658469465,5.1560120747629235e-08
pair_minus_A00,364,4.037174572053633e-05,0.0025053326105993175,5.1560339362115365e-08
pair_minus_A00,365,4.0371900115625925e-05,0.002505332573182555,5.156053654613784e-08
pair_minus_A00,366,4.037221099276373e-05,0.0025053324618694007,5.156093357951945e-08
pair_minus_A00,367,4.12454413379665e-05,0.0025064566925852697,5.267617029114495e-08
pair_minus_A00,368,2.6064021677764523e-05,0.0024881676760766924,3.32873840073621e-08
pair_minus_A00,369,2.9231840818393648e-05,0.0024879351607005377,3.733313003626264e-08
pair_minus_A00,370,-1.7725687820183199e-06,0.002513026143047421,-2.263817090700281e-09
pair_minus_A00,371,-3.127383802771692e-05,0.002516927042562033,-3.994104473527065e-08
pair_minus_A00,372,-5.8339679035332315e-05,0.002514755666815545,-7.45078914882916e-08
pair_minus_A00,373,1.1879248468343406e-05,0.002724649561754518,1.517145398255863e-08
pair_minus_A00,374,-1.978660626933846e-05,0.002729248494749177,-2.527025066326751e-08
pair_minus_A00,375,-1.294313337827094e-05,0.002726688524092418,-1.6530183114011417e-08
pair_minus_A00,376,-1.4164626409918004e-05,0.002730520176459466,-1.809019975723883e-08
pair_minus_A00,377,4.164482823681599e-06,0.002695338327876899,5.318624295889653e-09
pair_minus_A00,378,-1.9003191334374608e-05,0.0026365939921331634,-2.4269720733556332e-08
pair_minus_A00,379,-1.995216494624361e-05,0.002634648648862915,-2.5481692140796434e-08
pair_minus_A00,380,-5.445389415632024e-06,0.00262965164794832,-6.95452032647768e-09
pair_minus_A00,381,-9.604850365974913e-06,0.00261911137183472,-1.2266730991027986e-08
pair_minus_A00,382,-7.082934862975352e-05,0.0026121971053527275,-9.045893822446171e-08
pair_minus_A00,383,-7.129103291041252e-05,0.002611099605156908,-9.104857332108879e-08
pair_minus_A00,384,-0.00018802260942257998,0.002826499101161676,-2.40131046516705e-07
pair_minus_A00,385,-0.00019902457119633606,0.002819467048473131,-2.54182083264797e-07
pair_minus_A00,386,-0.00019113760047250464,0.002829635294153879,-2.441093237196739e-07
pair_minus_A00,387,-0.0002208594164810162,0.0027731048347068906,-2.820682202822685e-07
pair_minus_A00,388,-0.00021991407251436862,0.0027729839304731474,-2.808608844372524e-07
pair_minus_A00,389,-0.0002192133593658313,0.0027728976371168812,-2.7996597620157256e-07
pair_minus_A00,390,-0.00021922432377878505,0.002772898942280819,-2.799799792832504e-07
pair_minus_A00,391,-0.00021922376157612676,0.0027728987483640792,-2.799792612721925e-07
pair_minus_A00,392,-0.00021922326140660507,0.0027728985758861935,-2.7997862248608566e-07
pair_minus_A00,393,-0.0002192225389162398,0.0027728984152441435,-2.7997769976531265e-07
pair_minus_A00,394,-0.00021922177869444066,0.002772898231529366,-2.7997672885624606e-07
pair_minus_A00,395,-0.00021882176512412878,0.002773227233514754,-2.794658558417992e-07
pair_minus_A00,396,-0.000225551707305423,0.002767904422830076,-2.88060928870272e-07
pair_minus_A00,397,-0.00022907703725024472,0.0027688825276317042,-2.9256326596455263e-07
pair_minus_A00,398,-0.0002160718212282224,0.002786733812283887,-2.7595379467205926e-07
pair_minus_A00,399,-0.00020637987317806758,0.0027947309532496867,-2.63575827813624e-07
pair_minus_A00,400,-0.0002210917845044323,0.002797285925295441,-2.82364986595699e-07
pair_minus_A00,401,-0.00023214403586726764,0.00268664945853044,-2.964802501497671e-07
pair_minus_A00,402,-0.00024339627711859687,0.0026914168525067578,-3.1085092863166904e-07
pair_minus_A00,403,-0.00025484944310243384,0.002705855131153874,-3.2547821596734843e-07
pair_minus_A00,404,-0.00022719414985515545,0.00268822381601025,-2.901585566477081e-07
pair_minus_A00,405,-0.00026192275773141043,0.002625004349191224,-3.34511823411763e-07
pair_minus_A00,406,-0.0002834788409631872,0.0026457428788720897,-3.620419424817206e-07
pair_minus_A00,407,-0.0002675313602105364,0.002626976588832941,-3.4167478954091495e-07
pair_minus_A00,408,-0.00026195944431603717,0.0026815699240512413,-3.345586772874038e-07
pair_minus_A00,409,-0.00024936693205738364,0.002682068228398726,-3.1847628615246953e-07
pair_minus_A00,410,-0.0003451292155892848,0.0028459656749508255,-4.4077805311530626e-07
pair_minus_A00,411,-0.00035703849383473515,0.002928243971084977,-4.559878593036209e-07
pair_minus_A00,412,-0.0003387984998968315,0.0029482342759398973,-4.326928478886737e-07
pair_minus_A00,413,-0.00035153795488525807,0.002955532763290676,-4.4896290534515716e-07
pair_minus_A00,414,-0.00033981593888532315,0.0029383960762959234,-4.3399225911280094e-07
pair_minus_A00,415,-0.0003329882743628136,0.0029424012920187042,-4.252723810508475e-07
pair_minus_A00,416,-0.00029672594598902406,0.0028829833086751557,-3.789603397050116e-07
pair_minus_A00,417,-0.00030499144189605936,0.0029000178165595647,-3.895165286028855e-07
pair_minus_A00,418,-0.0003049927193787225,0.0029000154808960176,-3.895181601260824e-07
pair_minus_A00,419,-0.0003049921230114898,0.0029000154250884585,-3.89517398482107e-07
pair_minus_A00,420,-0.00030499177003441395,0.002900015400108452,-3.895169476812439e-07
pair_minus_A00,421,-0.0003049914541885442,0.0029000153008830153,-3.895165443020999e-07
pair_minus_A00,422,-0.00030498259267229164,0.002900013266704584,-3.8950522691224987e-07
pair_minus_A00,423,-0.00030499189606049523,0.0028999991354681886,-3.895171086340935e-07
pair_minus_A00,424,-0.00030996164243383474,0.0028938769845557027,-3.958641665821644e-07
pair_minus_A00,425,-0.0003162451856996009,0.0028922288233161624,-4.0388912605313015e-07
pair_minus_A00,426,-0.0003006585619071536,0.0028974064104843804,-3.839828376847428e-07
pair_minus_A00,427,-0.00028634399701283204,0.002905106858083386,-3.6570114561025804e-07
pair_minus_A00,428,-0.0002903347304676272,0.002893985586037246,-3.7079786777474737e-07
pair_minus_A00,429,-0.00028606031512476285,0.0029232154624279643,-3.653388443483561e-07
pair_minus_A00,430,-0.0002566863247033158,0.002905351480517137,-3.278241694806076e-07
pair_minus_A00,431,-0.0002855395139809905,0.0029172302578903656,-3.6467370878798273e-07
pair_minus_A00,432,-0.0002983155569263111,0.002905694342851137,-3.809904941587626e-07
pair_minus_A00,433,-0.0003176045254168513,0.0028876213943885326,-4.0562519210325833e-07
pair_minus_A00,434,-0.00034373208803127256,0.002887202350253171,-4.3899372673214887e-07
pair_minus_A00,435,-0.0003549812790598346,0.0028688973267639666,-4.5336050965496116e-07
pair_minus_A00,436,-0.00036780377253186117,0.002896701166755877,-4.697366188146375e-07
pair_minus_A00,437,-0.00036731396906248377,0.0029109760895071396,-4.691110715995961e-07
pair_minus_A00,438,-0.0004097846786104578,0.002919081872448112,-5.233520799622706e-07
pair_minus_A00,439,-0.0004420561248141574,0.002933267174791707,-5.645672092134832e-07
pair_minus_A00,440,-0.00046276642368381945,0.0029688790455367244,-5.910171439129239e-07
pair_minus_A00,441,-0.00045446647721649933,0.0029560919731239773,-5.804169568537667e-07
pair_minus_A00,442,-0.00047853086515356176,0.00293549564049326,-6.111505302088911e-07
pair_minus_A00,443,-0.00047303164984320594,0.0029249672815654464,-6.041272667218466e-07
pair_minus_A00,444,-0.0004990384189035985,0.0028919084541422853,-6.373415311667924e-07
pair_minus_A00,445,-0.0004961999428972489,0.0028865555244958195,-6.337164021676231e-07
pair_minus_A00,446,-0.0005025216253890731,0.0028985941319528146,-6.41790070739557e-07
pair_minus_A00,447,-0.000502520887388928,0.0028985930353765225,-6.41789128210636e-07
pair_minus_A00,448,-0.0005025206492719824,0.0028985929098802247,-6.417888241021487e-07
pair_minus_A00,449,-0.000502520409524687,0.0028985928225909474,-6.417885179114775e-07
pair_minus_A00,450,-0.0005025182630183421,0.0028985916703510597,-6.41785776524064e-07
pair_minus_A00,451,-0.0005025048579109228,0.002898584530104969,-6.41768656335789e-07
pair_minus_A00,452,-0.0005019121541088127,0.002899147559289689,-6.410116910712806e-07
pair_minus_A00,453,-0.0005086387566898728,0.0028964585616991214,-6.496024989653548e-07
pair_minus_A00,454,-0.0005119303587345733,0.0028912298292084406,-6.538063329943465e-07
pair_minus_A00,455,-0.0005081061282152015,0.0029030414902961555,-6.489222582569624e-07
pair_minus_A00,456,-0.0004929319573401476,0.002892571950655181,-6.295427296809038e-07
pair_minus_A00,457,-0.0004979429795994932,0.002884653021146734,-6.359425026813451e-07
pair_minus_A00,458,-0.0004931435532085674,0.0028656574585298033,-6.298129670607502e-07
pair_minus_A00,459,-0.000489689033035909,0.0028993997103203216,-6.254010639028213e-07
pair_minus_A00,460,-0.00046639157804426363,0.0029243974754381646,-5.956469706823291e-07
pair_minus_A00,461,-0.0004742879712014218,0.00292816279507547,-6.057317639864901e-07
pair_minus_A00,462,-0.0004670465575901815,0.002937555113207402,-5.964834707409726e-07
pair_minus_A00,463,-0.0004356978792261768,0.0029518306749098614,-5.564468444778758e-07
pair_minus_A00,464,-0.000403369815946494,0.0029663486199105705,-5.151594073390728e-07
pair_minus_A00,465,-0.0004161126951101547,0.0029653719950580924,-5.314338379440034e-07
pair_minus_A00,466,-0.00040577491457713453,0.0029708909145725743,-5.182310530997887e-07
pair_minus_A00,467,-0.00042028123864088445,0.0029515613579541586,-5.367576483280772e-07
pair_minus_A00,468,-0.00042802946344749356,0.002961112754919339,-5.466532100223418e-07
pair_minus_A00,469,-0.0004340786860447911,0.00297565559669286,-5.543789093803206e-07
pair_minus_A00,470,-0.0003243329287860525,0.002818901941055199,-4.1421829985447316e-07
pair_minus_A00,471,-0.0003263121902454642,0.0028200827298661174,-4.167460922675149e-07
pair_minus_A00,472,-0.00032439712538692516,0.0028243292145140706,-4.1430028785047913e-07
pair_minus_A00,473,-0.00021770358410471072,0.0028169075595305543,-2.780377830200648e-07
pair_minus_A00,474,-0.00022552920286312043,0.002813055015396814,-2.880321875646493e-07
pair_minus_A00,475,-0.00022552880232132416,0.002813055060490602,-2.880316760170168e-07
pair_minus_A00,476,-0.0002255285461992763,0.0028130549680270224,-2.880313489135074e-07
pair_minus_A00,477,-0.00022552824567400025,0.0028130548959474943,-2.880309651008943e-07
pair_minus_A00,478,-0.00022552999062202828,0.0028130556587260573,-2.880331936424371e-07
pair_minus_A00,479,-0.0002255107428291788,0.0028130454781072826,-2.880086115315183e-07
pair_minus_A00,480,-0.00022790061138409627,0.00281223192821968,-2.910608063653848e-07
pair_minus_A00,481,-0.00022506280815810106,0.002812936888394551,-2.874365366003845e-07
pair_minus_A00,482,-0.00021796495582263742,0.0028256466302334768,-2.783715910889367e-07
pair_minus_A00,483,-0.00021798436542704887,0.0027937391183589034,-2.783963798557457e-07
pair_minus_A00,484,-0.00022021883982029574,0.0027922716135671023,-2.812501147130214e-07
pair_minus_A00,485,-0.00027743091699003637,0.002794267165213736,-3.54317901647556e-07
pair_minus_A00,486,-0.0002976493393488245,0.00278274340875126,-3.8013964156938e-07
pair_minus_A00,487,-0.000286950655283353,0.0027077372117106056,-3.6647593267350316e-07
pair_minus_A00,488,-0.00028114735671025794,0.002705488554154382,-3.5906431252906505e-07
pair_minus_A00,489,-0.0002782202716400057,0.0027015287811409275,-3.553260174201861e-07
pair_minus_A00,490,-0.00026751228298806237,0.002693612797160623,-3.416504252721103e-07
pair_minus_A00,491,-0.00026887634334554403,0.002703247630577984,-3.4339252023696556e-07
pair_minus_A00,492,-0.0003118702427995224,0.0026904586392962264,-3.983017149419188e-07
pair_minus_A00,493,-0.00028270779004944377,0.002676526886564249,-3.610572031282807e-07
pair_minus_A00,494,-0.00026244817030783606,0.0026750810265551285,-3.351828484135837e-07
pair_minus_A00,495,-0.0002686664683590435,0.002652766125786039,-3.4312448066289075e-07
pair_minus_A00,496,-0.000275743441551446,0.0026637280826927764,-3.521627606021022e-07
pair_minus_A00,497,-0.0003424404281512998,0.0026756330896387935,-4.3734409725581074e-07
pair_minus_A00,498,-0.00035091682904311167,0.002676857590201409,-4.481696411789421e-07
pair_minus_A00,499,-0.00032573673081146557,0.0027230247456932074,-4.1601115046164187e-07
pair_minus_A00,500,-0.0003203283320687035,0.00272308030287991,-4.0910387237382316e-07
pair_minus_A00,501,-0.00031382297185062136,0.002723600232295692,-4.0079562177601706e-07
pair_minus_A00,502,-0.0002921023470422919,0.00272893200893282,-3.7305536020726937e-07
pair_minus_A00,503,-0.0002921019817727992,0.0027289320641044504,-3.730548937072787e-07
pair_minus_A00,504,-0.00029210192673355986,0.0027289319912585635,-3.730548234145081e-07
pair_minus_A00,505,-0.00029210178970098783,0.0027289317629158646,-3.730546484048376e-07
pair_minus_A00,506,-0.00029209976332460213,0.0027289307595447726,-3.730520604401049e-07
pair_minus_A00,507,-0.00029206631727922726,0.0027289221094906006,-3.730093451841983e-07
pair_minus_A00,508,-0.0002909217891160714,0.002732690218250866,-3.7154762339217294e-07
pair_minus_A00,509,-0.00029436390198465283,0.00273028415280417,-3.759436806955975e-07
pair_minus_A00,510,-0.00029740326073630485,0.0027329806877539804,-3.798253649250381e-07
pair_minus_A00,511,-0.00028571502045192496,0.002758750901883083,-3.648978549833014e-07
pair_minus_A00,512,-0.0003227097488552639,0.0027425510944291786,-4.121452731229424e-07
pair_minus_A00,513,-0.000323354709918505,0.0027548517507414503,-4.12968978184553e-07
pair_minus_A00,514,-0.0003112908040255558,0.0027336826857161864,-3.9756169096494995e-07
pair_minus_A00,515,-0.00027729391302436603,0.002678212312117987,-3.5414292851132314e-07
pair_minus_A00,516,-0.00023764794794124718,0.002660547731945951,-3.0350951205778694e-07
pair_minus_A00,517,-0.00024589782623997923,0.002703991484480431,-3.140457550957589e-07
pair_minus_A00,518,-0.00024198657271061675,0.0027228951316980734,-3.090505398603024e-07
pair_minus_A00,519,-0.00030872265271317516,0.002757828834049759,-3.942818042313859e-07
pair_minus_A00,520,-0.000384290791447034,0.0028795367047518955,-4.907928370971061e-07
pair_minus_A00,521,-0.00041825694507438327,0.002836483011972835,-5.341723436454448e-07
pair_minus_A00,522,-0.00040334748105795803,0.0028726576084993605,-5.151308825772133e-07
pair_minus_A00,523,-0.0003835369688468266,0.00284247638802754,-4.898301006983738e-07
pair_minus_A00,524,-0.0005359146902118098,0.003296872298523803,-6.844376631057596e-07
pair_minus_A00,525,-0.0005759032405413336,0.003291810554326678,-7.355086086096215e-07
pair_minus_A00,526,-0.0005518882718997439,0.003257491169922303,-7.048381505743856e-07
pair_minus_A00,527,-0.0005515920260085331,0.0032575511157505355,-7.044598033314598e-07
pair_minus_A00,528,-0.000551543108188897,0.003257561407665137,-7.043973284660243e-07
pair_minus_A00,529,-0.0005509131936947728,0.003257687328792163,-7.035928399677813e-07
pair_minus_A00,530,-0.0005628089947882599,0.003255956462618566,-7.187854339569092e-07
pair_minus_A00,531,-0.000562807935301851,0.0032559563967963228,-7.187840808452758e-07
pair_minus_A00,532,-0.0005628078855988133,0.0032559563404940357,-7.187840173675776e-07
pair_minus_A00,533,-0.0005628085269174293,0.0032559574141775927,-7.187848364207271e-07
pair_minus_A00,534,-0.0005628092100240959,0.003255959521305886,-7.187857088430344e-07
pair_minus_A00,535,-0.0005627997939403629,0.003255955745782378,-7.187736831933115e-07
pair_minus_A00,536,-0.0005619293454612786,0.003255080186007629,-7.176619993119777e-07
pair_minus_A00,537,-0.0005505142899032926,0.003254183516854872,-7.030833842953927e-07
pair_minus_A00,538,-0.0005505958295313582,0.003254045739356702,-7.031875217514153e-07
pair_minus_A00,539,-0.0005296897140847751,0.003320248495668288,-6.764875020239784e-07
pair_minus_A00,540,-0.0005232836669721711,0.003344849046180246,-6.68306088087064e-07
pair_minus_A00,541,-0.0005780240709326973,0.0033306010235047375,-7.382172042563184e-07
pair_minus_A00,542,-0.0006159009158720301,0.0033330867920555287,-7.865912080102555e-07
pair_minus_A00,543,-0.0006231704499964707,0.0033411287335579766,-7.958754150657352e-07
pair_minus_A00,544,-0.0006268081775394332,0.003342889326099823,-8.00521299539506e-07
pair_minus_A00,545,-0.0006185427282887469,0.003335910976611941,-7.899651702282847e-07
pair_minus_A00,546,-0.0006111622630460887,0.003350919966315042,-7.805392886923227e-07
pair_minus_A00,547,-0.0006005904413364557,0.003339092707547363,-7.670376006851286e-07
pair_minus_A00,548,-0.0006806831376056286,0.0033417581013515376,-8.69327123378836e-07
pair_minus_A00,549,-0.0006816811901544332,0.003333115163124037,-8.70601775420732e-07
pair_minus_A00,550,-0.0006640772325144474,0.003344101995305426,-8.481190708996773e-07
pair_minus_A00,551,-0.0006759294631860889,0.003330398645407177,-8.632560193947495e-07
pair_minus_A00,552,-0.0006714652016342197,0.003346411279360821,-8.575545359313151e-07
pair_minus_A00,553,-0.0006463232440129742,0.003365518539320032,-8.254447560829811e-07
pair_minus_A00,554,-0.0006386097308293217,0.0033657689755677033,-8.155935259633739e-07
pair_minus_A00,555,-0.0006386791735528763,0.0033657750294266773,-8.156822139883478e-07
pair_minus_A00,556,-0.0006401950301196022,0.003365840572764749,-8.17618173843681e-07
pair_minus_A00,557,-0.0006403333190193628,0.0033658477892134905,-8.177947880196204e-07
pair_minus_A00,558,-0.0006403131199837341,0.003365847068176227,-8.177689910392517e-07
pair_minus_A00,559,-0.0006403128209593739,0.0033658472797480823,-8.177686091435171e-07
pair_minus_A00,560,-0.0006403125931804816,0.0033658475316431383,-8.17768318238163e-07
pair_minus_A00,561,-0.0006403122565761276,0.0033658477499886315,-8.177678883475448e-07
pair_minus_A00,562,-0.0006403122751769111,0.003365848417350151,-8.177679121033347e-07
pair_minus_A00,563,-0.000640310071400865,0.003365848009150855,-8.177650975745402e-07
pair_minus_A00,564,-0.0006497791831787589,0.003340225554519258,-8.298584714926678e-07
pair_minus_A00,565,-0.0006442715222390648,0.003337919155149057,-8.228244217612577e-07
pair_minus_A00,566,-0.0006382347969743354,0.003335255960596363,-8.151146832366991e-07
pair_minus_A00,567,-0.0006745782078926524,0.003362298270997053,-8.615302782792496e-07
pair_minus_A00,568,-0.0006947727744740686,0.003365054478772529,-8.873215510524503e-07
pair_minus_A00,569,-0.0007024398238131204,0.003338242747803983,-8.971134403743555e-07
pair_minus_A00,570,-0.0006986259464465284,0.003366515718465672,-8.922425880543146e-07
pair_minus_A00,571,-0.0006823785536121839,0.003344411240003006,-8.71492405634973e-07
pair_minus_A00,572,-0.0006973011861150771,0.0033601210678331946,-8.905506846935851e-07
pair_minus_A00,573,-0.0006864802394211919,0.003376923024355096,-8.767308294012669e-07
pair_minus_A00,574,-0.0007410359299832346,0.0034729874840638093,-9.46406040847043e-07
pair_minus_A00,575,-0.0007695183969378958,0.0034661038766372167,-9.827821161403522e-07
pair_minus_A00,576,-0.0007832375247179447,0.003469114834441171,-1.0003033521301975e-06
pair_minus_A00,577,-0.0008100689086982694,0.003503822948998457,-1.0345707646210336e-06
pair_minus_A00,578,-0.0007986238423845084,0.003498200884479042,-1.0199538216915817e-06
pair_minus_A00,579,-0.0008216983819500181,0.003495768741569083,-1.049423220881249e-06
pair_minus_A00,580,-0.0008279732180470342,0.0035137283088332778,-1.057437060085612e-06
pair_minus_A00,581,-0.0007670205425164453,0.003558132477285619,-9.795920083224078e-07
pair_minus_A00,582,-0.0007688290837878478,0.0035581212979941316,-9.819017672897162e-07
pair_minus_A00,583,-0.0007688293614443101,0.0035581224132883384,-9.819021218956707e-07
pair_minus_A00,584,-0.0007688315034493345,0.0035581223014051274,-9.819048575342713e-07
pair_minus_A00,585,-0.0007688316685204086,0.0035581219844366668,-9.819050683530122e-07
pair_minus_A00,586,-0.0007688316927127972,0.0035581221613453953,-9.819050992500603e-07
pair_minus_A00,587,-0.0007688313743246461,0.0035581220984706994,-9.81904692624069e-07
pair_minus_A00,588,-0.0007688311624447911,0.0035581220673901507,-9.819044220239988e-07
pair_minus_A00,589,-0.0007688307861271834,0.0035581220198138597,-9.819039414140272e-07
pair_minus_A00,590,-0.0007688321365821851,0.0035581229698536357,-9.819056661330588e-07
pair_minus_A00,591,-0.000768831881727208,0.0035581219829289522,-9.819053406477752e-07
pair_minus_A00,592,-0.0007837031541019739,0.003538857386595639,-1.000898025673019e-06
pair_minus_A00,593,-0.0007773704274034984,0.0035375048296221907,-9.928102521117478e-07
pair_minus_A00,594,-0.0007758333377682002,0.0035386055028077457,-9.90847174672031e-07
pair_minus_A00,595,-0.0007334535988487148,0.0035249389081526347,-9.367223484657915e-07
pair_minus_A00,596,-0.0007487175577483746,0.003528808169391857,-9.562165488484989e-07
pair_minus_A00,597,-0.0007490943001252069,0.003539438191489117,-9.566977013093319e-07
pair_minus_A00,598,-0.000713973683284566,0.0034978624811159795,-9.118437845269042e-07
pair_minus_A00,599,-0.0007366073232075277,0.003491791275119173,-9.407500934962039e-07
pair_minus_A00,600,-0.0007384687355399945,0.0034923645497682747,-9.431273761685753e-07
pair_minus_A00,601,-0.0007377029923737006,0.003516580782085569,-9.421494155475103e-07
pair_minus_A00,602,-0.0007902569296897539,0.003554220089475304,-1.0092681094377446e-06
pair_minus_A00,603,-0.0007512570728850779,0.0035679155542359016,-9.594598631993332e-07
pair_minus_A00,604,-0.0007573906532694126,0.0035613931919505804,-9.67293299194652e-07
pair_minus_A00,605,-0.0007168996997787321,0.003566447098712516,-9.155807149153667e-07
pair_minus_A00,606,-0.0007000944784561093,0.003528880866958712,-8.941181078622086e-07
pair_minus_A00,607,-0.0007300182821611474,0.003538421827895743,-9.323349708316059e-07
pair_minus_A00,608,-0.0007347645379644393,0.0035469742056374065,-9.383966002100119e-07
pair_minus_A00,609,-0.0007576859446561168,0.003613181256613612,-9.67670427402448e-07
pair_minus_A00,610,-0.0007575033065086231,0.003612705727573091,-9.674371730633757e-07
pair_minus_A00,611,-0.0007574915191874701,0.003612706084476376,-9.674221190133718e-07
pair_minus_A00,612,-0.0007574907882403194,0.0036127064350095195,-9.674211854921064e-07
pair_minus_A00,613,-0.0007574892734574482,0.003612706387861486,-9.674192509035097e-07
pair_minus_A00,614,-0.0007574884087164057,0.0036127062023553307,-9.674181465088195e-07
pair_minus_A00,615,-0.0007574880373473569,0.0036127062515568706,-9.674176722188466e-07
pair_minus_A00,616,-0.0007574878442729573,0.003612706338282289,-9.674174256359606e-07
pair_minus_A00,617,-0.0007574875609086106,0.0036127062030611597,-9.674170637402435e-07
pair_minus_A00,618,-0.0007574870964789301,0.0036127063979387876,-9.67416470598889e-07
pair_minus_A00,619,-0.0007574847143981045,0.003612705511292853,-9.674134283500697e-07
pair_minus_A00,620,-0.0008729272424185682,0.0034877216518252696,-1.1148496071756936e-06
pair_minus_A00,621,-0.0008709962521389497,0.0034885843796993365,-1.1123834637789906e-06
pair_minus_A00,622,-0.0009879152875197075,0.0036107591570754194,-1.2617053480456035e-06
pair_minus_A00,623,-0.0009688670433786979,0.0035999342571099643,-1.2373780886062553e-06
pair_minus_A00,624,-0.0009817587929553165,0.003606074678994018,-1.2538426474525114e-06
pair_minus_A00,625,-0.0010027593123095142,0.0036214318409727372,-1.2806632341117678e-06
pair_minus_A00,626,-0.0010160193559670785,0.0036283484746199002,-1.297598155768938e-06
pair_minus_A00,627,-0.0010056597404203497,0.003648781421234899,-1.284367484572605e-06
pair_minus_A00,628,-0.0009815135519099585,0.003635637050961399,-1.2535294404980312e-06
pair_minus_A00,629,-0.0008796819105408322,0.0037276528977506942,-1.123476258672838e-06
pair_minus_A00,630,-0.00087735974049764,0.0037391532185046266,-1.1205105242626308e-06
pair_minus_A00,631,-0.0008773404121627483,0.003741204193062172,-1.120485839288312e-06
pair_minus_A00,632,-0.0008470978600484417,0.003734505673207835,-1.0818618902278949e-06
pair_minus_A00,633,-0.0008567244584021534,0.00375090780861433,-1.0941563964267605e-06
pair_minus_A00,634,-0.0008583389335451823,0.0037561431078704365,-1.0962183059325445e-06
pair_minus_A00,635,-0.0008708990988297147,0.003737169641280994,-1.1122593854785627e-06
pair_minus_A00,636,-0.0008671913822176,0.0037400079187128767,-1.1075241152204343e-06
pair_minus_A00,637,-0.0008675042702021402,0.003738561604204002,-1.107923716733257e-06
pair_minus_A00,638,-0.0008674835934018218,0.003738509057035666,-1.1078973095808707e-06
pair_minus_A00,639,-0.000867481576292506,0.0037385072771700164,-1.1078947334514765e-06
pair_minus_A00,640,-0.0008674815811930752,0.003738508433340397,-1.1078947397101856e-06
pair_minus_A00,641,-0.0008674805285404991,0.003738507958222893,-1.1078933953263079e-06
pair_minus_A00,642,-0.0008674795754031131,0.003738507237420885,-1.1078921780371814e-06
pair_minus_A00,643,-0.000867479356553966,0.003738507470641308,-1.107891898536355e-06
pair_minus_A00,644,-0.0008674780562717731,0.0037385061628484066,-1.1078902378949848e-06
pair_minus_A00,645,-0.0008674774655770463,0.003738505784153895,-1.1078894834955891e-06
pair_minus_A00,646,-0.0008674769234121968,0.0037385055243177043,-1.1078887910756025e-06
pair_minus_A00,647,-0.0008674880517727505,0.0037384984160559946,-1.1079030035411884e-06
pair_minus_A00,648,-0.0008674744448169311,0.0037385040904649113,-1.1078856255644076e-06
pair_minus_A00,649,-0.0008704525292329022,0.0037369323609928737,-1.1116890539372952e-06
pair_minus_A00,650,-0.0008740404588077689,0.003733283327090308,-1.1162713394735235e-06
pair_minus_A00,651,-0.0008664745004858061,0.003736599889451842,-1.1066085574531367e-06
pair_minus_A00,652,-0.0008740641338753049,0.003728855658872761,-1.1163015758305299e-06
pair_minus_A00,653,-0.0008772105303726036,0.003724343132258647,-1.1203199621616904e-06
pair_minus_A00,654,-0.0008602607251658597,0.0037177848767761903,-1.0986727013612512e-06
pair_minus_A00,655,-0.000841251353924247,0.0037389420804272632,-1.0743950880258582e-06
pair_minus_A00,656,-0.0007460307962345637,0.0038344617023573406,-9.527851803761988e-07
pair_minus_A00,657,-0.0007880796647287272,0.0037910351740122494,-1.0064874389894344e-06
pair_minus_A00,658,-0.0007913560330637824,0.003793774536992754,-1.0106718174505521e-06
pair_minus_A00,659,-0.0007865289149146075,0.0037974133726291076,-1.0045069155997542e-06
pair_minus_A00,660,-0.0008366774762993772,0.0037535332372234374,-1.0685536095777487e-06
pair_minus_A00,661,-0.0008235492029409557,0.0037322819675459627,-1.0517869769360864e-06
pair_minus_A00,662,-0.00079628748988131,0.0037682773780872516,-1.0169699743056322e-06
pair_minus_A00,663,-0.0007943917929426068,0.0037799810518838782,-1.0145489054183996e-06
pair_minus_A00,664,-0.0007908925514721324,0.0037793773184798124,-1.0100798869375892e-06
pair_minus_A00,665,-0.0008205568895537693,0.0038963124860609743,-1.0479653761861676e-06
pair_minus_A00,666,-0.0008205567481017642,0.003896312293395155,-1.047965195532266e-06
pair_minus_A00,667,-0.0008205545162974257,0.003896312558879581,-1.0479623452074403e-06
pair_minus_A00,668,-0.0008205540161165112,0.0038963128127079976,-1.047961706406783e-06
pair_minus_A00,669,-0.0008205536386550972,0.0038963127673366177,-1.0479612243360117e-06
pair_minus_A00,670,-0.0008205535987717049,0.003896312891013347,-1.0479611733993676e-06
pair_minus_A00,671,-0.0008205533369110365,0.0038963129624041545,-1.047960838966841e-06
pair_minus_A00,672,-0.000820553032001443,0.003896312900928148,-1.0479604495548442e-06
pair_minus_A00,673,-0.000820552671829329,0.003896312740947477,-1.0479599895649157e-06
pair_minus_A00,674,-0.0008205523873564693,0.003896312798048067,-1.047959626253473e-06
pair_minus_A00,675,-0.0008205520049626997,0.0038963127507013096,-1.0479591378833968e-06
pair_minus_A00,676,-0.0008205525048426872,0.0038963128415669874,-1.0479597762997283e-06
pair_minus_A00,677,-0.0008212367621818579,0.0038960548845661173,-1.0488336681760638e-06
pair_minus_A00,678,-0.0008294574259776945,0.0038930935950624848,-1.0593326002269407e-06
pair_minus_A00,679,-0.0008276552701628748,0.0038922656645949904,-1.0570309963765961e-06
pair_minus_A00,680,-0.0008221095835290217,0.0038883914372365635,-1.0499483825402576e-06
pair_minus_A00,681,-0.0008345155051781412,0.003914080403607227,-1.065792471491879e-06
pair_minus_A00,682,-0.0008400622771475143,0.0039306552463294455,-1.0728764714527641e-06
pair_minus_A00,683,-0.0008478445059175947,0.003933828107145486,-1.082815460942011e-06
pair_minus_A00,684,-0.0008431423051368625,0.00394590914621987,-1.076810095960233e-06
pair_minus_A00,685,-0.0008289686734831271,0.003955883690528822,-1.058708395253036e-06
pair_minus_A00,686,-0.0008388534341610798,0.003956215414793234,-1.0713326106782628e-06
pair_minus_A00,687,-0.000844879875984134,0.00395520583018776,-1.079029215816263e-06
pair_minus_A00,688,-0.0008503973289318077,0.003956488461505505,-1.0860757713049907e-06
pair_minus_A00,689,-0.0008367847534859863,0.0039704511681678415,-1.0686906174789097e-06
pair_minus_A00,690,-0.000867275179367444,0.004082384861212472,-1.1076311358460332e-06
pair_minus_A00,691,-0.0008696363829765834,0.004077946795219764,-1.1106467215537463e-06
pair_minus_A00,692,-0.0008674275009182389,0.004070035685532341,-1.1078256716708031e-06
pair_minus_A00,693,-0.00086742504903749,0.004070021492431478,-1.107822540277765e-06
pair_minus_A00,694,-0.0008674275009857053,0.004070023336265041,-1.1078256717569671e-06
pair_minus_A00,695,-0.0008674240720768212,0.004070021402569012,-1.10782129256299e-06
pair_minus_A00,696,-0.0008674235430598596,0.0040700215027570565,-1.1078206169346867e-06
pair_minus_A00,697,-0.0008674232537196943,0.004070021354428379,-1.107820247407017e-06
pair_minus_A00,698,-0.0008674228514452228,0.004070021119924677,-1.1078197336465169e-06
pair_minus_A00,699,-0.0008674223359618775,0.004070020836222789,-1.1078190753025255e-06
pair_minus_A00,700,-0.0008674219225145505,0.004070020485878228,-1.1078185472727337e-06
pair_minus_A00,701,-0.0008674209984734599,0.004070020184505526,-1.107817367143627e-06
pair_minus_A00,702,-0.0008674205726453957,0.00407001988044361,-1.1078168233019102e-06
pair_minus_A00,703,-0.0008674203752760911,0.004070019732749135,-1.1078165712338328e-06
pair_minus_A00,704,-0.0008674258068298499,0.004070016555377285,-1.1078235080840995e-06
pair_minus_A00,705,-0.0008687740108491625,0.004069518712387084,-1.109545352297781e-06
pair_minus_A00,706,-0.0008705085635987186,0.0040688908732701284,-1.1117606176228846e-06
pair_minus_A00,707,-0.0008705608249641352,0.004068651363371013,-1.1118273626617308e-06
pair_minus_A00,708,-0.0008727862295916682,0.004068023064187888,-1.1146695141656043e-06
pair_minus_A00,709,-0.000871314288006248,0.0040669260842381835,-1.112789639854723e-06
pair_minus_A00,710,-0.0008721051041061215,0.004063565329892859,-1.1137996221023264e-06
pair_minus_A00,711,-0.0008689415503448121,0.004054547274547917,-1.1097593235565926e-06
pair_minus_A00,712,-0.0008672198828547662,0.004056256111409731,-1.107560514501617e-06
pair_minus_A00,713,-0.0008727824013907912,0.0040453388659088384,-1.1146646250201674e-06
pair_minus_A00,714,-0.0008477546697835516,0.004054807001528119,-1.0827007276929138e-06
pair_minus_A00,715,-0.0008790110572659944,0.004030413202545498,-1.122619485652611e-06
pair_minus_A00,716,-0.0009117472733455227,0.00401648364583577,-1.1644281907350226e-06
pair_minus_A00,717,-0.000900985283101921,0.0040235028576131445,-1.1506836310369362e-06
pair_minus_A00,718,-0.0009061060582484495,0.0040213649264322394,-1.1572235737528092e-06
pair_minus_A00,719,-0.0009203978575944832,0.004018038389837048,-1.1754761910529797e-06
pair_minus_A00,720,-0.0009203955188580394,0.004018038560887542,-1.17547320416097e-06
pair_minus_A00,721,-0.0009203966629886799,0.004018038259203979,-1.1754746653750701e-06
pair_minus_A00,722,-0.0009203965665599962,0.0040180391899299365,-1.1754745422222174e-06
pair_minus_A00,723,-0.0009203963223568081,0.004018039646251673,-1.1754742303407511e-06
pair_minus_A00,724,-0.0009203966032710431,0.0040180401992296715,-1.1754745891073348e-06
pair_minus_A00,725,-0.0009203963694364042,0.004018040394406883,-1.1754742904679492e-06
pair_minus_A00,726,-0.0009203952188622908,0.004018039491385092,-1.175472821024637e-06
pair_minus_A00,727,-0.0009203938734735942,0.004018038354662581,-1.1754711027759823e-06
pair_minus_A00,728,-0.0009203931996557243,0.004018037975897176,-1.1754702422167615e-06
pair_minus_A00,729,-0.0009203928481933208,0.004018037966535455,-1.175469793350346e-06
pair_minus_A00,730,-0.0009203930965308556,0.004018038693936944,-1.1754701105119484e-06
pair_minus_A00,731,-0.0009203923122968225,0.004018038196093532,-1.1754691089359163e-06
pair_minus_A00,732,-0.0009203874933380935,0.004018031400295347,-1.175462954454781e-06
pair_minus_A00,733,-0.0009203875914205323,0.004018026031472744,-1.175463079719709e-06
pair_minus_A00,734,-0.0009140859806378693,0.004020389351735622,-1.1674150455145203e-06
pair_minus_A00,735,-0.0009029817260567418,0.004025310862091786,-1.1532333666114199e-06
pair_minus_A00,736,-0.0009035355484249827,0.004025404157384258,-1.153940674872264e-06
pair_minus_A00,737,-0.0009050768027351467,0.004027853104333757,-1.1559090711815412e-06
pair_minus_A00,738,-0.0009038314421757356,0.004025789926557496,-1.1543185723828042e-06
pair_minus_A00,739,-0.0009037989117953404,0.00402586544993746,-1.1542770265585445e-06
pair_minus_A00,740,-0.0009134839313605079,0.00401825925121936,-1.1666461447771492e-06
pair_minus_A00,741,-0.0009161211435641233,0.004016282373136709,-1.1700142318826605e-06
pair_minus_A00,742,-0.0008750408400396101,0.004047369230204429,-1.117548965567829e-06
pair_minus_A00,743,-0.000877971021048079,0.004045329257737589,-1.1212912146207905e-06
pair_minus_A00,744,-0.0008443687992832703,0.004072502844962719,-1.078376499723206e-06
pair_minus_A00,745,-0.0008499076564731653,0.004067415073485608,-1.0854503914088958e-06
pair_minus_A00,746,-0.0008498963348151776,0.004067420211863191,-1.085435932075578e-06
pair_minus_A00,747,-0.0008498927923811679,0.004067416899647642,-1.085431407894212e-06
pair_minus_A00,748,-0.0008498863770179089,0.004067409576104753,-1.085423214582259e-06
pair_minus_A00,749,-0.0008498843400607941,0.004067407683498997,-1.0854206131044624e-06
pair_minus_A00,750,-0.000849883669339949,0.004067406675684902,-1.0854197565005735e-06
pair_minus_A00,751,-0.0008498828906228432,0.004067405684719157,-1.0854187619704255e-06
pair_minus_A00,752,-0.000849882012228281,0.004067405044290913,-1.08541764013829e-06
pair_minus_A00,753,-0.000849881355076966,0.004067404594899493,-1.0854168008645798e-06
pair_minus_A00,754,-0.0008498806121030713,0.004067404462792079,-1.0854158519834883e-06
pair_minus_A00,755,-0.0008498804617586785,0.004067404390997081,-1.0854156599727694e-06
pair_minus_A00,756,-0.0008498804096127107,0.004067404321216879,-1.0854155933751095e-06
pair_minus_A00,757,-0.0008498801458478827,0.004067404355426094,-1.085415256510706e-06
pair_minus_A00,758,-0.0008498799076092802,0.004067404421177389,-1.0854149522468456e-06
pair_minus_A00,759,-0.0008498797733135599,0.004067404544511017,-1.0854147807325158e-06
pair_minus_A00,760,-0.0008498797062837358,0.004067404675794146,-1.0854146951260993e-06
pair_minus_A00,761,-0.0008498797559649608,0.004067404802185265,-1.0854147585759396e-06
pair_minus_A00,762,-0.0008498797607735775,0.004067404908919488,-1.0854147647172127e-06
pair_minus_A00,763,-0.0008498797520704263,0.004067404965383051,-1.085414753602077e-06
pair_minus_A00,764,-0.0008498797972992692,0.004067405026317089,-1.0854148113656057e-06
pair_minus_A00,765,-0.0008498797297022977,0.0040674049600460255,-1.085414725034863e-06
pair_minus_A00,766,-0.0008498795950288554,0.004067404900466271,-1.0854145530381296e-06
pair_minus_A00,767,-0.0008498795777742549,0.004067404810892974,-1.0854145310016027e-06
pair_minus_A00,768,-0.0008498795285618143,0.004067404782147393,-1.0854144681504652e-06
pair_minus_A00,769,-0.0008498793832040376,0.004067404825450204,-1.0854142825083495e-06
pair_minus_A00,770,-0.0008498792741290422,0.004067404853562,-1.0854141432043962e-06
pair_minus_A00,771,-0.0008498792296488023,0.004067404922861841,-1.0854140863969377e-06
pair_minus_A00,772,-0.0008498791017483201,0.004067404913169632,-1.0854139230502172e-06
pair_minus_A00,773,-0.0008498789406495382,0.004067404878423509,-1.0854137173046465e-06
pair_minus_A00,774,-0.0008498787512652378,0.004067404836795017,-1.0854134754345312e-06
pair_minus_A00,775,-0.0008498785372130476,0.00406740464636148,-1.0854132020600862e-06
pair_minus_A00,776,-0.0008498782641559433,0.004067404454778544,-1.0854128533281524e-06
pair_minus_A00,777,-0.0008498779940320142,0.004067404262415883,-1.0854125083422914e-06
pair_minus_A00,778,-0.0008498777575929586,0.004067404211209331,-1.0854122063767031e-06
pair_minus_A00,779,-0.0008498775234729899,0.0040674041824367395,-1.0854119073729117e-06
pair_minus_A00,780,-0.0008498776147518286,0.004067404086552413,-1.0854120239486957e-06
pair_minus_A00,781,-0.0008498774047719776,0.004067403974247738,-1.085411755775195e-06
pair_minus_A00,782,-0.0008498771770613159,0.004067404027731332,-1.0854114649569807e-06
pair_minus_A00,783,-0.0008498768938865868,0.004067404113152327,-1.0854111033034313e-06
primary_A11_minus_A10,1,0.0,0.0,0.0
primary_A11_minus_A10,2,2.9786341388198183e-09,0.0,3.804130445491466e-12
primary_A11_minus_A10,3,6.986405852169164e-09,0.0,8.922612838019366e-12
primary_A11_minus_A10,4,5.806860075053805e-09,0.0,7.416168678229636e-12
primary_A11_minus_A10,5,1.1097814574910164e-08,0.0,1.4173454118659214e-11
primary_A11_minus_A10,6,1.7072728190776783e-08,0.0,2.1804250562933313e-11
primary_A11_minus_A10,7,1.2646174032766294e-08,0.0,1.6150924690633835e-11
primary_A11_minus_A10,8,7.822142281351113e-09,0.0,9.989964599426709e-12
primary_A11_minus_A10,9,2.4075974049729088e-09,0.0,3.074837043388134e-12
primary_A11_minus_A10,10,-3.074105291145978e-10,0.0,-3.926060397376728e-13
primary_A11_minus_A10,11,-1.7922590463251917e-09,0.0,-2.2889642992658898e-12
primary_A11_minus_A10,12,-5.387459367632116e-09,0.0,-6.880535590845614e-12
primary_A11_minus_A10,13,-1.0092729557729591e-08,0.0,-1.2889820635669976e-11
primary_A11_minus_A10,14,-1.765728850316205e-08,0.0,-2.25508154574228e-11
primary_A11_minus_A10,15,-2.920968199855183e-08,0.0,-3.73048301386358e-11
primary_A11_minus_A10,16,-4.7646616135191e-08,0.0,-6.085136160305364e-11
primary_A11_minus_A10,17,-6.721593923785223e-08,0.0,-8.584411141488152e-11
primary_A11_minus_A10,18,-9.358284516694698e-08,0.0,-1.195183207751558e-10
primary_A11_minus_A10,19,-1.2394753054138072e-07,0.0,-1.5829825101070335e-10
primary_A11_minus_A10,20,-1.5404347471396245e-07,0.0,-1.96734961320514e-10
primary_A11_minus_A10,21,-1.7518271110289513e-07,0.0,-2.2373270894367194e-10
primary_A11_minus_A10,22,-1.8787090179934683e-07,0.0,-2.399372947628951e-10
primary_A11_minus_A10,23,-1.9556786371148425e-07,0.0,-2.497673866047053e-10
primary_A11_minus_A10,24,-1.9666630796933013e-07,0.0,-2.511702528343935e-10
primary_A11_minus_A10,25,-1.873191503594593e-07,0.0,-2.3923263136584837e-10
primary_A11_minus_A10,26,-1.6696296260081863e-07,0.0,-2.132349458503431e-10
primary_A11_minus_A10,27,-1.341987785600522e-07,0.0,-1.7139052178806153e-10
primary_A11_minus_A10,28,-9.3484424311575e-08,0.0,-1.1939262364185825e-10
primary_A11_minus_A10,29,-4.249136564174089e-08,0.0,-5.426738906991173e-11
primary_A11_minus_A10,30,1.760167006090926e-08,0.0,2.2479782964124214e-11
primary_A11_minus_A10,31,1.9269451975405244e-08,0.0,2.460977263781002e-11
primary_A11_minus_A10,32,4.699881408462523e-08,0.0,6.002402820514078e-11
primary_A11_minus_A10,33,1.187971116175275e-07,0.0,1.5172044906453065e-10
primary_A11_minus_A10,34,3.0913845823414584e-07,0.0,3.9481284576519264e-10
primary_A11_minus_A10,35,5.691377200405964e-07,0.0,7.268680971144271e-10
primary_A11_minus_A10,36,1.0624881835522524e-06,0.0,1.3569453174358267e-09
primary_A11_minus_A10,37,2.304119190437583e-06,0.0,2.942680958413261e-09
primary_A11_minus_A10,38,3.7584420020186957e-06,0.0,4.800053642424899e-09
primary_A11_minus_A10,39,5.202505227658909e-06,0.0,6.644323406971786e-09
primary_A11_minus_A10,40,6.462656235618706e-06,0.0,8.25371166745684e-09
primary_A11_minus_A10,41,7.732713820231558e-06,0.0,9.875752005404289e-09
primary_A11_minus_A10,42,8.833441747447729e-06,0.0,1.1281534798783817e-08
primary_A11_minus_A10,43,9.737557324506778e-06,0.0,1.2436216250966511e-08
primary_A11_minus_A10,44,1.0565073418719917e-05,0.0,1.3493069500280864e-08
primary_A11_minus_A10,45,1.1264644357023714e-05,0.0,1.4386518974487502e-08
primary_A11_minus_A10,46,1.19138888925515e-05,0.0,1.5215694626502553e-08
primary_A11_minus_A10,47,1.248524995303197e-05,0.0,1.5945402238865863e-08
primary_A11_minus_A10,48,1.3044864295883915e-05,0.0,1.6660107657578437e-08
primary_A11_minus_A10,49,1.3565586584143583e-05,0.0,1.732514250848478e-08
primary_A11_minus_A10,50,1.3581155062383267e-05,0.0,1.734502562245628e-08
primary_A11_minus_A10,51,1.3623130954453048e-05,0.0,1.7398634680016663e-08
primary_A11_minus_A10,52,1.3681550318896183e-05,0.0,1.747324434086358e-08
primary_A11_minus_A10,53,1.3748547776328841e-05,0.0,1.7558809420598777e-08
primary_A11_minus_A10,54,1.3816407001583885e-05,0.0,1.7645475097808283e-08
primary_A11_minus_A10,55,1.3892222855083524e-05,0.0,1.7742302496913822e-08
primary_A11_minus_A10,56,1.3973448889564147e-05,0.0,1.7846039450273496e-08
primary_A11_minus_A10,57,1.4059294998937437e-05,0.0,1.7955676882423292e-08
primary_A11_minus_A10,58,1.4143698602648383e-05,0.0,1.8063472034033694e-08
primary_A11_minus_A10,59,1.4227545066851586e-05,0.0,1.8170555640934338e-08
primary_A11_minus_A10,60,1.581545168942981e-05,0.0,2.019853344754765e-08
primary_A11_minus_A10,61,1.796070841911718e-05,0.0,2.293832492862986e-08
primary_A11_minus_A10,62,2.1429680009705125e-05,0.0,2.7368684559010375e-08
primary_A11_minus_A10,63,2.9511043725147878e-05,0.0,3.768971101551453e-08
primary_A11_minus_A10,64,5.896121906489633e-05,0.0,7.530168462949723e-08
primary_A11_minus_A10,65,0.0001618905033196251,0.0,2.067567092204663e-07
primary_A11_minus_A10,66,-0.0012862786796752122,0.00885005577699101,-1.6427569344511012e-06
primary_A11_minus_A10,67,-0.002202039324352193,0.014490627999556185,-2.812310759070489e-06
primary_A11_minus_A10,68,-0.0018275489858859322,0.010273420204887598,-2.334034464732991e-06
primary_A11_minus_A10,69,-0.002573259736292892,0.013717438542293995,-3.286410902034345e-06
primary_A11_minus_A10,70,-0.002611910002157654,0.012977259353214124,-3.3357726719765697e-06
primary_A11_minus_A10,71,-0.002651253196198037,0.012487429931058143,-3.3860194076603283e-06
primary_A11_minus_A10,72,-0.003463684828478838,0.013262339750623374,-4.423607699206689e-06
primary_A11_minus_A10,73,-0.004395676759327811,0.014557117584879448,-5.613891135795416e-06
primary_A11_minus_A10,74,-0.005751837309358316,0.01654616905084421,-7.345896946817773e-06
primary_A11_minus_A10,75,-0.00603200655766528,0.017316326231781535,-7.703712078755146e-06
primary_A11_minus_A10,76,-0.009089211493900186,0.028620975166988527,-1.1608188370242894e-05
primary_A11_minus_A10,77,-0.00899596150327993,0.028204338944166997,-1.1489095151059937e-05
primary_A11_minus_A10,78,-0.008996234171938502,0.028204088683984236,-1.1489443386894638e-05
primary_A11_minus_A10,79,-0.008996442190170243,0.02820415610265988,-1.148970905513441e-05
primary_A11_minus_A10,80,-0.008996587465055597,0.02820407091863887,-1.1489894591386459e-05
primary_A11_minus_A10,81,-0.008996828568042315,0.02820410344030496,-1.1490202513464003e-05
primary_A11_minus_A10,82,-0.008997071111068133,0.02820410148217688,-1.1490512274671945e-05
primary_A11_minus_A10,83,-0.008997458344072597,0.028204305148458224,-1.1491006825124644e-05
primary_A11_minus_A10,84,-0.008997931307104504,0.02820462746660376,-1.149161086475671e-05
primary_A11_minus_A10,85,-0.008998391403706946,0.028204913453632012,-1.1492198472167237e-05
primary_A11_minus_A10,86,-0.008998420680861418,0.028204983683762664,-1.1492235863169115e-05
primary_A11_minus_A10,87,-0.008998840723035148,0.028204812390497946,-1.1492772315498273e-05
primary_A11_minus_A10,88,-0.008995715160703324,0.028206066753541762,-1.148878053729671e-05
primary_A11_minus_A10,89,-0.008982251997971749,0.02821092184444243,-1.1471586204306192e-05
primary_A11_minus_A10,90,-0.008934013987148994,0.02822820250666637,-1.1409979549360145e-05
primary_A11_minus_A10,91,-0.0088673100892789,0.028245018462484856,-1.1324789386052235e-05
primary_A11_minus_A10,92,-0.008766527586449845,0.0282901123188408,-1.1196076100191372e-05
primary_A11_minus_A10,93,-0.008644036913465365,0.028276782413449338,-1.1039638459087311e-05
primary_A11_minus_A10,94,-0.008785811873069501,0.029335891745246118,-1.1220704818734996e-05
primary_A11_minus_A10,95,-0.010224045421461717,0.036842329051480105,-1.3057529273897468e-05
primary_A11_minus_A10,96,-0.010266437431351595,0.03666858425231659,-1.3111669771841118e-05
primary_A11_minus_A10,97,-0.00912853476077389,0.03368009279025182,-1.165840965616078e-05
primary_A11_minus_A10,98,-0.009068604725973997,0.036544506277875886,-1.1581870658970623e-05
primary_A11_minus_A10,99,-0.006292368120512113,0.03353789715616305,-8.036230038968216e-06
primary_A11_minus_A10,100,-0.009510057263243304,0.04292421807709429,-1.2145667002865012e-05
primary_A11_minus_A10,101,-0.011533396625054211,0.04438460550485854,-1.4729753033274855e-05
primary_A11_minus_A10,102,-0.010714147534677095,0.044370615581053985,-1.3683457898693608e-05
primary_A11_minus_A10,103,-0.009546058180679782,0.038718238420085954,-1.219164518605336e-05
primary_A11_minus_A10,104,-0.00958350214465252,0.03894443436853993,-1.2239466340552387e-05
primary_A11_minus_A10,105,-0.009570676412193242,0.03894912823066711,-1.2223086094755097e-05
primary_A11_minus_A10,106,-0.009565421280913746,0.03894930731354324,-1.2216374560553954e-05
primary_A11_minus_A10,107,-0.009565898401312717,0.03894963947792455,-1.22169839097225e-05
primary_A11_minus_A10,108,-0.009565960840344247,0.0389497743086029,-1.2217063653057787e-05
primary_A11_minus_A10,109,-0.009566145545170296,0.03894984181816327,-1.2217299546833073e-05
primary_A11_minus_A10,110,-0.009566329778113399,0.038949892955534804,-1.2217534837948147e-05
primary_A11_minus_A10,111,-0.009566477092018213,0.03894991313472376,-1.2217722978311894e-05
primary_A11_minus_A10,112,-0.009566676083845432,0.03895010381301108,-1.2217977118576541e-05
primary_A11_minus_A10,113,-0.009566972648420054,0.038950454601561574,-1.2218355872822546e-05
primary_A11_minus_A10,114,-0.00956715440607536,0.03895086444801999,-1.2218588002650524e-05
primary_A11_minus_A10,115,-0.009565059543796557,0.03895100321175901,-1.221591257189854e-05
primary_A11_minus_A10,116,-0.009523807670993976,0.03896619367056769,-1.216322818773177e-05
primary_A11_minus_A10,117,-0.009440459193303958,0.03899566354438637,-1.2056780578932257e-05
primary_A11_minus_A10,118,-0.009194023794661235,0.0390877921553626,-1.1742048269043724e-05
primary_A11_minus_A10,119,-0.01035706313858632,0.03956383324429539,-1.3227411415819053e-05
primary_A11_minus_A10,120,-0.008826277897113172,0.040959731514651945,-1.1272385564640067e-05
primary_A11_minus_A10,121,-0.011775363054762594,0.044774732261690875,-1.5038777847717234e-05
primary_A11_minus_A10,122,-0.012883484668122738,0.04689487975397529,-1.645400340756416e-05
primary_A11_minus_A10,123,-0.015765732147496273,0.04763692440103012,-2.0135034671131894e-05
primary_A11_minus_A10,124,-0.014439965979900136,0.04884028494999557,-1.8441846717624693e-05
primary_A11_minus_A10,125,-0.009969243790434599,0.044517295191804106,-1.2732112120606129e-05
primary_A11_minus_A10,126,-0.013369576400789163,0.04382878553179,-1.7074810218121537e-05
primary_A11_minus_A10,127,-0.014099088942990074,0.059225600366392545,-1.8006499288620783e-05
primary_A11_minus_A10,128,-0.0121905070035223,0.06724676437941528,-1.5568974461714304e-05
primary_A11_minus_A10,129,-0.01028912057624462,0.07437556988050524,-1.3140639305548685e-05
primary_A11_minus_A10,130,-0.010769306548414691,0.07299728312869849,-1.3753903637822083e-05
primary_A11_minus_A10,131,-0.013807270846440867,0.07642855683127397,-1.7633806955863176e-05
primary_A11_minus_A10,132,-0.012651231400812148,0.07748944305746337,-1.615738365365536e-05
primary_A11_minus_A10,133,-0.008250774329176456,0.07321977332445177,-1.0537387393584235e-05
primary_A11_minus_A10,134,-0.013361809464396274,0.0777357415511718,-1.7064890759126786e-05
primary_A11_minus_A10,135,-0.01313826678897469,0.07748028024723631,-1.6779395643645836e-05
primary_A11_minus_A10,136,-0.01313687818085092,0.0774772021496736,-1.677762219776618e-05
primary_A11_minus_A10,137,-0.01313762914886706,0.07747756232099737,-1.6778581288463677e-05
primary_A11_minus_A10,138,-0.013138311170315827,0.07747787129634044,-1.6779452324796714e-05
primary_A11_minus_A10,139,-0.013138475051208012,0.07747853199662713,-1.6779661623509594e-05
primary_A11_minus_A10,140,-0.013138996904116,0.07747914111332826,-1.6780328102319285e-05
primary_A11_minus_A10,141,-0.013138703613322285,0.07747900100386103,-1.6779953529147235e-05
primary_A11_minus_A10,142,-0.013137419424443565,0.07747742556466201,-1.677831344117952e-05
primary_A11_minus_A10,143,-0.013115017580261783,0.07747825628152556,-1.674970316763957e-05
primary_A11_minus_A10,144,-0.012904991210249406,0.07697811588517224,-1.6481470255746368e-05
primary_A11_minus_A10,145,-0.012742154816619387,0.07703099233270513,-1.6273505512923867e-05
primary_A11_minus_A10,146,-0.011733657861187907,0.07475105356307765,-1.4985514509818529e-05
primary_A11_minus_A10,147,-0.013914265117805929,0.06940829955217187,-1.7770453534873473e-05
primary_A11_minus_A10,148,-0.016346913034249826,0.07398348417195733,-2.0877283568646012e-05
primary_A11_minus_A10,149,-0.01892441695177046,0.08303314078112702,-2.41691148809329e-05
primary_A11_minus_A10,150,-0.012825554624753085,0.08462829098046973,-1.6380018677845575e-05
primary_A11_minus_A10,151,-0.014448097038213712,0.09370682839859688,-1.845223121100091e-05
primary_A11_minus_A10,152,-0.00957356684756491,0.10971378692116335,-1.2226777583096947e-05
primary_A11_minus_A10,153,-0.015263061832196929,0.134550918393357,-1.949305470267807e-05
primary_A11_minus_A10,154,-0.01328888547261683,0.13341379659771438,-1.697175667000872e-05
primary_A11_minus_A10,155,-0.008466010359983482,0.137996024683581,-1.0812273767539568e-05
primary_A11_minus_A10,156,-0.013527520821913296,0.15462666636858122,-1.7276527231051462e-05
primary_A11_minus_A10,157,-0.0001486537127211732,0.152648907149491,-1.8985148495679847e-07
primary_A11_minus_A10,158,-0.0007547644459571243,0.16052905727479413,-9.639392668673362e-07
primary_A11_minus_A10,159,-0.008302325220991167,0.15508529972889368,-1.0603225058737122e-05
primary_A11_minus_A10,160,-0.006104634532905162,0.15559804304316982,-7.796468113544268e-06
primary_A11_minus_A10,161,-0.005518536727355935,0.1566995920633017,-7.0479396262527905e-06
primary_A11_minus_A10,162,-0.0028927527154303315,0.15743822620381895,-3.694447912426988e-06
primary_A11_minus_A10,163,-0.005085508401651092,0.15601296224715575,-6.4949021732453274e-06
primary_A11_minus_A10,164,-0.00506224748916273,0.1560205352594691,-6.465194749888544e-06
primary_A11_minus_A10,165,-0.005062990173842671,0.15602056606234166,-6.466143261612606e-06
primary_A11_minus_A10,166,-0.005063456004887569,0.15602049028314038,-6.46673819270443e-06
primary_A11_minus_A10,167,-0.005063837389160639,0.15602043902559368,-6.467225273512949e-06
primary_A11_minus_A10,168,-0.005064383573339437,0.1560205268720145,-6.467922826742576e-06
primary_A11_minus_A10,169,-0.005064538528740222,0.15602055226837414,-6.468120726360437e-06
primary_A11_minus_A10,170,-0.005054474523598796,0.15602372261144215,-6.45526759080306e-06
primary_A11_minus_A10,171,-0.004933968979065768,0.15606999213985748,-6.301365235077609e-06
primary_A11_minus_A10,172,-0.004557085032347006,0.15625032616024315,-5.820031969791834e-06
primary_A11_minus_A10,173,-0.006907707897055632,0.15764258348908064,-8.822104593940782e-06
primary_A11_minus_A10,174,0.0005185849069301671,0.1583849654795831,6.623051174076209e-07
primary_A11_minus_A10,175,0.0010654550031596816,0.17649825077901618,1.360734359080053e-06
primary_A11_minus_A10,176,0.00033283596680925946,0.17925028486458677,4.250778631025025e-07
primary_A11_minus_A10,177,0.0036153999347085207,0.18309093510124208,4.617369009844854e-06
primary_A11_minus_A10,178,0.004371412584537448,0.18806542578939672,5.582902406816664e-06
primary_A11_minus_A10,179,0.012657604021826252,0.17097042026287473,1.6165522377811304e-05
primary_A11_minus_A10,180,0.002087759848117293,0.1833403658167206,2.666359959281345e-06
primary_A11_minus_A10,181,0.021826480078330275,0.20136740520076785,2.7875453484457566e-05
primary_A11_minus_A10,182,0.03532336726833289,0.20030289824464503,4.5112857303107144e-05
primary_A11_minus_A10,183,0.04163708962968036,0.19233078166842998,5.317635968030697e-05
primary_A11_minus_A10,184,0.03968571870482823,0.1821631737301824,5.0684187362488166e-05
primary_A11_minus_A10,185,0.048550161029572186,0.17731467690524272,6.2005314214013e-05
primary_A11_minus_A10,186,0.05777245854042307,0.1718826512593432,7.378347195456332e-05
primary_A11_minus_A10,187,0.08875098912374438,0.2503419151902242,0.00011334736797413075
primary_A11_minus_A10,188,0.07699541127820664,0.2531335649963997,9.83338585928565e-05
primary_A11_minus_A10,189,0.0799772212608628,0.25750679799056214,0.0001021420450330304
primary_A11_minus_A10,190,0.08001346962689274,0.257419944388914,0.00010218833924251946
primary_A11_minus_A10,191,0.08143164849594992,0.2566090498454478,0.0001039995510803958
primary_A11_minus_A10,192,0.08151603728730465,0.2566180134661655,0.00010410732731456533
primary_A11_minus_A10,193,0.0815228061719618,0.25661707303570636,0.00010411597212255657
primary_A11_minus_A10,194,0.08152269898102338,0.25661714786302187,0.00010411583522480635
primary_A11_minus_A10,195,0.08152256227492896,0.2566172504494462,0.00010411566063209318
primary_A11_minus_A10,196,0.08152423399828604,0.25661752304154045,0.00010411779565553773
primary_A11_minus_A10,197,0.08157395657177029,0.2566204042104268,0.00010418129830366576
primary_A11_minus_A10,198,0.08191247476186257,0.25664025310483346,0.00010461363315691261
primary_A11_minus_A10,199,0.08245519272248723,0.25667415884592054,0.00010530675954340643
primary_A11_minus_A10,200,0.08323068601593173,0.25682714935473433,0.00010629717243414013
primary_A11_minus_A10,201,0.07988927947530729,0.2610317280193834,0.00010202973113066065
primary_A11_minus_A10,202,0.09390680138165908,0.2732030034890031,0.00011993205795869614
primary_A11_minus_A10,203,0.09832168776253933,0.25674629671139304,0.00012557048245535036
primary_A11_minus_A10,204,0.07716720298953093,0.2594241000745901,9.855326052302801e-05
primary_A11_minus_A10,205,0.08564899373212659,0.25325940575156963,0.00010938568803592157
primary_A11_minus_A10,206,0.07760818677014264,0.2712097390933987,9.911645819941589e-05
primary_A11_minus_A10,207,0.03125185033099773,0.42646796795976866,3.991296338569314e-05
primary_A11_minus_A10,208,0.040563785482054866,0.42791551368894337,5.180560087107901e-05
primary_A11_minus_A10,209,0.02343040701793725,0.4215616109339893,2.992389146607567e-05
primary_A11_minus_A10,210,0.023147370067272584,0.4256778388187726,2.9562413879019902e-05
primary_A11_minus_A10,211,0.06253077048803661,0.427332621130413,7.986049870758187e-05
primary_A11_minus_A10,212,0.08456570123556405,0.4165037668401624,0.00010800217271464119
primary_A11_minus_A10,213,0.08910260116869431,0.4514098079615682,0.00011379642550280245
primary_A11_minus_A10,214,0.10351605548089345,0.4725846344387893,0.00013220441313013212
primary_A11_minus_A10,215,0.14436932177011919,0.6510215527548072,0.0001843797212900628
primary_A11_minus_A10,216,0.1292380842233014,0.6544247814369495,0.00016505502455083193
primary_A11_minus_A10,217,0.12579584774758062,0.6532565536038185,0.0001606588093838833
primary_A11_minus_A10,218,0.13096971672833244,0.6550471453676453,0.0001672665603171551
primary_A11_minus_A10,219,0.13703071288577118,0.6558420588947005,0.00017500729615041018
primary_A11_minus_A10,220,0.136754924220515,0.6558317588067324,0.00017465507563284164
primary_A11_minus_A10,221,0.1367542670087225,0.6558327790580833,0.00017465423628189338
primary_A11_minus_A10,222,0.1367546340752779,0.6558322655286296,0.0001746547050769833
primary_A11_minus_A10,223,0.1367548689929331,0.6558314851248985,0.0001746550050995314
primary_A11_minus_A10,224,0.13675492171649611,0.6558310230009071,0.00017465507243486094
primary_A11_minus_A10,225,0.13674842170285006,0.6558372678870221,0.0001746467710125799
primary_A11_minus_A10,226,0.136827791153465,0.6558252540185474,0.00017474813684989143
primary_A11_minus_A10,227,0.13740013617924443,0.6556827411057976,0.00017547910112291753
primary_A11_minus_A10,228,0.12792357159963402,0.6588645409431524,0.00016337620893950704
primary_A11_minus_A10,229,0.13915036329449537,0.652585807656301,0.00017771438479501325
primary_A11_minus_A10,230,0.16844361402366176,0.6573692072010825,0.0002151259438360942
primary_A11_minus_A10,231,0.18077658833728832,0.6691481272558127,0.0002308768688854257
primary_A11_minus_A10,232,0.1926482555514456,0.670033088049528,0.0002460386405510161
primary_A11_minus_A10,233,0.1911763307117673,0.6710468459380569,0.00024415878762677816
primary_A11_minus_A10,234,0.21539476733462237,0.6829034358288321,0.000275089102598496
primary_A11_minus_A10,235,0.2144745626259099,0.6814744504250044,0.00027391387308545325
primary_A11_minus_A10,236,0.2266886068418414,0.6788045851967773,0.00028951290784398647
primary_A11_minus_A10,237,0.20961663813271547,0.692859114506886,0.00026770962724484735
primary_A11_minus_A10,238,0.20883944271904661,0.6955962958344771,0.0002667170405096381
primary_A11_minus_A10,239,0.20021102325111406,0.6804568200669989,0.00025569734770257223
primary_A11_minus_A10,240,0.19317988844164413,0.6853707794781558,0.0002467176097594433
primary_A11_minus_A10,241,0.18863250559899675,0.6921137332494832,0.00024090996883652203
primary_A11_minus_A10,242,0.19228930498708807,0.6870609489698769,0.00024558021071147904
primary_A11_minus_A10,243,0.24636258059491267,0.8701781840386494,0.0003146393111046139
primary_A11_minus_A10,244,0.251347284236208,0.867237161097787,0.0003210054715660383
primary_A11_minus_A10,245,0.2525378567736825,0.8668163707495203,0.00032252599843382183
primary_A11_minus_A10,246,0.2595364347559591,0.865407006705653,0.00033146415677644844
primary_A11_minus_A10,247,0.26686794772314226,0.8684109401130774,0.00034082751944207186
primary_A11_minus_A10,248,0.2722455903190053,0.8665932683404859,0.0003476955176487935
primary_A11_minus_A10,249,0.27225154038928717,0.8665902081930553,0.00034770311671684185
primary_A11_minus_A10,250,0.2722520786515611,0.8665901337715725,0.00034770380415269613
primary_A11_minus_A10,251,0.27225274808023764,0.8665905502918558,0.00034770465910630605
primary_A11_minus_A10,252,0.2722534016804973,0.8665910687059337,0.0003477054938448241
primary_A11_minus_A10,253,0.2722538891327738,0.8665910484047741,0.0003477061163892386
primary_A11_minus_A10,254,0.272256095433655,0.8666013304463117,0.00034770893414259895
primary_A11_minus_A10,255,0.2724878326162267,0.8664605518153623,0.00034800489478445303
primary_A11_minus_A10,256,0.27841573332156594,0.8705342665917283,0.0003555756491974022
primary_A11_minus_A10,257,0.286014198922356,0.8694314044817784,0.0003652799475381303
primary_A11_minus_A10,258,0.26471148595086275,0.871051086128376,0.00033807341756176597
primary_A11_minus_A10,259,0.280648060336707,0.8834044041631084,0.0003584266415539042
primary_A11_minus_A10,260,0.24812361035223712,0.868006276657141,0.00031688839125445356
primary_A11_minus_A10,261,0.2374537465848756,0.8857597533483575,0.0003032614898912843
primary_A11_minus_A10,262,0.22488442378297213,0.8925762572756047,0.00028720871492078176
primary_A11_minus_A10,263,0.22174550900901716,0.8948804414372175,0.00028319988379184823
primary_A11_minus_A10,264,0.2662028659882427,0.9109058024155943,0.00033997811748179144
primary_A11_minus_A10,265,0.2781402482137221,0.9213382990786154,0.0003552238163649069
primary_A11_minus_A10,266,0.27917439181043735,0.923928639846119,0.0003565445616991537
primary_A11_minus_A10,267,0.27959385232000983,0.9402217762969818,0.00035708027116220924
primary_A11_minus_A10,268,0.2884638093205762,0.9406321592885357,0.00036840844102244727
primary_A11_minus_A10,269,0.3090617517537691,0.9569343531407837,0.0003947148809115825
primary_A11_minus_A10,270,0.3319965527247675,0.9400092055117728,0.0004240058144633046
primary_A11_minus_A10,271,0.3358681271488535,1.0138874182187654,0.0004289503539576673
primary_A11_minus_A10,272,0.34049255526849326,1.0118121460220975,0.00043485639242464016
primary_A11_minus_A10,273,0.33325512960628195,1.014293107328606,0.00042561319234518766
primary_A11_minus_A10,274,0.33734118819522735,1.0153640967771878,0.0004308316579760247
primary_A11_minus_A10,275,0.3366699657947132,1.0160394009058695,0.0004299744135309236
primary_A11_minus_A10,276,0.31665356215485463,1.0317138131593782,0.00040441067963582967
primary_A11_minus_A10,277,0.31665328152720024,1.0317127139230522,0.00040441032123524935
primary_A11_minus_A10,278,0.31665379959917783,1.0317128128649096,0.00040441098288528457
primary_A11_minus_A10,279,0.3166543844387464,1.0317128836630025,0.00040441172980682806
primary_A11_minus_A10,280,0.31665505776175273,1.0317129616761296,0.00040441258973403926
primary_A11_minus_A10,281,0.3166557328853784,1.0317129486782202,0.00040441345196089195
primary_A11_minus_A10,282,0.31666520540256354,1.0317076476136473,0.0004044255496839892
primary_A11_minus_A10,283,0.3168032579856093,1.0315990835739686,0.0004046018620505866
primary_A11_minus_A10,284,0.3226306046656331,1.030965848366458,0.0004120441949752658
primary_A11_minus_A10,285,0.3182509932884231,1.029362185105736,0.0004064508215688673
primary_A11_minus_A10,286,0.2938094883087836,1.0467957290508911,0.0003752356172525972
primary_A11_minus_A10,287,0.3143848772958239,1.0543934311969534,0.00040151325325137147
primary_A11_minus_A10,288,0.31273537232957893,1.057727271416313,0.00039940660578490286
primary_A11_minus_A10,289,0.3085757763359314,1.0643835823975747,0.0003940942226512534
primary_A11_minus_A10,290,0.31411843544483203,1.0574919000803527,0.00040117296991677145
primary_A11_minus_A10,291,0.3385302264525076,1.0653365548156135,0.0004323502253544158
primary_A11_minus_A10,292,0.3465344227413555,1.0665779975465592,0.0004425726982648218
primary_A11_minus_A10,293,0.36639469101132427,1.0731294767627297,0.00046793702555724683
primary_A11_minus_A10,294,0.36693688543790914,1.1244044092284418,0.00046862948331789165
primary_A11_minus_A10,295,0.3616488638338172,1.0362591880612932,0.0004618759435936363
primary_A11_minus_A10,296,0.3923873019434172,1.0598044742956585,0.0005011332081014268
primary_A11_minus_A10,297,0.42737273762506783,1.0779547253478126,0.0005458144797255017
primary_A11_minus_A10,298,0.42428188004067924,1.081687448585882,0.000541867024317598
primary_A11_minus_A10,299,0.441399027214481,1.081502919131545,0.0005637280041053397
primary_A11_minus_A10,300,0.4378707419143262,1.0831956855433633,0.0005592218926108891
primary_A11_minus_A10,301,0.44913845430282284,1.0912162965643348,0.0005736123298886626
primary_A11_minus_A10,302,0.442402289079461,1.0892877497004059,0.0005650093091691712
primary_A11_minus_A10,303,0.45003957378702475,1.0909429865646059,0.0005747631849131862
primary_A11_minus_A10,304,0.4476644870106701,1.0933406116932753,0.0005717298684682887
primary_A11_minus_A10,305,0.44766494594578754,1.09333981667808,0.0005717304545923213
primary_A11_minus_A10,306,0.4476656657549979,1.093339903034421,0.0005717313738888862
primary_A11_minus_A10,307,0.44766653513560717,1.0933399414361336,0.0005717324842089491
primary_A11_minus_A10,308,0.44766748262320877,1.093339998460111,0.0005717336942825143
primary_A11_minus_A10,309,0.4476682772735244,1.0933400352951457,0.0005717347091615892
primary_A11_minus_A10,310,0.44766881044387774,1.0933399890057975,0.0005717353900943522
primary_A11_minus_A10,311,0.44864946546537143,1.0920396260906182,0.0005729878230719942
primary_A11_minus_A10,312,0.447606684389822,1.093418402592484,0.0005716560464748685
primary_A11_minus_A10,313,0.4612577977089542,1.0888553869972344,0.0005890904185299543
primary_A11_minus_A10,314,0.47389807089383607,1.109885504250361,0.0006052338070163934
primary_A11_minus_A10,315,0.47180380387409626,1.119142186957675,0.0006025591364930986
primary_A11_minus_A10,316,0.5042984029698802,1.1312518629108959,0.0006440592630522097
primary_A11_minus_A10,317,0.562485680729401,1.2546173333885122,0.0007183725168957867
primary_A11_minus_A10,318,0.5671293631825386,1.2503753390487111,0.0007243031458269969
primary_A11_minus_A10,319,0.6147982388413784,1.2224089879297457,0.0007851829359404578
primary_A11_minus_A10,320,0.5947851757099096,1.2221927984346244,0.0007596234683396036
primary_A11_minus_A10,321,0.6249723959360513,1.2118439635601932,0.000798176750876183
primary_A11_minus_A10,322,0.6278886900189697,1.2207318458415677,0.0008019012643920431
primary_A11_minus_A10,323,0.6272219636880727,1.2294814542399546,0.0008010497620537327
primary_A11_minus_A10,324,0.643648990840915,1.2370941121471835,0.0008220293625043614
primary_A11_minus_A10,325,0.6571589028967086,1.247414000021034,0.0008392834008897939
primary_A11_minus_A10,326,0.6559240158452821,1.2935494414402549,0.0008377062782187511
primary_A11_minus_A10,327,0.6636911983316569,1.3417449708654172,0.0008476260515091404
primary_A11_minus_A10,328,0.661337310146753,1.3388958702822846,0.0008446198086165428
primary_A11_minus_A10,329,0.6637242432587658,1.3372231937627526,0.0008476682544811823
primary_A11_minus_A10,330,0.6798504550042359,1.3349181687265952,0.0008682636717806334
primary_A11_minus_A10,331,0.6933291012868937,1.3347646685118144,0.0008854777794213202
primary_A11_minus_A10,332,0.6933294995871111,1.3347649786035882,0.0008854782881061444
primary_A11_minus_A10,333,0.6933298528054088,1.334764992489435,0.0008854787392150815
primary_A11_minus_A10,334,0.6933312099936426,1.3347649401807677,0.0008854804725333878
primary_A11_minus_A10,335,0.6933325461039848,1.3347648986128857,0.0008854821789322922
primary_A11_minus_A10,336,0.6933338415733139,1.3347648896624165,0.0008854838334269654
primary_A11_minus_A10,337,0.6933354755597585,1.3347646746676962,0.0008854859202551194
primary_A11_minus_A10,338,0.6933356661735344,1.334764318169352,0.0008854861636954462
primary_A11_minus_A10,339,0.692836610294653,1.335583443148065,0.0008848487998654573
primary_A11_minus_A10,340,0.692348757221854,1.3363811334892972,0.0008842257435783575
primary_A11_minus_A10,341,0.694600538878994,1.3368390157603973,0.0008871015822209374
primary_A11_minus_A10,342,0.6818158891503978,1.4590692459022583,0.0008707738047897801
primary_A11_minus_A10,343,0.6902180780635896,1.4544207341167008,0.0008815045696852996
primary_A11_minus_A10,344,0.6952245055827277,1.4584755611585212,0.0008878984745628707
primary_A11_minus_A10,345,0.7094161376318466,1.5157539377515188,0.0009060231642807748
primary_A11_minus_A10,346,0.7099165390117388,1.551584595550212,0.0009066622465028593
primary_A11_minus_A10,347,0.701907111097988,1.551107514159855,0.0008964330920791673
primary_A11_minus_A10,348,0.6808489743000201,1.550858621387137,0.0008695389199233973
primary_A11_minus_A10,349,0.673523195524118,1.5552338904726364,0.0008601828806182861
primary_A11_minus_A10,350,0.6490200988748398,1.559319747328977,0.0008288890151658235
primary_A11_minus_A10,351,0.6439186866154297,1.5592343878298573,0.000822373801552273
primary_A11_minus_A10,352,0.7644446380996207,1.7779322820256431,0.0009763022197951733
primary_A11_minus_A10,353,0.7675279372587555,1.7624137529069384,0.0009802400220418333
primary_A11_minus_A10,354,0.7751673681779284,1.7447339083592397,0.0009899966387968435
primary_A11_minus_A10,355,0.7878625466281233,1.7531075452446294,0.001006210148950349
primary_A11_minus_A10,356,0.8069736218205894,1.7752077810702422,0.001030617652389003
primary_A11_minus_A10,357,0.7842047330564961,1.8237670204843097,0.001001538611821834
primary_A11_minus_A10,358,0.790079759316613,1.8440774303719096,0.0010090418382076795
primary_A11_minus_A10,359,0.7881829435307033,1.844092164780106,0.0010066193403968113
primary_A11_minus_A10,360,0.7881877825512624,1.8440907288198891,0.0010066255204996967
primary_A11_minus_A10,361,0.7881881756862887,1.8440905155420466,0.0010066260225878529
primary_A11_minus_A10,362,0.7881892571561622,1.84409033628967,0.0010066274037754306
primary_A11_minus_A10,363,0.7881901520016213,1.8440902559316947,0.0010066285466176518
primary_A11_minus_A10,364,0.788191101688918,1.8440901750252665,0.0010066297595005338
primary_A11_minus_A10,365,0.7881920319197926,1.8440900796868405,0.0010066309475348565
primary_A11_minus_A10,366,0.7881931032667696,1.8440899737225958,0.0010066323157940863
primary_A11_minus_A10,367,0.7880417206223821,1.8442770321655104,0.0010064389790835021
primary_A11_minus_A10,368,0.788423194552343,1.8438077101725943,0.0010069261743963513
primary_A11_minus_A10,369,0.7771808477567534,1.8596716738712784,0.000992568132511818
primary_A11_minus_A10,370,0.7737439508713817,1.9086246782851726,0.0009881787367450596
primary_A11_minus_A10,371,0.7654405666664128,1.9190184244531983,0.0009775741592163638
primary_A11_minus_A10,372,0.7609042744842053,1.9196859923687062,0.0009717806826107348
primary_A11_minus_A10,373,0.8146595857429839,2.0189019236517582,0.0010404336982669017
primary_A11_minus_A10,374,0.8625009528703198,2.0216051341150236,0.001101533783997854
primary_A11_minus_A10,375,0.8828540021730396,2.0213472371884507,0.0011275274612682499
primary_A11_minus_A10,376,0.9192482810306953,2.0257670525714144,0.0011740080217505688
primary_A11_minus_A10,377,0.9177815042816231,2.0273147493742667,0.001172134743654691
primary_A11_minus_A10,378,0.9168709610596837,2.027408271305012,0.0011709718532052155
primary_A11_minus_A10,379,0.9307701885192469,2.026737533687552,0.001188723101557148
primary_A11_minus_A10,380,0.9417576307109216,2.0391724987970488,0.0012027555947776776
primary_A11_minus_A10,381,0.9301479193695993,2.0095203197864606,0.0011879283772280962
primary_A11_minus_A10,382,0.9230384177388312,2.008046109934542,0.0011788485539448675
primary_A11_minus_A10,383,0.9002752905067781,2.0417664961352764,0.0011497768716561662
primary_A11_minus_A10,384,0.88406720041232,2.053883027760789,0.001129076884306922
primary_A11_minus_A10,385,0.8745038508797014,2.0599736284312766,0.0011168631556573454
primary_A11_minus_A10,386,0.8717944565304181,2.0498436369229824,0.0011134028819034714
primary_A11_minus_A10,387,0.8831388653325882,2.0535982058420363,0.0011278912711782736
primary_A11_minus_A10,388,0.8793583248626524,2.05549828082267,0.001123062994716031
primary_A11_minus_A10,389,0.881238594655136,2.0545251640793323,0.0011254643609899565
primary_A11_minus_A10,390,0.8812957021003576,2.0544971683981252,0.0011255372951473276
primary_A11_minus_A10,391,0.8812978214796958,2.05449679208386,0.0011255400018897776
primary_A11_minus_A10,392,0.8812994585989595,2.0544965909946207,0.0011255420927189777
primary_A11_minus_A10,393,0.8813011052935726,2.0544964116210185,0.001125544195777232
primary_A11_minus_A10,394,0.881301762540334,2.0544964894488142,0.0011255450351728403
primary_A11_minus_A10,395,0.8809541008120629,2.0548810582451815,0.001125101022748484
primary_A11_minus_A10,396,0.880990557919025,2.0548362950857206,0.0011251475835492018
primary_A11_minus_A10,397,0.8857786930440583,2.0492023022888435,0.0011312626986514154
primary_A11_minus_A10,398,0.8805162646730172,2.050645928014804,0.0011245418450485532
primary_A11_minus_A10,399,0.8734747511332097,2.057189906666709,0.0011155488520219793
primary_A11_minus_A10,400,0.8717589041216951,2.059625083211816,0.0011133574765283462
primary_A11_minus_A10,401,0.8792437844779504,2.0516322270809155,0.001122916710699809
primary_A11_minus_A10,402,0.8606634875408865,2.069354585350556,0.0010991870849819752
primary_A11_minus_A10,403,0.8663113569562666,2.059050848258305,0.001106400200455002
primary_A11_minus_A10,404,0.8326588014533142,2.0538841891400725,0.0010634212023669402
primary_A11_minus_A10,405,0.8467246303589437,2.0588253035136233,0.0010813852239577825
primary_A11_minus_A10,406,0.8508282150715779,2.044901931620136,0.00108662607288835
primary_A11_minus_A10,407,0.8628565483277321,2.077621075928969,0.001101987928898764
primary_A11_minus_A10,408,0.9002679191520829,2.106052691311278,0.0011497674574100676
primary_A11_minus_A10,409,0.9306054191267522,2.096453086366844,0.001188512668105686
primary_A11_minus_A10,410,0.9394458116942437,2.114938437007304,0.0011998030800692767
primary_A11_minus_A10,411,0.948104519959213,2.0659729378641285,0.0012108614558866066
primary_A11_minus_A10,412,0.9474314054843097,2.0692820217588697,0.0012100017949991184
primary_A11_minus_A10,413,0.9430686307816055,2.0465316069624437,0.0012044299243698666
primary_A11_minus_A10,414,0.959221003723673,2.045612465658173,0.0012250587531592249
primary_A11_minus_A10,415,0.9592740069517149,2.024653738713594,0.001225126445659917
primary_A11_minus_A10,416,1.029115540223134,2.041291972908434,0.0013143238061598137
primary_A11_minus_A10,417,1.0328085488398524,2.0433713402953977,0.001319040292260348
primary_A11_minus_A10,418,1.0328259508153153,2.0433763054589273,0.001319062517005511
primary_A11_minus_A10,419,1.032827331744417,2.0433763207008733,0.0013190642806442108
primary_A11_minus_A10,420,1.032828714109293,2.0433763177128776,0.0013190660461165936
primary_A11_minus_A10,421,1.032830294206443,2.0433763144328845,0.0013190680641206166
primary_A11_minus_A10,422,1.032854374649196,2.0433754099789523,0.001319098818198207
primary_A11_minus_A10,423,1.0327477022991949,2.04350983049434,0.0013189625827575925
primary_A11_minus_A10,424,1.039182600303831,2.0377773120110025,0.0013271808432999117
primary_A11_minus_A10,425,1.0518873551965848,2.0422818434840546,0.0013434065839036844
primary_A11_minus_A10,426,1.0824657180714965,2.0137652131720274,0.0013824594100529967
primary_A11_minus_A10,427,1.1766381306412774,1.9648562639453298,0.001502730690474173
primary_A11_minus_A10,428,1.195270035061876,1.941888120257157,0.001526526226132664
primary_A11_minus_A10,429,1.2044669791102103,1.9136122617388922,0.0015382720039721716
primary_A11_minus_A10,430,1.2506849656867518,1.9242542941549003,0.001597298806751918
primary_A11_minus_A10,431,1.2429335847194616,1.9273793574112907,0.0015873992142011004
primary_A11_minus_A10,432,1.2689150744168112,1.931342165145328,0.0016205811933803463
primary_A11_minus_A10,433,1.2779785208267949,1.957372559979859,0.0016321564761517175
primary_A11_minus_A10,434,1.2718193603724097,1.9605782287356126,0.0016242903708459894
primary_A11_minus_A10,435,1.3189511505633043,1.9613520450084783,0.001684484228050197
primary_A11_minus_A10,436,1.349746719538936,1.9738615752697857,0.0017238144566269938
primary_A11_minus_A10,437,1.3396826662437147,1.9824643141067408,0.0017109612595705168
primary_A11_minus_A10,438,1.3224247310237387,1.9818492883292562,0.0016889204738489638
primary_A11_minus_A10,439,1.3094259428538668,2.0113002817107093,0.0016723192118184762
primary_A11_minus_A10,440,1.3466397057087203,2.0598162876070667,0.0017198463674440872
primary_A11_minus_A10,441,1.3538544082500512,2.0774826322790134,0.0017290605469349313
primary_A11_minus_A10,442,1.3408554618391135,2.047810703646252,0.0017124590828085742
primary_A11_minus_A10,443,1.339807048837676,2.0474286022308026,0.0017111201134580793
primary_A11_minus_A10,444,1.3496218330467187,2.0421452108205376,0.0017236549591912115
primary_A11_minus_A10,445,1.3542735068873581,2.0450752760402393,0.0017295957942367283
primary_A11_minus_A10,446,1.3558832300790358,2.0461758218002775,0.0017316516348391262
primary_A11_minus_A10,447,1.3558838314727,2.04617528644029,0.0017316524029025542
primary_A11_minus_A10,448,1.3558848900988363,2.046175184253555,0.0017316537549154998
primary_A11_minus_A10,449,1.3558861146708516,2.046175092685986,0.0017316553188644337
primary_A11_minus_A10,450,1.3558955458468864,2.0461704619358203,0.001731667363789127
primary_A11_minus_A10,451,1.3558725368671087,2.0461934138631785,0.0017316379781189128
primary_A11_minus_A10,452,1.347132046364152,2.0526940156220252,0.001720475154998917
primary_A11_minus_A10,453,1.342970935035496,2.0553452109430097,0.0017151608365715146
primary_A11_minus_A10,454,1.3442818389646132,2.051552960725105,0.001716835043377539
primary_A11_minus_A10,455,1.3334144872163887,2.0592542056166394,0.0017029559223708667
primary_A11_minus_A10,456,1.338638303873767,2.0791313018817434,0.0017096274634403154
primary_A11_minus_A10,457,1.3908990634535578,2.066808144833938,0.0017763717285486052
primary_A11_minus_A10,458,1.3734853252388985,2.0504430860769394,0.0017541319607137912
primary_A11_minus_A10,459,1.3911935102738253,2.1152175253359964,0.0017767477781274908
primary_A11_minus_A10,460,1.3891769136925958,2.1242536075546363,0.0017741723035665335
primary_A11_minus_A10,461,1.3997927096699596,2.1476975481028706,0.0017877301528351974
primary_A11_minus_A10,462,1.401296202974087,2.1546749710908286,0.0017896503230831252
primary_A11_minus_A10,463,1.4003934950595895,2.158754507023871,0.0017884974394119918
primary_A11_minus_A10,464,1.4146161746037436,2.1830266011215937,0.0018066617811031208
primary_A11_minus_A10,465,1.3793422420849613,2.2496444710373344,0.001761612058856911
primary_A11_minus_A10,466,1.3703274109521502,2.250396583376779,0.001750098864562133
primary_A11_minus_A10,467,1.3407800977384468,2.2445035240603786,0.0017123628323607238
primary_A11_minus_A10,468,1.3352769307551533,2.290377753394196,0.0017053345220372329
primary_A11_minus_A10,469,1.3433334093939577,2.30856721879212,0.0017156237667866638
primary_A11_minus_A10,470,1.342770786663988,2.3108454804534553,0.0017149052192388097
primary_A11_minus_A10,471,1.3523662523412006,2.312746601537428,0.0017271599646758629
primary_A11_minus_A10,472,1.3618792704346463,2.3163447194479723,0.001739309413071068
primary_A11_minus_A10,473,1.3562592075393898,2.310446658953703,0.0017321318103951338
primary_A11_minus_A10,474,1.3570313227142323,2.3112310951552884,0.001733117908958151
primary_A11_minus_A10,475,1.357032232105097,2.3112309225390484,0.0017331190703768799
primary_A11_minus_A10,476,1.3570332656289592,2.3112308634778875,0.001733120390330727
primary_A11_minus_A10,477,1.3570346383927558,2.311230744562251,0.0017331221435411951
primary_A11_minus_A10,478,1.3570369940178737,2.3112301070691883,0.001733125152002393
primary_A11_minus_A10,479,1.3570333916051132,2.311269050836984,0.0017331205512198125
primary_A11_minus_A10,480,1.35864216590906,2.3090427331095307,0.0017351751799604854
primary_A11_minus_A10,481,1.3659508213604006,2.3021312165601064,0.0017445093503964248
primary_A11_minus_A10,482,1.3613978390108064,2.310084338009846,0.0017386945581236352
primary_A11_minus_A10,483,1.3640080284954959,2.2525390027425707,0.0017420281334552948
primary_A11_minus_A10,484,1.3658719085598092,2.2472332095886,0.0017444085677647627
primary_A11_minus_A10,485,1.4190072700877476,2.294852545612608,0.0018122698213125768
primary_A11_minus_A10,486,1.4859030407235037,2.459212743045535,0.001897705032852495
primary_A11_minus_A10,487,1.4640292004462978,2.451066399433913,0.0018697690938011466
primary_A11_minus_A10,488,1.5131275293751763,2.453613875171648,0.001932474494732026
primary_A11_minus_A10,489,1.5654113411401638,2.4148785398811228,0.0019992482006898644
primary_A11_minus_A10,490,1.5746473106303065,2.398786042063637,0.0020110438194512214
primary_A11_minus_A10,491,1.6038753830408585,2.4244149174692127,0.002048372136706077
primary_A11_minus_A10,492,1.6384736444133758,2.4407045812532955,0.0020925589328395604
primary_A11_minus_A10,493,1.6429421152868064,2.4554670319528897,0.0020982657921926008
primary_A11_minus_A10,494,1.7108739130307122,2.4544694699996805,0.002185024154573068
primary_A11_minus_A10,495,1.7047217180893952,2.4348973043645668,0.0021771669451971843
primary_A11_minus_A10,496,1.7206946220881274,2.437740252199285,0.0021975665671623594
primary_A11_minus_A10,497,1.6977174974765226,2.452204890493951,0.002168221580429786
primary_A11_minus_A10,498,1.70869961244737,2.4649764449218323,0.0021822472700477264
primary_A11_minus_A10,499,1.7517684648800322,2.579589813933478,0.0022372521901405265
primary_A11_minus_A10,500,1.7697501676563183,2.628076536418544,0.002260217327785847
primary_A11_minus_A10,501,1.7686791644031314,2.6251097082846764,0.002258849507539121
primary_A11_minus_A10,502,1.7036762203241809,2.465921034063888,0.002175831699009171
primary_A11_minus_A10,503,1.7036793002902422,2.4659265861785964,0.002175835632554588
primary_A11_minus_A10,504,1.7036798114245406,2.465926841544971,0.002175836285344241
primary_A11_minus_A10,505,1.7036802293410647,2.4659272608308265,0.0021758368190818193
primary_A11_minus_A10,506,1.7036807043259694,2.465927604188066,0.0021758374257036645
primary_A11_minus_A10,507,1.7037469458469916,2.465848026590428,0.002175922025347371
primary_A11_minus_A10,508,1.6999417941576134,2.4715162642851682,0.0021710623169318177
primary_A11_minus_A10,509,1.70304365246212,2.4706056836006796,0.002175023821790702
primary_A11_minus_A10,510,1.7129495235870131,2.4633171540202827,0.0021876749981954192
primary_A11_minus_A10,511,1.7263585251438214,2.419796539801117,0.002204800159826081
primary_A11_minus_A10,512,1.7280894126462385,2.3960815914242595,0.0022070107441203557
primary_A11_minus_A10,513,1.6938622209402285,2.377886224288643,0.002163297855606933
primary_A11_minus_A10,514,1.790116676590428,2.4600784077195876,0.002286228194879218
primary_A11_minus_A10,515,1.8966131627255978,2.7154663515669597,0.0024222390328551696
primary_A11_minus_A10,516,2.0198520417726202,3.0528089317168323,0.002579632237257497
primary_A11_minus_A10,517,2.065861792510497,3.02965966435664,0.002638393093883138
primary_A11_minus_A10,518,2.060198493265709,3.1083303898807584,0.0026311602723699985
primary_A11_minus_A10,519,2.2136510873834463,3.303927872561353,0.0028271405969137243
primary_A11_minus_A10,520,2.265818329546576,3.4251686431277104,0.0028937654272625495
primary_A11_minus_A10,521,2.2867776076194244,3.402686956956702,0.002920533343064399
primary_A11_minus_A10,522,2.308307407427481,3.3076098345839977,0.0029480298945433986
primary_A11_minus_A10,523,2.456022148877975,3.610552362040969,0.003136682182475064
primary_A11_minus_A10,524,2.4884148631164313,3.723119069636367,0.0031780521878881627
primary_A11_minus_A10,525,2.4552733857043303,3.730268772061192,0.0031357259076683656
primary_A11_minus_A10,526,2.4638718959802053,3.739140878268471,0.00314670740227357
primary_A11_minus_A10,527,2.4637915235952503,3.73904505010243,0.0031466047555494896
primary_A11_minus_A10,528,2.4636489753741575,3.738879279481572,0.0031464227016272765
primary_A11_minus_A10,529,2.463840947861181,3.739098540683668,0.003146667877217345
primary_A11_minus_A10,530,2.4629903563310522,3.738117723106166,0.003145581553424077
primary_A11_minus_A10,531,2.462992621277389,3.738120518785269,0.003145584446075848
primary_A11_minus_A10,532,2.4629937058637914,3.7381214664253424,0.003145585831243667
primary_A11_minus_A10,533,2.4629944304992075,3.738121245579899,0.0031455867567039687
primary_A11_minus_A10,534,2.4629926547399545,3.7381119508560245,0.0031455844888122024
primary_A11_minus_A10,535,2.4630052400468174,3.738104359397838,0.003145600562001044
primary_A11_minus_A10,536,2.453004952775453,3.7410784153101546,0.0031328288030337843
primary_A11_minus_A10,537,2.466062447821149,3.765778721385131,0.0031495050419171763
primary_A11_minus_A10,538,2.4714072076947855,3.762996192399744,0.003156331044310071
primary_A11_minus_A10,539,2.4957830815404707,3.739278704856167,0.0031874624285318912
primary_A11_minus_A10,540,2.4961626952371563,3.7294432178252803,0.003187947248067888
primary_A11_minus_A10,541,2.5035068105004923,3.729983505292743,0.003197326705620041
primary_A11_minus_A10,542,2.611639495860498,3.8405389526416913,0.0033354271977784136
primary_A11_minus_A10,543,2.6231177410085973,3.8338960683836576,0.003350086514698081
primary_A11_minus_A10,544,2.625660082238891,3.8333437528282226,0.0033533334383638457
primary_A11_minus_A10,545,2.669972881122325,3.839942220349244,0.0034099270512417943
primary_A11_minus_A10,546,2.674235053283774,3.8378095898931233,0.0034153704384211675
primary_A11_minus_A10,547,2.715312861238464,3.8980551734618856,0.003467832517545931
primary_A11_minus_A10,548,2.782177919182833,3.901456745264278,0.0035532285047034902
primary_A11_minus_A10,549,2.748344045825457,3.919523442867011,0.0035100179384744026
primary_A11_minus_A10,550,2.8150151045863785,3.9256830716453215,0.0035951661616684272
primary_A11_minus_A10,551,2.8046550124078724,3.9232145160188603,0.0035819348817469634
primary_A11_minus_A10,552,2.812342662558577,3.9163905596984434,0.0035917530811731507
primary_A11_minus_A10,553,2.822795942487793,3.907931492741758,0.0036051033748247673
primary_A11_minus_A10,554,2.832016020239684,3.9180879151926127,0.0036168786976241173
primary_A11_minus_A10,555,2.8338525673072974,3.9200139551033493,0.003619224223891823
primary_A11_minus_A10,556,2.833900303406967,3.9200632857220996,0.003619285189536356
primary_A11_minus_A10,557,2.8332675777686664,3.9193908188212414,0.003618477110815666
primary_A11_minus_A10,558,2.8331194060691756,3.9192298948412123,0.0036182878749287046
primary_A11_minus_A10,559,2.833119666922133,3.919229602490395,0.003618288208074244
primary_A11_minus_A10,560,2.8331202641349402,3.919229496558604,0.0036182889707981358
primary_A11_minus_A10,561,2.833121026915043,3.9192290044879585,0.003618289944974512
primary_A11_minus_A10,562,2.833121698370591,3.9192263232196867,0.003618290802516719
primary_A11_minus_A10,563,2.8331254207433423,3.9192211400529033,0.003618295556504907
primary_A11_minus_A10,564,2.8190652702889802,3.9215239638342148,0.0036003387870868204
primary_A11_minus_A10,565,2.8213980131998806,3.9208182095852635,0.0036033180245209203
primary_A11_minus_A10,566,2.8459643765432583,3.91218192937211,0.003634692690348989
primary_A11_minus_A10,567,2.911237199965595,3.971633406318347,0.0037180551723698533
primary_A11_minus_A10,568,2.9151696315053233,3.9928870385576047,0.003723077434872699
primary_A11_minus_A10,569,2.9333041841781133,4.011695276918319,0.0037462377831138103
primary_A11_minus_A10,570,3.0138911759963127,4.105178813600144,0.003849158590033605
primary_A11_minus_A10,571,2.978606870877957,4.1284426972990085,0.0038040956205337892
primary_A11_minus_A10,572,3.040336715237112,4.202499890402726,0.0038829332250793257
primary_A11_minus_A10,573,3.1131553478658143,4.243578127584762,0.003975932755895037
primary_A11_minus_A10,574,3.0963601994425547,4.239988886840361,0.003954483013336596
primary_A11_minus_A10,575,3.1482725318728906,4.2200565894333595,0.004020782288471124
primary_A11_minus_A10,576,3.192740545798469,4.24281697661327,0.004077574132565095
primary_A11_minus_A10,577,3.224298614058271,4.2423839010407045,0.004117878178873909
primary_A11_minus_A10,578,3.212924845539734,4.25091055358568,0.004103352293154194
primary_A11_minus_A10,579,3.20588944116069,4.249686328186424,0.004094367102376361
primary_A11_minus_A10,580,3.2358517195390153,4.223435753061703,0.004132633102859534
primary_A11_minus_A10,581,3.2328369184388666,4.234285894229307,0.004128782782169689
primary_A11_minus_A10,582,3.2316894508922216,4.2327256396566275,0.004127317306375762
primary_A11_minus_A10,583,3.231686898652159,4.23272357069876,0.004127314046809909
primary_A11_minus_A10,584,3.2316776575569017,4.232713854887033,0.00412730224464483
primary_A11_minus_A10,585,3.2316771712947547,4.232715543860794,0.004127301623620377
primary_A11_minus_A10,586,3.2316775850276818,4.232715394831269,0.004127302152014919
primary_A11_minus_A10,587,3.2316784868690793,4.23271565301069,0.004127303303791928
primary_A11_minus_A10,588,3.2316794847720995,4.2327159747904055,0.004127304578253001
primary_A11_minus_A10,589,3.231680499617317,4.232716375852224,0.004127305874351618
primary_A11_minus_A10,590,3.231682576859638,4.232723142743552,0.004127308527279231
primary_A11_minus_A10,591,3.231679812812945,4.23273077092869,0.004127304997206827
primary_A11_minus_A10,592,3.306040913835011,4.283269544468339,0.004222274474885072
primary_A11_minus_A10,593,3.3048204564666444,4.284267809688523,0.004220715780928026
primary_A11_minus_A10,594,3.3075260972780924,4.288451804341639,0.0042241712608915615
primary_A11_minus_A10,595,3.3037231715487283,4.313906180165259,0.004219314395336818
primary_A11_minus_A10,596,3.317125698432324,4.328842312285937,0.00423643128790846
primary_A11_minus_A10,597,3.3401182631401634,4.330454113307991,0.004265795993793312
primary_A11_minus_A10,598,3.384515655074877,4.365311147862443,0.004322497643773789
primary_A11_minus_A10,599,3.408891208998636,4.391700537863571,0.0043536286194107736
primary_A11_minus_A10,600,3.377473517503915,4.4061774840632095,0.00431350385377256
primary_A11_minus_A10,601,3.366480287449707,4.428884069608582,0.004299463968645858
primary_A11_minus_A10,602,3.309755827721454,4.413583462417905,0.004227018937064437
primary_A11_minus_A10,603,3.302379395620382,4.4200615823765625,0.004217598206411727
primary_A11_minus_A10,604,3.3078992017517725,4.4022106929886045,0.004224647767243643
primary_A11_minus_A10,605,3.3159094145602253,4.407514847388493,0.004234877924087133
primary_A11_minus_A10,606,3.391019050247717,4.430408023694356,0.004330803384735271
primary_A11_minus_A10,607,3.376171387671383,4.434877880981211,0.0043118408527093015
primary_A11_minus_A10,608,3.357372227939333,4.4211354478539295,0.004287831708734781
primary_A11_minus_A10,609,3.348703130098657,4.422375719769017,0.00427676006398296
primary_A11_minus_A10,610,3.34878653180152,4.422359253367952,0.004276866579567714
primary_A11_minus_A10,611,3.3487821189458655,4.422366333521047,0.004276860943736738
primary_A11_minus_A10,612,3.3487754886696695,4.422365576766566,0.004276852475951046
primary_A11_minus_A10,613,3.3487751131247965,4.42236615938279,0.0042768519963279645
primary_A11_minus_A10,614,3.3487756719493817,4.422366575784006,0.004276852710024753
primary_A11_minus_A10,615,3.348776123454082,4.422367145731483,0.0042768532866591085
primary_A11_minus_A10,616,3.348776726254112,4.422367699164457,0.004276854056518661
primary_A11_minus_A10,617,3.3487773352138688,4.422368638013601,0.004276854834245043
primary_A11_minus_A10,618,3.3487769658980655,4.422370631588238,0.00427685436257735
primary_A11_minus_A10,619,3.348779070512582,4.422365487699207,0.004276857050463068
primary_A11_minus_A10,620,3.294499409390003,4.3867305558113685,0.00420753436703704
primary_A11_minus_A10,621,3.2830872585769857,4.380827026121782,0.004192959461784145
primary_A11_minus_A10,622,3.2917084294759826,4.375325074714831,0.00420396989715962
primary_A11_minus_A10,623,3.3070126794351666,4.403274128839824,0.004223515554834184
primary_A11_minus_A10,624,3.3158696726976777,4.3954254513758935,0.004234827168196268
primary_A11_minus_A10,625,3.3101934715714663,4.390130165570065,0.004227577869184504
primary_A11_minus_A10,626,3.28888797075958,4.4064856581313485,0.004200367778747867
primary_A11_minus_A10,627,3.3803144229383957,4.555027324115314,0.00431713208548965
primary_A11_minus_A10,628,3.4452425411503405,4.698772322999105,0.004400054330971061
primary_A11_minus_A10,629,3.5370220444717826,4.7516447918954325,0.004517269533169582
primary_A11_minus_A10,630,3.5234785122267644,4.76419545871359,0.0044999725571223045
primary_A11_minus_A10,631,3.5186682563903116,4.767980847270845,0.004493829190792224
primary_A11_minus_A10,632,3.5207649128291627,4.78672401314422,0.004496506912936351
primary_A11_minus_A10,633,3.5491589837338076,4.79951765685419,0.0045327700941683365
primary_A11_minus_A10,634,3.536190655486699,4.809912053455207,0.004516207733699488
primary_A11_minus_A10,635,3.5299299471336147,4.814699819924922,0.004508211937590823
primary_A11_minus_A10,636,3.536647196690324,4.816346522485524,0.004516790800370784
primary_A11_minus_A10,637,3.5376625506966928,4.817175143733628,0.004518087548782494
primary_A11_minus_A10,638,3.5376770399333237,4.817203801141046,0.004518106053554692
primary_A11_minus_A10,639,3.5376789955290295,4.817210230825712,0.004518108551122643
primary_A11_minus_A10,640,3.5376758717277976,4.8172071606672855,0.004518104561593611
primary_A11_minus_A10,641,3.5376757759416746,4.8172104322266245,0.004518104439261398
primary_A11_minus_A10,642,3.5376770963066075,4.817214144694217,0.004518106125551223
primary_A11_minus_A10,643,3.5376776077887833,4.817214569225766,0.004518106778785164
primary_A11_minus_A10,644,3.5376786555484094,4.817216393372471,0.004518108116920063
primary_A11_minus_A10,645,3.537678951702384,4.81721627959995,0.004518108495149916
primary_A11_minus_A10,646,3.537679373623816,4.817216283807372,0.004518109034002319
primary_A11_minus_A10,647,3.5376885074065862,4.817218443611289,0.004518120699114414
primary_A11_minus_A10,648,3.5377011817839437,4.817218894241581,0.004518136886058677
primary_A11_minus_A10,649,3.548092346386738,4.820372395119387,0.004531407849791492
primary_A11_minus_A10,650,3.5517446621230597,4.820524425483271,0.0045360723654189776
primary_A11_minus_A10,651,3.562581773705722,4.8426222715085885,0.004549912865524549
primary_A11_minus_A10,652,3.574108265852197,4.852269971437522,0.004564633800577519
primary_A11_minus_A10,653,3.595492734747485,4.883912032303614,0.004591944744249662
primary_A11_minus_A10,654,3.618716148936492,4.958709436341941,0.0046216042770581
primary_A11_minus_A10,655,3.6429793276490368,4.956739736900322,0.004652591733906816
primary_A11_minus_A10,656,3.72118291619406,4.985902228290191,0.004752468603057548
primary_A11_minus_A10,657,3.712241147664654,4.975259931324992,0.00474104871987823
primary_A11_minus_A10,658,3.707365944335111,4.9801534215839744,0.004734822406558251
primary_A11_minus_A10,659,3.7407746662012604,4.9728796352113624,0.00477748999514848
primary_A11_minus_A10,660,3.7836924475771294,4.915727857323203,0.0048323019764714295
primary_A11_minus_A10,661,3.8489254545271416,4.857210000334131,0.004915613607314357
primary_A11_minus_A10,662,3.8579624847513196,4.868751562537589,0.004927155152939106
primary_A11_minus_A10,663,3.864446591998366,4.874466028776213,0.004935436260534312
primary_A11_minus_A10,664,3.8749981812881353,4.873014993707345,0.004948912108924822
primary_A11_minus_A10,665,3.8647231251778362,4.878651666872324,0.004935789431900174
primary_A11_minus_A10,666,3.8647213262534663,4.878638581954703,0.004935787134423329
primary_A11_minus_A10,667,3.864724187511169,4.878649188082995,0.004935790788647726
primary_A11_minus_A10,668,3.864723774451799,4.87865015219194,0.0049357902611134085
primary_A11_minus_A10,669,3.8647244029239007,4.878650710004068,0.004935791063759771
primary_A11_minus_A10,670,3.8647249777081045,4.878651373379603,0.004935791797839214
primary_A11_minus_A10,671,3.8647253491594147,4.878651780848237,0.004935792272234246
primary_A11_minus_A10,672,3.864725740705415,4.878652134532049,0.004935792772292995
primary_A11_minus_A10,673,3.864726156276558,4.878652466776756,0.004935793303035196
primary_A11_minus_A10,674,3.8647265739693477,4.878652356820874,0.004935793836487034
primary_A11_minus_A10,675,3.864726963420262,4.878652228314032,0.0049357943338700664
primary_A11_minus_A10,676,3.8647268061150566,4.878647503250251,0.004935794132969421
primary_A11_minus_A10,677,3.8650245621108352,4.878573780223067,0.004936174408826099
primary_A11_minus_A10,678,3.869135043379124,4.877580985233185,0.004941424065618294
primary_A11_minus_A10,679,3.870269561345016,4.874987402613157,0.004942873002994912
primary_A11_minus_A10,680,3.8854628730366745,4.8640903764744,0.0049622769770583325
primary_A11_minus_A10,681,3.8613257185055536,4.888776000966584,0.004931450470632891
primary_A11_minus_A10,682,3.920020753801591,4.938516385642757,0.005006412201534599
primary_A11_minus_A10,683,3.9071330137930125,4.96884080269709,0.004989952763464894
primary_A11_minus_A10,684,3.930444404134967,4.932424405773974,0.005019724654067646
primary_A11_minus_A10,685,4.014122933586094,4.884961625604255,0.005126593784911998
primary_A11_minus_A10,686,3.9901063161942174,4.887741753808649,0.005095921221193126
primary_A11_minus_A10,687,3.9788109082002334,4.89476717821873,0.00508149541277169
primary_A11_minus_A10,688,4.000394654251553,4.887789094615722,0.005109060861113095
primary_A11_minus_A10,689,4.057406995466767,4.869967178011455,0.005181873557428821
primary_A11_minus_A10,690,4.058966588305115,4.869021560967715,0.005183865374591462
primary_A11_minus_A10,691,4.064161281215934,4.859599620050688,0.00519049972058229
primary_A11_minus_A10,692,4.069173934220689,4.861129214440813,0.005196901576271634
primary_A11_minus_A10,693,4.069189842319859,4.8611283650161,0.005196921893128811
primary_A11_minus_A10,694,4.069179593293328,4.861099592794705,0.005196908803695183
primary_A11_minus_A10,695,4.069190373309841,4.861129732099743,0.005196922571276936
primary_A11_minus_A10,696,4.069192332031156,4.861135022074442,0.005196925072836725
primary_A11_minus_A10,697,4.069193535118097,4.861136460448262,0.005196926609346228
primary_A11_minus_A10,698,4.069194587146855,4.861138547530154,0.005196927952933404
primary_A11_minus_A10,699,4.069195637974546,4.861140687886819,0.005196929294986648
primary_A11_minus_A10,700,4.069196784709639,4.861142838984526,0.0051969307595269975
primary_A11_minus_A10,701,4.069197736758986,4.8611441268179725,0.005196931975426547
primary_A11_minus_A10,702,4.069198508510891,4.861145112400464,0.005196932961061163
primary_A11_minus_A10,703,4.0691981232230585,4.861144613779353,0.005196932468994967
primary_A11_minus_A10,704,4.0691980684992535,4.861142766669509,0.005196932399105049
primary_A11_minus_A10,705,4.070573253186179,4.861020284935817,0.005198688701387202
primary_A11_minus_A10,706,4.0711607506689385,4.860848382268039,0.0051994390174571374
primary_A11_minus_A10,707,4.067795442849762,4.860894679650799,0.005195141050893693
primary_A11_minus_A10,708,4.060913659848301,4.861017617475136,0.005186352056000384
primary_A11_minus_A10,709,4.095409315151457,4.85755913985118,0.005230407809899689
primary_A11_minus_A10,710,4.098915449921879,4.856565225509137,0.005234885632084137
primary_A11_minus_A10,711,4.104029121861797,4.86172458169883,0.0052414165030163435
primary_A11_minus_A10,712,4.171122611208891,4.868533954270667,0.005327104228874701
primary_A11_minus_A10,713,4.19691549870514,4.871810162408678,0.005360045336788174
primary_A11_minus_A10,714,4.227103288180104,4.884025716116295,0.0053985993463347435
primary_A11_minus_A10,715,4.219482807694392,4.892832793324111,0.005388866931921319
primary_A11_minus_A10,716,4.243055881911268,4.900815137312048,0.005418973029260878
primary_A11_minus_A10,717,4.241373790500582,4.9118005274244965,0.005416824764368559
primary_A11_minus_A10,718,4.246501638977518,4.907426942268842,0.005423373740712029
primary_A11_minus_A10,719,4.248720606348418,4.905037361352185,0.005426207670943063
primary_A11_minus_A10,720,4.2487203027919165,4.905033036120097,0.005426207283259153
primary_A11_minus_A10,721,4.248716127016884,4.90502227221072,0.005426201950213134
primary_A11_minus_A10,722,4.248717442988219,4.905024723244544,0.005426203630891723
primary_A11_minus_A10,723,4.24871329473536,4.90501141640943,0.005426198332995351
primary_A11_minus_A10,724,4.248711628990424,4.90500677849833,0.005426196205607183
primary_A11_minus_A10,725,4.2487080267266695,4.90499511436779,0.005426191605014904
primary_A11_minus_A10,726,4.2487117525864555,4.9050044282978895,0.00542619636345652
primary_A11_minus_A10,727,4.24871521661381,4.905012827954279,0.005426200787501673
primary_A11_minus_A10,728,4.248717784757406,4.905018755036128,0.005426204067378551
primary_A11_minus_A10,729,4.248719309466705,4.905021605039519,0.005426206014644578
primary_A11_minus_A10,730,4.248720324555327,4.905022971928031,0.005426207311054057
primary_A11_minus_A10,731,4.248718336145062,4.905016209412136,0.005426204771577347
primary_A11_minus_A10,732,4.248706646269994,4.904983440688425,0.005426189841979559
primary_A11_minus_A10,733,4.248654789213646,4.904934458423048,0.0054261236132996755
primary_A11_minus_A10,734,4.258824503356935,4.905810825123146,0.005439111753967989
primary_A11_minus_A10,735,4.27637139823967,4.908986417198401,0.005461521581404431
primary_A11_minus_A10,736,4.287589204433309,4.911872014828534,0.005475848281524022
primary_A11_minus_A10,737,4.298787441699983,4.9227176473666345,0.005490149989399723
primary_A11_minus_A10,738,4.300622118604315,4.924527148739375,0.005492493127208576
primary_A11_minus_A10,739,4.3009738509426825,4.924529582149446,0.005492942338368688
primary_A11_minus_A10,740,4.297648137010882,4.923142358733494,0.005488694938711216
primary_A11_minus_A10,741,4.296909163773367,4.922813979704912,0.005487751167015794
primary_A11_minus_A10,742,4.314055173133157,4.93315943451161,0.005509649007832896
primary_A11_minus_A10,743,4.31319380183862,4.9325524425265845,0.005508548916779846
primary_A11_minus_A10,744,4.340536882970262,4.953291072280661,0.005543469837765341
primary_A11_minus_A10,745,4.346757160472759,4.95867565906606,0.0055514139980495005
primary_A11_minus_A10,746,4.346766900675092,4.958687935036925,0.005551426437643796
primary_A11_minus_A10,747,4.346769399319485,4.9586933577865056,0.005551429628760518
primary_A11_minus_A10,748,4.346773340879759,4.958703227459251,0.005551434662681685
primary_A11_minus_A10,749,4.346774163586179,4.958705543885761,0.005551435713392311
primary_A11_minus_A10,750,4.346774737295011,4.958707203544044,0.0055514364460983534
primary_A11_minus_A10,751,4.346776107963251,4.958710686198556,0.005551438196632504
primary_A11_minus_A10,752,4.346776954182898,4.9587122744711,0.005551439277372795
primary_A11_minus_A10,753,4.346778174898329,4.958714647332588,0.005551440836396334
primary_A11_minus_A10,754,4.346778921695426,4.95871580650335,0.005551441790160187
primary_A11_minus_A10,755,4.346779229014247,4.95871611358252,0.005551442182649103
primary_A11_minus_A10,756,4.346779647291318,4.958716439619564,0.0055514427168471495
primary_A11_minus_A10,757,4.3467800977667075,4.958716751183992,0.005551443292166932
primary_A11_minus_A10,758,4.346780644463888,4.95871710858254,0.005551443990375336
primary_A11_minus_A10,759,4.346781141112694,4.958717440909641,0.0055514446246649985
primary_A11_minus_A10,760,4.346781630110277,4.958717763605295,0.0055514452491829845
primary_A11_minus_A10,761,4.3467820237495305,4.958718054390306,0.0055514457519151095
primary_A11_minus_A10,762,4.346782269091435,4.958718315163815,0.005551446065250874
primary_A11_minus_A10,763,4.346782495212528,4.9587185872968425,0.005551446354038989
primary_A11_minus_A10,764,4.3467827667997,4.9587188505087285,0.005551446700893615
primary_A11_minus_A10,765,4.3467831161230635,4.958719137970506,0.005551447147028178
primary_A11_minus_A10,766,4.346783478112104,4.958719435949361,0.0055514476093385745
primary_A11_minus_A10,767,4.346783772360833,4.958719720091625,0.005551447985135164
primary_A11_minus_A10,768,4.346784104077659,4.9587200288343665,0.005551448408783728
primary_A11_minus_A10,769,4.346784539437705,4.958720548478347,0.005551448964799112
primary_A11_minus_A10,770,4.346785925023018,4.9587237683689676,0.005551450734384442
primary_A11_minus_A10,771,4.346787074116329,4.958726173947922,0.005551452201936563
primary_A11_minus_A10,772,4.346787849560183,4.958727561909864,0.005551453192286313
primary_A11_minus_A10,773,4.34678840744588,4.9587282792622975,0.00555145390478401
primary_A11_minus_A10,774,4.346788804118342,4.958728709132233,0.005551454411389964
primary_A11_minus_A10,775,4.346789249199071,4.958729176333745,0.005551454979820014
primary_A11_minus_A10,776,4.3467897432826135,4.958729764830669,0.005551455610833478
primary_A11_minus_A10,777,4.346790240749108,4.958730374447258,0.005551456246167443
primary_A11_minus_A10,778,4.346790697602566,4.958730851379081,0.005551456829632907
primary_A11_minus_A10,779,4.346791309484489,4.9587317016954175,0.005551457611091302
primary_A11_minus_A10,780,4.346791933814944,4.958733007360783,0.0055514584084482045
primary_A11_minus_A10,781,4.346792973642822,4.958735458386614,0.005551459736453157
primary_A11_minus_A10,782,4.346794233499251,4.958738379755437,0.0055514613454652
primary_A11_minus_A10,783,4.346795130975496,4.958739992337713,0.005551462491667301
