index,label,arm,layer,step_start,step_end_exclusive,length,positive_raw_increment_count,zero_raw_increment_count,negative_raw_increment_count,absorbed_positive_count,absorbed_positive_mass,cumulative_absorbed_positive_mass,positive_raw_increment_mass,negative_raw_increment_mass,rounding_up_mass,rounding_down_mass,cumulative_rounding_up_mass,cumulative_rounding_down_mass,signed_storage_error_mass,endpoint_coordinate_sum_D,endpoint_coordinate_sum_H,endpoint_coordinate_sum_feed,endpoint_ratio_of_sums_D_over_feed,endpoint_ratio_of_sums_D_over_H
6116,3,A00,0,0,128,128,4096,0,0,0,0.0,0.0,21.359914779663086,0.0,0.0,0.0,0.0,0.0,0.0,0.0,21.359914779663086,21.359914779663086,0.0,0.0
6116,3,A00,0,128,256,128,4096,0,0,0,0.0,0.0,117.71671563386917,0.0,0.0,0.0,0.0,0.0,0.0,0.0,139.07663041353226,139.07663041353226,0.0,0.0
6116,3,A00,0,256,512,256,8192,0,0,0,0.0,0.0,305.4180547595024,0.0,0.0,0.0,0.0,0.0,0.0,0.0,444.49468517303467,444.49468517303467,0.0,0.0
6116,3,A00,0,512,783,271,8672,0,0,0,0.0,0.0,407.84969568252563,0.0,0.0,0.0,0.0,0.0,0.0,0.0,852.3443808555603,852.3443808555603,0.0,0.0
6116,3,A00,7,0,128,128,4096,0,0,0,0.0,0.0,8792.345703125,0.0,0.0,0.0,0.0,0.0,0.0,0.0,8792.345703125,8792.345703125,0.0,0.0
6116,3,A00,7,128,256,128,4093,3,0,0,0.0,0.0,6682.325286865234,0.0,0.0,0.0,0.0,0.0,0.0,0.0,15474.670989990234,15474.670989990234,0.0,0.0
6116,3,A00,7,256,512,256,8157,35,0,0,0.0,0.0,15626.127838134766,0.0,0.0,0.0,0.0,0.0,0.0,0.0,31100.798828125,31100.798828125,0.0,0.0
6116,3,A00,7,512,783,271,8576,96,0,0,0.0,0.0,17523.051818847656,0.0,0.0,0.0,0.0,0.0,0.0,0.0,48623.850646972656,48623.850646972656,0.0,0.0
6116,3,A10,0,0,128,128,4096,0,0,0,0.0,0.0,21.359914779663086,0.0,0.0,0.0,0.0,0.0,0.0,0.0,21.359914779663086,21.359914779663086,0.0,0.0
6116,3,A10,0,128,256,128,4096,0,0,0,0.0,0.0,117.71671563386917,0.0,0.0,0.0,0.0,0.0,0.0,0.0,139.07663041353226,139.07663041353226,0.0,0.0
6116,3,A10,0,256,512,256,8192,0,0,0,0.0,0.0,305.4180547595024,0.0,0.0,0.0,0.0,0.0,0.0,0.0,444.49468517303467,444.49468517303467,0.0,0.0
6116,3,A10,0,512,783,271,8672,0,0,0,0.0,0.0,407.84969568252563,0.0,0.0,0.0,0.0,0.0,0.0,0.0,852.3443808555603,852.3443808555603,0.0,0.0
6116,3,A10,7,0,128,128,4096,0,0,0,0.0,0.0,8805.7978515625,0.0,0.0,0.0,0.0,0.0,0.0,0.0,8805.7978515625,8805.7978515625,0.0,0.0
6116,3,A10,7,128,256,128,4093,3,0,0,0.0,0.0,6704.187606811523,0.0,0.0,0.0,0.0,0.0,0.0,0.0,15509.985458374023,15509.985458374023,0.0,0.0
6116,3,A10,7,256,512,256,8159,33,0,0,0.0,0.0,15639.743118286133,0.0,0.0,0.0,0.0,0.0,0.0,0.0,31149.728576660156,31149.728576660156,0.0,0.0
6116,3,A10,7,512,783,271,8580,92,0,0,0.0,0.0,17483.44580078125,0.0,0.0,0.0,0.0,0.0,0.0,0.0,48633.174377441406,48633.174377441406,0.0,0.0
6116,3,A01,0,0,128,128,4096,0,0,708,0.6899771690368652,0.6899771690368652,21.35991621017456,0.0,1.0846083760261536,1.2031076550483704,1.0846083760261536,1.2031076550483704,-0.1184992790222168,-0.1184992790222168,21.35991621017456,21.241416931152344,-0.0055786899436274205,-0.0055477408177177666
6116,3,A01,0,128,256,128,4096,0,0,2059,4.099736869335175,4.78971403837204,117.71671479940414,0.0,4.0079429149627686,6.052988708019257,5.092551290988922,7.256096363067627,-2.045045793056488,-2.163545072078705,139.0766310095787,136.9130859375,-0.01580232493675842,-0.015556496130034195
6116,3,A01,0,256,512,256,8192,0,0,5938,29.11768537759781,33.90739941596985,305.41806614398956,0.0,17.652272045612335,36.4677991271019,22.744823336601257,43.723895490169525,-18.815527081489563,-20.979072153568268,444.49469715356827,423.515625,-0.049535532847384954,-0.04719757578192259
6116,3,A01,0,512,783,271,8672,0,0,6902,78.44343042373657,112.35082983970642,407.84970903396606,0.0,36.46139121055603,93.4204752445221,59.20621454715729,137.14437073469162,-56.959084033966064,-77.93815618753433,852.3444061875343,774.40625,-0.10064246793919127,-0.09143974621261988
6116,3,A01,7,0,128,128,4096,0,0,1522,159.5560646057129,159.5560646057129,8776.676233232021,0.0,243.8585069179535,349.5347401499748,243.8585069179535,349.5347401499748,-105.67623323202133,-105.67623323202133,8776.676233232021,8671.0,-0.012187317867837773,-0.01204057554634278
6116,3,A01,7,128,256,128,4093,3,0,2387,456.5784912109375,616.1345558166504,6643.913619995117,0.0,515.4907989501953,830.4044189453125,759.3493058681488,1179.9391590952873,-314.9136199951172,-420.5898532271385,15420.589853227139,15000.0,-0.0280393235484759,-0.027274563245005816
6116,3,A01,7,256,512,256,8157,35,0,5345,2814.332809448242,3430.4673652648926,15579.17788696289,0.0,2332.900405883789,3484.0782928466797,3092.249711751938,4664.017451941967,-1151.1778869628906,-1571.7677401900291,30999.76774019003,29428.0,-0.05341062050394282,-0.05070256504381133
6116,3,A01,7,512,783,271,8580,92,0,6306,5509.502990722656,8939.970355987549,17358.856872558594,0.0,2763.629669189453,6194.486541748047,5855.879380941391,10858.503993690014,-3430.8568725585938,-5002.624612748623,48358.62461274862,43356.0,-0.11538482823020166,-0.10344844694838153
6116,3,A11,0,0,128,128,4096,0,0,708,0.6899771690368652,0.6899771690368652,21.35991621017456,0.0,1.0846083760261536,1.2031076550483704,1.0846083760261536,1.2031076550483704,-0.1184992790222168,-0.1184992790222168,21.35991621017456,21.241416931152344,-0.0055786899436274205,-0.0055477408177177666
6116,3,A11,0,128,256,128,4096,0,0,2059,4.099736869335175,4.78971403837204,117.71671479940414,0.0,4.0079429149627686,6.052988708019257,5.092551290988922,7.256096363067627,-2.045045793056488,-2.163545072078705,139.0766310095787,136.9130859375,-0.01580232493675842,-0.015556496130034195
6116,3,A11,0,256,512,256,8192,0,0,5938,29.11768537759781,33.90739941596985,305.41806614398956,0.0,17.652272045612335,36.4677991271019,22.744823336601257,43.723895490169525,-18.815527081489563,-20.979072153568268,444.49469715356827,423.515625,-0.049535532847384954,-0.04719757578192259
6116,3,A11,0,512,783,271,8672,0,0,6902,78.44343042373657,112.35082983970642,407.84970903396606,0.0,36.46139121055603,93.4204752445221,59.20621454715729,137.14437073469162,-56.959084033966064,-77.93815618753433,852.3444061875343,774.40625,-0.10064246793919127,-0.09143974621261988
6116,3,A11,7,0,128,128,4096,0,0,1521,160.33749771118164,160.33749771118164,8791.264713644981,0.0,242.7420670390129,350.0067806839943,242.7420670390129,350.0067806839943,-107.26471364498138,-107.26471364498138,8791.264713644981,8684.0,-0.012351993740785511,-0.01220128356259084
6116,3,A11,7,128,256,128,4094,2,0,2388,461.7303466796875,622.0678443908691,6665.238311767578,0.0,518.4281616210938,826.6664733886719,761.1702286601067,1176.6732540726662,-308.2383117675781,-415.5030254125595,15456.50302541256,15041.0,-0.027624694196699655,-0.026882084824065115
6116,3,A11,7,256,512,256,8164,28,0,5347,2809.9038696289062,3431.9717140197754,15607.730072021484,0.0,2361.5455169677734,3476.275588989258,3122.71574562788,4652.948843061924,-1114.7300720214844,-1530.2330974340439,31064.233097434044,29534.0,-0.05181259217965883,-0.049260288919234375
6116,3,A11,7,512,783,271,8582,90,0,6317,5584.685943603516,9016.657657623291,17293.382873535156,0.0,2763.1544799804688,6250.537353515625,5885.870225608349,10903.486196577549,-3487.3828735351562,-5017.6159709692,48357.6159709692,43340.0,-0.1157733265105953,-0.1037606149563174
6116,3,fp16_boundary,0,0,128,128,4096,0,0,51,0.02595585584640503,0.02595585584640503,21.35991609096527,0.0,0.141526460647583,0.149574875831604,0.141526460647583,0.149574875831604,-0.008048415184020996,-0.008048415184020996,21.35991609096527,21.35186767578125,-0.0003769419755794974,-0.000376799943864259
6116,3,fp16_boundary,0,128,256,128,4096,0,0,800,0.31898635625839233,0.34494221210479736,117.71671497821808,0.0,0.6002245545387268,0.9448081851005554,0.7417510151863098,1.0943830609321594,-0.3445836305618286,-0.3526320457458496,139.07663106918335,138.7239990234375,-0.0025419685723324066,-0.002535523351658077
6116,3,fp16_boundary,0,256,512,256,8192,0,0,3337,2.770797371864319,3.115739583969116,305.41806423664093,0.0,3.8700191378593445,5.849973022937775,4.611770153045654,6.944356083869934,-1.9799538850784302,-2.33258593082428,444.4946953058243,442.162109375,-0.005275408908559375,-0.005247725013274676
6116,3,fp16_boundary,0,512,783,271,8672,0,0,4330,7.712037086486816,10.827776670455933,407.8497304916382,0.0,9.805201530456543,15.074853897094727,14.416971683502197,22.01920998096466,-5.269652366638184,-7.602238297462463,852.3444257974625,844.7421875,-0.008999477485504965,-0.008919209262558066
6116,3,fp16_boundary,7,0,128,128,4096,0,0,837,15.392425537109375,15.392425537109375,8795.587147057056,0.0,41.512895822525024,50.97504287958145,41.512895822525024,50.97504287958145,-9.462147057056427,-9.462147057056427,8795.587147057056,8786.125,-0.0010769420031079033,-0.001075783446727874
6116,3,fp16_boundary,7,128,256,128,4093,3,0,1279,41.71044921875,57.102874755859375,6677.760711669922,0.0,97.51583862304688,122.77655029296875,139.0287344455719,173.7515931725502,-25.260711669921875,-34.7228587269783,15473.347858726978,15438.625,-0.0022490901053026616,-0.0022440430502823983
6116,3,fp16_boundary,7,256,512,256,8157,35,0,2859,166.02877807617188,223.13165283203125,15622.716201782227,0.0,373.9669647216797,473.05816650390625,512.9956991672516,646.8097596764565,-99.09120178222656,-133.81406050920486,31096.064060509205,30962.25,-0.0043218454895624465,-0.004303247518683355
6116,3,fp16_boundary,7,512,783,271,8576,96,0,3358,310.4577331542969,533.5893859863281,17510.348724365234,0.0,590.473876953125,800.0726013183594,1103.4695761203766,1446.8823609948158,-209.59872436523438,-343.41278487443924,48606.41278487444,48263.0,-0.007115446302020994,-0.007065174432730489
6116,3,bf16_pair_boundary,0,0,128,128,4096,0,0,0,0.0,0.0,21.35991609096527,0.0,0.0014870166778564453,0.0015617609024047852,0.0014870166778564453,0.0015617609024047852,-7.474422454833984e-05,-7.474422454833984e-05,21.35991609096527,21.359841346740723,-3.499287440154371e-06,-3.499275195184631e-06
6116,3,bf16_pair_boundary,0,128,256,128,4096,0,0,21,0.0010118484497070312,0.0010118484497070312,117.71671611070633,0.0,0.01062554121017456,0.009827136993408203,0.012112557888031006,0.011388897895812988,0.0007984042167663574,0.0007236599922180176,139.0766322016716,139.07735586166382,5.203291274374105e-06,5.203318348755066e-06
6116,3,bf16_pair_boundary,0,256,512,256,8192,0,0,306,0.006381869316101074,0.0073937177658081055,305.41806596517563,0.0,0.06531786918640137,0.06812494993209839,0.07743042707443237,0.07951384782791138,-0.0028070807456970215,-0.002083420753479004,444.49469816684723,444.49261474609375,-4.687188682919086e-06,-4.687166713284313e-06
6116,3,bf16_pair_boundary,0,512,783,271,8672,0,0,385,0.01458287239074707,0.021976590156555176,407.8497323989868,0.0,0.16403794288635254,0.17691731452941895,0.2414683699607849,0.2564311623573303,-0.012879371643066406,-0.01496279239654541,852.344430565834,852.3294677734375,-1.7555174333738692e-05,-1.7554866155002937e-05
6116,3,bf16_pair_boundary,7,0,128,128,4096,0,0,62,0.03497314453125,0.03497314453125,8792.344253122807,0.0,0.5568601489067078,0.5917870998382568,0.5568601489067078,0.5917870998382568,-0.03492695093154907,-0.03492695093154907,8792.344253122807,8792.309326171875,-3.972443374755115e-06,-3.972427594511435e-06
6116,3,bf16_pair_boundary,7,128,256,128,4093,3,0,170,0.1661376953125,0.20111083984375,6682.314498901367,0.0,1.298309326171875,1.3571929931640625,1.8551694750785828,1.9489800930023193,-0.0588836669921875,-0.09381061792373657,15474.658752024174,15474.56494140625,-6.062245903451651e-06,-6.062209152849048e-06
6116,3,bf16_pair_boundary,7,256,512,256,8157,35,0,345,0.48724365234375,0.6883544921875,15626.141464233398,0.0,4.7740325927734375,5.417449951171875,6.62920206785202,7.366430044174194,-0.6434173583984375,-0.7372279763221741,31100.800216257572,31100.06298828125,-2.3705031613600505e-05,-2.3704469698396922e-05
6116,3,bf16_pair_boundary,7,512,783,271,8576,96,0,601,1.48919677734375,2.17755126953125,17522.995208740234,0.0,8.955230712890625,9.62530517578125,15.584432780742645,16.991735219955444,-0.670074462890625,-1.407302439212799,48623.79542499781,48622.388122558594,-2.89435071692802e-05,-2.8942669466918986e-05
8068,1,A00,0,0,128,128,4096,0,0,0,0.0,0.0,21.359914779663086,0.0,0.0,0.0,0.0,0.0,0.0,0.0,21.359914779663086,21.359914779663086,0.0,0.0
8068,1,A00,0,128,256,128,4096,0,0,0,0.0,0.0,49.56338047981262,0.0,0.0,0.0,0.0,0.0,0.0,0.0,70.92329525947571,70.92329525947571,0.0,0.0
8068,1,A00,0,256,512,256,8192,0,0,0,0.0,0.0,173.20814836025238,0.0,0.0,0.0,0.0,0.0,0.0,0.0,244.1314436197281,244.1314436197281,0.0,0.0
8068,1,A00,0,512,783,271,8672,0,0,0,0.0,0.0,274.6826686859131,0.0,0.0,0.0,0.0,0.0,0.0,0.0,518.8141123056412,518.8141123056412,0.0,0.0
8068,1,A00,7,0,128,128,4096,0,0,0,0.0,0.0,8792.345703125,0.0,0.0,0.0,0.0,0.0,0.0,0.0,8792.345703125,8792.345703125,0.0,0.0
8068,1,A00,7,128,256,128,4094,2,0,0,0.0,0.0,6379.681732177734,0.0,0.0,0.0,0.0,0.0,0.0,0.0,15172.027435302734,15172.027435302734,0.0,0.0
8068,1,A00,7,256,512,256,8182,10,0,0,0.0,0.0,15491.592193603516,0.0,0.0,0.0,0.0,0.0,0.0,0.0,30663.61962890625,30663.61962890625,0.0,0.0
8068,1,A00,7,512,783,271,8568,104,0,0,0.0,0.0,17956.25567626953,0.0,0.0,0.0,0.0,0.0,0.0,0.0,48619.87530517578,48619.87530517578,0.0,0.0
8068,1,A10,0,0,128,128,4096,0,0,0,0.0,0.0,21.359914779663086,0.0,0.0,0.0,0.0,0.0,0.0,0.0,21.359914779663086,21.359914779663086,0.0,0.0
8068,1,A10,0,128,256,128,4096,0,0,0,0.0,0.0,49.56338047981262,0.0,0.0,0.0,0.0,0.0,0.0,0.0,70.92329525947571,70.92329525947571,0.0,0.0
8068,1,A10,0,256,512,256,8192,0,0,0,0.0,0.0,173.20814836025238,0.0,0.0,0.0,0.0,0.0,0.0,0.0,244.1314436197281,244.1314436197281,0.0,0.0
8068,1,A10,0,512,783,271,8672,0,0,0,0.0,0.0,274.6826686859131,0.0,0.0,0.0,0.0,0.0,0.0,0.0,518.8141123056412,518.8141123056412,0.0,0.0
8068,1,A10,7,0,128,128,4096,0,0,0,0.0,0.0,8805.7978515625,0.0,0.0,0.0,0.0,0.0,0.0,0.0,8805.7978515625,8805.7978515625,0.0,0.0
8068,1,A10,7,128,256,128,4094,2,0,0,0.0,0.0,6411.4881591796875,0.0,0.0,0.0,0.0,0.0,0.0,0.0,15217.286010742188,15217.286010742188,0.0,0.0
8068,1,A10,7,256,512,256,8182,10,0,0,0.0,0.0,15517.368713378906,0.0,0.0,0.0,0.0,0.0,0.0,0.0,30734.654724121094,30734.654724121094,0.0,0.0
8068,1,A10,7,512,783,271,8579,93,0,0,0.0,0.0,17902.50262451172,0.0,0.0,0.0,0.0,0.0,0.0,0.0,48637.15734863281,48637.15734863281,0.0,0.0
8068,1,A01,0,0,128,128,4096,0,0,708,0.6899771690368652,0.6899771690368652,21.35991621017456,0.0,1.0846083760261536,1.2031076550483704,1.0846083760261536,1.2031076550483704,-0.1184992790222168,-0.1184992790222168,21.35991621017456,21.241416931152344,-0.0055786899436274205,-0.0055477408177177666
8068,1,A01,0,128,256,128,4096,0,0,2455,3.467977285385132,4.157954454421997,49.56338220834732,0.0,2.107503294944763,4.2980446219444275,3.1921116709709167,5.501152276992798,-2.1905413269996643,-2.309040606021881,70.92329841852188,68.6142578125,-0.033652489724974116,-0.03255686999208805
8068,1,A01,0,256,512,256,8192,0,0,6156,17.582562565803528,21.740517020225525,173.20814788341522,0.0,8.472463965415955,21.691354036331177,11.664575636386871,27.192506313323975,-13.218890070915222,-15.527930676937103,244.1314463019371,228.603515625,-0.06792516131908066,-0.06360479533526564
8068,1,A01,0,512,783,271,8672,0,0,7173,52.21408301591873,73.95460003614426,274.682666182518,0.0,20.943120419979095,59.7683647274971,32.60769605636597,86.96087104082108,-38.825244307518005,-54.35317498445511,518.8141124844551,464.4609375,-0.11702421150208162,-0.1047642569400686
8068,1,A01,7,0,128,128,4096,0,0,1522,159.5560646057129,159.5560646057129,8776.676233232021,0.0,243.8585069179535,349.5347401499748,243.8585069179535,349.5347401499748,-105.67623323202133,-105.67623323202133,8776.676233232021,8671.0,-0.012187317867837773,-0.01204057554634278
8068,1,A01,7,128,256,128,4094,2,0,2455,448.5210418701172,608.0771064758301,6375.482986450195,0.0,538.5380859375,786.0210723876953,782.3965928554535,1135.5558125376701,-247.4829864501953,-353.15921968221664,15152.159219682217,14799.0,-0.023863721851626236,-0.023307517731431505
8068,1,A01,7,256,512,256,8183,9,0,5229,2493.9854278564453,3102.0625343322754,15490.106475830078,0.0,2577.1060333251953,3082.2125091552734,3359.502626180649,4217.768321692944,-505.1064758300781,-858.2656955122948,30642.265695512295,29784.0,-0.028816334122760367,-0.028009211330544393
8068,1,A01,7,512,783,271,8582,90,0,6156,4945.772674560547,8047.835208892822,17838.76287841797,0.0,3147.7778930664062,5534.540771484375,6507.280519247055,9752.309093177319,-2386.7628784179688,-3245.0285739302635,48481.02857393026,45236.0,-0.07173553306946379,-0.06693398777589497
8068,1,A11,0,0,128,128,4096,0,0,708,0.6899771690368652,0.6899771690368652,21.35991621017456,0.0,1.0846083760261536,1.2031076550483704,1.0846083760261536,1.2031076550483704,-0.1184992790222168,-0.1184992790222168,21.35991621017456,21.241416931152344,-0.0055786899436274205,-0.0055477408177177666
8068,1,A11,0,128,256,128,4096,0,0,2455,3.467977285385132,4.157954454421997,49.56338220834732,0.0,2.107503294944763,4.2980446219444275,3.1921116709709167,5.501152276992798,-2.1905413269996643,-2.309040606021881,70.92329841852188,68.6142578125,-0.033652489724974116,-0.03255686999208805
8068,1,A11,0,256,512,256,8192,0,0,6156,17.582562565803528,21.740517020225525,173.20814788341522,0.0,8.472463965415955,21.691354036331177,11.664575636386871,27.192506313323975,-13.218890070915222,-15.527930676937103,244.1314463019371,228.603515625,-0.06792516131908066,-0.06360479533526564
8068,1,A11,0,512,783,271,8672,0,0,7173,52.21408301591873,73.95460003614426,274.682666182518,0.0,20.943120419979095,59.7683647274971,32.60769605636597,86.96087104082108,-38.825244307518005,-54.35317498445511,518.8141124844551,464.4609375,-0.11702421150208162,-0.1047642569400686
8068,1,A11,7,0,128,128,4096,0,0,1521,160.33749771118164,160.33749771118164,8791.264713644981,0.0,242.7420670390129,350.0067806839943,242.7420670390129,350.0067806839943,-107.26471364498138,-107.26471364498138,8791.264713644981,8684.0,-0.012351993740785511,-0.01220128356259084
8068,1,A11,7,128,256,128,4094,2,0,2459,460.3245391845703,620.662036895752,6409.277206420898,0.0,530.2142333984375,795.4914398193359,772.9563004374504,1145.4982205033302,-265.27720642089844,-372.5419200658798,15200.54192006588,14828.0,-0.02512421904949284,-0.024508463055129368
8068,1,A11,7,256,512,256,8183,9,0,5221,2505.5065307617188,3126.1685676574707,15487.683944702148,0.0,2599.3966064453125,3085.080551147461,3372.352906882763,4230.578771650791,-485.68394470214844,-858.2258647680283,30688.22586476803,29830.0,-0.028770562010326125,-0.027965965466688135
8068,1,A11,7,512,783,271,8571,101,0,6148,4979.750671386719,8105.919239044189,17773.33367919922,0.0,3116.29150390625,5625.625183105469,6488.644410789013,9856.20395475626,-2509.3336791992188,-3367.559543967247,48461.55954396725,45094.0,-0.0746786611071816,-0.06948929369291126
8068,1,fp16_boundary,0,0,128,128,4096,0,0,51,0.02595585584640503,0.02595585584640503,21.35991609096527,0.0,0.141526460647583,0.149574875831604,0.141526460647583,0.149574875831604,-0.008048415184020996,-0.008048415184020996,21.35991609096527,21.35186767578125,-0.0003769419755794974,-0.000376799943864259
8068,1,fp16_boundary,0,128,256,128,4096,0,0,798,0.22196000814437866,0.2479158639907837,49.56338280439377,0.0,0.44156497716903687,0.5792275667190552,0.5830914378166199,0.7288024425506592,-0.1376625895500183,-0.1457110047340393,70.92329889535904,70.777587890625,-0.002058716736139856,-0.002054487129102988
8068,1,fp16_boundary,0,256,512,256,8192,0,0,3465,1.883853256702423,2.131769120693207,173.20814925432205,0.0,2.271995782852173,3.654949724674225,2.8550872206687927,4.383752167224884,-1.382953941822052,-1.5286649465560913,244.1314481496811,242.602783203125,-0.0063011022642563,-0.006261646986253247
8068,1,fp16_boundary,0,512,783,271,8672,0,0,4505,5.33699244260788,7.468761563301086,274.6826776266098,0.0,6.4675456285476685,10.05281114578247,9.322632849216461,14.436563313007355,-3.5852655172348022,-5.1139304637908936,518.8141257762909,513.7001953125,-0.009955087637605293,-0.00985696072970069
8068,1,fp16_boundary,7,0,128,128,4096,0,0,837,15.392425537109375,15.392425537109375,8795.587147057056,0.0,41.512895822525024,50.97504287958145,41.512895822525024,50.97504287958145,-9.462147057056427,-9.462147057056427,8795.587147057056,8786.125,-0.0010769420031079033,-0.001075783446727874
8068,1,fp16_boundary,7,128,256,128,4094,2,0,1398,41.93440246582031,57.32682800292969,6371.273483276367,0.0,92.21240234375,123.98588562011719,133.72529816627502,174.96092849969864,-31.773483276367188,-41.235630333423615,15166.860630333424,15125.625,-0.0027262100133662983,-0.002718797999037003
8068,1,fp16_boundary,7,256,512,256,8182,10,0,2963,167.59115600585938,224.91798400878906,15492.730651855469,0.0,341.73777770996094,481.3434295654297,475.46307587623596,656.3043580651283,-139.60565185546875,-180.84128218889236,30659.591282188892,30478.75,-0.005933356262605664,-0.005898359196130206
8068,1,fp16_boundary,7,512,783,271,8571,101,0,3201,250.08087158203125,474.9988555908203,17950.865295410156,0.0,590.1676025390625,711.2828979492188,1065.6306784152985,1367.587256014347,-121.11529541015625,-301.9565775990486,48610.45657759905,48308.5,-0.006250588977075434,-0.006211761807195162
8068,1,bf16_pair_boundary,0,0,128,128,4096,0,0,0,0.0,0.0,21.35991609096527,0.0,0.0014870166778564453,0.0015617609024047852,0.0014870166778564453,0.0015617609024047852,-7.474422454833984e-05,-7.474422454833984e-05,21.35991609096527,21.359841346740723,-3.499287440154371e-06,-3.499275195184631e-06
8068,1,bf16_pair_boundary,0,128,256,128,4096,0,0,0,0.0,0.0,49.56338274478912,0.0,0.005473792552947998,0.005572855472564697,0.006960809230804443,0.007134616374969482,-9.906291961669922e-05,-0.00017380714416503906,70.9232988357544,70.92312502861023,-2.450641368311473e-06,-2.450635362683075e-06
8068,1,bf16_pair_boundary,0,256,512,256,8192,0,0,41,0.0003085136413574219,0.0003085136413574219,173.2081510424614,0.0,0.035853445529937744,0.034442901611328125,0.04281425476074219,0.04157751798629761,0.0014105439186096191,0.00123673677444458,244.1314498782158,244.13268661499023,5.065838547031505e-06,5.0658642098816945e-06
8068,1,bf16_pair_boundary,0,512,783,271,8672,0,0,116,0.0015241503715515137,0.0018326640129089355,274.68267780542374,0.0,0.09553956985473633,0.09718328714370728,0.13835382461547852,0.13876080513000488,-0.0016437172889709473,-0.0004069805145263672,518.8141276836395,518.813720703125,-7.844443935962309e-07,-7.84443778243707e-07
8068,1,bf16_pair_boundary,7,0,128,128,4096,0,0,62,0.03497314453125,0.03497314453125,8792.344253122807,0.0,0.5568601489067078,0.5917870998382568,0.5568601489067078,0.5917870998382568,-0.03492695093154907,-0.03492695093154907,8792.344253122807,8792.309326171875,-3.972443374755115e-06,-3.972427594511435e-06
8068,1,bf16_pair_boundary,7,128,256,128,4094,2,0,176,0.220458984375,0.25543212890625,6379.691909790039,0.0,1.28411865234375,1.3180694580078125,1.8409788012504578,1.9098565578460693,-0.0339508056640625,-0.06887775659561157,15172.036162912846,15171.96728515625,-4.539803922659344e-06,-4.539783312933251e-06
8068,1,bf16_pair_boundary,7,256,512,256,8182,10,0,404,0.5657958984375,0.82122802734375,15491.624893188477,0.0,4.896240234375,5.2242584228515625,6.737219035625458,7.134114980697632,-0.3280181884765625,-0.3968959450721741,30663.661056101322,30663.26416015625,-1.2943695198239834e-05,-1.2943527661162998e-05
8068,1,bf16_pair_boundary,7,512,783,271,8568,104,0,622,1.12249755859375,1.9437255859375,17956.26937866211,0.0,8.020751953125,8.581634521484375,14.757970988750458,15.715749502182007,-0.560882568359375,-0.9577785134315491,48619.93043476343,48618.97265625,-1.9699686379704405e-05,-1.9699298309705804e-05
5732,1,A00,0,0,128,128,4096,0,0,0,0.0,0.0,21.359914779663086,0.0,0.0,0.0,0.0,0.0,0.0,0.0,21.359914779663086,21.359914779663086,0.0,0.0
5732,1,A00,0,128,256,128,4096,0,0,0,0.0,0.0,39.77396672964096,0.0,0.0,0.0,0.0,0.0,0.0,0.0,61.13388150930405,61.13388150930405,0.0,0.0
5732,1,A00,0,256,512,256,8192,0,0,0,0.0,0.0,163.8365884423256,0.0,0.0,0.0,0.0,0.0,0.0,0.0,224.97046995162964,224.97046995162964,0.0,0.0
5732,1,A00,0,512,783,271,8672,0,0,0,0.0,0.0,262.62275725603104,0.0,0.0,0.0,0.0,0.0,0.0,0.0,487.5932272076607,487.5932272076607,0.0,0.0
5732,1,A00,7,0,128,128,4096,0,0,0,0.0,0.0,8792.345703125,0.0,0.0,0.0,0.0,0.0,0.0,0.0,8792.345703125,8792.345703125,0.0,0.0
5732,1,A00,7,128,256,128,4078,18,0,0,0.0,0.0,6180.096527099609,0.0,0.0,0.0,0.0,0.0,0.0,0.0,14972.44223022461,14972.44223022461,0.0,0.0
5732,1,A00,7,256,512,256,8139,53,0,0,0.0,0.0,14815.129333496094,0.0,0.0,0.0,0.0,0.0,0.0,0.0,29787.571563720703,29787.571563720703,0.0,0.0
5732,1,A00,7,512,783,271,8538,134,0,0,0.0,0.0,18537.828399658203,0.0,0.0,0.0,0.0,0.0,0.0,0.0,48325.399963378906,48325.399963378906,0.0,0.0
5732,1,A10,0,0,128,128,4096,0,0,0,0.0,0.0,21.359914779663086,0.0,0.0,0.0,0.0,0.0,0.0,0.0,21.359914779663086,21.359914779663086,0.0,0.0
5732,1,A10,0,128,256,128,4096,0,0,0,0.0,0.0,39.77396672964096,0.0,0.0,0.0,0.0,0.0,0.0,0.0,61.13388150930405,61.13388150930405,0.0,0.0
5732,1,A10,0,256,512,256,8192,0,0,0,0.0,0.0,163.8365884423256,0.0,0.0,0.0,0.0,0.0,0.0,0.0,224.97046995162964,224.97046995162964,0.0,0.0
5732,1,A10,0,512,783,271,8672,0,0,0,0.0,0.0,262.62275725603104,0.0,0.0,0.0,0.0,0.0,0.0,0.0,487.5932272076607,487.5932272076607,0.0,0.0
5732,1,A10,7,0,128,128,4096,0,0,0,0.0,0.0,8805.7978515625,0.0,0.0,0.0,0.0,0.0,0.0,0.0,8805.7978515625,8805.7978515625,0.0,0.0
5732,1,A10,7,128,256,128,4078,18,0,0,0.0,0.0,6212.700973510742,0.0,0.0,0.0,0.0,0.0,0.0,0.0,15018.498825073242,15018.498825073242,0.0,0.0
5732,1,A10,7,256,512,256,8140,52,0,0,0.0,0.0,14814.471450805664,0.0,0.0,0.0,0.0,0.0,0.0,0.0,29832.970275878906,29832.970275878906,0.0,0.0
5732,1,A10,7,512,783,271,8539,133,0,0,0.0,0.0,18397.89093017578,0.0,0.0,0.0,0.0,0.0,0.0,0.0,48230.86120605469,48230.86120605469,0.0,0.0
5732,1,A01,0,0,128,128,4096,0,0,708,0.6899771690368652,0.6899771690368652,21.35991621017456,0.0,1.0846083760261536,1.2031076550483704,1.0846083760261536,1.2031076550483704,-0.1184992790222168,-0.1184992790222168,21.35991621017456,21.241416931152344,-0.0055786899436274205,-0.0055477408177177666
5732,1,A01,0,128,256,128,4096,0,0,2591,3.4551193714141846,4.14509654045105,39.77396821975708,0.0,1.8054236769676208,4.044929921627045,2.8900320529937744,5.248037576675415,-2.239506244659424,-2.3580055236816406,61.13388442993164,58.77587890625,-0.04011859231306024,-0.038571171219853685
5732,1,A01,0,256,512,256,8192,0,0,6351,17.203611612319946,21.348708152770996,163.8365769982338,0.0,7.34195613861084,20.621404230594635,10.231988191604614,25.86944180727005,-13.279448091983795,-15.637453615665436,224.97046142816544,209.3330078125,-0.07470132770304401,-0.06950891915496461
5732,1,A01,0,512,783,271,8672,0,0,7366,51.354682087898254,72.70339024066925,262.62277215719223,0.0,19.83044058084488,57.66903305053711,30.062428772449493,83.53847485780716,-37.83859246969223,-53.476046085357666,487.59323358535767,434.1171875,-0.12318343439317907,-0.10967347863328418
5732,1,A01,7,0,128,128,4096,0,0,1522,159.5560646057129,159.5560646057129,8776.676233232021,0.0,243.8585069179535,349.5347401499748,243.8585069179535,349.5347401499748,-105.67623323202133,-105.67623323202133,8776.676233232021,8671.0,-0.012187317867837773,-0.01204057554634278
5732,1,A01,7,128,256,128,4079,17,0,2552,440.4180908203125,599.9741554260254,6170.005218505859,0.0,482.6827850341797,788.6880035400391,726.5412919521332,1138.2227436900139,-306.0052185058594,-411.6814517378807,14946.68145173788,14535.0,-0.02832345729190786,-0.02754333482433411
5732,1,A01,7,256,512,256,8138,54,0,5336,2239.4093322753906,2839.383487701416,14878.021759033203,0.0,2327.2249450683594,2806.2467041015625,3053.7662370204926,3944.4694477915764,-479.0217590332031,-890.7032107710838,29824.703210771084,28934.0,-0.030783963875408993,-0.02986461271639443
5732,1,A01,7,512,783,271,8538,134,0,5894,4883.557830810547,7722.941318511963,18522.8076171875,0.0,3196.4252014160156,5377.232818603516,6250.191438436508,9321.702266395092,-2180.8076171875,-3071.510827958584,48347.510827958584,45276.0,-0.06783971260620603,-0.06352986483395912
5732,1,A11,0,0,128,128,4096,0,0,708,0.6899771690368652,0.6899771690368652,21.35991621017456,0.0,1.0846083760261536,1.2031076550483704,1.0846083760261536,1.2031076550483704,-0.1184992790222168,-0.1184992790222168,21.35991621017456,21.241416931152344,-0.0055786899436274205,-0.0055477408177177666
5732,1,A11,0,128,256,128,4096,0,0,2591,3.4551193714141846,4.14509654045105,39.77396821975708,0.0,1.8054236769676208,4.044929921627045,2.8900320529937744,5.248037576675415,-2.239506244659424,-2.3580055236816406,61.13388442993164,58.77587890625,-0.04011859231306024,-0.038571171219853685
5732,1,A11,0,256,512,256,8192,0,0,6351,17.203611612319946,21.348708152770996,163.8365769982338,0.0,7.34195613861084,20.621404230594635,10.231988191604614,25.86944180727005,-13.279448091983795,-15.637453615665436,224.97046142816544,209.3330078125,-0.07470132770304401,-0.06950891915496461
5732,1,A11,0,512,783,271,8672,0,0,7366,51.354682087898254,72.70339024066925,262.62277215719223,0.0,19.83044058084488,57.66903305053711,30.062428772449493,83.53847485780716,-37.83859246969223,-53.476046085357666,487.59323358535767,434.1171875,-0.12318343439317907,-0.10967347863328418
5732,1,A11,7,0,128,128,4096,0,0,1521,160.33749771118164,160.33749771118164,8791.264713644981,0.0,242.7420670390129,350.0067806839943,242.7420670390129,350.0067806839943,-107.26471364498138,-107.26471364498138,8791.264713644981,8684.0,-0.012351993740785511,-0.01220128356259084
5732,1,A11,7,128,256,128,4079,17,0,2545,441.4151306152344,601.752628326416,6206.68278503418,0.0,480.6948547363281,788.3776397705078,723.436921775341,1138.384420454502,-307.6827850341797,-414.9474986791611,14997.947498679161,14583.0,-0.028454193148128717,-0.027666952342359157
5732,1,A11,7,256,512,256,8140,52,0,5346,2257.558334350586,2859.310962677002,14862.332763671875,0.0,2341.2081756591797,2806.5409393310547,3064.6450974345207,3944.925359785557,-465.332763671875,-880.2802623510361,29860.280262351036,28980.0,-0.030375440384783854,-0.029479973215821638
5732,1,A11,7,512,783,271,8542,130,0,5946,5037.819671630859,7897.130634307861,18403.869903564453,0.0,3080.4976501464844,5512.3675537109375,6145.142747581005,9457.292913496494,-2431.869903564453,-3312.150165915489,48264.15016591549,44952.0,-0.07368193108016305,-0.06862547365963059
5732,1,fp16_boundary,0,0,128,128,4096,0,0,51,0.02595585584640503,0.02595585584640503,21.35991609096527,0.0,0.141526460647583,0.149574875831604,0.141526460647583,0.149574875831604,-0.008048415184020996,-0.008048415184020996,21.35991609096527,21.35186767578125,-0.0003769419755794974,-0.000376799943864259
5732,1,fp16_boundary,0,128,256,128,4096,0,0,771,0.19442641735076904,0.22038227319717407,39.77396881580353,0.0,0.44926393032073975,0.4994778633117676,0.5907903909683228,0.6490527391433716,-0.05021393299102783,-0.05826234817504883,61.1338849067688,61.07562255859375,-0.00095393785170432,-0.0009530287215330882
5732,1,fp16_boundary,0,256,512,256,8192,0,0,3380,1.6438693404197693,1.8642516136169434,163.83657389879227,0.0,2.255791425704956,3.249530851840973,2.846581816673279,3.8985835909843445,-0.9937394261360168,-1.0520017743110657,224.97045880556107,223.91845703125,-0.00469814676404388,-0.004676177396341164
5732,1,fp16_boundary,0,512,783,271,8672,0,0,4543,5.238246560096741,7.102498173713684,262.6227807402611,0.0,6.254894018173218,9.612538039684296,9.101475834846497,13.51112163066864,-3.357644021511078,-4.4096457958221436,487.59323954582214,483.18359375,-0.00912623245669161,-0.009043697570396157
5732,1,fp16_boundary,7,0,128,128,4096,0,0,837,15.392425537109375,15.392425537109375,8795.587147057056,0.0,41.512895822525024,50.97504287958145,41.512895822525024,50.97504287958145,-9.462147057056427,-9.462147057056427,8795.587147057056,8786.125,-0.0010769420031079033,-0.001075783446727874
5732,1,fp16_boundary,7,128,256,128,4078,18,0,1450,46.31878662109375,61.711212158203125,6170.982238769531,0.0,92.01211547851562,122.49435424804688,133.52501130104065,173.46939712762833,-30.48223876953125,-39.94438582658768,14966.569385826588,14926.625,-0.002676049396738223,-0.002668907269050929
5732,1,fp16_boundary,7,256,512,256,8139,53,0,3074,152.42430114746094,214.13551330566406,14822.396850585938,0.0,350.7935485839844,435.8153991699219,484.318559885025,609.2847962975502,-85.0218505859375,-124.96623641252518,29788.966236412525,29664.0,-0.004212723719408211,-0.004195051128017083
5732,1,fp16_boundary,7,512,783,271,8538,134,0,3449,280.5340576171875,494.66957092285156,18540.532775878906,0.0,534.4145202636719,761.4472961425781,1018.7330801486969,1370.7320924401283,-227.03277587890625,-351.9990122914314,48329.49901229143,47977.5,-0.007336751858505163,-0.0072833159764786526
5732,1,bf16_pair_boundary,0,0,128,128,4096,0,0,0,0.0,0.0,21.35991609096527,0.0,0.0014870166778564453,0.0015617609024047852,0.0014870166778564453,0.0015617609024047852,-7.474422454833984e-05,-7.474422454833984e-05,21.35991609096527,21.359841346740723,-3.499287440154371e-06,-3.499275195184631e-06
5732,1,bf16_pair_boundary,0,128,256,128,4096,0,0,1,1.6093254089355469e-06,1.6093254089355469e-06,39.77396863698959,0.0,0.004903733730316162,0.005086421966552734,0.006390750408172607,0.0066481828689575195,-0.00018268823623657227,-0.0002574324607849121,61.133884727954865,61.13362729549408,-4.210979655118328e-06,-4.210961922843343e-06
5732,1,bf16_pair_boundary,0,256,512,256,8192,0,0,34,7.87973403930664e-05,8.040666580200195e-05,163.8365724682808,0.0,0.02944660186767578,0.030973613262176514,0.03583735227584839,0.03762179613113403,-0.0015270113945007324,-0.0017844438552856445,224.97045719623566,224.96867275238037,-7.93196596421118e-06,-7.931903048626169e-06
5732,1,bf16_pair_boundary,0,512,783,271,8672,0,0,104,0.0011715292930603027,0.0012519359588623047,262.62277883291245,0.0,0.09373778104782104,0.09051620960235596,0.12957513332366943,0.12813800573349,0.003221571445465088,0.0014371275901794434,487.5932360291481,487.5946731567383,2.947381645651153e-06,2.9473903327353224e-06
5732,1,bf16_pair_boundary,7,0,128,128,4096,0,0,62,0.03497314453125,0.03497314453125,8792.344253122807,0.0,0.5568601489067078,0.5917870998382568,0.5568601489067078,0.5917870998382568,-0.03492695093154907,-0.03492695093154907,8792.344253122807,8792.309326171875,-3.972443374755115e-06,-3.972427594511435e-06
5732,1,bf16_pair_boundary,7,128,256,128,4078,18,0,159,0.156036376953125,0.191009521484375,6180.068634033203,0.0,1.2723388671875,1.376007080078125,1.8291990160942078,1.9677941799163818,-0.103668212890625,-0.13859516382217407,14972.41288715601,14972.274291992188,-9.256787654251078e-06,-9.25670196692659e-06
5732,1,bf16_pair_boundary,7,256,512,256,8139,53,0,382,0.6146240234375,0.805633544921875,14815.172470092773,0.0,4.71319580078125,5.1628875732421875,6.542394816875458,7.130681753158569,-0.4496917724609375,-0.5882869362831116,29787.585357248783,29786.9970703125,-1.9749789980321095e-05,-1.974939993382016e-05
5732,1,bf16_pair_boundary,7,512,783,271,8538,134,0,572,1.01239013671875,1.818023681640625,18537.839263916016,0.0,8.129638671875,8.585357666015625,14.672033488750458,15.716039419174194,-0.455718994140625,-1.0440059304237366,48325.4246211648,48324.380615234375,-2.1604124401226393e-05,-2.16036576731185e-05
9178,6,A00,0,0,128,128,4096,0,0,0,0.0,0.0,49.160203874111176,0.0,0.0,0.0,0.0,0.0,0.0,0.0,49.160203874111176,49.160203874111176,0.0,0.0
9178,6,A00,0,128,256,128,4096,0,0,0,0.0,0.0,81.00013047456741,0.0,0.0,0.0,0.0,0.0,0.0,0.0,130.1603343486786,130.1603343486786,0.0,0.0
9178,6,A00,0,256,512,256,8192,0,0,0,0.0,0.0,359.1633813381195,0.0,0.0,0.0,0.0,0.0,0.0,0.0,489.3237156867981,489.3237156867981,0.0,0.0
9178,6,A00,0,512,783,271,8672,0,0,0,0.0,0.0,298.0100779533386,0.0,0.0,0.0,0.0,0.0,0.0,0.0,787.3337936401367,787.3337936401367,0.0,0.0
9178,6,A00,7,0,128,128,4096,0,0,0,0.0,0.0,9000.151794433594,0.0,0.0,0.0,0.0,0.0,0.0,0.0,9000.151794433594,9000.151794433594,0.0,0.0
9178,6,A00,7,128,256,128,4094,2,0,0,0.0,0.0,7809.153015136719,0.0,0.0,0.0,0.0,0.0,0.0,0.0,16809.304809570312,16809.304809570312,0.0,0.0
9178,6,A00,7,256,512,256,8125,67,0,0,0.0,0.0,14644.42056274414,0.0,0.0,0.0,0.0,0.0,0.0,0.0,31453.725372314453,31453.725372314453,0.0,0.0
9178,6,A00,7,512,783,271,8527,145,0,0,0.0,0.0,19780.540740966797,0.0,0.0,0.0,0.0,0.0,0.0,0.0,51234.26611328125,51234.26611328125,0.0,0.0
9178,6,A10,0,0,128,128,4096,0,0,0,0.0,0.0,49.160203874111176,0.0,0.0,0.0,0.0,0.0,0.0,0.0,49.160203874111176,49.160203874111176,0.0,0.0
9178,6,A10,0,128,256,128,4096,0,0,0,0.0,0.0,81.00013047456741,0.0,0.0,0.0,0.0,0.0,0.0,0.0,130.1603343486786,130.1603343486786,0.0,0.0
9178,6,A10,0,256,512,256,8192,0,0,0,0.0,0.0,359.1633813381195,0.0,0.0,0.0,0.0,0.0,0.0,0.0,489.3237156867981,489.3237156867981,0.0,0.0
9178,6,A10,0,512,783,271,8672,0,0,0,0.0,0.0,298.0100779533386,0.0,0.0,0.0,0.0,0.0,0.0,0.0,787.3337936401367,787.3337936401367,0.0,0.0
9178,6,A10,7,0,128,128,4096,0,0,0,0.0,0.0,9005.909530639648,0.0,0.0,0.0,0.0,0.0,0.0,0.0,9005.909530639648,9005.909530639648,0.0,0.0
9178,6,A10,7,128,256,128,4095,1,0,0,0.0,0.0,7837.03678894043,0.0,0.0,0.0,0.0,0.0,0.0,0.0,16842.946319580078,16842.946319580078,0.0,0.0
9178,6,A10,7,256,512,256,8129,63,0,0,0.0,0.0,14638.978454589844,0.0,0.0,0.0,0.0,0.0,0.0,0.0,31481.924774169922,31481.924774169922,0.0,0.0
9178,6,A10,7,512,783,271,8560,112,0,0,0.0,0.0,19764.673797607422,0.0,0.0,0.0,0.0,0.0,0.0,0.0,51246.598571777344,51246.598571777344,0.0,0.0
9178,6,A01,0,0,128,128,4096,0,0,1154,1.2700676918029785,1.2700676918029785,49.1602064371109,0.0,1.4590715765953064,1.9102936387062073,1.4590715765953064,1.9102936387062073,-0.4512220621109009,-0.4512220621109009,49.1602064371109,48.708984375,-0.009263631091895475,-0.009178603891505929
9178,6,A01,0,128,256,128,4096,0,0,2972,4.885664403438568,6.155732095241547,81.000128865242,0.0,2.7214139699935913,6.074081897735596,4.180485546588898,7.984375536441803,-3.3526679277420044,-3.8038899898529053,130.1603353023529,126.3564453125,-0.03010443970978503,-0.0292246480543919
9178,6,A01,0,256,512,256,8192,0,0,5721,33.716045558452606,39.87177765369415,359.1633798480034,0.0,20.311989068984985,43.59743922948837,24.492474615573883,51.581814765930176,-23.285450160503387,-27.089340150356293,489.3237151503563,462.234375,-0.0586052046656121,-0.05536077510985228
9178,6,A01,0,512,783,271,8672,0,0,7323,70.60038018226624,110.47215783596039,298.0101210474968,0.0,29.237503945827484,79.48199999332428,53.72997856140137,131.06381475925446,-50.244496047496796,-77.33383619785309,787.3338361978531,710.0,-0.1089208960533142,-0.09822242185260215
9178,6,A01,7,0,128,128,4096,0,0,1373,145.72859573364258,145.72859573364258,8996.393167436123,0.0,274.5402238368988,347.9333912730217,274.5402238368988,347.9333912730217,-73.3931674361229,-73.3931674361229,8996.393167436123,8923.0,-0.008225167257214266,-0.008158065801501555
9178,6,A01,7,128,256,128,4095,1,0,2247,487.18446350097656,632.9130592346191,7774.683242797852,0.0,603.5429840087891,924.2262268066406,878.0832078456879,1272.1596180796623,-320.68324279785156,-394.07641023397446,16771.076410233974,16377.0,-0.024062796008669136,-0.023497383268345426
9178,6,A01,7,256,512,256,8130,62,0,5583,3027.298049926758,3660.211109161377,14614.574279785156,0.0,2609.4818115234375,3647.0560913085938,3487.5650193691254,4919.215709388256,-1037.5742797851562,-1431.6506900191307,31385.65069001913,29954.0,-0.047794975296091696,-0.045614816278905644
9178,6,A01,7,512,783,271,8585,87,0,5906,5281.120666503906,8941.331775665283,19189.888671875,0.0,3562.8292846679688,6042.717956542969,7050.394304037094,10961.933665931225,-2479.888671875,-3911.5393618941307,50575.53936189413,46664.0,-0.08382349052576142,-0.07734053677421103
9178,6,A11,0,0,128,128,4096,0,0,1154,1.2700676918029785,1.2700676918029785,49.1602064371109,0.0,1.4590715765953064,1.9102936387062073,1.4590715765953064,1.9102936387062073,-0.4512220621109009,-0.4512220621109009,49.1602064371109,48.708984375,-0.009263631091895475,-0.009178603891505929
9178,6,A11,0,128,256,128,4096,0,0,2972,4.885664403438568,6.155732095241547,81.000128865242,0.0,2.7214139699935913,6.074081897735596,4.180485546588898,7.984375536441803,-3.3526679277420044,-3.8038899898529053,130.1603353023529,126.3564453125,-0.03010443970978503,-0.0292246480543919
9178,6,A11,0,256,512,256,8192,0,0,5721,33.716045558452606,39.87177765369415,359.1633798480034,0.0,20.311989068984985,43.59743922948837,24.492474615573883,51.581814765930176,-23.285450160503387,-27.089340150356293,489.3237151503563,462.234375,-0.0586052046656121,-0.05536077510985228
9178,6,A11,0,512,783,271,8672,0,0,7323,70.60038018226624,110.47215783596039,298.0101210474968,0.0,29.237503945827484,79.48199999332428,53.72997856140137,131.06381475925446,-50.244496047496796,-77.33383619785309,787.3338361978531,710.0,-0.1089208960533142,-0.09822242185260215
9178,6,A11,7,0,128,128,4096,0,0,1373,146.20064163208008,146.20064163208008,9003.49553334713,0.0,271.7662064433098,348.2617397904396,271.7662064433098,348.2617397904396,-76.49553334712982,-76.49553334712982,9003.49553334713,8927.0,-0.008569007880265466,-0.008496203842586005
9178,6,A11,7,128,256,128,4095,1,0,2239,480.92567443847656,627.1263160705566,7801.2481689453125,0.0,608.5972595214844,919.8454284667969,880.3634659647942,1268.1071682572365,-311.2481689453125,-387.7437022924423,16804.743702292442,16417.0,-0.023618426161444984,-0.02307346718055258
9178,6,A11,7,256,512,256,8137,55,0,5582,3025.3749389648438,3652.5012550354004,14601.415328979492,0.0,2659.640411376953,3628.0557403564453,3540.0038773417473,4896.162908613682,-968.4153289794922,-1356.1590312719345,31406.159031271935,30050.0,-0.045130084235338916,-0.04318130816065637
9178,6,A11,7,512,783,271,8616,56,0,5923,5243.5980224609375,8896.099277496338,19142.179779052734,0.0,3637.2972717285156,5991.47705078125,7177.301149070263,10887.639959394932,-2354.1797790527344,-3710.338810324669,50548.33881032467,46838.0,-0.0792164227833099,-0.07340179514597263
9178,6,fp16_boundary,0,0,128,128,4096,0,0,306,0.03935408592224121,0.03935408592224121,49.16020631790161,0.0,0.20502591133117676,0.23394560813903809,0.20502591133117676,0.23394560813903809,-0.028919696807861328,-0.028919696807861328,49.16020631790161,49.13128662109375,-0.0005886207912870963,-0.0005882745206732435
9178,6,fp16_boundary,0,128,256,128,4096,0,0,1511,0.47071003913879395,0.5100641250610352,81.00012940168381,0.0,0.6251140236854553,0.9511101245880127,0.8301399350166321,1.1850557327270508,-0.3259961009025574,-0.3549157977104187,130.16033571958542,129.805419921875,-0.0027342140098928778,-0.002726758468686202
9178,6,fp16_boundary,0,256,512,256,8192,0,0,2903,2.4607059955596924,2.9707701206207275,359.1633805632591,0.0,4.4987024664878845,6.195042014122009,5.328842401504517,7.38009774684906,-1.6963395476341248,-2.0512553453445435,489.32371628284454,487.2724609375,-0.0042096681216048605,-0.004192021103998265
9178,6,fp16_boundary,0,512,783,271,8672,0,0,4951,8.98712158203125,11.957891702651978,298.01009434461594,0.0,9.081226706504822,15.020031988620758,14.410069108009338,22.400129735469818,-5.938805282115936,-7.99006062746048,787.3338106274605,779.34375,-0.010252293198553886,-0.010148250360406666
9178,6,fp16_boundary,7,0,128,128,4096,0,0,722,14.996574401855469,14.996574401855469,9001.584415733814,0.0,43.00818848609924,50.96760421991348,43.00818848609924,50.96760421991348,-7.9594157338142395,-7.9594157338142395,9001.584415733814,8993.625,-0.0008850064055166009,-0.0008842238617350547
9178,6,fp16_boundary,7,128,256,128,4095,1,0,1264,39.084747314453125,54.081321716308594,7810.309631347656,0.0,99.98870849609375,134.67333984375,142.996896982193,185.64094406366348,-34.68463134765625,-42.64404708147049,16811.89404708147,16769.25,-0.002542990717024941,-0.0025365403185415303
9178,6,fp16_boundary,7,256,512,256,8125,67,0,2805,170.59031677246094,224.67163848876953,14642.481704711914,0.0,399.8729248046875,488.85462951660156,542.8698217868805,674.495573580265,-88.98170471191406,-131.62575179338455,31454.375751793385,31322.75,-0.004202241239782093,-0.004184656304485072
9178,6,fp16_boundary,7,512,783,271,8533,139,0,2998,237.31076049804688,461.9823989868164,19743.427215576172,0.0,615.0025024414062,761.6797180175781,1157.8723242282867,1436.1752915978432,-146.67721557617188,-278.3029673695564,51197.80296736956,50919.5,-0.0054655479211217,-0.005435838087562668
9178,6,bf16_pair_boundary,0,0,128,128,4096,0,0,0,0.0,0.0,49.16020631790161,0.0,0.002222776412963867,0.0021970272064208984,0.002222776412963867,0.0021970272064208984,2.574920654296875e-05,2.574920654296875e-05,49.16020631790161,49.160232067108154,5.237812243810965e-07,5.237814987280111e-07
9178,6,bf16_pair_boundary,0,128,256,128,4096,0,0,79,0.0020977258682250977,0.0020977258682250977,81.00012922286987,0.0,0.010892868041992188,0.011635780334472656,0.013115644454956055,0.013832807540893555,-0.0007429122924804688,-0.0007171630859375,130.16033554077148,130.15961837768555,-5.509873913862441e-06,-5.509843555319166e-06
9178,6,bf16_pair_boundary,0,256,512,256,8192,0,0,242,0.0066568851470947266,0.008754611015319824,359.1633797287941,0.0,0.0692061185836792,0.0700034499168396,0.08232176303863525,0.08383625745773315,-0.0007973313331604004,-0.0015144944190979004,489.3237152695656,489.3222007751465,-3.095086257477701e-06,-3.0950766779484095e-06
9178,6,bf16_pair_boundary,0,512,783,271,8672,0,0,448,0.01715254783630371,0.025907158851623535,298.0100983977318,0.0,0.1660395860671997,0.1769314408302307,0.24836134910583496,0.26076769828796387,-0.010891854763031006,-0.012406349182128906,787.3338136672974,787.3214073181152,-1.5757667792101773e-05,-1.575741949192016e-05
9178,6,bf16_pair_boundary,7,0,128,128,4096,0,0,80,0.047149658203125,0.047149658203125,9000.151107370853,0.0,0.541151225566864,0.6187722682952881,0.541151225566864,0.6187722682952881,-0.07762104272842407,-0.07762104272842407,9000.151107370853,9000.073486328125,-8.624489882925625e-06,-8.624415501741384e-06
9178,6,bf16_pair_boundary,7,128,256,128,4094,2,0,143,0.102630615234375,0.1497802734375,7809.165313720703,0.0,1.4488983154296875,1.5026397705078125,1.9900495409965515,2.1214120388031006,-0.053741455078125,-0.13136249780654907,16809.316421091557,16809.18505859375,-7.814923647318023e-06,-7.814862574763686e-06
9178,6,bf16_pair_boundary,7,256,512,256,8125,67,0,307,0.459381103515625,0.609161376953125,14644.447036743164,0.0,5.362884521484375,5.3707122802734375,7.3529340624809265,7.492124319076538,-0.0078277587890625,-0.13919025659561157,31453.76345783472,31453.624267578125,-4.42525336385755e-06,-4.425233781076875e-06
9178,6,bf16_pair_boundary,7,512,783,271,8527,145,0,524,0.829345703125,1.438507080078125,19780.55209350586,0.0,8.1639404296875,8.682708740234375,15.516874492168427,16.174833059310913,-0.518768310546875,-0.6579585671424866,51234.31555134058,51233.65759277344,-1.2842311052086439e-05,-1.2842146129251269e-05
4220,3,A00,0,0,128,128,4096,0,0,0,0.0,0.0,21.359914779663086,0.0,0.0,0.0,0.0,0.0,0.0,0.0,21.359914779663086,21.359914779663086,0.0,0.0
4220,3,A00,0,128,256,128,4096,0,0,0,0.0,0.0,130.21841478347778,0.0,0.0,0.0,0.0,0.0,0.0,0.0,151.57832956314087,151.57832956314087,0.0,0.0
4220,3,A00,0,256,512,256,8192,0,0,0,0.0,0.0,246.7442557811737,0.0,0.0,0.0,0.0,0.0,0.0,0.0,398.3225853443146,398.3225853443146,0.0,0.0
4220,3,A00,0,512,783,271,8672,0,0,0,0.0,0.0,433.23792338371277,0.0,0.0,0.0,0.0,0.0,0.0,0.0,831.5605087280273,831.5605087280273,0.0,0.0
4220,3,A00,7,0,128,128,4096,0,0,0,0.0,0.0,8792.345703125,0.0,0.0,0.0,0.0,0.0,0.0,0.0,8792.345703125,8792.345703125,0.0,0.0
4220,3,A00,7,128,256,128,4082,14,0,0,0.0,0.0,6833.126968383789,0.0,0.0,0.0,0.0,0.0,0.0,0.0,15625.472671508789,15625.472671508789,0.0,0.0
4220,3,A00,7,256,512,256,8130,62,0,0,0.0,0.0,15029.895095825195,0.0,0.0,0.0,0.0,0.0,0.0,0.0,30655.367767333984,30655.367767333984,0.0,0.0
4220,3,A00,7,512,783,271,8539,133,0,0,0.0,0.0,17559.743438720703,0.0,0.0,0.0,0.0,0.0,0.0,0.0,48215.11120605469,48215.11120605469,0.0,0.0
4220,3,A10,0,0,128,128,4096,0,0,0,0.0,0.0,21.359914779663086,0.0,0.0,0.0,0.0,0.0,0.0,0.0,21.359914779663086,21.359914779663086,0.0,0.0
4220,3,A10,0,128,256,128,4096,0,0,0,0.0,0.0,130.21841478347778,0.0,0.0,0.0,0.0,0.0,0.0,0.0,151.57832956314087,151.57832956314087,0.0,0.0
4220,3,A10,0,256,512,256,8192,0,0,0,0.0,0.0,246.7442557811737,0.0,0.0,0.0,0.0,0.0,0.0,0.0,398.3225853443146,398.3225853443146,0.0,0.0
4220,3,A10,0,512,783,271,8672,0,0,0,0.0,0.0,433.23792338371277,0.0,0.0,0.0,0.0,0.0,0.0,0.0,831.5605087280273,831.5605087280273,0.0,0.0
4220,3,A10,7,0,128,128,4096,0,0,0,0.0,0.0,8805.7978515625,0.0,0.0,0.0,0.0,0.0,0.0,0.0,8805.7978515625,8805.7978515625,0.0,0.0
4220,3,A10,7,128,256,128,4082,14,0,0,0.0,0.0,6854.462097167969,0.0,0.0,0.0,0.0,0.0,0.0,0.0,15660.259948730469,15660.259948730469,0.0,0.0
4220,3,A10,7,256,512,256,8130,62,0,0,0.0,0.0,15032.981689453125,0.0,0.0,0.0,0.0,0.0,0.0,0.0,30693.241638183594,30693.241638183594,0.0,0.0
4220,3,A10,7,512,783,271,8539,133,0,0,0.0,0.0,17576.422241210938,0.0,0.0,0.0,0.0,0.0,0.0,0.0,48269.66387939453,48269.66387939453,0.0,0.0
4220,3,A01,0,0,128,128,4096,0,0,708,0.6899771690368652,0.6899771690368652,21.35991621017456,0.0,1.0846083760261536,1.2031076550483704,1.0846083760261536,1.2031076550483704,-0.1184992790222168,-0.1184992790222168,21.35991621017456,21.241416931152344,-0.0055786899436274205,-0.0055477408177177666
4220,3,A01,0,128,256,128,4096,0,0,2286,4.167659819126129,4.857636988162994,130.21841204166412,0.0,3.5964016914367676,6.119707226753235,4.681010067462921,7.322814881801605,-2.5233055353164673,-2.641804814338684,151.57832825183868,148.9365234375,-0.017737790256983514,-0.017428644614350654
4220,3,A01,0,256,512,256,8192,0,0,6367,25.755154848098755,30.61279183626175,246.74424612522125,0.0,13.955654978752136,32.68329954147339,18.636665046215057,40.006114423274994,-18.727644562721252,-21.369449377059937,398.32257437705994,376.953125,-0.05668993824380667,-0.05364860229295264
4220,3,A01,0,512,783,271,8672,0,0,6697,66.17043948173523,96.78323131799698,433.23800587654114,0.0,37.85061550140381,81.38549637794495,56.487280547618866,121.39161080121994,-43.53488087654114,-64.90433025360107,831.5605802536011,766.65625,-0.08465897232769064,-0.07805123498495707
4220,3,A01,7,0,128,128,4096,0,0,1522,159.5560646057129,159.5560646057129,8776.676233232021,0.0,243.8585069179535,349.5347401499748,243.8585069179535,349.5347401499748,-105.67623323202133,-105.67623323202133,8776.676233232021,8671.0,-0.012187317867837773,-0.01204057554634278
4220,3,A01,7,128,256,128,4082,14,0,2369,443.9875030517578,603.5435676574707,6809.914199829102,0.0,548.9595642089844,831.8737640380859,792.8180711269379,1181.4085041880608,-282.91419982910156,-388.5904330611229,15586.590433061123,15198.0,-0.025568524349330365,-0.024931073587259572
4220,3,A01,7,256,512,256,8138,54,0,5479,2707.900665283203,3311.444232940674,15008.385437011719,0.0,2419.617416381836,3272.0028533935547,3212.435487508774,4453.411357581615,-852.3854370117188,-1240.9758700728416,30594.97587007284,29354.0,-0.04227621005903256,-0.04056142666504699
4220,3,A01,7,512,783,271,8537,135,0,6181,5164.856628417969,8476.300861358643,17571.79705810547,0.0,2991.1356201171875,5654.932678222656,6203.571107625961,10108.344035804272,-2663.7970581054688,-3904.7729281783104,48166.77292817831,44262.0,-0.08821953206313114,-0.08106777122064487
4220,3,A11,0,0,128,128,4096,0,0,708,0.6899771690368652,0.6899771690368652,21.35991621017456,0.0,1.0846083760261536,1.2031076550483704,1.0846083760261536,1.2031076550483704,-0.1184992790222168,-0.1184992790222168,21.35991621017456,21.241416931152344,-0.0055786899436274205,-0.0055477408177177666
4220,3,A11,0,128,256,128,4096,0,0,2286,4.167659819126129,4.857636988162994,130.21841204166412,0.0,3.5964016914367676,6.119707226753235,4.681010067462921,7.322814881801605,-2.5233055353164673,-2.641804814338684,151.57832825183868,148.9365234375,-0.017737790256983514,-0.017428644614350654
4220,3,A11,0,256,512,256,8192,0,0,6367,25.755154848098755,30.61279183626175,246.74424612522125,0.0,13.955654978752136,32.68329954147339,18.636665046215057,40.006114423274994,-18.727644562721252,-21.369449377059937,398.32257437705994,376.953125,-0.05668993824380667,-0.05364860229295264
4220,3,A11,0,512,783,271,8672,0,0,6697,66.17043948173523,96.78323131799698,433.23800587654114,0.0,37.85061550140381,81.38549637794495,56.487280547618866,121.39161080121994,-43.53488087654114,-64.90433025360107,831.5605802536011,766.65625,-0.08465897232769064,-0.07805123498495707
4220,3,A11,7,0,128,128,4096,0,0,1521,160.33749771118164,160.33749771118164,8791.264713644981,0.0,242.7420670390129,350.0067806839943,242.7420670390129,350.0067806839943,-107.26471364498138,-107.26471364498138,8791.264713644981,8684.0,-0.012351993740785511,-0.01220128356259084
4220,3,A11,7,128,256,128,4082,14,0,2367,447.5736999511719,607.9111976623535,6829.650650024414,0.0,553.0236053466797,833.6742553710938,795.7656723856926,1183.681036055088,-280.65065002441406,-387.91536366939545,15620.915363669395,15233.0,-0.025465460754243777,-0.024833075055998067
4220,3,A11,7,256,512,256,8137,55,0,5477,2702.294448852539,3310.2056465148926,15010.748229980469,0.0,2455.8290100097656,3257.5772399902344,3251.594682395458,4441.258276045322,-801.7482299804688,-1189.6635936498642,30631.663593649864,29442.0,-0.04040702376366633,-0.03883770759014502
4220,3,A11,7,512,783,271,8537,135,0,6193,5243.516540527344,8553.722187042236,17524.98809814453,0.0,2946.9242553710938,5727.912353515625,6198.518937766552,10169.170629560947,-2780.9880981445312,-3970.6516917943954,48156.651691794395,44186.0,-0.08986221182714876,-0.08245281912884676
4220,3,fp16_boundary,0,0,128,128,4096,0,0,51,0.02595585584640503,0.02595585584640503,21.35991609096527,0.0,0.141526460647583,0.149574875831604,0.141526460647583,0.149574875831604,-0.008048415184020996,-0.008048415184020996,21.35991609096527,21.35186767578125,-0.0003769419755794974,-0.000376799943864259
4220,3,fp16_boundary,0,128,256,128,4096,0,0,999,0.3316141366958618,0.35756999254226685,130.21841257810593,0.0,0.6470683217048645,0.903749942779541,0.7885947823524475,1.053324818611145,-0.2566816210746765,-0.2647300362586975,151.5783286690712,151.3135986328125,-0.0017495455705941459,-0.0017464900067387691
4220,3,fp16_boundary,0,256,512,256,8192,0,0,3805,2.9448764324188232,3.30244642496109,246.74426358938217,0.0,3.450021743774414,5.457102715969086,4.238616526126862,6.510427534580231,-2.0070809721946716,-2.271811008453369,398.32259225845337,396.05078125,-0.005736160906647294,-0.005703445028243074
4220,3,fp16_boundary,0,512,783,271,8672,0,0,4180,6.612132549285889,9.914578974246979,433.23795795440674,0.0,9.083746671676636,13.458423376083374,13.322363197803497,19.968850910663605,-4.374676704406738,-6.646487712860107,831.5605502128601,824.9140625,-0.00805718803328087,-0.007992788632359677
4220,3,fp16_boundary,7,0,128,128,4096,0,0,837,15.392425537109375,15.392425537109375,8795.587147057056,0.0,41.512895822525024,50.97504287958145,41.512895822525024,50.97504287958145,-9.462147057056427,-9.462147057056427,8795.587147057056,8786.125,-0.0010769420031079033,-0.001075783446727874
4220,3,fp16_boundary,7,128,256,128,4082,14,0,1216,39.18360900878906,54.57603454589844,6828.766143798828,0.0,102.96318054199219,122.47932434082031,144.4760763645172,173.45436722040176,-19.516143798828125,-28.978290855884552,15624.353290855885,15595.375,-0.0018581336361507533,-0.0018546873791470157
4220,3,fp16_boundary,7,256,512,256,8130,62,0,2938,169.21453857421875,223.7905731201172,15034.162658691406,0.0,355.1646728515625,476.95233154296875,499.6407492160797,650.4066987633705,-121.78765869140625,-150.7659495472908,30658.51594954729,30507.75,-0.0049418901606080685,-0.004917587980951082
4220,3,fp16_boundary,7,512,783,271,8538,134,0,3337,294.81341552734375,518.6039886474609,17557.702911376953,0.0,597.203125,772.1560363769531,1096.8438742160797,1422.5627351403236,-174.95291137695312,-325.7188609242439,48216.218860924244,47890.5,-0.006801325125531033,-0.006755379592575549
4220,3,bf16_pair_boundary,0,0,128,128,4096,0,0,0,0.0,0.0,21.35991609096527,0.0,0.0014870166778564453,0.0015617609024047852,0.0014870166778564453,0.0015617609024047852,-7.474422454833984e-05,-7.474422454833984e-05,21.35991609096527,21.359841346740723,-3.499287440154371e-06,-3.499275195184631e-06
4220,3,bf16_pair_boundary,0,128,256,128,4096,0,0,53,0.0008774995803833008,0.0008774995803833008,130.21841198205948,0.0,0.009815037250518799,0.010282635688781738,0.011302053928375244,0.011844396591186523,-0.00046759843826293945,-0.0005423426628112793,151.57832807302475,151.57778573036194,-3.5779824873285823e-06,-3.5779696854157076e-06
4220,3,bf16_pair_boundary,0,256,512,256,8192,0,0,464,0.01121973991394043,0.01209723949432373,246.7442633509636,0.0,0.06342339515686035,0.06944054365158081,0.0747254490852356,0.08128494024276733,-0.006017148494720459,-0.006559491157531738,398.32259142398834,398.3160319328308,-1.6468057099539204e-05,-1.646778590710058e-05
4220,3,bf16_pair_boundary,0,512,783,271,8672,0,0,357,0.011827468872070312,0.023924708366394043,433.2379562854767,0.0,0.15825533866882324,0.16488027572631836,0.23298078775405884,0.2461652159690857,-0.006624937057495117,-0.013184428215026855,831.560547709465,831.54736328125,-1.5855294355094423e-05,-1.585504296872114e-05
4220,3,bf16_pair_boundary,7,0,128,128,4096,0,0,62,0.03497314453125,0.03497314453125,8792.344253122807,0.0,0.5568601489067078,0.5917870998382568,0.5568601489067078,0.5917870998382568,-0.03492695093154907,-0.03492695093154907,8792.344253122807,8792.309326171875,-3.972443374755115e-06,-3.972427594511435e-06
4220,3,bf16_pair_boundary,7,128,256,128,4082,14,0,160,0.13787841796875,0.1728515625,6833.128280639648,0.0,1.3429718017578125,1.40264892578125,1.8998319506645203,1.9944360256195068,-0.0596771240234375,-0.09460407495498657,15625.472533762455,15625.3779296875,-6.054514353553214e-06,-6.054477696631097e-06
4220,3,bf16_pair_boundary,7,256,512,256,8130,62,0,396,0.56610107421875,0.73895263671875,15029.940017700195,0.0,4.667816162109375,5.3861541748046875,6.567648112773895,7.380590200424194,-0.7183380126953125,-0.8129420876502991,30655.41255146265,30654.599609375,-2.6519416270623204e-05,-2.6518713009833934e-05
4220,3,bf16_pair_boundary,7,512,783,271,8539,133,0,610,1.3348388671875,2.07379150390625,17559.735107421875,0.0,8.3050537109375,8.8057861328125,14.872701823711395,16.186376333236694,-0.500732421875,-1.313674509525299,48215.147658884525,48213.833984375,-2.724683770120897e-05,-2.724609533127149e-05
5609,6,A00,0,0,128,128,4096,0,0,0,0.0,0.0,58.12628918886185,0.0,0.0,0.0,0.0,0.0,0.0,0.0,58.12628918886185,58.12628918886185,0.0,0.0
5609,6,A00,0,128,256,128,4096,0,0,0,0.0,0.0,88.4099452495575,0.0,0.0,0.0,0.0,0.0,0.0,0.0,146.53623443841934,146.53623443841934,0.0,0.0
5609,6,A00,0,256,512,256,8192,0,0,0,0.0,0.0,344.3247906565666,0.0,0.0,0.0,0.0,0.0,0.0,0.0,490.86102509498596,490.86102509498596,0.0,0.0
5609,6,A00,0,512,783,271,8672,0,0,0,0.0,0.0,290.20139813423157,0.0,0.0,0.0,0.0,0.0,0.0,0.0,781.0624232292175,781.0624232292175,0.0,0.0
5609,6,A00,7,0,128,128,4096,0,0,0,0.0,0.0,8944.984848022461,0.0,0.0,0.0,0.0,0.0,0.0,0.0,8944.984848022461,8944.984848022461,0.0,0.0
5609,6,A00,7,128,256,128,4095,1,0,0,0.0,0.0,7862.090393066406,0.0,0.0,0.0,0.0,0.0,0.0,0.0,16807.075241088867,16807.075241088867,0.0,0.0
5609,6,A00,7,256,512,256,8153,39,0,0,0.0,0.0,14242.766342163086,0.0,0.0,0.0,0.0,0.0,0.0,0.0,31049.841583251953,31049.841583251953,0.0,0.0
5609,6,A00,7,512,783,271,8608,64,0,0,0.0,0.0,18890.042694091797,0.0,0.0,0.0,0.0,0.0,0.0,0.0,49939.88427734375,49939.88427734375,0.0,0.0
5609,6,A10,0,0,128,128,4096,0,0,0,0.0,0.0,58.12628918886185,0.0,0.0,0.0,0.0,0.0,0.0,0.0,58.12628918886185,58.12628918886185,0.0,0.0
5609,6,A10,0,128,256,128,4096,0,0,0,0.0,0.0,88.4099452495575,0.0,0.0,0.0,0.0,0.0,0.0,0.0,146.53623443841934,146.53623443841934,0.0,0.0
5609,6,A10,0,256,512,256,8192,0,0,0,0.0,0.0,344.3247906565666,0.0,0.0,0.0,0.0,0.0,0.0,0.0,490.86102509498596,490.86102509498596,0.0,0.0
5609,6,A10,0,512,783,271,8672,0,0,0,0.0,0.0,290.20139813423157,0.0,0.0,0.0,0.0,0.0,0.0,0.0,781.0624232292175,781.0624232292175,0.0,0.0
5609,6,A10,7,0,128,128,4096,0,0,0,0.0,0.0,8951.514205932617,0.0,0.0,0.0,0.0,0.0,0.0,0.0,8951.514205932617,8951.514205932617,0.0,0.0
5609,6,A10,7,128,256,128,4095,1,0,0,0.0,0.0,7882.980773925781,0.0,0.0,0.0,0.0,0.0,0.0,0.0,16834.4949798584,16834.4949798584,0.0,0.0
5609,6,A10,7,256,512,256,8152,40,0,0,0.0,0.0,14263.099014282227,0.0,0.0,0.0,0.0,0.0,0.0,0.0,31097.593994140625,31097.593994140625,0.0,0.0
5609,6,A10,7,512,783,271,8617,55,0,0,0.0,0.0,19014.274963378906,0.0,0.0,0.0,0.0,0.0,0.0,0.0,50111.86895751953,50111.86895751953,0.0,0.0
5609,6,A01,0,0,128,128,4096,0,0,1216,1.1293609142303467,1.1293609142303467,58.126294910907745,0.0,1.3511525988578796,1.924468994140625,1.3511525988578796,1.924468994140625,-0.5733163952827454,-0.5733163952827454,58.126294910907745,57.552978515625,-0.009961541697222435,-0.00986328814113282
5609,6,A01,0,128,256,128,4096,0,0,3150,4.735565185546875,5.864926099777222,88.40994250774384,0.0,2.325873076915741,5.822485506534576,3.6770256757736206,7.746954500675201,-3.4966124296188354,-4.069928824901581,146.53623741865158,142.46630859375,-0.02856765831216412,-0.027774214055147753
5609,6,A01,0,256,512,256,8192,0,0,6013,31.112407088279724,36.977333188056946,344.32477843761444,0.0,19.974312782287598,40.07789981365204,23.65133845806122,47.82485431432724,-20.10358703136444,-24.17351585626602,490.861015856266,466.6875,-0.051798078706342086,-0.04924716992262534
5609,6,A01,0,512,783,271,8672,0,0,7349,71.3384358882904,108.31576907634735,290.20142555236816,0.0,30.885948181152344,79.61862373352051,54.53728663921356,127.44347804784775,-48.732675552368164,-72.90619140863419,781.0624414086342,708.15625,-0.10295212590248859,-0.09334233416364124
5609,6,A01,7,0,128,128,4096,0,0,1347,140.92779922485352,140.92779922485352,8944.843721330166,0.0,260.9198625087738,354.76358383893967,260.9198625087738,354.76358383893967,-93.84372133016586,-93.84372133016586,8944.843721330166,8851.0,-0.010602612284506367,-0.010491376289379217
5609,6,A01,7,128,256,128,4095,1,0,2229,414.60667419433594,555.5344734191895,7866.195846557617,0.0,638.0607757568359,858.2566223144531,898.9806382656097,1213.0202061533928,-220.1958465576172,-314.03956788778305,16811.039567887783,16497.0,-0.019036162204508884,-0.018680556108359718
5609,6,A01,7,256,512,256,8154,38,0,5732,3211.845947265625,3767.3804206848145,14204.002563476562,0.0,2443.333694458008,3764.3362579345703,3342.3143327236176,4977.356464087963,-1321.0025634765625,-1635.0421313643456,31015.042131364346,29380.0,-0.05565153612540318,-0.05271771434129019
5609,6,A01,7,512,783,271,8622,50,0,6226,5916.3909912109375,9683.771411895752,18019.51251220703,0.0,3263.5386962890625,6453.051208496094,6605.85302901268,11430.407672584057,-3189.5125122070312,-4824.554643571377,49034.55464357138,44210.0,-0.10912813036804743,-0.09839091389002541
5609,6,A11,0,0,128,128,4096,0,0,1216,1.1293609142303467,1.1293609142303467,58.126294910907745,0.0,1.3511525988578796,1.924468994140625,1.3511525988578796,1.924468994140625,-0.5733163952827454,-0.5733163952827454,58.126294910907745,57.552978515625,-0.009961541697222435,-0.00986328814113282
5609,6,A11,0,128,256,128,4096,0,0,3150,4.735565185546875,5.864926099777222,88.40994250774384,0.0,2.325873076915741,5.822485506534576,3.6770256757736206,7.746954500675201,-3.4966124296188354,-4.069928824901581,146.53623741865158,142.46630859375,-0.02856765831216412,-0.027774214055147753
5609,6,A11,0,256,512,256,8192,0,0,6013,31.112407088279724,36.977333188056946,344.32477843761444,0.0,19.974312782287598,40.07789981365204,23.65133845806122,47.82485431432724,-20.10358703136444,-24.17351585626602,490.861015856266,466.6875,-0.051798078706342086,-0.04924716992262534
5609,6,A11,0,512,783,271,8672,0,0,7349,71.3384358882904,108.31576907634735,290.20142555236816,0.0,30.885948181152344,79.61862373352051,54.53728663921356,127.44347804784775,-48.732675552368164,-72.90619140863419,781.0624414086342,708.15625,-0.10295212590248859,-0.09334233416364124
5609,6,A11,7,0,128,128,4096,0,0,1348,141.82151412963867,141.82151412963867,8952.616581320763,0.0,261.58419197797775,353.2007732987404,261.58419197797775,353.2007732987404,-91.61658132076263,-91.61658132076263,8952.616581320763,8861.0,-0.010339304967922654,-0.010233497714167338
5609,6,A11,7,128,256,128,4094,2,0,2226,417.1502227783203,558.971736907959,7885.338806152344,0.0,634.4873657226562,867.826171875,896.071557700634,1221.0269451737404,-233.33880615234375,-324.9553874731064,16837.955387473106,16513.0,-0.019678761428759545,-0.01929898137839602
5609,6,A11,7,256,512,256,8153,39,0,5724,3218.6512603759766,3777.6229972839355,14225.311874389648,0.0,2443.2230377197266,3773.534912109375,3339.2945954203606,4994.561857283115,-1330.3118743896484,-1655.2672618627548,31063.267261862755,29408.0,-0.05628629154865189,-0.05328696585291184
5609,6,A11,7,512,783,271,8626,46,0,6176,5901.0137939453125,9678.636791229248,18300.82339477539,0.0,3372.4298400878906,6441.253234863281,6711.724435508251,11435.815092146397,-3068.8233947753906,-4724.090656638145,49364.090656638145,44640.0,-0.10582640359852476,-0.09569893000759414
5609,6,fp16_boundary,0,0,128,128,4096,0,0,321,0.042164504528045654,0.042164504528045654,58.12629508972168,0.0,0.21583104133605957,0.22530484199523926,0.21583104133605957,0.22530484199523926,-0.009473800659179688,-0.009473800659179688,58.12629508972168,58.1168212890625,-0.00016301305627261902,-0.0001629864873471854
5609,6,fp16_boundary,0,128,256,128,4096,0,0,1695,0.5621427893638611,0.6043072938919067,88.40994346141815,0.0,0.6612418293952942,0.994403064250946,0.8770728707313538,1.2197079062461853,-0.33316123485565186,-0.34263503551483154,146.53623855113983,146.193603515625,-0.002343707435039804,-0.0023382273142984696
5609,6,fp16_boundary,0,256,512,256,8192,0,0,3308,2.744262456893921,3.3485697507858276,344.3247845172882,0.0,4.446923315525055,6.129373848438263,5.323996186256409,7.349081754684448,-1.682450532913208,-2.0250855684280396,490.86102306842804,488.8359375,-0.004142669171961277,-0.004125578266061949
5609,6,fp16_boundary,0,512,783,271,8672,0,0,4927,8.930432558059692,12.27900230884552,290.20139813423157,0.0,9.044819831848145,14.742311716079712,14.368816018104553,22.09139347076416,-5.697491884231567,-7.722577452659607,781.0624212026596,773.33984375,-0.009986007464987293,-0.009887273082180273
5609,6,fp16_boundary,7,0,128,128,4096,0,0,708,14.229324340820312,14.229324340820312,8945.949505150318,0.0,42.53728699684143,50.486792147159576,42.53728699684143,50.486792147159576,-7.949505150318146,-7.949505150318146,8945.949505150318,8938.0,-0.0008894053647704348,-0.0008886150257992732
5609,6,fp16_boundary,7,128,256,128,4095,1,0,1247,40.51866149902344,54.74798583984375,7863.279708862305,0.0,106.65022277832031,125.679931640625,149.18750977516174,176.16672378778458,-19.029708862304688,-26.979214012622833,16809.229214012623,16782.25,-0.001607604106280316,-0.0016050238633269537
5609,6,fp16_boundary,7,256,512,256,8153,39,0,2971,179.0423583984375,233.79034423828125,14240.691589355469,0.0,381.9808807373047,497.42247009277344,531.1683905124664,673.589193880558,-115.44158935546875,-142.42080336809158,31049.92080336809,30907.5,-0.00460796904855105,-0.004586833063762363
5609,6,fp16_boundary,7,512,783,271,8610,62,0,3095,265.57464599609375,499.364990234375,18879.43341064453,0.0,615.5639953613281,739.9974060058594,1146.7323858737946,1413.5865998864174,-124.43341064453125,-266.85421401262283,49929.35421401262,49662.5,-0.005373354422605041,-0.005344635800190872
5609,6,bf16_pair_boundary,0,0,128,128,4096,0,0,0,0.0,0.0,58.1262948513031,0.0,0.002316713333129883,0.002273857593536377,0.002316713333129883,0.002273857593536377,4.285573959350586e-05,4.285573959350586e-05,58.1262948513031,58.126337707042694,7.37286078636146e-07,7.372866222273086e-07
5609,6,bf16_pair_boundary,0,128,256,128,4096,0,0,125,0.00177001953125,0.00177001953125,88.40994274616241,0.0,0.01099306344985962,0.0123060941696167,0.013309776782989502,0.014579951763153076,-0.00131303071975708,-0.0012701749801635742,146.53623759746552,146.53496742248535,-8.66806744155095e-06,-8.66799230680905e-06
5609,6,bf16_pair_boundary,0,256,512,256,8192,0,0,333,0.00705718994140625,0.00882720947265625,344.3247843980789,0.0,0.06697958707809448,0.0678446888923645,0.08028936386108398,0.08242464065551758,-0.0008651018142700195,-0.0021352767944335938,490.86102199554443,490.85888671875,-4.350082787962347e-06,-4.350063864824402e-06
5609,6,bf16_pair_boundary,0,512,783,271,8672,0,0,465,0.0168607234954834,0.02568793296813965,290.2013919353485,0.0,0.16413521766662598,0.17351055145263672,0.24442458152770996,0.2559351921081543,-0.009375333786010742,-0.011510610580444336,781.062413930893,781.0509033203125,-1.4737337261261424e-05,-1.4737120075352615e-05
5609,6,bf16_pair_boundary,7,0,128,128,4096,0,0,64,0.03802490234375,0.03802490234375,8944.987708628178,0.0,0.5491620898246765,0.5766656398773193,0.5491620898246765,0.5766656398773193,-0.027503550052642822,-0.027503550052642822,8944.987708628178,8944.960205078125,-3.0747537632452337e-06,-3.074744309163598e-06
5609,6,bf16_pair_boundary,7,128,256,128,4095,1,0,164,0.154541015625,0.19256591796875,7862.091583251953,0.0,1.431549072265625,1.37225341796875,1.9807111620903015,1.9489190578460693,0.059295654296875,0.03179210424423218,16807.07929188013,16807.111083984375,1.8915864889193907e-06,1.891590067025604e-06
5609,6,bf16_pair_boundary,7,256,512,256,8153,39,0,401,0.56634521484375,0.7589111328125,14242.752426147461,0.0,5.17034912109375,5.5185089111328125,7.1510602831840515,7.467427968978882,-0.3481597900390625,-0.3163676857948303,31049.83171802759,31049.515350341797,-1.0189134426903308e-05,-1.0189030609500747e-05
5609,6,bf16_pair_boundary,7,512,783,271,8608,64,0,714,1.37554931640625,2.13446044921875,18890.220245361328,0.0,8.121612548828125,9.318145751953125,15.272672832012177,16.785573720932007,-1.196533203125,-1.5129008889198303,49940.05196338892,49938.5390625,-3.0295257276677173e-05,-3.0294339501867935e-05
2878,1,A00,0,0,128,128,4096,0,0,0,0.0,0.0,28.82734489440918,0.0,0.0,0.0,0.0,0.0,0.0,0.0,28.82734489440918,28.82734489440918,0.0,0.0
2878,1,A00,0,128,256,128,4096,0,0,0,0.0,0.0,48.61444544792175,0.0,0.0,0.0,0.0,0.0,0.0,0.0,77.44179034233093,77.44179034233093,0.0,0.0
2878,1,A00,0,256,512,256,8192,0,0,0,0.0,0.0,174.54435777664185,0.0,0.0,0.0,0.0,0.0,0.0,0.0,251.98614811897278,251.98614811897278,0.0,0.0
2878,1,A00,0,512,783,271,8672,0,0,0,0.0,0.0,257.3666583299637,0.0,0.0,0.0,0.0,0.0,0.0,0.0,509.35280644893646,509.35280644893646,0.0,0.0
2878,1,A00,7,0,128,128,4096,0,0,0,0.0,0.0,8911.465957641602,0.0,0.0,0.0,0.0,0.0,0.0,0.0,8911.465957641602,8911.465957641602,0.0,0.0
2878,1,A00,7,128,256,128,4093,3,0,0,0.0,0.0,6719.246398925781,0.0,0.0,0.0,0.0,0.0,0.0,0.0,15630.712356567383,15630.712356567383,0.0,0.0
2878,1,A00,7,256,512,256,8181,11,0,0,0.0,0.0,15509.464492797852,0.0,0.0,0.0,0.0,0.0,0.0,0.0,31140.176849365234,31140.176849365234,0.0,0.0
2878,1,A00,7,512,783,271,8528,144,0,0,0.0,0.0,17689.085235595703,0.0,0.0,0.0,0.0,0.0,0.0,0.0,48829.26208496094,48829.26208496094,0.0,0.0
2878,1,A10,0,0,128,128,4096,0,0,0,0.0,0.0,28.82734489440918,0.0,0.0,0.0,0.0,0.0,0.0,0.0,28.82734489440918,28.82734489440918,0.0,0.0
2878,1,A10,0,128,256,128,4096,0,0,0,0.0,0.0,48.61444544792175,0.0,0.0,0.0,0.0,0.0,0.0,0.0,77.44179034233093,77.44179034233093,0.0,0.0
2878,1,A10,0,256,512,256,8192,0,0,0,0.0,0.0,174.54435777664185,0.0,0.0,0.0,0.0,0.0,0.0,0.0,251.98614811897278,251.98614811897278,0.0,0.0
2878,1,A10,0,512,783,271,8672,0,0,0,0.0,0.0,257.3666583299637,0.0,0.0,0.0,0.0,0.0,0.0,0.0,509.35280644893646,509.35280644893646,0.0,0.0
2878,1,A10,7,0,128,128,4096,0,0,0,0.0,0.0,8925.395431518555,0.0,0.0,0.0,0.0,0.0,0.0,0.0,8925.395431518555,8925.395431518555,0.0,0.0
2878,1,A10,7,128,256,128,4093,3,0,0,0.0,0.0,6734.907562255859,0.0,0.0,0.0,0.0,0.0,0.0,0.0,15660.302993774414,15660.302993774414,0.0,0.0
2878,1,A10,7,256,512,256,8181,11,0,0,0.0,0.0,15486.568161010742,0.0,0.0,0.0,0.0,0.0,0.0,0.0,31146.871154785156,31146.871154785156,0.0,0.0
2878,1,A10,7,512,783,271,8529,143,0,0,0.0,0.0,17639.653381347656,0.0,0.0,0.0,0.0,0.0,0.0,0.0,48786.52453613281,48786.52453613281,0.0,0.0
2878,1,A01,0,0,128,128,4096,0,0,676,0.6648454666137695,0.6648454666137695,28.827346742153168,0.0,1.1088354587554932,1.2011968493461609,1.1088354587554932,1.2011968493461609,-0.09236139059066772,-0.09236139059066772,28.827346742153168,28.7349853515625,-0.003214248744541137,-0.0032039504508269943
2878,1,A01,0,128,256,128,4096,0,0,2845,3.844122290611267,4.508967757225037,48.61444717645645,0.0,1.9744669198989868,4.680833041667938,3.08330237865448,5.882029891014099,-2.7063661217689514,-2.798727512359619,77.44179391860962,74.64306640625,-0.03749480892340828,-0.03613975568929934
2878,1,A01,0,256,512,256,8192,0,0,6195,18.26362520456314,22.772592961788177,174.54434156417847,0.0,8.34773188829422,22.507796108722687,11.4310342669487,28.389825999736786,-14.160064220428467,-16.958791732788086,251.9861354827881,235.02734375,-0.0721566753136063,-0.067300495324063
2878,1,A01,0,512,783,271,8672,0,0,7264,52.61962217092514,75.39221513271332,257.36666440963745,0.0,19.261119425296783,60.053565084934235,30.692153692245483,88.44339108467102,-40.79244565963745,-57.75123739242554,509.35279989242554,451.6015625,-0.12788095123657933,-0.11338160387971265
2878,1,A01,7,0,128,128,4096,0,0,1489,155.6816291809082,155.6816291809082,8896.453515946865,0.0,250.2297990322113,354.6833149790764,250.2297990322113,354.6833149790764,-104.45351594686508,-104.45351594686508,8896.453515946865,8792.0,-0.011880518192318595,-0.011741028687401388
2878,1,A01,7,128,256,128,4093,3,0,2364,466.2356719970703,621.9173011779785,6748.666259765625,0.0,577.2937469482422,812.9600067138672,827.5235459804535,1167.6433216929436,-235.666259765625,-340.1197757124901,15645.11977571249,15305.0,-0.02222278835102843,-0.021739672216539538
2878,1,A01,7,256,512,256,8181,11,0,5314,2634.3636779785156,3256.280979156494,15484.675064086914,0.0,2410.8360595703125,3186.5111236572266,3238.359605550766,4354.15444535017,-775.6750640869141,-1115.7948397994041,31129.794839799404,30014.0,-0.03717581261409356,-0.035843308494049625
2878,1,A01,7,512,783,271,8563,109,0,6150,4883.830871582031,8140.111850738525,17475.896759033203,0.0,3725.8887329101562,5471.785491943359,6964.248338460922,9825.93993729353,-1745.8967590332031,-2861.6915988326073,48605.69159883261,45744.0,-0.06255884047815248,-0.05887564819469287
2878,1,A11,0,0,128,128,4096,0,0,676,0.6648454666137695,0.6648454666137695,28.827346742153168,0.0,1.1088354587554932,1.2011968493461609,1.1088354587554932,1.2011968493461609,-0.09236139059066772,-0.09236139059066772,28.827346742153168,28.7349853515625,-0.003214248744541137,-0.0032039504508269943
2878,1,A11,0,128,256,128,4096,0,0,2845,3.844122290611267,4.508967757225037,48.61444717645645,0.0,1.9744669198989868,4.680833041667938,3.08330237865448,5.882029891014099,-2.7063661217689514,-2.798727512359619,77.44179391860962,74.64306640625,-0.03749480892340828,-0.03613975568929934
2878,1,A11,0,256,512,256,8192,0,0,6195,18.26362520456314,22.772592961788177,174.54434156417847,0.0,8.34773188829422,22.507796108722687,11.4310342669487,28.389825999736786,-14.160064220428467,-16.958791732788086,251.9861354827881,235.02734375,-0.0721566753136063,-0.067300495324063
2878,1,A11,0,512,783,271,8672,0,0,7264,52.61962217092514,75.39221513271332,257.36666440963745,0.0,19.261119425296783,60.053565084934235,30.692153692245483,88.44339108467102,-40.79244565963745,-57.75123739242554,509.35279989242554,451.6015625,-0.12788095123657933,-0.11338160387971265
2878,1,A11,7,0,128,128,4096,0,0,1488,156.4678840637207,156.4678840637207,8911.329136252403,0.0,249.51785439252853,354.8469906449318,249.51785439252853,354.8469906449318,-105.32913625240326,-105.32913625240326,8911.329136252403,8806.0,-0.011961064757256785,-0.011819688695360958
2878,1,A11,7,128,256,128,4093,3,0,2362,470.3131866455078,626.7810707092285,6770.614700317383,0.0,576.0111999511719,819.6259002685547,825.5290543437004,1174.4728909134865,-243.6147003173828,-348.9438365697861,15681.943836569786,15333.0,-0.02275770146545269,-0.0222513127330593
2878,1,A11,7,256,512,256,8181,11,0,5304,2603.3162689208984,3230.097339630127,15466.223648071289,0.0,2476.363815307617,3149.5874633789062,3301.8928696513176,4324.060354292393,-673.2236480712891,-1022.1674846410751,31148.167484641075,30126.0,-0.03392974456088014,-0.032816296019504136
2878,1,A11,7,512,783,271,8518,154,0,6109,4872.956878662109,8103.054218292236,17412.076263427734,0.0,3728.2855529785156,5444.36181640625,7030.178422629833,9768.422170698643,-1716.0762634277344,-2738.2437480688095,48560.24374806881,45822.0,-0.05975827654988454,-0.05638859150450015
2878,1,fp16_boundary,0,0,128,128,4096,0,0,48,0.023508965969085693,0.023508965969085693,28.827346622943878,0.0,0.14671605825424194,0.14410662651062012,0.14671605825424194,0.14410662651062012,0.002609431743621826,0.002609431743621826,28.827346622943878,28.8299560546875,9.051112456335345e-05,9.051931756858129e-05
2878,1,fp16_boundary,0,128,256,128,4096,0,0,1088,0.30458420515060425,0.32809317111968994,48.61444741487503,0.0,0.5157292485237122,0.6548348665237427,0.6624453067779541,0.7989414930343628,-0.13910561800003052,-0.1364961862564087,77.44179403781891,77.3052978515625,-0.0017656769982117057,-0.0017625648779488554
2878,1,fp16_boundary,0,256,512,256,8192,0,0,3473,1.8396414518356323,2.1677346229553223,174.5443453192711,0.0,2.3799248933792114,3.640090525150299,3.0423702001571655,4.439032018184662,-1.2601656317710876,-1.3966618180274963,251.98613935709,250.5894775390625,-0.005573505447010564,-0.005542613659588175
2878,1,fp16_boundary,0,512,783,271,8672,0,0,4627,5.820250034332275,7.987984657287598,257.3666788339615,0.0,6.519802391529083,10.22888845205307,9.562172591686249,14.667920470237732,-3.709086060523987,-5.105747878551483,509.3528181910515,504.2470703125,-0.010125488434443988,-0.01002399063322034
2878,1,fp16_boundary,7,0,128,128,4096,0,0,810,14.74462890625,14.74462890625,8914.86899214983,0.0,42.916460275650024,50.41045242547989,42.916460275650024,50.41045242547989,-7.4939921498298645,-7.4939921498298645,8914.86899214983,8907.375,-0.0008413244249658137,-0.0008406171931891374
2878,1,fp16_boundary,7,128,256,128,4093,3,0,1328,39.22813415527344,53.97276306152344,6719.8603515625,0.0,95.51948547363281,121.25483703613281,138.43594574928284,171.6652894616127,-25.7353515625,-33.229343712329865,15634.72934371233,15601.5,-0.0021298813391231524,-0.002125354586051302
2878,1,fp16_boundary,7,256,512,256,8181,11,0,3010,162.84397888183594,216.81674194335938,15511.259262084961,0.0,348.1602478027344,493.4195098876953,486.5961935520172,665.084799349308,-145.25926208496094,-178.4886057972908,31145.98860579729,30967.5,-0.00576373959141974,-0.00573070927548173
2878,1,fp16_boundary,7,512,783,271,8534,138,0,3266,231.20748901367188,448.02423095703125,17663.265594482422,0.0,552.3877868652344,762.1533813476562,1038.9839804172516,1427.2381806969643,-209.76559448242188,-388.2542002797127,48809.25420027971,48421.0,-0.008018301982191873,-0.007954520236809676
2878,1,bf16_pair_boundary,0,0,128,128,4096,0,0,0,0.0,0.0,28.827346622943878,0.0,0.0014920830726623535,0.0015550851821899414,0.0014920830726623535,0.0015550851821899414,-6.300210952758789e-05,-6.300210952758789e-05,28.827346622943878,28.82728362083435,-2.1855028158828796e-06,-2.1854980394707604e-06
2878,1,bf16_pair_boundary,0,128,256,128,4096,0,0,36,0.0004074573516845703,0.0004074573516845703,48.61444753408432,0.0,0.00641244649887085,0.006530880928039551,0.007904529571533203,0.008085966110229492,-0.00011843442916870117,-0.00018143653869628906,77.4417941570282,77.4416127204895,-2.3428817185296633e-06,-2.3428762294477765e-06
2878,1,bf16_pair_boundary,0,256,512,256,8192,0,0,117,0.0018297433853149414,0.0022372007369995117,174.54434674978256,0.0,0.03615093231201172,0.037450969219207764,0.04405546188354492,0.045536935329437256,-0.001300036907196045,-0.001481473445892334,251.98614090681076,251.98465943336487,-5.8792207796447095e-06,-5.879186214610949e-06
2878,1,bf16_pair_boundary,0,512,783,271,8672,0,0,126,0.002724945545196533,0.004962146282196045,257.3666806817055,0.0,0.09684914350509644,0.10061025619506836,0.14090460538864136,0.14614719152450562,-0.003761112689971924,-0.005242586135864258,509.35282158851624,509.34757900238037,-1.029274772667518e-05,-1.0292641787109826e-05
2878,1,bf16_pair_boundary,7,0,128,128,4096,0,0,62,0.03497314453125,0.03497314453125,8911.46462970972,0.0,0.5609342455863953,0.5913598537445068,0.5609342455863953,0.5913598537445068,-0.030425608158111572,-0.030425608158111572,8911.46462970972,8911.434204101562,-3.4142212646431177e-06,-3.414209607776073e-06
2878,1,bf16_pair_boundary,7,128,256,128,4093,3,0,149,0.167388916015625,0.202362060546875,6719.279861450195,0.0,1.3534393310546875,1.4923095703125,1.9143735766410828,2.083669424057007,-0.1388702392578125,-0.16929584741592407,15630.744491159916,15630.5751953125,-1.0831069573606908e-05,-1.0830952262809401e-05
2878,1,bf16_pair_boundary,7,256,512,256,8181,11,0,416,0.56597900390625,0.768341064453125,15509.51284790039,0.0,4.9827880859375,5.510284423828125,6.897161662578583,7.593953847885132,-0.527496337890625,-0.6967921853065491,31140.257339060307,31139.560546875,-2.2376429630651145e-05,-2.237592893725186e-05
2878,1,bf16_pair_boundary,7,512,783,271,8528,144,0,648,1.15545654296875,1.923797607421875,17689.09292602539,0.0,7.92706298828125,8.882781982421875,14.824224650859833,16.476735830307007,-0.955718994140625,-1.652511179447174,48829.3502650857,48827.69775390625,-3.3843725087672644e-05,-3.3842579728708045e-05
2000,6,A00,0,0,128,128,4096,0,0,0,0.0,0.0,35.390147149562836,0.0,0.0,0.0,0.0,0.0,0.0,0.0,35.390147149562836,35.390147149562836,0.0,0.0
2000,6,A00,0,128,256,128,4096,0,0,0,0.0,0.0,50.37888461351395,0.0,0.0,0.0,0.0,0.0,0.0,0.0,85.76903176307678,85.76903176307678,0.0,0.0
2000,6,A00,0,256,512,256,8192,0,0,0,0.0,0.0,238.78963965177536,0.0,0.0,0.0,0.0,0.0,0.0,0.0,324.55867141485214,324.55867141485214,0.0,0.0
2000,6,A00,0,512,783,271,8672,0,0,0,0.0,0.0,283.3758687376976,0.0,0.0,0.0,0.0,0.0,0.0,0.0,607.9345401525497,607.9345401525497,0.0,0.0
2000,6,A00,7,0,128,128,4096,0,0,0,0.0,0.0,8214.014122009277,0.0,0.0,0.0,0.0,0.0,0.0,0.0,8214.014122009277,8214.014122009277,0.0,0.0
2000,6,A00,7,128,256,128,4096,0,0,0,0.0,0.0,6799.388603210449,0.0,0.0,0.0,0.0,0.0,0.0,0.0,15013.402725219727,15013.402725219727,0.0,0.0
2000,6,A00,7,256,512,256,8179,13,0,0,0.0,0.0,14541.750991821289,0.0,0.0,0.0,0.0,0.0,0.0,0.0,29555.153717041016,29555.153717041016,0.0,0.0
2000,6,A00,7,512,783,271,8630,42,0,0,0.0,0.0,14801.475006103516,0.0,0.0,0.0,0.0,0.0,0.0,0.0,44356.62872314453,44356.62872314453,0.0,0.0
2000,6,A10,0,0,128,128,4096,0,0,0,0.0,0.0,35.390147149562836,0.0,0.0,0.0,0.0,0.0,0.0,0.0,35.390147149562836,35.390147149562836,0.0,0.0
2000,6,A10,0,128,256,128,4096,0,0,0,0.0,0.0,50.37888461351395,0.0,0.0,0.0,0.0,0.0,0.0,0.0,85.76903176307678,85.76903176307678,0.0,0.0
2000,6,A10,0,256,512,256,8192,0,0,0,0.0,0.0,238.78963965177536,0.0,0.0,0.0,0.0,0.0,0.0,0.0,324.55867141485214,324.55867141485214,0.0,0.0
2000,6,A10,0,512,783,271,8672,0,0,0,0.0,0.0,283.3758687376976,0.0,0.0,0.0,0.0,0.0,0.0,0.0,607.9345401525497,607.9345401525497,0.0,0.0
2000,6,A10,7,0,128,128,4096,0,0,0,0.0,0.0,8229.208969116211,0.0,0.0,0.0,0.0,0.0,0.0,0.0,8229.208969116211,8229.208969116211,0.0,0.0
2000,6,A10,7,128,256,128,4096,0,0,0,0.0,0.0,6836.876647949219,0.0,0.0,0.0,0.0,0.0,0.0,0.0,15066.08561706543,15066.08561706543,0.0,0.0
2000,6,A10,7,256,512,256,8177,15,0,0,0.0,0.0,14591.636581420898,0.0,0.0,0.0,0.0,0.0,0.0,0.0,29657.722198486328,29657.722198486328,0.0,0.0
2000,6,A10,7,512,783,271,8628,44,0,0,0.0,0.0,15124.975006103516,0.0,0.0,0.0,0.0,0.0,0.0,0.0,44782.697204589844,44782.697204589844,0.0,0.0
2000,6,A01,0,0,128,128,4096,0,0,1126,1.2116599678993225,1.2116599678993225,35.390147507190704,0.0,1.1987325549125671,1.7163214683532715,1.1987325549125671,1.7163214683532715,-0.5175889134407043,-0.5175889134407043,35.390147507190704,34.87255859375,-0.014842298194129888,-0.01462522622533683
2000,6,A01,0,128,256,128,4096,0,0,3019,4.211822748184204,5.423482716083527,50.37887728214264,0.0,1.896987795829773,5.048814296722412,3.09572035074234,6.765135765075684,-3.151826500892639,-3.6694154143333435,85.76902478933334,82.099609375,-0.04469467567833167,-0.042782524615922767
2000,6,A01,0,256,512,256,8192,0,0,6032,20.57357966899872,25.997062385082245,238.78964418172836,0.0,11.110633909702301,26.216684341430664,14.206354260444641,32.98182010650635,-15.106050431728363,-18.775465846061707,324.5586689710617,305.783203125,-0.06140123346927775,-0.057849220005692606
2000,6,A01,0,512,783,271,8672,0,0,7410,58.879853665828705,84.87691605091095,283.37590104341507,0.0,22.39974945783615,66.33229112625122,36.60610371828079,99.31411123275757,-43.93254166841507,-62.708007514476776,607.9345700144768,545.2265625,-0.11501275217946993,-0.10314927067395346
2000,6,A01,7,0,128,128,4096,0,0,1497,156.06780624389648,156.06780624389648,8202.864526689053,0.0,237.8622453212738,338.2267720103264,237.8622453212738,338.2267720103264,-100.36452668905258,-100.36452668905258,8202.864526689053,8102.5,-0.012386859202598282,-0.0122353022364936
2000,6,A01,7,128,256,128,4096,0,0,2408,438.76049041748047,594.828296661377,6792.216583251953,0.0,534.2927627563477,788.0093460083008,772.1550080776215,1126.2361180186272,-253.71658325195312,-354.0811099410057,14995.081109941006,14641.0,-0.02418421623803058,-0.023613150695548236
2000,6,A01,7,256,512,256,8181,11,0,5430,2443.865020751953,3038.69331741333,14491.879516601562,0.0,2328.4281311035156,2989.307647705078,3100.583139181137,4115.543765723705,-660.8795166015625,-1014.9606265425682,29486.96062654257,28472.0,-0.03564767584091628,-0.034420659334721514
2000,6,A01,7,512,783,271,8633,39,0,7087,6399.016906738281,9437.710224151611,13752.105590820312,0.0,2321.281494140625,6711.3870849609375,5421.864633321762,10826.930850684643,-4390.1055908203125,-5405.066217362881,43239.06621736288,37834.0,-0.14286266895815616,-0.12500423090063048
2000,6,A11,0,0,128,128,4096,0,0,1126,1.2116599678993225,1.2116599678993225,35.390147507190704,0.0,1.1987325549125671,1.7163214683532715,1.1987325549125671,1.7163214683532715,-0.5175889134407043,-0.5175889134407043,35.390147507190704,34.87255859375,-0.014842298194129888,-0.01462522622533683
2000,6,A11,0,128,256,128,4096,0,0,3019,4.211822748184204,5.423482716083527,50.37887728214264,0.0,1.896987795829773,5.048814296722412,3.09572035074234,6.765135765075684,-3.151826500892639,-3.6694154143333435,85.76902478933334,82.099609375,-0.04469467567833167,-0.042782524615922767
2000,6,A11,0,256,512,256,8192,0,0,6032,20.57357966899872,25.997062385082245,238.78964418172836,0.0,11.110633909702301,26.216684341430664,14.206354260444641,32.98182010650635,-15.106050431728363,-18.775465846061707,324.5586689710617,305.783203125,-0.06140123346927775,-0.057849220005692606
2000,6,A11,0,512,783,271,8672,0,0,7410,58.879853665828705,84.87691605091095,283.37590104341507,0.0,22.39974945783615,66.33229112625122,36.60610371828079,99.31411123275757,-43.93254166841507,-62.708007514476776,607.9345700144768,545.2265625,-0.11501275217946993,-0.10314927067395346
2000,6,A11,7,0,128,128,4096,0,0,1495,156.52809524536133,156.52809524536133,8218.097645163536,0.0,240.34523171186447,336.94287687540054,240.34523171186447,336.94287687540054,-96.59764516353607,-96.59764516353607,8218.097645163536,8121.5,-0.011894064540237156,-0.011754258629475536
2000,6,A11,7,128,256,128,4096,0,0,2402,438.0167922973633,594.5448875427246,6827.135437011719,0.0,534.0853042602539,799.7207412719727,774.4305359721184,1136.6636181473732,-265.63543701171875,-362.2330821752548,15045.233082175255,14683.0,-0.024670236475873786,-0.024076269220741298
2000,6,A11,7,256,512,256,8181,11,0,5438,2465.0831146240234,3059.628002166748,14532.023025512695,0.0,2407.3946685791016,3008.417694091797,3181.82520455122,4145.08131223917,-601.0230255126953,-963.2561076879501,29577.25610768795,28614.0,-0.03366380470007514,-0.032567460084222385
2000,6,A11,7,512,783,271,8630,42,0,7014,6377.890167236328,9437.518169403076,13998.076385498047,0.0,2477.949493408203,6680.02587890625,5659.774697959423,10825.10719114542,-4202.076385498047,-5165.332493185997,43575.332493186,38410.0,-0.13447884647711525,-0.11853799380632873
2000,6,fp16_boundary,0,0,128,128,4096,0,0,287,0.04434162378311157,0.04434162378311157,35.39014732837677,0.0,0.18580889701843262,0.19912517070770264,0.18580889701843262,0.19912517070770264,-0.01331627368927002,-0.01331627368927002,35.39014732837677,35.3768310546875,-0.0003764122814925105,-0.00037627064859921264
2000,6,fp16_boundary,0,128,256,128,4096,0,0,1448,0.4175512194633484,0.46189284324645996,50.37888038158417,0.0,0.545354962348938,0.7955732345581055,0.7311638593673706,0.9946984052658081,-0.2502182722091675,-0.2635345458984375,85.76902770996094,85.5054931640625,-0.003082077374757481,-0.0030726073611282347
2000,6,fp16_boundary,0,256,512,256,8192,0,0,3519,2.2562729120254517,2.7181657552719116,238.7896493077278,0.0,2.7732030749320984,4.350572109222412,3.504366934299469,5.34527051448822,-1.5773690342903137,-1.8409035801887512,324.55867701768875,322.7177734375,-0.005704376181639945,-0.00567202084105248
2000,6,fp16_boundary,0,512,783,271,8672,0,0,4973,7.359848856925964,10.078014612197876,283.37589633464813,0.0,7.476604700088501,12.287071347236633,10.98097163438797,17.632341861724854,-4.810466647148132,-6.6513702273368835,607.9345733523369,601.283203125,-0.011061959144656398,-0.010940931012788428
2000,6,fp16_boundary,7,0,128,128,4096,0,0,813,14.955192565917969,14.955192565917969,8206.623615562916,0.0,40.82525086402893,47.82386642694473,40.82525086402893,47.82386642694473,-6.998615562915802,-6.998615562915802,8206.623615562916,8199.625,-0.000853528736120957,-0.0008528008460926287
2000,6,fp16_boundary,7,128,256,128,4096,0,0,1367,37.70257568359375,52.65776824951172,6809.381607055664,0.0,91.01887512207031,119.02548217773438,131.84412598609924,166.8493486046791,-28.006607055664062,-35.005222618579865,15016.00522261858,14981.0,-0.0023366412534930824,-0.0023311940892143247
2000,6,fp16_boundary,7,256,512,256,8178,14,0,3058,144.00515747070312,196.66292572021484,14559.638397216797,0.0,353.06373596191406,440.95213317871094,484.9078619480133,607.80148178339,-87.88839721679688,-122.89361983537674,29575.643619835377,29452.75,-0.0041725686000586275,-0.004155230615267361
2000,6,fp16_boundary,7,512,783,271,8629,43,0,2887,310.1515197753906,506.81444549560547,14801.873962402344,0.0,609.4700622558594,796.0940246582031,1094.3779242038727,1403.8955064415932,-186.62396240234375,-309.5175822377205,44377.51758223772,44068.0,-0.007023635795536908,-0.006974648405335907
2000,6,bf16_pair_boundary,0,0,128,128,4096,0,0,0,0.0,0.0,35.39014732837677,0.0,0.002016305923461914,0.0018929839134216309,0.002016305923461914,0.0018929839134216309,0.0001233220100402832,0.0001233220100402832,35.39014732837677,35.39027065038681,3.4846303171443906e-06,3.4846424598351504e-06
2000,6,bf16_pair_boundary,0,128,256,128,4096,0,0,8,0.00028437376022338867,0.00028437376022338867,50.37888014316559,0.0,0.007975101470947266,0.007178843021392822,0.00999140739440918,0.009071826934814453,0.0007962584495544434,0.0009195804595947266,85.76902747154236,85.76994705200195,1.0721476358580341e-05,1.0721591309868096e-05
2000,6,bf16_pair_boundary,0,256,512,256,8192,0,0,92,0.002145051956176758,0.0024294257164001465,238.78965091705322,0.0,0.043311357498168945,0.047016263008117676,0.053302764892578125,0.05608808994293213,-0.0037049055099487305,-0.002785325050354004,324.5586783885956,324.5558930635452,-8.581958022893337e-06,-8.581884373521887e-06
2000,6,bf16_pair_boundary,0,512,783,271,8672,0,0,180,0.0034215450286865234,0.00585097074508667,283.375897526741,0.0,0.11948096752166748,0.12119114398956299,0.1727837324142456,0.17727923393249512,-0.0017101764678955078,-0.004495501518249512,607.9345759153366,607.9300804138184,-7.394767364018937e-06,-7.3947126818389305e-06
2000,6,bf16_pair_boundary,7,0,128,128,4096,0,0,58,0.035125732421875,0.035125732421875,8214.012809336185,0.0,0.522657573223114,0.5882623195648193,0.522657573223114,0.5882623195648193,-0.06560474634170532,-0.06560474634170532,8214.012809336185,8213.947204589844,-7.986993915062696e-06,-7.986930123500399e-06
2000,6,bf16_pair_boundary,7,128,256,128,4096,0,0,129,0.0989990234375,0.134124755859375,6799.38752746582,0.0,1.2923355102539062,1.3980636596679688,1.8149930834770203,1.986325979232788,-0.1057281494140625,-0.17133289575576782,15013.400336802006,15013.22900390625,-1.141212831105082e-05,-1.1411998075864494e-05
2000,6,bf16_pair_boundary,7,256,512,256,8179,13,0,409,0.528839111328125,0.6629638671875,14541.880966186523,0.0,4.773773193359375,5.1082305908203125,6.588766276836395,7.094556570053101,-0.3344573974609375,-0.5057902932167053,29555.28130298853,29554.775512695312,-1.7113657080543283e-05,-1.7113364208296728e-05
2000,6,bf16_pair_boundary,7,512,783,271,8630,42,0,382,1.101806640625,1.7647705078125,14801.460968017578,0.0,8.60614013671875,9.254730224609375,15.194906413555145,16.349286794662476,-0.648590087890625,-1.1543803811073303,44356.74227100611,44355.587890625,-2.6025590821924834e-05,-2.6024913508174694e-05
1916,6,A00,0,0,128,128,4096,0,0,0,0.0,0.0,25.8145609498024,0.0,0.0,0.0,0.0,0.0,0.0,0.0,25.8145609498024,25.8145609498024,0.0,0.0
1916,6,A00,0,128,256,128,4096,0,0,0,0.0,0.0,54.237677812576294,0.0,0.0,0.0,0.0,0.0,0.0,0.0,80.05223876237869,80.05223876237869,0.0,0.0
1916,6,A00,0,256,512,256,8192,0,0,0,0.0,0.0,196.1416734457016,0.0,0.0,0.0,0.0,0.0,0.0,0.0,276.1939122080803,276.1939122080803,0.0,0.0
1916,6,A00,0,512,783,271,8672,0,0,0,0.0,0.0,302.95355528593063,0.0,0.0,0.0,0.0,0.0,0.0,0.0,579.1474674940109,579.1474674940109,0.0,0.0
1916,6,A00,7,0,128,128,4096,0,0,0,0.0,0.0,8601.986328125,0.0,0.0,0.0,0.0,0.0,0.0,0.0,8601.986328125,8601.986328125,0.0,0.0
1916,6,A00,7,128,256,128,4096,0,0,0,0.0,0.0,5833.248672485352,0.0,0.0,0.0,0.0,0.0,0.0,0.0,14435.235000610352,14435.235000610352,0.0,0.0
1916,6,A00,7,256,512,256,8192,0,0,0,0.0,0.0,11353.983047485352,0.0,0.0,0.0,0.0,0.0,0.0,0.0,25789.218048095703,25789.218048095703,0.0,0.0
1916,6,A00,7,512,783,271,8668,4,0,0,0.0,0.0,15308.547058105469,0.0,0.0,0.0,0.0,0.0,0.0,0.0,41097.76510620117,41097.76510620117,0.0,0.0
1916,6,A10,0,0,128,128,4096,0,0,0,0.0,0.0,25.8145609498024,0.0,0.0,0.0,0.0,0.0,0.0,0.0,25.8145609498024,25.8145609498024,0.0,0.0
1916,6,A10,0,128,256,128,4096,0,0,0,0.0,0.0,54.237677812576294,0.0,0.0,0.0,0.0,0.0,0.0,0.0,80.05223876237869,80.05223876237869,0.0,0.0
1916,6,A10,0,256,512,256,8192,0,0,0,0.0,0.0,196.1416734457016,0.0,0.0,0.0,0.0,0.0,0.0,0.0,276.1939122080803,276.1939122080803,0.0,0.0
1916,6,A10,0,512,783,271,8672,0,0,0,0.0,0.0,302.95355528593063,0.0,0.0,0.0,0.0,0.0,0.0,0.0,579.1474674940109,579.1474674940109,0.0,0.0
1916,6,A10,7,0,128,128,4096,0,0,0,0.0,0.0,8616.041946411133,0.0,0.0,0.0,0.0,0.0,0.0,0.0,8616.041946411133,8616.041946411133,0.0,0.0
1916,6,A10,7,128,256,128,4096,0,0,0,0.0,0.0,5850.521713256836,0.0,0.0,0.0,0.0,0.0,0.0,0.0,14466.563659667969,14466.563659667969,0.0,0.0
1916,6,A10,7,256,512,256,8192,0,0,0,0.0,0.0,11366.712951660156,0.0,0.0,0.0,0.0,0.0,0.0,0.0,25833.276611328125,25833.276611328125,0.0,0.0
1916,6,A10,7,512,783,271,8668,4,0,0,0.0,0.0,15328.080352783203,0.0,0.0,0.0,0.0,0.0,0.0,0.0,41161.35696411133,41161.35696411133,0.0,0.0
1916,6,A01,0,0,128,128,4096,0,0,855,0.7306921482086182,0.7306921482086182,25.81456172466278,0.0,1.117387056350708,1.2463408708572388,1.117387056350708,1.2463408708572388,-0.12895381450653076,-0.12895381450653076,25.81456172466278,25.68560791015625,-0.005020469632550204,-0.004995390426610673
1916,6,A01,0,128,256,128,4096,0,0,2778,3.938797116279602,4.66948926448822,54.23767960071564,0.0,2.0996769070625305,4.864761292934418,3.2170639634132385,6.1111021637916565,-2.765084385871887,-2.894038200378418,80.05224132537842,77.158203125,-0.03750784859115935,-0.03615186973485701
1916,6,A01,0,256,512,256,8192,0,0,6150,18.01142245531082,22.68091171979904,196.14167708158493,0.0,9.197466671466827,22.768831253051758,12.414530634880066,28.879933416843414,-13.57136458158493,-16.46540278196335,276.19391840696335,259.728515625,-0.06339466709052598,-0.059615370522757415
1916,6,A01,0,512,783,271,8672,0,0,7217,54.37293004989624,77.05384176969528,302.9535735845566,0.0,22.48400104045868,63.12702775001526,34.898531675338745,92.00696116685867,-40.64302670955658,-57.10842949151993,579.1474919915199,522.0390625,-0.10939493534838675,-0.0986077472167593
1916,6,A01,7,0,128,128,4096,0,0,1475,186.04070663452148,186.04070663452148,8590.52122682333,0.0,258.55478072166443,380.57600754499435,258.55478072166443,380.57600754499435,-122.02122682332993,-122.02122682332993,8590.52122682333,8468.5,-0.014408835900493584,-0.014204170340948204
1916,6,A01,7,128,256,128,4096,0,0,2531,572.5551300048828,758.5958366394043,5823.997230529785,0.0,464.4312973022461,876.9285278320312,722.9860780239105,1257.5045353770256,-412.49723052978516,-534.5184573531151,14414.518457353115,13880.0,-0.038509975313625,-0.03708195032213839
1916,6,A01,7,256,512,256,8192,0,0,6334,3310.0183868408203,4068.6142234802246,11212.408020019531,0.0,1419.8267669677734,3668.2347869873047,2142.812844991684,4925.73932236433,-2248.4080200195312,-2782.9264773726463,25626.926477372646,22844.0,-0.12182308165700606,-0.10859384483074229
1916,6,A01,7,512,783,271,8669,3,0,6294,4481.8746337890625,8550.488857269287,15175.5947265625,0.0,2475.559844970703,4833.154571533203,4618.372689962387,9758.893893897533,-2357.5947265625,-5140.521203935146,40802.521203935146,35662.0,-0.1441456229021128,-0.12598538159547296
1916,6,A11,0,0,128,128,4096,0,0,855,0.7306921482086182,0.7306921482086182,25.81456172466278,0.0,1.117387056350708,1.2463408708572388,1.117387056350708,1.2463408708572388,-0.12895381450653076,-0.12895381450653076,25.81456172466278,25.68560791015625,-0.005020469632550204,-0.004995390426610673
1916,6,A11,0,128,256,128,4096,0,0,2778,3.938797116279602,4.66948926448822,54.23767960071564,0.0,2.0996769070625305,4.864761292934418,3.2170639634132385,6.1111021637916565,-2.765084385871887,-2.894038200378418,80.05224132537842,77.158203125,-0.03750784859115935,-0.03615186973485701
1916,6,A11,0,256,512,256,8192,0,0,6150,18.01142245531082,22.68091171979904,196.14167708158493,0.0,9.197466671466827,22.768831253051758,12.414530634880066,28.879933416843414,-13.57136458158493,-16.46540278196335,276.19391840696335,259.728515625,-0.06339466709052598,-0.059615370522757415
1916,6,A11,0,512,783,271,8672,0,0,7217,54.37293004989624,77.05384176969528,302.9535735845566,0.0,22.48400104045868,63.12702775001526,34.898531675338745,92.00696116685867,-40.64302670955658,-57.10842949151993,579.1474919915199,522.0390625,-0.10939493534838675,-0.0986077472167593
1916,6,A11,7,0,128,128,4096,0,0,1474,186.6262550354004,186.6262550354004,8605.121281027794,0.0,256.69100350141525,382.31228452920914,256.69100350141525,382.31228452920914,-125.62128102779388,-125.62128102779388,8605.121281027794,8479.5,-0.01481470381836121,-0.014598432366637104
1916,6,A11,7,128,256,128,4096,0,0,2530,581.1531143188477,767.779369354248,5839.957824707031,0.0,459.5800552368164,894.0378799438477,716.2710587382317,1276.3501644730568,-434.45782470703125,-560.0791057348251,14445.079105734825,13885.0,-0.04033698997009904,-0.03877300370840259
1916,6,A11,7,256,512,256,8192,0,0,6304,3253.8707733154297,4021.6501426696777,11253.389785766602,0.0,1493.9431610107422,3612.3329467773438,2210.214219748974,4888.6831112504005,-2118.3897857666016,-2678.4688915014267,25698.468891501427,23020.0,-0.11635399181153026,-0.1042267888725155
1916,6,A11,7,512,783,271,8668,4,0,6302,4570.421539306641,8592.071681976318,15189.359466552734,0.0,2436.1596069335938,4921.519073486328,4646.373826682568,9810.202184736729,-2485.3594665527344,-5163.828358054161,40887.82835805416,35724.0,-0.1445478770029717,-0.12629255613270987
1916,6,fp16_boundary,0,0,128,128,4096,0,0,113,0.027643203735351562,0.027643203735351562,25.81456160545349,0.0,0.1516212821006775,0.15758150815963745,0.1516212821006775,0.15758150815963745,-0.005960226058959961,-0.005960226058959961,25.81456160545349,25.80860137939453,-0.0002309395217254422,-0.00023088620097661566
1916,6,fp16_boundary,0,128,256,128,4096,0,0,1011,0.2887037396430969,0.3163469433784485,54.23767989873886,0.0,0.5073854327201843,0.6476608514785767,0.6590067148208618,0.8052423596382141,-0.14027541875839233,-0.1462356448173523,80.05224150419235,79.906005859375,-0.0018300957887284407,-0.0018267526563849421
1916,6,fp16_boundary,0,256,512,256,8192,0,0,3477,2.0518580079078674,2.368204951286316,196.14168095588684,0.0,2.4801713824272156,3.9729265570640564,3.1391780972480774,4.7781689167022705,-1.4927551746368408,-1.6389908194541931,276.1939224600792,274.554931640625,-0.005969628043686092,-0.005934203058690009
1916,6,fp16_boundary,0,512,783,271,8672,0,0,4662,6.170998156070709,8.539203107357025,302.95358645915985,0.0,6.8061254024505615,11.079291939735413,9.945303499698639,15.857460856437683,-4.273166537284851,-5.912157356739044,579.147508919239,573.2353515625,-0.010313664955631125,-0.0102083791533039
1916,6,fp16_boundary,7,0,128,128,4096,0,0,722,14.680557250976562,14.680557250976562,8604.127964317799,0.0,43.56131958961487,50.93928390741348,43.56131958961487,50.93928390741348,-7.3779643177986145,-7.3779643177986145,8604.127964317799,8596.75,-0.0008582271576815209,-0.0008574912354158131
1916,6,fp16_boundary,7,128,256,128,4096,0,0,1010,34.22068786621094,48.9012451171875,5833.313720703125,0.0,100.83714294433594,119.52586364746094,144.3984625339508,170.46514755487442,-18.688720703125,-26.066685020923615,14437.441685020924,14411.375,-0.0018087576668377315,-0.0018054919693956733
1916,6,fp16_boundary,7,256,512,256,8192,0,0,2681,175.17269897460938,224.07394409179688,11345.530059814453,0.0,353.5081329345703,425.91319274902344,497.9065954685211,596.3783403038979,-72.40505981445312,-98.47174483537674,25782.971744835377,25684.5,-0.003833897675071609,-0.0038192550420454055
1916,6,fp16_boundary,7,512,783,271,8668,4,0,3003,230.67694091796875,454.7508850097656,15309.689910888672,0.0,455.95794677734375,722.6478576660156,953.8645422458649,1319.0261979699135,-266.6899108886719,-365.1616557240486,41092.66165572405,40727.5,-0.008965972763465684,-0.008886298453563011
1916,6,bf16_pair_boundary,0,0,128,128,4096,0,0,0,0.0,0.0,25.81456160545349,0.0,0.0015230774879455566,0.0017026662826538086,0.0015230774879455566,0.0017026662826538086,-0.00017958879470825195,-0.00017958879470825195,25.81456160545349,25.814382016658783,-6.956927909115082e-06,-6.956879510605854e-06
1916,6,bf16_pair_boundary,0,128,256,128,4096,0,0,0,0.0,0.0,54.23767954111099,0.0,0.006392955780029297,0.006594657897949219,0.007916033267974854,0.008297324180603027,-0.00020170211791992188,-0.00038129091262817383,80.05224114656448,80.05185985565186,-4.7630487700811835e-06,-4.763026083555654e-06
1916,6,bf16_pair_boundary,0,256,512,256,8192,0,0,38,0.0001526474952697754,0.0001526474952697754,196.14168310165405,0.0,0.03803443908691406,0.03818655014038086,0.045950472354888916,0.04648387432098389,-0.00015211105346679688,-0.0005334019660949707,276.19392424821854,276.19339084625244,-1.931262599950835e-06,-1.9312588701828085e-06
1916,6,bf16_pair_boundary,0,512,783,271,8672,0,0,175,0.0035510659217834473,0.0037037134170532227,302.95359146595,0.0,0.11898314952850342,0.11501359939575195,0.16493362188339233,0.16149747371673584,0.003969550132751465,0.003436148166656494,579.1475157141685,579.1509518623352,5.933078682866898e-06,5.933113884498409e-06
1916,6,bf16_pair_boundary,7,0,128,128,4096,0,0,49,0.021942138671875,0.021942138671875,8601.987960398197,0.0,0.567396342754364,0.5728127956390381,0.567396342754364,0.5728127956390381,-0.005416452884674072,-0.005416452884674072,8601.987960398197,8601.982543945312,-6.29674944933079e-07,-6.296745484427925e-07
1916,6,bf16_pair_boundary,7,128,256,128,4096,0,0,46,0.066009521484375,0.08795166015625,5833.248046875,0.0,1.2983551025390625,1.3907623291015625,1.8657514452934265,1.9635751247406006,-0.0924072265625,-0.09782367944717407,14435.236007273197,14435.13818359375,-6.776774714796671e-06,-6.776728790432355e-06
1916,6,bf16_pair_boundary,7,256,512,256,8192,0,0,224,0.54241943359375,0.63037109375,11353.998275756836,0.0,4.6401214599609375,4.774566650390625,6.505872905254364,6.738141775131226,-0.1344451904296875,-0.23226886987686157,25789.234283030033,25789.002014160156,-9.006508656260835e-06,-9.006427539793236e-06
1916,6,bf16_pair_boundary,7,512,783,271,8668,4,0,410,1.2232666015625,1.8536376953125,15308.558807373047,0.0,6.773101806640625,8.41058349609375,13.278974711894989,15.148725271224976,-1.637481689453125,-1.8697505593299866,41097.79309040308,41095.92333984375,-4.549722715482113e-05,-4.5495157251317223e-05
1722,2,A00,0,0,128,128,4096,0,0,0,0.0,0.0,21.359914779663086,0.0,0.0,0.0,0.0,0.0,0.0,0.0,21.359914779663086,21.359914779663086,0.0,0.0
1722,2,A00,0,128,256,128,4096,0,0,0,0.0,0.0,62.34364998340607,0.0,0.0,0.0,0.0,0.0,0.0,0.0,83.70356476306915,83.70356476306915,0.0,0.0
1722,2,A00,0,256,512,256,8192,0,0,0,0.0,0.0,324.12121069431305,0.0,0.0,0.0,0.0,0.0,0.0,0.0,407.8247754573822,407.8247754573822,0.0,0.0
1722,2,A00,0,512,783,271,8672,0,0,0,0.0,0.0,174.93962240219116,0.0,0.0,0.0,0.0,0.0,0.0,0.0,582.7643978595734,582.7643978595734,0.0,0.0
1722,2,A00,7,0,128,128,4096,0,0,0,0.0,0.0,8792.345703125,0.0,0.0,0.0,0.0,0.0,0.0,0.0,8792.345703125,8792.345703125,0.0,0.0
1722,2,A00,7,128,256,128,4089,7,0,0,0.0,0.0,3963.358932495117,0.0,0.0,0.0,0.0,0.0,0.0,0.0,12755.704635620117,12755.704635620117,0.0,0.0
1722,2,A00,7,256,512,256,8148,44,0,0,0.0,0.0,13554.452560424805,0.0,0.0,0.0,0.0,0.0,0.0,0.0,26310.157196044922,26310.157196044922,0.0,0.0
1722,2,A00,7,512,783,271,8644,28,0,0,0.0,0.0,12111.16177368164,0.0,0.0,0.0,0.0,0.0,0.0,0.0,38421.31896972656,38421.31896972656,0.0,0.0
1722,2,A10,0,0,128,128,4096,0,0,0,0.0,0.0,21.359914779663086,0.0,0.0,0.0,0.0,0.0,0.0,0.0,21.359914779663086,21.359914779663086,0.0,0.0
1722,2,A10,0,128,256,128,4096,0,0,0,0.0,0.0,62.34364998340607,0.0,0.0,0.0,0.0,0.0,0.0,0.0,83.70356476306915,83.70356476306915,0.0,0.0
1722,2,A10,0,256,512,256,8192,0,0,0,0.0,0.0,324.12121069431305,0.0,0.0,0.0,0.0,0.0,0.0,0.0,407.8247754573822,407.8247754573822,0.0,0.0
1722,2,A10,0,512,783,271,8672,0,0,0,0.0,0.0,174.93962240219116,0.0,0.0,0.0,0.0,0.0,0.0,0.0,582.7643978595734,582.7643978595734,0.0,0.0
1722,2,A10,7,0,128,128,4096,0,0,0,0.0,0.0,8805.7978515625,0.0,0.0,0.0,0.0,0.0,0.0,0.0,8805.7978515625,8805.7978515625,0.0,0.0
1722,2,A10,7,128,256,128,4090,6,0,0,0.0,0.0,3994.6610717773438,0.0,0.0,0.0,0.0,0.0,0.0,0.0,12800.458923339844,12800.458923339844,0.0,0.0
1722,2,A10,7,256,512,256,8148,44,0,0,0.0,0.0,13618.049682617188,0.0,0.0,0.0,0.0,0.0,0.0,0.0,26418.50860595703,26418.50860595703,0.0,0.0
1722,2,A10,7,512,783,271,8646,26,0,0,0.0,0.0,12069.072143554688,0.0,0.0,0.0,0.0,0.0,0.0,0.0,38487.58074951172,38487.58074951172,0.0,0.0
1722,2,A01,0,0,128,128,4096,0,0,708,0.6899771690368652,0.6899771690368652,21.35991621017456,0.0,1.0846083760261536,1.2031076550483704,1.0846083760261536,1.2031076550483704,-0.1184992790222168,-0.1184992790222168,21.35991621017456,21.241416931152344,-0.0055786899436274205,-0.0055477408177177666
1722,2,A01,0,128,256,128,4096,0,0,2365,3.314391314983368,4.004368484020233,62.343648195266724,0.0,1.908270537853241,3.9274176955223083,2.9928789138793945,5.130525350570679,-2.0191471576690674,-2.137646436691284,83.70356440544128,81.56591796875,-0.026207593685272708,-0.025538296390067744
1722,2,A01,0,256,512,256,8192,0,0,5798,23.81953638792038,27.823904871940613,324.1212170124054,0.0,15.131906867027283,31.397166848182678,18.124785780906677,36.52769219875336,-16.265259981155396,-18.40290641784668,407.8247814178467,389.421875,-0.047256991964939515,-0.04512454185316301
1722,2,A01,0,512,783,271,8672,0,0,7912,60.40431332588196,88.22821819782257,174.93963360786438,0.0,17.389987468719482,64.87649607658386,35.51477324962616,101.40418827533722,-47.48650860786438,-65.88941502571106,582.7644150257111,516.875,-0.12747649823595852,-0.11306355248682107
1722,2,A01,7,0,128,128,4096,0,0,1522,159.5560646057129,159.5560646057129,8776.676233232021,0.0,243.8585069179535,349.5347401499748,243.8585069179535,349.5347401499748,-105.67623323202133,-105.67623323202133,8776.676233232021,8671.0,-0.012187317867837773,-0.01204057554634278
1722,2,A01,7,128,256,128,4090,6,0,3102,479.2870330810547,638.8430976867676,3968.854461669922,0.0,341.6961364746094,655.5505981445312,585.5546433925629,1005.0853382945061,-313.8544616699219,-419.5306949019432,12745.530694901943,12326.0,-0.034036240053703,-0.03291590636314189
1722,2,A01,7,256,512,256,8143,49,0,5478,2344.113327026367,2982.9564247131348,13629.327072143555,0.0,1923.0608520507812,2886.387924194336,2508.615495443344,3891.473262488842,-963.3270721435547,-1382.857767045498,26374.857767045498,24992.0,-0.05533201692723663,-0.05243090898383279
1722,2,A01,7,512,783,271,8648,24,0,7059,4449.244354248047,7432.200778961182,12143.987182617188,0.0,1768.6215515136719,4814.608734130859,4277.237046957016,8706.081996619701,-3045.9871826171875,-4428.844949662685,38518.844949662685,34090.0,-0.12991624962342874,-0.11497865409646635
1722,2,A11,0,0,128,128,4096,0,0,708,0.6899771690368652,0.6899771690368652,21.35991621017456,0.0,1.0846083760261536,1.2031076550483704,1.0846083760261536,1.2031076550483704,-0.1184992790222168,-0.1184992790222168,21.35991621017456,21.241416931152344,-0.0055786899436274205,-0.0055477408177177666
1722,2,A11,0,128,256,128,4096,0,0,2365,3.314391314983368,4.004368484020233,62.343648195266724,0.0,1.908270537853241,3.9274176955223083,2.9928789138793945,5.130525350570679,-2.0191471576690674,-2.137646436691284,83.70356440544128,81.56591796875,-0.026207593685272708,-0.025538296390067744
1722,2,A11,0,256,512,256,8192,0,0,5798,23.81953638792038,27.823904871940613,324.1212170124054,0.0,15.131906867027283,31.397166848182678,18.124785780906677,36.52769219875336,-16.265259981155396,-18.40290641784668,407.8247814178467,389.421875,-0.047256991964939515,-0.04512454185316301
1722,2,A11,0,512,783,271,8672,0,0,7912,60.40431332588196,88.22821819782257,174.93963360786438,0.0,17.389987468719482,64.87649607658386,35.51477324962616,101.40418827533722,-47.48650860786438,-65.88941502571106,582.7644150257111,516.875,-0.12747649823595852,-0.11306355248682107
1722,2,A11,7,0,128,128,4096,0,0,1521,160.33749771118164,160.33749771118164,8791.264713644981,0.0,242.7420670390129,350.0067806839943,242.7420670390129,350.0067806839943,-107.26471364498138,-107.26471364498138,8791.264713644981,8684.0,-0.012351993740785511,-0.01220128356259084
1722,2,A11,7,128,256,128,4090,6,0,3094,491.48097229003906,651.8184700012207,4001.9513244628906,0.0,336.31719970703125,666.2685241699219,579.0592667460442,1016.2753048539162,-329.9513244628906,-437.216038107872,12793.216038107872,12356.0,-0.035384917295878275,-0.034175615951885126
1722,2,A11,7,256,512,256,8145,47,0,5458,2316.813735961914,2968.6322059631348,13681.072937011719,0.0,1992.4641723632812,2857.537109375,2571.5234391093254,3873.812414228916,-865.0729370117188,-1302.2889751195908,26474.28897511959,25172.0,-0.051735617953265166,-0.049190706362066065
1722,2,A11,7,512,783,271,8652,20,0,7075,4506.2066650390625,7474.838871002197,12120.664184570312,0.0,1831.6397094726562,4862.303894042969,4403.163148581982,8736.116308271885,-3030.6641845703125,-4332.953159689903,38594.9531596899,34262.0,-0.12646527230429933,-0.11226735116796076
1722,2,fp16_boundary,0,0,128,128,4096,0,0,51,0.02595585584640503,0.02595585584640503,21.35991609096527,0.0,0.141526460647583,0.149574875831604,0.141526460647583,0.149574875831604,-0.008048415184020996,-0.008048415184020996,21.35991609096527,21.35186767578125,-0.0003769419755794974,-0.000376799943864259
1722,2,fp16_boundary,0,128,256,128,4096,0,0,608,0.16743695735931396,0.193392813205719,62.343648195266724,0.0,0.41401976346969604,0.4879230856895447,0.555546224117279,0.6374979615211487,-0.07390332221984863,-0.08195173740386963,83.703564286232,83.62161254882812,-0.0009800305794870504,-0.000979071059908849
1722,2,fp16_boundary,0,256,512,256,8192,0,0,3138,2.2589892148971558,2.4523820281028748,324.1212112903595,0.0,3.591726303100586,4.982987642288208,4.147272527217865,5.620485603809357,-1.391261339187622,-1.4732130765914917,407.8247755765915,406.3515625,-0.003625464284000364,-0.003612367773656299
1722,2,fp16_boundary,0,512,783,271,8672,0,0,5198,7.123661756515503,9.576043784618378,174.93962049484253,0.0,7.206050634384155,11.600749254226685,11.35332316160202,17.22123485803604,-4.394698619842529,-5.867911696434021,582.764396071434,576.896484375,-0.010171515783791295,-0.010069097796624392
1722,2,fp16_boundary,7,0,128,128,4096,0,0,837,15.392425537109375,15.392425537109375,8795.587147057056,0.0,41.512895822525024,50.97504287958145,41.512895822525024,50.97504287958145,-9.462147057056427,-9.462147057056427,8795.587147057056,8786.125,-0.0010769420031079033,-0.001075783446727874
1722,2,fp16_boundary,7,128,256,128,4089,7,0,1840,49.283477783203125,64.6759033203125,3955.1097106933594,0.0,76.63529968261719,106.37001037597656,118.14819550514221,157.345053255558,-29.734710693359375,-39.1968577504158,12750.696857750416,12711.5,-0.003083574538836156,-0.0030740953367258735
1722,2,fp16_boundary,7,256,512,256,8148,44,0,2912,127.17178344726562,191.84768676757812,13549.58381652832,0.0,323.85545349121094,379.68927001953125,442.00364899635315,537.0343232750893,-55.83381652832031,-95.03067427873611,26300.280674278736,26205.25,-0.003626398308687615,-0.0036132950615874846
1722,2,fp16_boundary,7,512,783,271,8644,28,0,4292,327.4130859375,519.2607727050781,12085.04556274414,0.0,486.3782653808594,712.173828125,928.3819143772125,1249.2081514000893,-225.79556274414062,-320.82623702287674,38385.32623702288,38064.5,-0.008428489459282974,-0.008358043775421606
1722,2,bf16_pair_boundary,0,0,128,128,4096,0,0,0,0.0,0.0,21.35991609096527,0.0,0.0014870166778564453,0.0015617609024047852,0.0014870166778564453,0.0015617609024047852,-7.474422454833984e-05,-7.474422454833984e-05,21.35991609096527,21.359841346740723,-3.499287440154371e-06,-3.499275195184631e-06
1722,2,bf16_pair_boundary,0,128,256,128,4096,0,0,20,0.0004730224609375,0.0004730224609375,62.34364724159241,0.0,0.005044996738433838,0.00508958101272583,0.006532013416290283,0.006651341915130615,-4.458427429199219e-05,-0.00011932849884033203,83.70356333255768,83.70344400405884,-1.4256103827047512e-06,-1.4256083503426854e-06
1722,2,bf16_pair_boundary,0,256,512,256,8192,0,0,371,0.008402228355407715,0.008875250816345215,324.121214389801,0.0,0.05405455827713013,0.05651789903640747,0.06058657169342041,0.06316924095153809,-0.0024633407592773438,-0.0025826692581176758,407.8247777223587,407.8221950531006,-6.3328315365018295e-06,-6.3327914320005345e-06
1722,2,bf16_pair_boundary,0,512,783,271,8672,0,0,255,0.008318662643432617,0.017193913459777832,174.93961787223816,0.0,0.1319713592529297,0.1310889720916748,0.1925579309463501,0.1942582130432129,0.0008823871612548828,-0.001700282096862793,582.7643955945969,582.7626953125,-2.9176234349575783e-06,-2.9176149224559065e-06
1722,2,bf16_pair_boundary,7,0,128,128,4096,0,0,62,0.03497314453125,0.03497314453125,8792.344253122807,0.0,0.5568601489067078,0.5917870998382568,0.5568601489067078,0.5917870998382568,-0.03492695093154907,-0.03492695093154907,8792.344253122807,8792.309326171875,-3.972443374755115e-06,-3.972427594511435e-06
1722,2,bf16_pair_boundary,7,128,256,128,4089,7,0,182,0.19329833984375,0.228271484375,3963.355758666992,0.0,1.1842803955078125,1.209716796875,1.7411405444145203,1.8015038967132568,-0.0254364013671875,-0.06036335229873657,12755.700011789799,12755.6396484375,-4.732287361702851e-06,-4.7322649672651536e-06
1722,2,bf16_pair_boundary,7,256,512,256,8148,44,0,315,0.392730712890625,0.621002197265625,13554.450378417969,0.0,4.1242218017578125,4.3924713134765625,5.865362346172333,6.193975210189819,-0.26824951171875,-0.3286128640174866,26310.150390207767,26309.82177734375,-1.2490121248197352e-05,-1.248996524701703e-05
1722,2,bf16_pair_boundary,7,512,783,271,8644,28,0,466,0.94915771484375,1.570159912109375,12111.081146240234,0.0,7.665863037109375,8.22088623046875,13.531225383281708,14.41486144065857,-0.555023193359375,-0.8836360573768616,38421.231536448,38420.347900390625,-2.2999168556927033e-05,-2.2998639607338124e-05
9365,3,A00,0,0,128,128,4096,0,0,0,0.0,0.0,42.46612620353699,0.0,0.0,0.0,0.0,0.0,0.0,0.0,42.46612620353699,42.46612620353699,0.0,0.0
9365,3,A00,0,128,256,128,4096,0,0,0,0.0,0.0,70.6753579378128,0.0,0.0,0.0,0.0,0.0,0.0,0.0,113.14148414134979,113.14148414134979,0.0,0.0
9365,3,A00,0,256,512,256,8192,0,0,0,0.0,0.0,197.45424115657806,0.0,0.0,0.0,0.0,0.0,0.0,0.0,310.59572529792786,310.59572529792786,0.0,0.0
9365,3,A00,0,512,783,271,8672,0,0,0,0.0,0.0,356.04243445396423,0.0,0.0,0.0,0.0,0.0,0.0,0.0,666.6381597518921,666.6381597518921,0.0,0.0
9365,3,A00,7,0,128,128,4096,0,0,0,0.0,0.0,9026.21713256836,0.0,0.0,0.0,0.0,0.0,0.0,0.0,9026.21713256836,9026.21713256836,0.0,0.0
9365,3,A00,7,128,256,128,4083,13,0,0,0.0,0.0,7658.216751098633,0.0,0.0,0.0,0.0,0.0,0.0,0.0,16684.433883666992,16684.433883666992,0.0,0.0
9365,3,A00,7,256,512,256,8166,26,0,0,0.0,0.0,15312.785629272461,0.0,0.0,0.0,0.0,0.0,0.0,0.0,31997.219512939453,31997.219512939453,0.0,0.0
9365,3,A00,7,512,783,271,8542,130,0,0,0.0,0.0,19111.649810791016,0.0,0.0,0.0,0.0,0.0,0.0,0.0,51108.86932373047,51108.86932373047,0.0,0.0
9365,3,A10,0,0,128,128,4096,0,0,0,0.0,0.0,42.46612620353699,0.0,0.0,0.0,0.0,0.0,0.0,0.0,42.46612620353699,42.46612620353699,0.0,0.0
9365,3,A10,0,128,256,128,4096,0,0,0,0.0,0.0,70.6753579378128,0.0,0.0,0.0,0.0,0.0,0.0,0.0,113.14148414134979,113.14148414134979,0.0,0.0
9365,3,A10,0,256,512,256,8192,0,0,0,0.0,0.0,197.45424115657806,0.0,0.0,0.0,0.0,0.0,0.0,0.0,310.59572529792786,310.59572529792786,0.0,0.0
9365,3,A10,0,512,783,271,8672,0,0,0,0.0,0.0,356.04243445396423,0.0,0.0,0.0,0.0,0.0,0.0,0.0,666.6381597518921,666.6381597518921,0.0,0.0
9365,3,A10,7,0,128,128,4096,0,0,0,0.0,0.0,9040.443832397461,0.0,0.0,0.0,0.0,0.0,0.0,0.0,9040.443832397461,9040.443832397461,0.0,0.0
9365,3,A10,7,128,256,128,4082,14,0,0,0.0,0.0,7673.830368041992,0.0,0.0,0.0,0.0,0.0,0.0,0.0,16714.274200439453,16714.274200439453,0.0,0.0
9365,3,A10,7,256,512,256,8169,23,0,0,0.0,0.0,15351.072357177734,0.0,0.0,0.0,0.0,0.0,0.0,0.0,32065.346557617188,32065.346557617188,0.0,0.0
9365,3,A10,7,512,783,271,8547,125,0,0,0.0,0.0,19039.2158203125,0.0,0.0,0.0,0.0,0.0,0.0,0.0,51104.56237792969,51104.56237792969,0.0,0.0
9365,3,A01,0,0,128,128,4096,0,0,648,0.6306318044662476,0.6306318044662476,42.46612733602524,0.0,1.1701856851577759,1.243979036808014,1.1701856851577759,1.243979036808014,-0.07379335165023804,-0.07379335165023804,42.46612733602524,42.392333984375,-0.0017407239638524467,-0.0017376991093707998
9365,3,A01,0,128,256,128,4096,0,0,2866,4.265468955039978,4.896100759506226,70.67536699771881,0.0,2.372271716594696,5.411652386188507,3.542457401752472,6.655631422996521,-3.039380669593811,-3.113174021244049,113.14149433374405,110.0283203125,-0.028294297435442813,-0.02751575838357613
9365,3,A01,0,256,512,256,8192,0,0,6254,20.455341815948486,25.351442575454712,197.4542471766472,0.0,9.266721427440643,25.36647641658783,12.809178829193115,32.02210783958435,-16.099754989147186,-19.212929010391235,310.59574151039124,291.3828125,-0.06593707036303398,-0.061858314337991174
9365,3,A01,0,512,783,271,8672,0,0,6940,58.48405545949936,83.83549803495407,356.042463183403,0.0,27.210760474205017,69.01103615760803,40.01993930339813,101.03314399719238,-41.800275683403015,-61.01320469379425,666.6382046937943,605.625,-0.10074419763681197,-0.09152371445890854
9365,3,A01,7,0,128,128,4096,0,0,1448,159.94879531860352,159.94879531860352,9011.094736039639,0.0,252.1531846523285,368.247920691967,252.1531846523285,368.247920691967,-116.09473603963852,-116.09473603963852,9011.094736039639,8895.0,-0.013051684771179147,-0.01288353296024296
9365,3,A01,7,128,256,128,4082,14,0,2263,477.1293029785156,637.0780982971191,7654.693771362305,0.0,585.4699249267578,848.1636962890625,837.6231095790863,1216.4116169810295,-262.6937713623047,-378.7885074019432,16665.788507401943,16287.0,-0.023257107349539095,-0.022728507999108957
9365,3,A01,7,256,512,256,8172,20,0,5406,2569.224868774414,3206.302967071533,15241.067367553711,0.0,2607.267791748047,3279.335159301758,3444.890901327133,4495.746776282787,-672.0673675537109,-1050.8558749556541,31906.855874955654,30856.0,-0.03405677582822317,-0.03293511209860363
9365,3,A01,7,512,783,271,8524,148,0,5933,4949.659820556641,8155.962787628174,18880.517059326172,0.0,3805.0206604003906,5577.5377197265625,7249.911561727524,10073.28449600935,-1772.5170593261719,-2823.372934281826,50787.372934281826,47964.0,-0.05886441777753786,-0.055592025559881436
9365,3,A11,0,0,128,128,4096,0,0,648,0.6306318044662476,0.6306318044662476,42.46612733602524,0.0,1.1701856851577759,1.243979036808014,1.1701856851577759,1.243979036808014,-0.07379335165023804,-0.07379335165023804,42.46612733602524,42.392333984375,-0.0017407239638524467,-0.0017376991093707998
9365,3,A11,0,128,256,128,4096,0,0,2866,4.265468955039978,4.896100759506226,70.67536699771881,0.0,2.372271716594696,5.411652386188507,3.542457401752472,6.655631422996521,-3.039380669593811,-3.113174021244049,113.14149433374405,110.0283203125,-0.028294297435442813,-0.02751575838357613
9365,3,A11,0,256,512,256,8192,0,0,6254,20.455341815948486,25.351442575454712,197.4542471766472,0.0,9.266721427440643,25.36647641658783,12.809178829193115,32.02210783958435,-16.099754989147186,-19.212929010391235,310.59574151039124,291.3828125,-0.06593707036303398,-0.061858314337991174
9365,3,A11,0,512,783,271,8672,0,0,6940,58.48405545949936,83.83549803495407,356.042463183403,0.0,27.210760474205017,69.01103615760803,40.01993930339813,101.03314399719238,-41.800275683403015,-61.01320469379425,666.6382046937943,605.625,-0.10074419763681197,-0.09152371445890854
9365,3,A11,7,0,128,128,4096,0,0,1447,160.6542854309082,160.6542854309082,9026.429996848106,0.0,250.6274430155754,369.0574398636818,250.6274430155754,369.0574398636818,-118.42999684810638,-118.42999684810638,9026.429996848106,8908.0,-0.013294790845095014,-0.01312035842403479
9365,3,A11,7,128,256,128,4082,14,0,2255,469.3125,629.9667854309082,7671.129745483398,0.0,593.1684722900391,849.2982177734375,843.7959153056145,1218.3556576371193,-256.12974548339844,-374.5597423315048,16697.559742331505,16323.0,-0.022946746451724856,-0.022432004922367445
9365,3,A11,7,256,512,256,8174,18,0,5403,2597.1572875976562,3227.1240730285645,15303.370727539062,0.0,2620.7887573242188,3301.1594848632812,3464.584672629833,4519.5151425004005,-680.3707275390625,-1054.9304698705673,32000.930469870567,30946.0,-0.03408939668682762,-0.032965618636114434
9365,3,A11,7,512,783,271,8530,142,0,5953,5038.846832275391,8265.970905303955,18829.477020263672,0.0,3816.4937133789062,5655.970733642578,7281.0783860087395,10175.485876142979,-1839.4770202636719,-2894.407490134239,50830.40749013424,47936.0,-0.06038066359592455,-0.05694244120895588
9365,3,fp16_boundary,0,0,128,128,4096,0,0,45,0.021171271800994873,0.021171271800994873,42.46612721681595,0.0,0.15788066387176514,0.15045136213302612,0.15788066387176514,0.15045136213302612,0.007429301738739014,0.007429301738739014,42.46612721681595,42.47355651855469,0.00017491593235177994,0.00017494653328776168
9365,3,fp16_boundary,0,128,256,128,4096,0,0,1335,0.4446452856063843,0.46581655740737915,70.67536669969559,0.0,0.5643431544303894,0.9051609039306641,0.7222238183021545,1.0556122660636902,-0.34081774950027466,-0.33338844776153564,113.14149391651154,112.80810546875,-0.0029553589821955713,-0.0029466505719603366
9365,3,fp16_boundary,0,256,512,256,8192,0,0,3627,2.2464743852615356,2.712290942668915,197.45425134897232,0.0,2.7023357152938843,4.168061673641205,3.424559533596039,5.223673939704895,-1.4657259583473206,-1.7991144061088562,310.59574526548386,308.796630859375,-0.005826211254643407,-0.005792463140700948
9365,3,fp16_boundary,0,512,783,271,8672,0,0,4509,6.587920546531677,9.300211489200592,356.0424723625183,0.0,7.616150975227356,12.043144822120667,11.040710508823395,17.26681876182556,-4.4269938468933105,-6.226108253002167,666.6382176280022,660.412109375,-0.009427610676149509,-0.009339560931798337
9365,3,fp16_boundary,7,0,128,128,4096,0,0,763,13.901214599609375,13.901214599609375,9029.327228844166,0.0,44.34015107154846,50.292379915714264,44.34015107154846,50.292379915714264,-5.952228844165802,-5.952228844165802,9029.327228844166,9023.375,-0.0006596455144738861,-0.0006592106691129125
9365,3,fp16_boundary,7,128,256,128,4083,13,0,1256,36.21331787109375,50.114532470703125,7657.133499145508,0.0,101.2081298828125,123.34162902832031,145.54828095436096,173.63400894403458,-22.133499145507812,-28.085727989673615,16686.460727989674,16658.375,-0.0016859824556521039,-0.0016831447032121644
9365,3,fp16_boundary,7,256,512,256,8166,26,0,3023,156.2107696533203,206.32530212402344,15312.188751220703,0.0,385.3734588623047,472.1872100830078,530.9217398166656,645.8212190270424,-86.81375122070312,-114.89947921037674,31998.649479210377,31883.75,-0.0036037002927941895,-0.003590760268961579
9365,3,fp16_boundary,7,512,783,271,8543,129,0,3102,243.38027954101562,449.70558166503906,19084.371063232422,0.0,636.7642822265625,754.8853454589844,1167.6860220432281,1400.7065644860268,-118.12106323242188,-233.02054244279861,51083.0205424428,50850.0,-0.004582508209297908,-0.004561604618685212
9365,3,bf16_pair_boundary,0,0,128,128,4096,0,0,0,0.0,0.0,42.466127157211304,0.0,0.0016219019889831543,0.0016375184059143066,0.0016219019889831543,0.0016375184059143066,-1.5616416931152344e-05,-1.5616416931152344e-05,42.466127157211304,42.46611154079437,-3.677383298009447e-07,-3.677381945695152e-07
9365,3,bf16_pair_boundary,0,128,256,128,4096,0,0,87,0.0016373395919799805,0.0016373395919799805,70.67536634206772,0.0,0.00999593734741211,0.010173618793487549,0.011617839336395264,0.011811137199401855,-0.00017768144607543945,-0.0001932978630065918,113.14149349927902,113.14130020141602,-1.7084642183047193e-06,-1.708461299459721e-06
9365,3,bf16_pair_boundary,0,256,512,256,8192,0,0,176,0.003228306770324707,0.0048656463623046875,197.45424968004227,0.0,0.04041522741317749,0.04509139060974121,0.052033066749572754,0.056902527809143066,-0.004676163196563721,-0.0048694610595703125,310.5957431793213,310.5908737182617,-1.5678055833628327e-05,-1.5677810036047234e-05
9365,3,bf16_pair_boundary,0,512,783,271,8672,0,0,340,0.01295769214630127,0.017823338508605957,356.0424748659134,0.0,0.1355520486831665,0.13263964653015137,0.18758511543273926,0.18954217433929443,0.0029124021530151367,-0.0019570589065551758,666.6382180452347,666.6362609863281,-2.9357222537813805e-06,-2.9357136353415306e-06
9365,3,bf16_pair_boundary,7,0,128,128,4096,0,0,62,0.03497314453125,0.03497314453125,9026.216399729252,0.0,0.5548002123832703,0.5969445705413818,0.5548002123832703,0.5969445705413818,-0.04214435815811157,-0.04214435815811157,9026.216399729252,9026.174255371094,-4.669127469263431e-06,-4.669105668613897e-06
9365,3,bf16_pair_boundary,7,128,256,128,4083,13,0,169,0.13134765625,0.16632080078125,7658.218536376953,0.0,1.3122100830078125,1.4015350341796875,1.8670102953910828,1.9984796047210693,-0.089324951171875,-0.13146930932998657,16684.434936106205,16684.303466796875,-7.879820071099836e-06,-7.879757980024748e-06
9365,3,bf16_pair_boundary,7,256,512,256,8165,27,0,537,0.789642333984375,0.955963134765625,15312.74771118164,0.0,5.2538299560546875,5.5713653564453125,7.12084025144577,7.569844961166382,-0.317535400390625,-0.4490047097206116,31997.182647287846,31996.733642578125,-1.4032829561174957e-05,-1.4032632643632773e-05
9365,3,bf16_pair_boundary,7,512,783,271,8542,130,0,634,1.22259521484375,2.178558349609375,19111.745635986328,0.0,8.82244873046875,9.055633544921875,15.94328898191452,16.625478506088257,-0.233184814453125,-0.6821895241737366,51108.928283274174,51108.24609375,-1.3347934556829982e-05,-1.3347756391851183e-05
8228,0,A00,0,0,128,128,4096,0,0,0,0.0,0.0,21.359914779663086,0.0,0.0,0.0,0.0,0.0,0.0,0.0,21.359914779663086,21.359914779663086,0.0,0.0
8228,0,A00,0,128,256,128,4096,0,0,0,0.0,0.0,64.59011936187744,0.0,0.0,0.0,0.0,0.0,0.0,0.0,85.95003414154053,85.95003414154053,0.0,0.0
8228,0,A00,0,256,512,256,8192,0,0,0,0.0,0.0,332.72137105464935,0.0,0.0,0.0,0.0,0.0,0.0,0.0,418.6714051961899,418.6714051961899,0.0,0.0
8228,0,A00,0,512,783,271,8672,0,0,0,0.0,0.0,284.9556589126587,0.0,0.0,0.0,0.0,0.0,0.0,0.0,703.6270641088486,703.6270641088486,0.0,0.0
8228,0,A00,7,0,128,128,4096,0,0,0,0.0,0.0,8792.345703125,0.0,0.0,0.0,0.0,0.0,0.0,0.0,8792.345703125,8792.345703125,0.0,0.0
8228,0,A00,7,128,256,128,4096,0,0,0,0.0,0.0,6686.736633300781,0.0,0.0,0.0,0.0,0.0,0.0,0.0,15479.082336425781,15479.082336425781,0.0,0.0
8228,0,A00,7,256,512,256,8147,45,0,0,0.0,0.0,15085.236145019531,0.0,0.0,0.0,0.0,0.0,0.0,0.0,30564.318481445312,30564.318481445312,0.0,0.0
8228,0,A00,7,512,783,271,8533,139,0,0,0.0,0.0,18862.663024902344,0.0,0.0,0.0,0.0,0.0,0.0,0.0,49426.981506347656,49426.981506347656,0.0,0.0
8228,0,A10,0,0,128,128,4096,0,0,0,0.0,0.0,21.359914779663086,0.0,0.0,0.0,0.0,0.0,0.0,0.0,21.359914779663086,21.359914779663086,0.0,0.0
8228,0,A10,0,128,256,128,4096,0,0,0,0.0,0.0,64.59011936187744,0.0,0.0,0.0,0.0,0.0,0.0,0.0,85.95003414154053,85.95003414154053,0.0,0.0
8228,0,A10,0,256,512,256,8192,0,0,0,0.0,0.0,332.72137105464935,0.0,0.0,0.0,0.0,0.0,0.0,0.0,418.6714051961899,418.6714051961899,0.0,0.0
8228,0,A10,0,512,783,271,8672,0,0,0,0.0,0.0,284.9556589126587,0.0,0.0,0.0,0.0,0.0,0.0,0.0,703.6270641088486,703.6270641088486,0.0,0.0
8228,0,A10,7,0,128,128,4096,0,0,0,0.0,0.0,8805.7978515625,0.0,0.0,0.0,0.0,0.0,0.0,0.0,8805.7978515625,8805.7978515625,0.0,0.0
8228,0,A10,7,128,256,128,4096,0,0,0,0.0,0.0,6706.96728515625,0.0,0.0,0.0,0.0,0.0,0.0,0.0,15512.76513671875,15512.76513671875,0.0,0.0
8228,0,A10,7,256,512,256,8149,43,0,0,0.0,0.0,15109.205535888672,0.0,0.0,0.0,0.0,0.0,0.0,0.0,30621.970672607422,30621.970672607422,0.0,0.0
8228,0,A10,7,512,783,271,8534,138,0,0,0.0,0.0,18871.829803466797,0.0,0.0,0.0,0.0,0.0,0.0,0.0,49493.80047607422,49493.80047607422,0.0,0.0
8228,0,A01,0,0,128,128,4096,0,0,708,0.6899771690368652,0.6899771690368652,21.35991621017456,0.0,1.0846083760261536,1.2031076550483704,1.0846083760261536,1.2031076550483704,-0.1184992790222168,-0.1184992790222168,21.35991621017456,21.241416931152344,-0.0055786899436274205,-0.0055477408177177666
8228,0,A01,0,128,256,128,4096,0,0,2366,3.522403657436371,4.212380826473236,64.59011548757553,0.0,2.48881071805954,4.5654603242874146,3.5734190940856934,5.768567979335785,-2.0766496062278748,-2.1951488852500916,85.95003169775009,83.7548828125,-0.026209204902886887,-0.025539826360617315
8228,0,A01,0,256,512,256,8192,0,0,5719,25.577291250228882,29.789672076702118,332.7213653922081,0.0,15.244824945926666,33.408573150634766,18.81824404001236,39.17714112997055,-18.1637482047081,-20.35889708995819,418.6713970899582,398.3125,-0.051112875167006286,-0.04862738947887515
8228,0,A01,0,512,783,271,8672,0,0,7366,67.60968095064163,97.39935302734375,284.95568722486496,0.0,24.312543511390686,75.68229323625565,43.130787551403046,114.8594343662262,-51.36974972486496,-71.72864681482315,703.6270843148232,631.8984375,-0.11351293587400768,-0.1019412817013304
8228,0,A01,7,0,128,128,4096,0,0,1522,159.5560646057129,159.5560646057129,8776.676233232021,0.0,243.8585069179535,349.5347401499748,243.8585069179535,349.5347401499748,-105.67623323202133,-105.67623323202133,8776.676233232021,8671.0,-0.012187317867837773,-0.01204057554634278
8228,0,A01,7,128,256,128,4096,0,0,2407,452.6392822265625,612.1953468322754,6680.824554443359,0.0,551.1726989746094,836.9972534179688,795.0312058925629,1186.5319935679436,-285.8245544433594,-391.5007876753807,15457.50078767538,15066.0,-0.02598571536409005,-0.02532756058389033
8228,0,A01,7,256,512,256,8146,46,0,5431,2689.1084594726562,3301.3038063049316,15074.584777832031,0.0,2658.83349609375,3363.4182739257812,3453.864701986313,4549.950267493725,-704.5847778320312,-1096.085565507412,30532.085565507412,29436.0,-0.03723622657655293,-0.0358994659292347
8228,0,A01,7,512,783,271,8534,138,0,6069,5317.542663574219,8618.84646987915,18642.955474853516,0.0,3094.02197265625,5988.977447509766,6547.886674642563,10538.92771500349,-2894.9554748535156,-3991.0410403609276,49175.04104036093,45184.0,-0.08832863492300212,-0.0811598924154479
8228,0,A11,0,0,128,128,4096,0,0,708,0.6899771690368652,0.6899771690368652,21.35991621017456,0.0,1.0846083760261536,1.2031076550483704,1.0846083760261536,1.2031076550483704,-0.1184992790222168,-0.1184992790222168,21.35991621017456,21.241416931152344,-0.0055786899436274205,-0.0055477408177177666
8228,0,A11,0,128,256,128,4096,0,0,2366,3.522403657436371,4.212380826473236,64.59011548757553,0.0,2.48881071805954,4.5654603242874146,3.5734190940856934,5.768567979335785,-2.0766496062278748,-2.1951488852500916,85.95003169775009,83.7548828125,-0.026209204902886887,-0.025539826360617315
8228,0,A11,0,256,512,256,8192,0,0,5719,25.577291250228882,29.789672076702118,332.7213653922081,0.0,15.244824945926666,33.408573150634766,18.81824404001236,39.17714112997055,-18.1637482047081,-20.35889708995819,418.6713970899582,398.3125,-0.051112875167006286,-0.04862738947887515
8228,0,A11,0,512,783,271,8672,0,0,7366,67.60968095064163,97.39935302734375,284.95568722486496,0.0,24.312543511390686,75.68229323625565,43.130787551403046,114.8594343662262,-51.36974972486496,-71.72864681482315,703.6270843148232,631.8984375,-0.11351293587400768,-0.1019412817013304
8228,0,A11,7,0,128,128,4096,0,0,1521,160.33749771118164,160.33749771118164,8791.264713644981,0.0,242.7420670390129,350.0067806839943,242.7420670390129,350.0067806839943,-107.26471364498138,-107.26471364498138,8791.264713644981,8684.0,-0.012351993740785511,-0.01220128356259084
8228,0,A11,7,128,256,128,4096,0,0,2402,451.5471496582031,611.8846473693848,6701.395904541016,0.0,559.2022552490234,827.5981597900391,801.9443222880363,1177.6049404740334,-268.3959045410156,-375.660618185997,15492.660618185997,15117.0,-0.02485020957769379,-0.024247650383887535
8228,0,A11,7,256,512,256,8153,39,0,5434,2701.13134765625,3313.0159950256348,15106.28630065918,0.0,2683.0753631591797,3368.3616638183594,3485.019685447216,4545.966604292393,-685.2863006591797,-1060.9469188451767,30598.946918845177,29538.0,-0.035918035034368495,-0.034672661175530986
8228,0,A11,7,512,783,271,8537,135,0,6061,5373.129791259766,8686.1457862854,18694.93051147461,0.0,3098.775665283203,6047.7061767578125,6583.795350730419,10593.672781050205,-2948.9305114746094,-4009.877430319786,49293.877430319786,45284.0,-0.0885495413461661,-0.08134635860179629
8228,0,fp16_boundary,0,0,128,128,4096,0,0,51,0.02595585584640503,0.02595585584640503,21.35991609096527,0.0,0.141526460647583,0.149574875831604,0.141526460647583,0.149574875831604,-0.008048415184020996,-0.008048415184020996,21.35991609096527,21.35186767578125,-0.0003769419755794974,-0.000376799943864259
8228,0,fp16_boundary,0,128,256,128,4096,0,0,781,0.2382490038871765,0.26420485973358154,64.59011471271515,0.0,0.48078370094299316,0.6208862066268921,0.6223101615905762,0.7704610824584961,-0.14010250568389893,-0.14815092086791992,85.95003080368042,85.8018798828125,-0.0017266628781358081,-0.001723686652379606
8228,0,fp16_boundary,0,256,512,256,8192,0,0,3164,2.4251543283462524,2.689359188079834,332.721367418766,0.0,3.4899380207061768,5.3129900097846985,4.112248182296753,6.083451092243195,-1.8230519890785217,-1.9712029099464417,418.67139822244644,416.7001953125,-0.004730506325940544,-0.004708233995242043
8228,0,fp16_boundary,0,512,783,271,8672,0,0,4988,8.361130595207214,11.050489783287048,284.9556493163109,0.0,8.23537963628769,14.072864890098572,12.347627818584442,20.156315982341766,-5.837485253810883,-7.808688163757324,703.6270475387573,695.818359375,-0.011222308320193315,-0.011097765771045355
8228,0,fp16_boundary,7,0,128,128,4096,0,0,837,15.392425537109375,15.392425537109375,8795.587147057056,0.0,41.512895822525024,50.97504287958145,41.512895822525024,50.97504287958145,-9.462147057056427,-9.462147057056427,8795.587147057056,8786.125,-0.0010769420031079033,-0.001075783446727874
8228,0,fp16_boundary,7,128,256,128,4096,0,0,1317,37.9375,53.329925537109375,6686.250732421875,0.0,102.56941223144531,117.94514465332031,144.08230805397034,168.92018753290176,-15.375732421875,-24.837879478931427,15481.837879478931,15457.0,-0.0016069016936618636,-0.0016043237031860321
8228,0,fp16_boundary,7,256,512,256,8147,45,0,2921,155.7816162109375,209.11154174804688,15091.067749023438,0.0,377.0853271484375,457.153076171875,521.1676352024078,626.0732637047768,-80.0677490234375,-104.90562850236893,30572.90562850237,30468.0,-0.0034431412794528335,-0.0034313267367223343
8228,0,fp16_boundary,7,512,783,271,8533,139,0,3226,242.13204956054688,451.24359130859375,18854.593658447266,0.0,614.9128112792969,715.0064697265625,1136.0804464817047,1341.0797334313393,-100.09365844726562,-204.99928694963455,49427.499286949635,49222.5,-0.004164747563606777,-0.004147474379788431
8228,0,bf16_pair_boundary,0,0,128,128,4096,0,0,0,0.0,0.0,21.35991609096527,0.0,0.0014870166778564453,0.0015617609024047852,0.0014870166778564453,0.0015617609024047852,-7.474422454833984e-05,-7.474422454833984e-05,21.35991609096527,21.359841346740723,-3.499287440154371e-06,-3.499275195184631e-06
8228,0,bf16_pair_boundary,0,128,256,128,4096,0,0,6,0.00020188093185424805,0.00020188093185424805,64.59011507034302,0.0,0.005512714385986328,0.006167888641357422,0.0069997310638427734,0.007729649543762207,-0.0006551742553710938,-0.0007299184799194336,85.95003116130829,85.94930124282837,-8.492430646495084e-06,-8.492358525729278e-06
8228,0,bf16_pair_boundary,0,256,512,256,8192,0,0,115,0.001780867576599121,0.001982748508453369,332.72136241197586,0.0,0.05195486545562744,0.05498164892196655,0.058954596519470215,0.06271129846572876,-0.0030267834663391113,-0.003756701946258545,418.67139357328415,418.6676368713379,-8.97299340912044e-06,-8.972912895232171e-06
8228,0,bf16_pair_boundary,0,512,783,271,8672,0,0,199,0.005251646041870117,0.007234394550323486,284.95565217733383,0.0,0.15084010362625122,0.15013623237609863,0.20979470014572144,0.2128475308418274,0.0007038712501525879,-0.003052830696105957,703.627045750618,703.6239929199219,-4.338724555763399e-06,-4.338705731314302e-06
8228,0,bf16_pair_boundary,7,0,128,128,4096,0,0,62,0.03497314453125,0.03497314453125,8792.344253122807,0.0,0.5568601489067078,0.5917870998382568,0.5568601489067078,0.5917870998382568,-0.03492695093154907,-0.03492695093154907,8792.344253122807,8792.309326171875,-3.972443374755115e-06,-3.972427594511435e-06
8228,0,bf16_pair_boundary,7,128,256,128,4096,0,0,144,0.082275390625,0.11724853515625,6686.741104125977,0.0,1.2757415771484375,1.344024658203125,1.8326017260551453,1.9358117580413818,-0.0682830810546875,-0.10321003198623657,15479.085357248783,15478.982147216797,-6.667753150990893e-06,-6.667708692355249e-06
8228,0,bf16_pair_boundary,7,256,512,256,8147,45,0,416,0.493499755859375,0.610748291015625,15085.27963256836,0.0,4.761962890625,5.31719970703125,6.594564616680145,7.253011465072632,-0.55523681640625,-0.6584468483924866,30564.364989817142,30563.70654296875,-2.1543422669197294e-05,-2.1542958560135487e-05
8228,0,bf16_pair_boundary,7,512,783,271,8533,139,0,678,1.38299560546875,1.993743896484375,18862.664520263672,0.0,8.348388671875,9.522186279296875,14.942953288555145,16.775197744369507,-1.173797607421875,-1.8322444558143616,49427.029510080814,49425.197265625,-3.7071060049944995e-05,-3.7069685837395285e-05
9961,6,A00,0,0,128,128,4096,0,0,0,0.0,0.0,32.28800976276398,0.0,0.0,0.0,0.0,0.0,0.0,0.0,32.28800976276398,32.28800976276398,0.0,0.0
9961,6,A00,0,128,256,128,4096,0,0,0,0.0,0.0,46.07572025060654,0.0,0.0,0.0,0.0,0.0,0.0,0.0,78.36373001337051,78.36373001337051,0.0,0.0
9961,6,A00,0,256,512,256,8192,0,0,0,0.0,0.0,279.9003689289093,0.0,0.0,0.0,0.0,0.0,0.0,0.0,358.2640989422798,358.2640989422798,0.0,0.0
9961,6,A00,0,512,783,271,8672,0,0,0,0.0,0.0,278.9994767308235,0.0,0.0,0.0,0.0,0.0,0.0,0.0,637.2635756731033,637.2635756731033,0.0,0.0
9961,6,A00,7,0,128,128,4096,0,0,0,0.0,0.0,8934.953918457031,0.0,0.0,0.0,0.0,0.0,0.0,0.0,8934.953918457031,8934.953918457031,0.0,0.0
9961,6,A00,7,128,256,128,4096,0,0,0,0.0,0.0,7816.237686157227,0.0,0.0,0.0,0.0,0.0,0.0,0.0,16751.191604614258,16751.191604614258,0.0,0.0
9961,6,A00,7,256,512,256,8152,40,0,0,0.0,0.0,15727.073287963867,0.0,0.0,0.0,0.0,0.0,0.0,0.0,32478.264892578125,32478.264892578125,0.0,0.0
9961,6,A00,7,512,783,271,8612,60,0,0,0.0,0.0,15985.132446289062,0.0,0.0,0.0,0.0,0.0,0.0,0.0,48463.39733886719,48463.39733886719,0.0,0.0
9961,6,A10,0,0,128,128,4096,0,0,0,0.0,0.0,32.28800976276398,0.0,0.0,0.0,0.0,0.0,0.0,0.0,32.28800976276398,32.28800976276398,0.0,0.0
9961,6,A10,0,128,256,128,4096,0,0,0,0.0,0.0,46.07572025060654,0.0,0.0,0.0,0.0,0.0,0.0,0.0,78.36373001337051,78.36373001337051,0.0,0.0
9961,6,A10,0,256,512,256,8192,0,0,0,0.0,0.0,279.9003689289093,0.0,0.0,0.0,0.0,0.0,0.0,0.0,358.2640989422798,358.2640989422798,0.0,0.0
9961,6,A10,0,512,783,271,8672,0,0,0,0.0,0.0,278.9994767308235,0.0,0.0,0.0,0.0,0.0,0.0,0.0,637.2635756731033,637.2635756731033,0.0,0.0
9961,6,A10,7,0,128,128,4096,0,0,0,0.0,0.0,8945.461288452148,0.0,0.0,0.0,0.0,0.0,0.0,0.0,8945.461288452148,8945.461288452148,0.0,0.0
9961,6,A10,7,128,256,128,4096,0,0,0,0.0,0.0,7844.649948120117,0.0,0.0,0.0,0.0,0.0,0.0,0.0,16790.111236572266,16790.111236572266,0.0,0.0
9961,6,A10,7,256,512,256,8154,38,0,0,0.0,0.0,15724.06997680664,0.0,0.0,0.0,0.0,0.0,0.0,0.0,32514.181213378906,32514.181213378906,0.0,0.0
9961,6,A10,7,512,783,271,8617,55,0,0,0.0,0.0,16426.35498046875,0.0,0.0,0.0,0.0,0.0,0.0,0.0,48940.536193847656,48940.536193847656,0.0,0.0
9961,6,A01,0,0,128,128,4096,0,0,1176,1.2055858373641968,1.2055858373641968,32.28800964355469,0.0,1.152380883693695,1.7062596678733826,1.152380883693695,1.7062596678733826,-0.5538787841796875,-0.5538787841796875,32.28800964355469,31.734130859375,-0.01745372471784772,-0.017154317974203543
9961,6,A01,0,128,256,128,4096,0,0,2984,3.9989752173423767,5.2045610547065735,46.07572144269943,0.0,1.8924167156219482,4.725218236446381,3.0447975993156433,6.431477904319763,-2.8328015208244324,-3.38668030500412,78.36373108625412,74.97705078125,-0.045169558814535944,-0.04321744585229661
9961,6,A01,0,256,512,256,8192,0,0,5816,21.19297444820404,26.397535502910614,279.9003629684448,0.0,12.502901494503021,28.427190244197845,15.547699093818665,34.85866814851761,-15.924288749694824,-19.310969054698944,358.26409405469894,338.953125,-0.056972388305016934,-0.05390149159561212
9961,6,A01,0,512,783,271,8672,0,0,7352,60.38928246498108,86.7868179678917,278.99949580430984,0.0,23.86502593755722,68.22389674186707,39.412725031375885,103.08256489038467,-44.358870804309845,-63.66983985900879,637.2635898590088,573.59375,-0.11100162764850348,-0.09991130965617447
9961,6,A01,7,0,128,128,4096,0,0,1384,138.67663955688477,138.67663955688477,8935.217409074306,0.0,257.26587080955505,354.48327988386154,257.26587080955505,354.48327988386154,-97.21740907430649,-97.21740907430649,8935.217409074306,8838.0,-0.01099993313807496,-0.010880251103411962
9961,6,A01,7,128,256,128,4096,0,0,2232,410.8202667236328,549.4969062805176,7814.123184204102,0.0,605.7249755859375,867.8481597900391,862.9908463954926,1222.3314396739006,-262.12318420410156,-359.34059327840805,16749.340593278408,16390.0,-0.02192438030984796,-0.021454014340278757
9961,6,A01,7,256,512,256,8149,43,0,5310,2563.6731567382812,3113.170063018799,15706.543045043945,0.0,2732.5978393554688,3253.140884399414,3595.5886857509613,4475.472324073315,-520.5430450439453,-879.8836383223534,32455.883638322353,31576.0,-0.02786558266792353,-0.027110142744147286
9961,6,A01,7,512,783,271,8625,47,0,7010,6701.259490966797,9814.429553985596,14706.975158691406,0.0,2548.739013671875,7051.714172363281,6144.327699422836,11527.186496436596,-4502.975158691406,-5382.85879701376,47162.85879701376,41780.0,-0.12883817130238773,-0.11413342902263994
9961,6,A11,0,0,128,128,4096,0,0,1176,1.2055858373641968,1.2055858373641968,32.28800964355469,0.0,1.152380883693695,1.7062596678733826,1.152380883693695,1.7062596678733826,-0.5538787841796875,-0.5538787841796875,32.28800964355469,31.734130859375,-0.01745372471784772,-0.017154317974203543
9961,6,A11,0,128,256,128,4096,0,0,2984,3.9989752173423767,5.2045610547065735,46.07572144269943,0.0,1.8924167156219482,4.725218236446381,3.0447975993156433,6.431477904319763,-2.8328015208244324,-3.38668030500412,78.36373108625412,74.97705078125,-0.045169558814535944,-0.04321744585229661
9961,6,A11,0,256,512,256,8192,0,0,5816,21.19297444820404,26.397535502910614,279.9003629684448,0.0,12.502901494503021,28.427190244197845,15.547699093818665,34.85866814851761,-15.924288749694824,-19.310969054698944,358.26409405469894,338.953125,-0.056972388305016934,-0.05390149159561212
9961,6,A11,0,512,783,271,8672,0,0,7352,60.38928246498108,86.7868179678917,278.99949580430984,0.0,23.86502593755722,68.22389674186707,39.412725031375885,103.08256489038467,-44.358870804309845,-63.66983985900879,637.2635898590088,573.59375,-0.11100162764850348,-0.09991130965617447
9961,6,A11,7,0,128,128,4096,0,0,1382,139.64897537231445,139.64897537231445,8947.745640158653,0.0,254.68661659955978,359.43225675821304,254.68661659955978,359.43225675821304,-104.74564015865326,-104.74564015865326,8947.745640158653,8843.0,-0.011845034508498616,-0.011706372126688663
9961,6,A11,7,128,256,128,4096,0,0,2225,407.01934814453125,546.6683235168457,7847.944366455078,0.0,611.7435302734375,875.6878967285156,866.4301468729973,1235.1201534867287,-263.9443664550781,-368.6900066137314,16795.69000661373,16427.0,-0.022444147234049514,-0.021951465314527137
9961,6,A11,7,256,512,256,8156,36,0,5310,2571.3843688964844,3118.05269241333,15707.576705932617,0.0,2740.237518310547,3252.814224243164,3606.667665183544,4487.934377729893,-512.5767059326172,-881.2667125463486,32503.26671254635,31622.0,-0.02786878478737425,-0.027113173587754405
9961,6,A11,7,512,783,271,8628,44,0,6917,6701.012786865234,9819.065479278564,15048.145904541016,0.0,2665.1612548828125,7043.307159423828,6271.828920066357,11531.24153715372,-4378.145904541016,-5259.412617087364,47551.412617087364,42292.0,-0.1243595152058868,-0.11060476077628492
9961,6,fp16_boundary,0,0,128,128,4096,0,0,244,0.027460992336273193,0.027460992336273193,32.2880095243454,0.0,0.1760348081588745,0.18105483055114746,0.1760348081588745,0.18105483055114746,-0.005020022392272949,-0.005020022392272949,32.2880095243454,32.282989501953125,-0.00015550054284685244,-0.00015547636618751042
9961,6,fp16_boundary,0,128,256,128,4096,0,0,1290,0.31360042095184326,0.34106141328811646,46.075721979141235,0.0,0.5179601311683655,0.6787346005439758,0.69399493932724,0.8597894310951233,-0.16077446937561035,-0.1657944917678833,78.36373150348663,78.19793701171875,-0.002120190098404224,-0.002115704402878092
9961,6,fp16_boundary,0,256,512,256,8192,0,0,3233,2.1276533007621765,2.468714714050293,279.90036284923553,0.0,2.9728159308433533,4.470041573047638,3.6668108701705933,5.329831004142761,-1.4972256422042847,-1.663020133972168,358.26409435272217,356.60107421875,-0.0046635309150864215,-0.004641883348586065
9961,6,fp16_boundary,0,512,783,271,8672,0,0,4908,7.35070264339447,9.819417357444763,278.9994974732399,0.0,7.596918344497681,12.35081034898758,11.263729214668274,17.68064135313034,-4.753892004489899,-6.416912138462067,637.2635918259621,630.8466796875,-0.010171904434276784,-0.010069478659647855
9961,6,fp16_boundary,7,0,128,128,4096,0,0,762,14.353996276855469,14.353996276855469,8933.445102989674,0.0,43.24524140357971,49.565344393253326,43.24524140357971,49.565344393253326,-6.3201029896736145,-6.3201029896736145,8933.445102989674,8927.125,-0.0007079662253719551,-0.0007074653637887721
9961,6,fp16_boundary,7,128,256,128,4096,0,0,1288,40.00480651855469,54.358802795410156,7813.469711303711,0.0,102.41990661621094,139.26461791992188,145.66514801979065,188.8299623131752,-36.84471130371094,-43.16481429338455,16746.914814293385,16703.75,-0.002584139147998776,-0.002577478584684963
9961,6,fp16_boundary,7,256,512,256,8152,40,0,2987,159.19688415527344,213.5556869506836,15728.346954345703,0.0,378.61399841308594,483.21095275878906,524.2791464328766,672.0409150719643,-104.59695434570312,-147.76176863908768,32475.261768639088,32327.5,-0.004570776231972397,-0.00454997929475596
9961,6,fp16_boundary,7,512,783,271,8615,57,0,2889,325.40777587890625,538.9634628295898,15929.472229003906,0.0,686.4859313964844,825.4581604003906,1210.765077829361,1497.499075472355,-138.97222900390625,-286.7339976429939,48404.733997642994,48118.0,-0.005958975802049003,-0.005923676755603203
9961,6,bf16_pair_boundary,0,0,128,128,4096,0,0,0,0.0,0.0,32.2880095243454,0.0,0.0017521977424621582,0.001956164836883545,0.0017521977424621582,0.001956164836883545,-0.00020396709442138672,-0.00020396709442138672,32.2880095243454,32.28780555725098,-6.317155684666256e-06,-6.317115778462405e-06
9961,6,bf16_pair_boundary,0,128,256,128,4096,0,0,12,0.0002855062484741211,0.0002855062484741211,46.07572203874588,0.0,0.0065492987632751465,0.00675654411315918,0.008301496505737305,0.008712708950042725,-0.0002072453498840332,-0.0004112124443054199,78.36373156309128,78.36332035064697,-5.247511749953879e-06,-5.24748421371881e-06
9961,6,bf16_pair_boundary,0,256,512,256,8192,0,0,66,0.0009791254997253418,0.0012646317481994629,279.9003633260727,0.0,0.04576820135116577,0.0441473126411438,0.054069697856903076,0.05286002159118652,0.0016208887100219727,0.0012096762657165527,358.26409488916397,358.2653045654297,3.3764817589129138e-06,3.376493159580476e-06
9961,6,bf16_pair_boundary,0,512,783,271,8672,0,0,167,0.003222942352294922,0.004487574100494385,278.9994984269142,0.0,0.13160288333892822,0.1365181803703308,0.1856725811958313,0.18937820196151733,-0.004915297031402588,-0.003705620765686035,637.2635933160782,637.2598876953125,-5.8149286299623035e-06,-5.814894816763953e-06
9961,6,bf16_pair_boundary,7,0,128,128,4096,0,0,68,0.03411865234375,0.03411865234375,8934.956237375736,0.0,0.5432645678520203,0.5978906154632568,0.5432645678520203,0.5978906154632568,-0.05462604761123657,-0.05462604761123657,8934.956237375736,8934.901611328125,-6.113782779877383e-06,-6.113745401766025e-06
9961,6,bf16_pair_boundary,7,128,256,128,4096,0,0,173,0.137786865234375,0.171905517578125,7816.236663818359,0.0,1.42437744140625,1.493133544921875,1.9676420092582703,2.091024160385132,-0.068756103515625,-0.12338215112686157,16751.192901194096,16751.06951904297,-7.365628265502578e-06,-7.365574013422434e-06
9961,6,bf16_pair_boundary,7,256,512,256,8152,40,0,442,0.58184814453125,0.753753662109375,15727.086868286133,0.0,5.298980712890625,5.4878387451171875,7.266622722148895,7.578862905502319,-0.1888580322265625,-0.3122401833534241,32478.27976948023,32477.967529296875,-9.613907738277238e-06,-9.613815311943815e-06
9961,6,bf16_pair_boundary,7,512,783,271,8612,60,0,412,1.14892578125,1.902679443359375,15985.036010742188,0.0,9.591796875,9.8355712890625,16.858419597148895,17.41443419456482,-0.2437744140625,-0.5560145974159241,48463.315780222416,48462.759765625,-1.1473027951873047e-05,-1.1472896323012844e-05
6707,6,A00,0,0,128,128,4096,0,0,0,0.0,0.0,33.909646689891815,0.0,0.0,0.0,0.0,0.0,0.0,0.0,33.909646689891815,33.909646689891815,0.0,0.0
6707,6,A00,0,128,256,128,4096,0,0,0,0.0,0.0,55.38354551792145,0.0,0.0,0.0,0.0,0.0,0.0,0.0,89.29319220781326,89.29319220781326,0.0,0.0
6707,6,A00,0,256,512,256,8192,0,0,0,0.0,0.0,261.66292971372604,0.0,0.0,0.0,0.0,0.0,0.0,0.0,350.9561219215393,350.9561219215393,0.0,0.0
6707,6,A00,0,512,783,271,8672,0,0,0,0.0,0.0,270.071292757988,0.0,0.0,0.0,0.0,0.0,0.0,0.0,621.0274146795273,621.0274146795273,0.0,0.0
6707,6,A00,7,0,128,128,4096,0,0,0,0.0,0.0,8895.639083862305,0.0,0.0,0.0,0.0,0.0,0.0,0.0,8895.639083862305,8895.639083862305,0.0,0.0
6707,6,A00,7,128,256,128,4091,5,0,0,0.0,0.0,8007.732147216797,0.0,0.0,0.0,0.0,0.0,0.0,0.0,16903.3712310791,16903.3712310791,0.0,0.0
6707,6,A00,7,256,512,256,8142,50,0,0,0.0,0.0,15441.970138549805,0.0,0.0,0.0,0.0,0.0,0.0,0.0,32345.341369628906,32345.341369628906,0.0,0.0
6707,6,A00,7,512,783,271,8625,47,0,0,0.0,0.0,16702.738403320312,0.0,0.0,0.0,0.0,0.0,0.0,0.0,49048.07977294922,49048.07977294922,0.0,0.0
6707,6,A10,0,0,128,128,4096,0,0,0,0.0,0.0,33.909646689891815,0.0,0.0,0.0,0.0,0.0,0.0,0.0,33.909646689891815,33.909646689891815,0.0,0.0
6707,6,A10,0,128,256,128,4096,0,0,0,0.0,0.0,55.38354551792145,0.0,0.0,0.0,0.0,0.0,0.0,0.0,89.29319220781326,89.29319220781326,0.0,0.0
6707,6,A10,0,256,512,256,8192,0,0,0,0.0,0.0,261.66292971372604,0.0,0.0,0.0,0.0,0.0,0.0,0.0,350.9561219215393,350.9561219215393,0.0,0.0
6707,6,A10,0,512,783,271,8672,0,0,0,0.0,0.0,270.071292757988,0.0,0.0,0.0,0.0,0.0,0.0,0.0,621.0274146795273,621.0274146795273,0.0,0.0
6707,6,A10,7,0,128,128,4096,0,0,0,0.0,0.0,8903.149276733398,0.0,0.0,0.0,0.0,0.0,0.0,0.0,8903.149276733398,8903.149276733398,0.0,0.0
6707,6,A10,7,128,256,128,4091,5,0,0,0.0,0.0,8031.028610229492,0.0,0.0,0.0,0.0,0.0,0.0,0.0,16934.17788696289,16934.17788696289,0.0,0.0
6707,6,A10,7,256,512,256,8136,56,0,0,0.0,0.0,15464.928405761719,0.0,0.0,0.0,0.0,0.0,0.0,0.0,32399.10629272461,32399.10629272461,0.0,0.0
6707,6,A10,7,512,783,271,8627,45,0,0,0.0,0.0,17080.529266357422,0.0,0.0,0.0,0.0,0.0,0.0,0.0,49479.63555908203,49479.63555908203,0.0,0.0
6707,6,A01,0,0,128,128,4096,0,0,1154,1.1790936589241028,1.1790936589241028,33.90964698791504,0.0,1.1534793972969055,1.7140052914619446,1.1534793972969055,1.7140052914619446,-0.5605258941650391,-0.5605258941650391,33.90964698791504,33.34912109375,-0.016807816091743658,-0.016529983174546264
6707,6,A01,0,128,256,128,4096,0,0,2866,4.120683550834656,5.2997772097587585,55.383543610572815,0.0,2.1851887702941895,5.094611287117004,3.338668167591095,6.808616578578949,-2.909422516822815,-3.469948410987854,89.29319059848785,85.8232421875,-0.04043133680975345,-0.03886016825841383
6707,6,A01,0,256,512,256,8192,0,0,5752,21.120050251483917,26.419827461242676,261.662944316864,0.0,13.753693342208862,27.773082971572876,17.092361509799957,34.581699550151825,-14.019389629364014,-17.489338040351868,350.95613491535187,333.466796875,-0.05244701482800923,-0.049833401671608255
6707,6,A01,0,512,783,271,8672,0,0,7272,60.02441555261612,86.4442430138588,270.0713236927986,0.0,23.693842113018036,68.11477518081665,40.78620362281799,102.69647473096848,-44.420933067798615,-61.91027110815048,621.0274586081505,559.1171875,-0.11072861377231492,-0.0996900704630743
6707,6,A01,7,0,128,128,4096,0,0,1392,137.90484237670898,137.90484237670898,8892.076280534267,0.0,267.29512190818787,347.8714024424553,267.29512190818787,347.8714024424553,-80.57628053426743,-80.57628053426743,8892.076280534267,8811.5,-0.00914444538776229,-0.00906158224380708
6707,6,A01,7,128,256,128,4091,5,0,2201,396.99363708496094,534.8984794616699,8007.2402420043945,0.0,654.5638885498047,873.3041305541992,921.8590104579926,1221.1755329966545,-218.74024200439453,-299.31652253866196,16899.316522538662,16600.0,-0.018031115815582047,-0.017711753143357174
6707,6,A01,7,256,512,256,8137,55,0,5504,3040.111785888672,3575.010265350342,15373.276794433594,0.0,2499.7193756103516,3694.9961700439453,3421.578386068344,4916.1717030406,-1195.2767944335938,-1494.5933169722557,32272.593316972256,30778.0,-0.04856044307532184,-0.04631153444325915
6707,6,A01,7,512,783,271,8614,58,0,6720,6792.210601806641,10367.220867156982,15668.700592041016,0.0,2753.5736083984375,7146.274200439453,6175.151994466782,12062.445903480053,-4392.700592041016,-5887.293909013271,47941.29390901327,42054.0,-0.13999367263549892,-0.12280214881531226
6707,6,A11,0,0,128,128,4096,0,0,1154,1.1790936589241028,1.1790936589241028,33.90964698791504,0.0,1.1534793972969055,1.7140052914619446,1.1534793972969055,1.7140052914619446,-0.5605258941650391,-0.5605258941650391,33.90964698791504,33.34912109375,-0.016807816091743658,-0.016529983174546264
6707,6,A11,0,128,256,128,4096,0,0,2866,4.120683550834656,5.2997772097587585,55.383543610572815,0.0,2.1851887702941895,5.094611287117004,3.338668167591095,6.808616578578949,-2.909422516822815,-3.469948410987854,89.29319059848785,85.8232421875,-0.04043133680975345,-0.03886016825841383
6707,6,A11,0,256,512,256,8192,0,0,5752,21.120050251483917,26.419827461242676,261.662944316864,0.0,13.753693342208862,27.773082971572876,17.092361509799957,34.581699550151825,-14.019389629364014,-17.489338040351868,350.95613491535187,333.466796875,-0.05244701482800923,-0.049833401671608255
6707,6,A11,0,512,783,271,8672,0,0,7272,60.02441555261612,86.4442430138588,270.0713236927986,0.0,23.693842113018036,68.11477518081665,40.78620362281799,102.69647473096848,-44.420933067798615,-61.91027110815048,621.0274586081505,559.1171875,-0.11072861377231492,-0.0996900704630743
6707,6,A11,7,0,128,128,4096,0,0,1393,140.56675338745117,140.56675338745117,8900.178158164024,0.0,263.9778992533684,352.65605741739273,263.9778992533684,352.65605741739273,-88.67815816402435,-88.67815816402435,8900.178158164024,8811.5,-0.010063911724907717,-0.009963638546120672
6707,6,A11,7,128,256,128,4091,5,0,2201,399.47847747802734,540.0452308654785,8030.456832885742,0.0,657.8034973144531,864.7603302001953,921.7813965678215,1217.416387617588,-206.9568328857422,-295.63499104976654,16930.634991049767,16635.0,-0.017771866008401957,-0.01746154182675673
6707,6,A11,7,256,512,256,8138,54,0,5496,3038.7032928466797,3578.748523712158,15394.159912109375,0.0,2559.0706329345703,3684.2305450439453,3480.852029502392,4901.646932661533,-1125.159912109375,-1420.7949031591415,32324.79490315914,30904.0,-0.04597446619075659,-0.04395371749196421
6707,6,A11,7,512,783,271,8615,57,0,6607,6732.665954589844,10311.414478302002,16157.538757324219,0.0,2967.4148559570312,7102.95361328125,6448.266885459423,12004.600545942783,-4135.538757324219,-5556.33366048336,48482.33366048336,42926.0,-0.1294398187691227,-0.11460532612546614
6707,6,fp16_boundary,0,0,128,128,4096,0,0,320,0.04202759265899658,0.04202759265899658,33.90964686870575,0.0,0.1727391481399536,0.20561599731445312,0.1727391481399536,0.20561599731445312,-0.03287684917449951,-0.03287684917449951,33.90964686870575,33.87677001953125,-0.0009704835837520742,-0.0009695426585182349
6707,6,fp16_boundary,0,128,256,128,4096,0,0,1315,0.3952314257621765,0.4372590184211731,55.38354676961899,0.0,0.5476293563842773,0.7914666533470154,0.720368504524231,0.9970826506614685,-0.24383729696273804,-0.27671414613723755,89.29319363832474,89.0164794921875,-0.0031085721173855596,-0.0030989388425062617
6707,6,fp16_boundary,0,256,512,256,8192,0,0,3225,2.1471298933029175,2.5843889117240906,261.66293996572495,0.0,2.9475362300872803,4.627199828624725,3.6679047346115112,5.624282479286194,-1.679663598537445,-1.9563777446746826,350.9561336040497,348.999755859375,-0.005605670811595009,-0.005574422434462641
6707,6,fp16_boundary,0,512,783,271,8672,0,0,4864,7.680011689662933,10.264400601387024,270.07133108377457,0.0,7.286850094795227,12.839382350444794,10.954754829406738,18.463664829730988,-5.552532255649567,-7.508910000324249,621.0274646878242,613.5185546875,-0.012239091944250921,-0.012091107764611989
6707,6,fp16_boundary,7,0,128,128,4096,0,0,756,13.278450012207031,13.278450012207031,8896.835010826588,0.0,41.00876832008362,49.718779146671295,41.00876832008362,49.718779146671295,-8.710010826587677,-8.710010826587677,8896.835010826588,8888.125,-0.0009799604333408539,-0.0009790010510466291
6707,6,fp16_boundary,7,128,256,128,4091,5,0,1211,40.05952453613281,53.337974548339844,8008.254669189453,0.0,103.63371276855469,128.1383819580078,144.6424810886383,177.8571611046791,-24.504669189453125,-33.2146800160408,16905.08968001604,16871.875,-0.0019686418975982693,-0.001964773961258825
6707,6,fp16_boundary,7,256,512,256,8143,49,0,2982,175.27183532714844,228.60980987548828,15435.586959838867,0.0,379.4317932128906,498.6437530517578,524.0742743015289,676.5009141564369,-119.21195983886719,-152.426639854908,32340.676639854908,32188.25,-0.004735474586375711,-0.004713155558009123
6707,6,fp16_boundary,7,512,783,271,8626,46,0,2986,279.8883361816406,508.4981460571289,16664.999420166016,0.0,650.5540161132812,788.8034362792969,1174.6282904148102,1465.3043504357338,-138.24942016601562,-290.6760600209236,49005.67606002092,48715.0,-0.005966869753072434,-0.00593147739998344
6707,6,bf16_pair_boundary,0,0,128,128,4096,0,0,0,0.0,0.0,33.909646809101105,0.0,0.0019681453704833984,0.0018881559371948242,0.0019681453704833984,0.0018881559371948242,7.998943328857422e-05,7.998943328857422e-05,33.909646809101105,33.90972679853439,2.35889347513208e-06,2.358899039523633e-06
6707,6,bf16_pair_boundary,0,128,256,128,4096,0,0,1,1.6093254089355469e-06,1.6093254089355469e-06,55.38354712724686,0.0,0.007848083972930908,0.007126271724700928,0.009816229343414307,0.009014427661895752,0.0007218122482299805,0.0008018016815185547,89.29319393634796,89.29399573802948,8.979345978321752e-06,8.97942660769995e-06
6707,6,bf16_pair_boundary,0,256,512,256,8192,0,0,65,0.0007245540618896484,0.000726163387298584,261.6629384160042,0.0,0.04282182455062866,0.04548084735870361,0.05263805389404297,0.054495275020599365,-0.002659022808074951,-0.0018572211265563965,350.95613235235214,350.9542751312256,-5.291917660390265e-06,-5.291889656145936e-06
6707,6,bf16_pair_boundary,0,512,783,271,8672,0,0,185,0.003227531909942627,0.003953695297241211,270.0713294148445,0.0,0.1389368176460266,0.1314011812210083,0.19157487154006958,0.18589645624160767,0.0075356364250183105,0.005678415298461914,621.0274617671967,621.0331401824951,9.143498037469096e-06,9.143581641789893e-06
6707,6,bf16_pair_boundary,7,0,128,128,4096,0,0,81,0.054351806640625,0.054351806640625,8895.636252939701,0.0,0.5119535326957703,0.6136605739593506,0.5119535326957703,0.6136605739593506,-0.10170704126358032,-0.10170704126358032,8895.636252939701,8895.534545898438,-1.143349404566986e-05,-1.1433363322378392e-05
6707,6,bf16_pair_boundary,7,128,256,128,4091,5,0,189,0.166229248046875,0.2205810546875,8007.748199462891,0.0,1.3665008544921875,1.5642852783203125,1.8784543871879578,2.177945852279663,-0.197784423828125,-0.2994914650917053,16903.38445240259,16903.0849609375,-1.7718154158475846e-05,-1.7717840231051277e-05
6707,6,bf16_pair_boundary,7,256,512,256,8142,50,0,454,0.65179443359375,0.87237548828125,15441.960876464844,0.0,4.9160614013671875,5.6905364990234375,6.794515788555145,7.868482351303101,-0.77447509765625,-1.0739665627479553,32345.345328867435,32344.271362304688,-3.320422805998342e-05,-3.320312557582949e-05
6707,6,bf16_pair_boundary,7,512,783,271,8625,47,0,589,1.67535400390625,2.5477294921875,16702.921295166016,0.0,8.97540283203125,10.061370849609375,15.769918620586395,17.929853200912476,-1.085968017578125,-2.1599345803260803,49048.26662403345,49046.106689453125,-4.4038859067901363e-05,-4.403691973219949e-05
6680,1,A00,0,0,128,128,4096,0,0,0,0.0,0.0,21.359914779663086,0.0,0.0,0.0,0.0,0.0,0.0,0.0,21.359914779663086,21.359914779663086,0.0,0.0
6680,1,A00,0,128,256,128,4096,0,0,0,0.0,0.0,33.58197569847107,0.0,0.0,0.0,0.0,0.0,0.0,0.0,54.941890478134155,54.941890478134155,0.0,0.0
6680,1,A00,0,256,512,256,8192,0,0,0,0.0,0.0,161.63376849889755,0.0,0.0,0.0,0.0,0.0,0.0,0.0,216.5756589770317,216.5756589770317,0.0,0.0
6680,1,A00,0,512,783,271,8672,0,0,0,0.0,0.0,258.9371143579483,0.0,0.0,0.0,0.0,0.0,0.0,0.0,475.51277333498,475.51277333498,0.0,0.0
6680,1,A00,7,0,128,128,4096,0,0,0,0.0,0.0,8792.345703125,0.0,0.0,0.0,0.0,0.0,0.0,0.0,8792.345703125,8792.345703125,0.0,0.0
6680,1,A00,7,128,256,128,4091,5,0,0,0.0,0.0,5456.7193603515625,0.0,0.0,0.0,0.0,0.0,0.0,0.0,14249.065063476562,14249.065063476562,0.0,0.0
6680,1,A00,7,256,512,256,8176,16,0,0,0.0,0.0,15112.434173583984,0.0,0.0,0.0,0.0,0.0,0.0,0.0,29361.499237060547,29361.499237060547,0.0,0.0
6680,1,A00,7,512,783,271,8604,68,0,0,0.0,0.0,18730.98715209961,0.0,0.0,0.0,0.0,0.0,0.0,0.0,48092.486389160156,48092.486389160156,0.0,0.0
6680,1,A10,0,0,128,128,4096,0,0,0,0.0,0.0,21.359914779663086,0.0,0.0,0.0,0.0,0.0,0.0,0.0,21.359914779663086,21.359914779663086,0.0,0.0
6680,1,A10,0,128,256,128,4096,0,0,0,0.0,0.0,33.58197569847107,0.0,0.0,0.0,0.0,0.0,0.0,0.0,54.941890478134155,54.941890478134155,0.0,0.0
6680,1,A10,0,256,512,256,8192,0,0,0,0.0,0.0,161.63376849889755,0.0,0.0,0.0,0.0,0.0,0.0,0.0,216.5756589770317,216.5756589770317,0.0,0.0
6680,1,A10,0,512,783,271,8672,0,0,0,0.0,0.0,258.9371143579483,0.0,0.0,0.0,0.0,0.0,0.0,0.0,475.51277333498,475.51277333498,0.0,0.0
6680,1,A10,7,0,128,128,4096,0,0,0,0.0,0.0,8805.7978515625,0.0,0.0,0.0,0.0,0.0,0.0,0.0,8805.7978515625,8805.7978515625,0.0,0.0
6680,1,A10,7,128,256,128,4090,6,0,0,0.0,0.0,5515.133453369141,0.0,0.0,0.0,0.0,0.0,0.0,0.0,14320.93130493164,14320.93130493164,0.0,0.0
6680,1,A10,7,256,512,256,8182,10,0,0,0.0,0.0,15154.883361816406,0.0,0.0,0.0,0.0,0.0,0.0,0.0,29475.814666748047,29475.814666748047,0.0,0.0
6680,1,A10,7,512,783,271,8614,58,0,0,0.0,0.0,18618.563690185547,0.0,0.0,0.0,0.0,0.0,0.0,0.0,48094.378356933594,48094.378356933594,0.0,0.0
6680,1,A01,0,0,128,128,4096,0,0,708,0.6899771690368652,0.6899771690368652,21.35991621017456,0.0,1.0846083760261536,1.2031076550483704,1.0846083760261536,1.2031076550483704,-0.1184992790222168,-0.1184992790222168,21.35991621017456,21.241416931152344,-0.0055786899436274205,-0.0055477408177177666
6680,1,A01,0,128,256,128,4096,0,0,2472,3.4208720326423645,4.11084920167923,33.58197730779648,0.0,1.7020949721336365,4.0066903829574585,2.78670334815979,5.209798038005829,-2.304595410823822,-2.423094689846039,54.94189351797104,52.518798828125,-0.04613766392060774,-0.044102860944416934
6680,1,A01,0,256,512,256,8192,0,0,6283,17.152138710021973,21.262987911701202,161.63376158475876,0.0,7.384292840957642,20.3923220038414,10.170996189117432,25.60212004184723,-13.008029162883759,-15.431123852729797,216.5756551027298,201.14453125,-0.07671659655290676,-0.0712505006410358
6680,1,A01,0,512,783,271,8672,0,0,7366,51.54172718524933,72.80471509695053,258.9371325969696,0.0,18.89444851875305,57.894081115722656,29.065444707870483,83.49620115756989,-38.999632596969604,-54.4307564496994,475.5127876996994,421.08203125,-0.1292640208087706,-0.1144674924790331
6680,1,A01,7,0,128,128,4096,0,0,1522,159.5560646057129,159.5560646057129,8776.676233232021,0.0,243.8585069179535,349.5347401499748,243.8585069179535,349.5347401499748,-105.67623323202133,-105.67623323202133,8776.676233232021,8671.0,-0.012187317867837773,-0.01204057554634278
6680,1,A01,7,128,256,128,4091,5,0,2710,447.5662384033203,607.1223030090332,5413.001892089844,0.0,446.5065155029297,736.5084075927734,690.3650224208832,1086.0431477427483,-290.00189208984375,-395.6781253218651,14189.678125321865,13794.0,-0.028684799573862916,-0.027884926058736086
6680,1,A01,7,256,512,256,8183,9,0,5185,2110.4246520996094,2717.5469551086426,15103.563827514648,0.0,2327.0208587646484,2754.584686279297,3017.3858811855316,3840.627834022045,-427.56382751464844,-823.2419528365135,29293.241952836514,28470.0,-0.028916120577327484,-0.0281034770464113
6680,1,A01,7,512,783,271,8634,38,0,5917,4703.194305419922,7420.741260528564,18605.114196777344,0.0,3575.926971435547,5259.041168212891,6593.3128526210785,9099.669002234936,-1683.1141967773438,-2506.3561496138573,47898.35614961386,45392.0,-0.0552158122491597,-0.052326558802667025
6680,1,A11,0,0,128,128,4096,0,0,708,0.6899771690368652,0.6899771690368652,21.35991621017456,0.0,1.0846083760261536,1.2031076550483704,1.0846083760261536,1.2031076550483704,-0.1184992790222168,-0.1184992790222168,21.35991621017456,21.241416931152344,-0.0055786899436274205,-0.0055477408177177666
6680,1,A11,0,128,256,128,4096,0,0,2472,3.4208720326423645,4.11084920167923,33.58197730779648,0.0,1.7020949721336365,4.0066903829574585,2.78670334815979,5.209798038005829,-2.304595410823822,-2.423094689846039,54.94189351797104,52.518798828125,-0.04613766392060774,-0.044102860944416934
6680,1,A11,0,256,512,256,8192,0,0,6283,17.152138710021973,21.262987911701202,161.63376158475876,0.0,7.384292840957642,20.3923220038414,10.170996189117432,25.60212004184723,-13.008029162883759,-15.431123852729797,216.5756551027298,201.14453125,-0.07671659655290676,-0.0712505006410358
6680,1,A11,0,512,783,271,8672,0,0,7366,51.54172718524933,72.80471509695053,258.9371325969696,0.0,18.89444851875305,57.894081115722656,29.065444707870483,83.49620115756989,-38.999632596969604,-54.4307564496994,475.5127876996994,421.08203125,-0.1292640208087706,-0.1144674924790331
6680,1,A11,7,0,128,128,4096,0,0,1521,160.33749771118164,160.33749771118164,8791.264713644981,0.0,242.7420670390129,350.0067806839943,242.7420670390129,350.0067806839943,-107.26471364498138,-107.26471364498138,8791.264713644981,8684.0,-0.012351993740785511,-0.01220128356259084
6680,1,A11,7,128,256,128,4090,6,0,2700,454.9821014404297,615.3195991516113,5472.664154052734,0.0,439.8541259765625,753.5182800292969,682.5961930155754,1103.5250607132912,-313.6641540527344,-420.92886769771576,14263.928867697716,13843.0,-0.03040734433993468,-0.029510022911776915
6680,1,A11,7,256,512,256,8185,7,0,5178,2108.5467987060547,2723.866397857666,15145.711334228516,0.0,2360.0245208740234,2764.735855102539,3042.620713889599,3868.2609158158302,-404.7113342285156,-825.6402019262314,29409.64020192623,28584.0,-0.02888469780038593,-0.028073794723682297
6680,1,A11,7,512,783,271,8647,25,0,5949,4744.545684814453,7468.412082672119,18524.05581665039,0.0,3575.0011291503906,5323.056945800781,6617.6218430399895,9191.317861616611,-1748.0558166503906,-2573.696018576622,47933.69601857662,45360.0,-0.056739330215534,-0.0536928347352808
6680,1,fp16_boundary,0,0,128,128,4096,0,0,51,0.02595585584640503,0.02595585584640503,21.35991609096527,0.0,0.141526460647583,0.149574875831604,0.141526460647583,0.149574875831604,-0.008048415184020996,-0.008048415184020996,21.35991609096527,21.35186767578125,-0.0003769419755794974,-0.000376799943864259
6680,1,fp16_boundary,0,128,256,128,4096,0,0,518,0.11823749542236328,0.1441933512687683,33.58197683095932,0.0,0.3945942521095276,0.44648075103759766,0.5361207127571106,0.5960556268692017,-0.05188649892807007,-0.059934914112091064,54.94189292192459,54.8819580078125,-0.001092069530455879,-0.0010908782155951895
6680,1,fp16_boundary,0,256,512,256,8192,0,0,3302,1.5469834208488464,1.6911767721176147,161.63376116752625,0.0,2.22522896528244,3.1514706015586853,2.761349678039551,3.747526228427887,-0.9262416362762451,-0.9861765503883362,216.57565408945084,215.5894775390625,-0.004574325990514317,-0.00455349681170083
6680,1,fp16_boundary,0,512,783,271,8672,0,0,4507,5.233700096607208,6.924876868724823,258.9371409416199,0.0,6.366449356079102,9.626466274261475,9.127799034118652,13.373992502689362,-3.260016918182373,-4.246193468570709,475.5127950310707,471.2666015625,-0.009010172701592505,-0.00892971443238085
6680,1,fp16_boundary,7,0,128,128,4096,0,0,837,15.392425537109375,15.392425537109375,8795.587147057056,0.0,41.512895822525024,50.97504287958145,41.512895822525024,50.97504287958145,-9.462147057056427,-9.462147057056427,8795.587147057056,8786.125,-0.0010769420031079033,-0.001075783446727874
6680,1,fp16_boundary,7,128,256,128,4091,5,0,1608,48.126678466796875,63.51910400390625,5448.011779785156,0.0,86.1309814453125,116.39276123046875,127.64387726783752,167.3678041100502,-30.26177978515625,-39.72392684221268,14243.598926842213,14203.875,-0.00279669645376439,-0.0027888967560966995
6680,1,fp16_boundary,7,256,512,256,8177,15,0,3005,141.34381103515625,204.8629150390625,15114.91586303711,0.0,343.8443145751953,424.1351776123047,471.48819184303284,591.5029817223549,-80.29086303710938,-120.01478987932205,29358.514789879322,29238.5,-0.004104683546670385,-0.004087903994404186
6680,1,fp16_boundary,7,512,783,271,8611,61,0,3320,248.67129516601562,453.5342102050781,18732.005249023438,0.0,569.14501953125,738.1502685546875,1040.6332113742828,1329.6532502770424,-169.0052490234375,-289.02003890275955,48090.52003890276,47801.5,-0.006046254592486837,-0.006009917103598738
6680,1,bf16_pair_boundary,0,0,128,128,4096,0,0,0,0.0,0.0,21.35991609096527,0.0,0.0014870166778564453,0.0015617609024047852,0.0014870166778564453,0.0015617609024047852,-7.474422454833984e-05,-7.474422454833984e-05,21.35991609096527,21.359841346740723,-3.499287440154371e-06,-3.499275195184631e-06
6680,1,bf16_pair_boundary,0,128,256,128,4096,0,0,0,0.0,0.0,33.58197718858719,0.0,0.004390299320220947,0.004166603088378906,0.005877315998077393,0.005728363990783691,0.00022369623184204102,0.00014895200729370117,54.94189327955246,54.94204223155975,2.711075184754241e-06,2.711082534702825e-06
6680,1,bf16_pair_boundary,0,256,512,256,8192,0,0,15,4.315376281738281e-05,4.315376281738281e-05,161.6337633728981,0.0,0.03044968843460083,0.02946925163269043,0.03632700443267822,0.03519761562347412,0.0009804368019104004,0.0011293888092041016,216.57565665245056,216.57678604125977,5.214726979044482e-06,5.2147541725637544e-06
6680,1,bf16_pair_boundary,0,512,783,271,8672,0,0,95,0.0009118914604187012,0.000955045223236084,258.9371426105499,0.0,0.0902591347694397,0.09379559755325317,0.12658613920211792,0.1289932131767273,-0.0035364627838134766,-0.002407073974609375,475.5127992630005,475.5103921890259,-5.062084896879625e-06,-5.0620592723058355e-06
6680,1,bf16_pair_boundary,7,0,128,128,4096,0,0,62,0.03497314453125,0.03497314453125,8792.344253122807,0.0,0.5568601489067078,0.5917870998382568,0.5568601489067078,0.5917870998382568,-0.03492695093154907,-0.03492695093154907,8792.344253122807,8792.309326171875,-3.972443374755115e-06,-3.972427594511435e-06
6680,1,bf16_pair_boundary,7,128,256,128,4091,5,0,173,0.1691436767578125,0.2041168212890625,5456.710494995117,0.0,1.306915283203125,1.3328399658203125,1.8637754321098328,1.9246270656585693,-0.0259246826171875,-0.06085163354873657,14249.054748117924,14248.993896484375,-4.2705915934001745e-06,-4.270573355525504e-06
6680,1,bf16_pair_boundary,7,256,512,256,8176,16,0,384,0.559173583984375,0.7632904052734375,15112.461837768555,0.0,4.8292388916015625,4.97491455078125,6.693014323711395,6.899541616439819,-0.1456756591796875,-0.20652729272842407,29361.51658588648,29361.31005859375,-7.033994474915321e-06,-7.033944998185067e-06
6680,1,bf16_pair_boundary,7,512,783,271,8604,68,0,668,1.36773681640625,2.1310272216796875,18730.995147705078,0.0,8.22406005859375,8.771453857421875,14.917074382305145,15.670995473861694,-0.547393798828125,-0.7539210915565491,48092.51173359156,48091.7578125,-1.567672145601195e-05,-1.5676475700268985e-05
144,7,A00,0,0,128,128,4096,0,0,0,0.0,0.0,21.359914779663086,0.0,0.0,0.0,0.0,0.0,0.0,0.0,21.359914779663086,21.359914779663086,0.0,0.0
144,7,A00,0,128,256,128,4096,0,0,0,0.0,0.0,60.76094597578049,0.0,0.0,0.0,0.0,0.0,0.0,0.0,82.12086075544357,82.12086075544357,0.0,0.0
144,7,A00,0,256,512,256,8192,0,0,0,0.0,0.0,280.5376470685005,0.0,0.0,0.0,0.0,0.0,0.0,0.0,362.6585078239441,362.6585078239441,0.0,0.0
144,7,A00,0,512,783,271,8672,0,0,0,0.0,0.0,304.47711968421936,0.0,0.0,0.0,0.0,0.0,0.0,0.0,667.1356275081635,667.1356275081635,0.0,0.0
144,7,A00,7,0,128,128,4096,0,0,0,0.0,0.0,8792.345703125,0.0,0.0,0.0,0.0,0.0,0.0,0.0,8792.345703125,8792.345703125,0.0,0.0
144,7,A00,7,128,256,128,4090,6,0,0,0.0,0.0,4781.743240356445,0.0,0.0,0.0,0.0,0.0,0.0,0.0,13574.088943481445,13574.088943481445,0.0,0.0
144,7,A00,7,256,512,256,8156,36,0,0,0.0,0.0,14884.994216918945,0.0,0.0,0.0,0.0,0.0,0.0,0.0,28459.08316040039,28459.08316040039,0.0,0.0
144,7,A00,7,512,783,271,8603,69,0,0,0.0,0.0,15661.746612548828,0.0,0.0,0.0,0.0,0.0,0.0,0.0,44120.82977294922,44120.82977294922,0.0,0.0
144,7,A10,0,0,128,128,4096,0,0,0,0.0,0.0,21.359914779663086,0.0,0.0,0.0,0.0,0.0,0.0,0.0,21.359914779663086,21.359914779663086,0.0,0.0
144,7,A10,0,128,256,128,4096,0,0,0,0.0,0.0,60.76094597578049,0.0,0.0,0.0,0.0,0.0,0.0,0.0,82.12086075544357,82.12086075544357,0.0,0.0
144,7,A10,0,256,512,256,8192,0,0,0,0.0,0.0,280.5376470685005,0.0,0.0,0.0,0.0,0.0,0.0,0.0,362.6585078239441,362.6585078239441,0.0,0.0
144,7,A10,0,512,783,271,8672,0,0,0,0.0,0.0,304.47711968421936,0.0,0.0,0.0,0.0,0.0,0.0,0.0,667.1356275081635,667.1356275081635,0.0,0.0
144,7,A10,7,0,128,128,4096,0,0,0,0.0,0.0,8805.7978515625,0.0,0.0,0.0,0.0,0.0,0.0,0.0,8805.7978515625,8805.7978515625,0.0,0.0
144,7,A10,7,128,256,128,4093,3,0,0,0.0,0.0,4809.364959716797,0.0,0.0,0.0,0.0,0.0,0.0,0.0,13615.162811279297,13615.162811279297,0.0,0.0
144,7,A10,7,256,512,256,8156,36,0,0,0.0,0.0,14891.683532714844,0.0,0.0,0.0,0.0,0.0,0.0,0.0,28506.84634399414,28506.84634399414,0.0,0.0
144,7,A10,7,512,783,271,8601,71,0,0,0.0,0.0,15787.089324951172,0.0,0.0,0.0,0.0,0.0,0.0,0.0,44293.93566894531,44293.93566894531,0.0,0.0
144,7,A01,0,0,128,128,4096,0,0,708,0.6899771690368652,0.6899771690368652,21.35991621017456,0.0,1.0846083760261536,1.2031076550483704,1.0846083760261536,1.2031076550483704,-0.1184992790222168,-0.1184992790222168,21.35991621017456,21.241416931152344,-0.0055786899436274205,-0.0055477408177177666
144,7,A01,0,128,256,128,4096,0,0,2106,3.1404042840003967,3.830381453037262,60.760950207710266,0.0,2.133815884590149,4.052198648452759,3.2184242606163025,5.255306303501129,-1.9183827638626099,-2.0368820428848267,82.12086641788483,80.083984375,-0.025434324463015665,-0.024803465084255627
144,7,A01,0,256,512,256,8192,0,0,5804,20.59107279777527,24.42145425081253,280.53764176368713,0.0,12.424319565296173,27.940476953983307,15.642743825912476,33.195783257484436,-15.516157388687134,-17.55303943157196,362.65850818157196,345.10546875,-0.05086282606633413,-0.04840101372386304
144,7,A01,0,512,783,271,8672,0,0,7429,60.20129597187042,84.62275022268295,304.47712713479996,0.0,22.290599763393402,69.30288314819336,37.93334358930588,102.4986664056778,-47.01228338479996,-64.56532281637192,667.1356353163719,602.5703125,-0.10714985699925586,-0.09677990411313207
144,7,A01,7,0,128,128,4096,0,0,1522,159.5560646057129,159.5560646057129,8776.676233232021,0.0,243.8585069179535,349.5347401499748,243.8585069179535,349.5347401499748,-105.67623323202133,-105.67623323202133,8776.676233232021,8671.0,-0.012187317867837773,-0.01204057554634278
144,7,A01,7,128,256,128,4092,4,0,2981,463.97186279296875,623.5279273986816,4747.507369995117,0.0,336.70440673828125,718.2117767333984,580.5629136562347,1067.7465168833733,-381.5073699951172,-487.1836032271385,13524.183603227139,13037.0,-0.0373693030012379,-0.03602314324621316
144,7,A01,7,256,512,256,8155,37,0,5309,2030.6797332763672,2654.207660675049,14868.131454467773,0.0,2324.4180603027344,2725.549514770508,2904.980973958969,3793.296031653881,-401.13145446777344,-888.315057694912,28392.315057694912,27504.0,-0.032297667891757996,-0.03128716541394394
144,7,A01,7,512,783,271,8602,70,0,6662,6040.771942138672,8694.97960281372,15520.931427001953,0.0,1893.7430114746094,6494.6744384765625,4798.7239854335785,10287.970470130444,-4600.931427001953,-5489.246484696865,43913.246484696865,38424.0,-0.1428598398057689,-0.12500206484641915
144,7,A11,0,0,128,128,4096,0,0,708,0.6899771690368652,0.6899771690368652,21.35991621017456,0.0,1.0846083760261536,1.2031076550483704,1.0846083760261536,1.2031076550483704,-0.1184992790222168,-0.1184992790222168,21.35991621017456,21.241416931152344,-0.0055786899436274205,-0.0055477408177177666
144,7,A11,0,128,256,128,4096,0,0,2106,3.1404042840003967,3.830381453037262,60.760950207710266,0.0,2.133815884590149,4.052198648452759,3.2184242606163025,5.255306303501129,-1.9183827638626099,-2.0368820428848267,82.12086641788483,80.083984375,-0.025434324463015665,-0.024803465084255627
144,7,A11,0,256,512,256,8192,0,0,5804,20.59107279777527,24.42145425081253,280.53764176368713,0.0,12.424319565296173,27.940476953983307,15.642743825912476,33.195783257484436,-15.516157388687134,-17.55303943157196,362.65850818157196,345.10546875,-0.05086282606633413,-0.04840101372386304
144,7,A11,0,512,783,271,8672,0,0,7429,60.20129597187042,84.62275022268295,304.47712713479996,0.0,22.290599763393402,69.30288314819336,37.93334358930588,102.4986664056778,-47.01228338479996,-64.56532281637192,667.1356353163719,602.5703125,-0.10714985699925586,-0.09677990411313207
144,7,A11,7,0,128,128,4096,0,0,1521,160.33749771118164,160.33749771118164,8791.264713644981,0.0,242.7420670390129,350.0067806839943,242.7420670390129,350.0067806839943,-107.26471364498138,-107.26471364498138,8791.264713644981,8684.0,-0.012351993740785511,-0.01220128356259084
144,7,A11,7,128,256,128,4095,1,0,2976,468.7672119140625,629.1047096252441,4776.5108642578125,0.0,338.21881103515625,718.7296752929688,580.9608780741692,1068.736455976963,-380.5108642578125,-487.7755779027939,13567.775577902794,13080.0,-0.03729171084883745,-0.03595103523802467
144,7,A11,7,256,512,256,8156,36,0,5299,2024.4598693847656,2653.5645790100098,14880.37614440918,0.0,2335.339584350586,2727.7157287597656,2916.300462424755,3796.4521847367287,-392.3761444091797,-880.1517223119736,28448.151722311974,27568.0,-0.03192657147097989,-0.03093880161014706
144,7,A11,7,512,783,271,8600,72,0,6625,6066.135009765625,8719.699588775635,15678.720825195312,0.0,1924.4710083007812,6535.191833496094,4840.771470725536,10331.644018232822,-4610.7208251953125,-5490.872547507286,44126.872547507286,38636.0,-0.1421180388111421,-0.12443375726652225
144,7,fp16_boundary,0,0,128,128,4096,0,0,51,0.02595585584640503,0.02595585584640503,21.35991609096527,0.0,0.141526460647583,0.149574875831604,0.141526460647583,0.149574875831604,-0.008048415184020996,-0.008048415184020996,21.35991609096527,21.35186767578125,-0.0003769419755794974,-0.000376799943864259
144,7,fp16_boundary,0,128,256,128,4096,0,0,497,0.1310122013092041,0.15696805715560913,60.76095008850098,0.0,0.41721683740615845,0.478398859500885,0.5587432980537415,0.627973735332489,-0.06118202209472656,-0.06923043727874756,82.12086617946625,82.0516357421875,-0.0008437423172924288,-0.000843031016349145
144,7,fp16_boundary,0,256,512,256,8192,0,0,3203,2.039560556411743,2.1965286135673523,280.5376520752907,0.0,3.005538761615753,4.261330485343933,3.5642820596694946,4.889304220676422,-1.25579172372818,-1.3250221610069275,362.6585182547569,361.33349609375,-0.0036670338491484418,-0.0036536358428402842
144,7,fp16_boundary,0,512,783,271,8672,0,0,4882,6.851162314414978,9.04769092798233,304.47712421417236,0.0,7.498903274536133,12.037062644958496,11.063185334205627,16.926366865634918,-4.538159370422363,-5.863181531429291,667.1356424689293,661.2724609375,-0.008866513998052987,-0.008788589843185238
144,7,fp16_boundary,7,0,128,128,4096,0,0,837,15.392425537109375,15.392425537109375,8795.587147057056,0.0,41.512895822525024,50.97504287958145,41.512895822525024,50.97504287958145,-9.462147057056427,-9.462147057056427,8795.587147057056,8786.125,-0.0010769420031079033,-0.001075783446727874
144,7,fp16_boundary,7,128,256,128,4090,6,0,1743,48.998382568359375,64.39080810546875,4777.723846435547,0.0,83.10874938964844,104.08259582519531,124.62164521217346,155.05763870477676,-20.973846435546875,-30.435993492603302,13573.310993492603,13542.875,-0.0022473805224225507,-0.002242341128645406
144,7,fp16_boundary,7,256,512,256,8156,36,0,2872,140.05946350097656,204.4502716064453,14885.384323120117,0.0,310.80006408691406,412.30938720703125,435.4217092990875,567.367025911808,-101.50932312011719,-131.9453166127205,28458.69531661272,28326.75,-0.004657975821889927,-0.004636379677451257
144,7,fp16_boundary,7,512,783,271,8603,69,0,3715,292.07958984375,496.5298614501953,15654.459045410156,0.0,520.6300659179688,749.339111328125,956.0517752170563,1316.706137239933,-228.70904541015625,-360.65436202287674,44113.15436202288,43752.5,-0.008243057242966156,-0.008175664770265555
144,7,bf16_pair_boundary,0,0,128,128,4096,0,0,0,0.0,0.0,21.35991609096527,0.0,0.0014870166778564453,0.0015617609024047852,0.0014870166778564453,0.0015617609024047852,-7.474422454833984e-05,-7.474422454833984e-05,21.35991609096527,21.359841346740723,-3.499287440154371e-06,-3.499275195184631e-06
144,7,bf16_pair_boundary,0,128,256,128,4096,0,0,0,0.0,0.0,60.7609498500824,0.0,0.004749298095703125,0.004830121994018555,0.00623631477355957,0.00639188289642334,-8.082389831542969e-05,-0.00015556812286376953,82.12086594104767,82.1207103729248,-1.8943835502312013e-06,-1.8943799615489642e-06
144,7,bf16_pair_boundary,0,256,512,256,8192,0,0,218,0.0031618475914001465,0.0031618475914001465,280.5376562476158,0.0,0.04507267475128174,0.04880291223526001,0.05130898952484131,0.05519479513168335,-0.0037302374839782715,-0.003885805606842041,362.6585221886635,362.65463638305664,-1.071489295048645e-05,-1.0714778142785663e-05
144,7,bf16_pair_boundary,0,512,783,271,8672,0,0,253,0.006799459457397461,0.009961307048797607,304.47712993621826,0.0,0.12840092182159424,0.1289435625076294,0.17970991134643555,0.18413835763931274,-0.0005426406860351562,-0.004428446292877197,667.1356521248817,667.1312236785889,-6.638043814616506e-06,-6.637999751283315e-06
144,7,bf16_pair_boundary,7,0,128,128,4096,0,0,62,0.03497314453125,0.03497314453125,8792.344253122807,0.0,0.5568601489067078,0.5917870998382568,0.5568601489067078,0.5917870998382568,-0.03492695093154907,-0.03492695093154907,8792.344253122807,8792.309326171875,-3.972443374755115e-06,-3.972427594511435e-06
144,7,bf16_pair_boundary,7,128,256,128,4090,6,0,180,0.211944580078125,0.246917724609375,4781.740753173828,0.0,1.177154541015625,1.32220458984375,1.7340146899223328,1.9139916896820068,-0.145050048828125,-0.17997699975967407,13574.085006296635,13573.905029296875,-1.3259043685013673e-05,-1.3258867885105172e-05
144,7,bf16_pair_boundary,7,256,512,256,8156,36,0,428,0.49676513671875,0.743682861328125,14885.008041381836,0.0,4.356536865234375,4.8277130126953125,6.090551555156708,6.741704702377319,-0.4711761474609375,-0.6511531472206116,28459.09304767847,28458.44189453125,-2.2880843218115226e-05,-2.2880319697107455e-05
144,7,bf16_pair_boundary,7,512,783,271,8603,69,0,553,0.8839111328125,1.627593994140625,15661.731964111328,0.0,7.616607666015625,8.43109130859375,13.707159221172333,15.17279601097107,-0.814483642578125,-1.4656367897987366,44120.8250117898,44119.359375,-3.3219811224848196e-05,-3.321870770564908e-05
4697,7,A00,0,0,128,128,4096,0,0,0,0.0,0.0,21.359914779663086,0.0,0.0,0.0,0.0,0.0,0.0,0.0,21.359914779663086,21.359914779663086,0.0,0.0
4697,7,A00,0,128,256,128,4096,0,0,0,0.0,0.0,94.55388259887695,0.0,0.0,0.0,0.0,0.0,0.0,0.0,115.91379737854004,115.91379737854004,0.0,0.0
4697,7,A00,0,256,512,256,8189,3,0,0,0.0,0.0,283.96932554244995,0.0,0.0,0.0,0.0,0.0,0.0,0.0,399.88312292099,399.88312292099,0.0,0.0
4697,7,A00,0,512,783,271,8672,0,0,0,0.0,0.0,337.1285481452942,0.0,0.0,0.0,0.0,0.0,0.0,0.0,737.0116710662842,737.0116710662842,0.0,0.0
4697,7,A00,7,0,128,128,4096,0,0,0,0.0,0.0,8792.345703125,0.0,0.0,0.0,0.0,0.0,0.0,0.0,8792.345703125,8792.345703125,0.0,0.0
4697,7,A00,7,128,256,128,4096,0,0,0,0.0,0.0,4794.489929199219,0.0,0.0,0.0,0.0,0.0,0.0,0.0,13586.835632324219,13586.835632324219,0.0,0.0
4697,7,A00,7,256,512,256,8156,36,0,0,0.0,0.0,14742.69302368164,0.0,0.0,0.0,0.0,0.0,0.0,0.0,28329.52865600586,28329.52865600586,0.0,0.0
4697,7,A00,7,512,783,271,8603,69,0,0,0.0,0.0,17492.028350830078,0.0,0.0,0.0,0.0,0.0,0.0,0.0,45821.55700683594,45821.55700683594,0.0,0.0
4697,7,A10,0,0,128,128,4096,0,0,0,0.0,0.0,21.359914779663086,0.0,0.0,0.0,0.0,0.0,0.0,0.0,21.359914779663086,21.359914779663086,0.0,0.0
4697,7,A10,0,128,256,128,4096,0,0,0,0.0,0.0,94.55388259887695,0.0,0.0,0.0,0.0,0.0,0.0,0.0,115.91379737854004,115.91379737854004,0.0,0.0
4697,7,A10,0,256,512,256,8189,3,0,0,0.0,0.0,283.96932554244995,0.0,0.0,0.0,0.0,0.0,0.0,0.0,399.88312292099,399.88312292099,0.0,0.0
4697,7,A10,0,512,783,271,8672,0,0,0,0.0,0.0,337.1285481452942,0.0,0.0,0.0,0.0,0.0,0.0,0.0,737.0116710662842,737.0116710662842,0.0,0.0
4697,7,A10,7,0,128,128,4096,0,0,0,0.0,0.0,8805.7978515625,0.0,0.0,0.0,0.0,0.0,0.0,0.0,8805.7978515625,8805.7978515625,0.0,0.0
4697,7,A10,7,128,256,128,4096,0,0,0,0.0,0.0,4824.385498046875,0.0,0.0,0.0,0.0,0.0,0.0,0.0,13630.183349609375,13630.183349609375,0.0,0.0
4697,7,A10,7,256,512,256,8157,35,0,0,0.0,0.0,14718.600341796875,0.0,0.0,0.0,0.0,0.0,0.0,0.0,28348.78369140625,28348.78369140625,0.0,0.0
4697,7,A10,7,512,783,271,8602,70,0,0,0.0,0.0,17531.954040527344,0.0,0.0,0.0,0.0,0.0,0.0,0.0,45880.737731933594,45880.737731933594,0.0,0.0
4697,7,A01,0,0,128,128,4096,0,0,708,0.6899771690368652,0.6899771690368652,21.35991621017456,0.0,1.0846083760261536,1.2031076550483704,1.0846083760261536,1.2031076550483704,-0.1184992790222168,-0.1184992790222168,21.35991621017456,21.241416931152344,-0.0055786899436274205,-0.0055477408177177666
4697,7,A01,0,128,256,128,4096,0,0,2065,3.3396319150924683,4.0296090841293335,94.55388367176056,0.0,2.757903575897217,4.45115339756012,3.8425119519233704,5.65426105260849,-1.6932498216629028,-1.8117491006851196,115.91379988193512,114.10205078125,-0.015878321978265778,-0.015630141558041325
4697,7,A01,0,256,512,256,8188,4,0,6150,24.15666627883911,28.186275362968445,283.9693270921707,0.0,13.047730684280396,30.44723355770111,16.890242636203766,36.1014946103096,-17.399502873420715,-19.211251974105835,399.88312697410583,380.671875,-0.050466696480021896,-0.0480421670188396
4697,7,A01,0,512,783,271,8672,0,0,7165,61.55918526649475,89.7454606294632,337.1285662651062,0.0,27.953624963760376,73.16031622886658,44.84386759996414,109.26181083917618,-45.2066912651062,-64.41794323921204,737.011693239212,672.59375,-0.09577541159014938,-0.08740423500757659
4697,7,A01,7,0,128,128,4096,0,0,1522,159.5560646057129,159.5560646057129,8776.676233232021,0.0,243.8585069179535,349.5347401499748,243.8585069179535,349.5347401499748,-105.67623323202133,-105.67623323202133,8776.676233232021,8671.0,-0.012187317867837773,-0.01204057554634278
4697,7,A01,7,128,256,128,4096,0,0,2911,490.385498046875,649.9415626525879,4768.763076782227,0.0,400.23858642578125,714.0016632080078,644.0970933437347,1063.5364033579826,-313.76307678222656,-419.4393100142479,13545.439310014248,13126.0,-0.03195484610804875,-0.030965353017687155
4697,7,A01,7,256,512,256,8159,33,0,5306,2166.961654663086,2816.903217315674,14796.392669677734,0.0,2174.1253814697266,2832.518051147461,2818.2224748134613,3896.0544545054436,-658.3926696777344,-1077.8319796919823,28341.831979691982,27264.0,-0.03953315653212963,-0.03802972159542441
4697,7,A01,7,512,783,271,8615,57,0,6355,5582.775207519531,8399.678424835205,17341.443786621094,0.0,2671.7376403808594,6221.181427001953,5489.960115194321,10117.235881507397,-3549.4437866210938,-4627.275766313076,45683.275766313076,41056.0,-0.1127064440352951,-0.10129036696018276
4697,7,A11,0,0,128,128,4096,0,0,708,0.6899771690368652,0.6899771690368652,21.35991621017456,0.0,1.0846083760261536,1.2031076550483704,1.0846083760261536,1.2031076550483704,-0.1184992790222168,-0.1184992790222168,21.35991621017456,21.241416931152344,-0.0055786899436274205,-0.0055477408177177666
4697,7,A11,0,128,256,128,4096,0,0,2065,3.3396319150924683,4.0296090841293335,94.55388367176056,0.0,2.757903575897217,4.45115339756012,3.8425119519233704,5.65426105260849,-1.6932498216629028,-1.8117491006851196,115.91379988193512,114.10205078125,-0.015878321978265778,-0.015630141558041325
4697,7,A11,0,256,512,256,8188,4,0,6150,24.15666627883911,28.186275362968445,283.9693270921707,0.0,13.047730684280396,30.44723355770111,16.890242636203766,36.1014946103096,-17.399502873420715,-19.211251974105835,399.88312697410583,380.671875,-0.050466696480021896,-0.0480421670188396
4697,7,A11,0,512,783,271,8672,0,0,7165,61.55918526649475,89.7454606294632,337.1285662651062,0.0,27.953624963760376,73.16031622886658,44.84386759996414,109.26181083917618,-45.2066912651062,-64.41794323921204,737.011693239212,672.59375,-0.09577541159014938,-0.08740423500757659
4697,7,A11,7,0,128,128,4096,0,0,1521,160.33749771118164,160.33749771118164,8791.264713644981,0.0,242.7420670390129,350.0067806839943,242.7420670390129,350.0067806839943,-107.26471364498138,-107.26471364498138,8791.264713644981,8684.0,-0.012351993740785511,-0.01220128356259084
4697,7,A11,7,128,256,128,4096,0,0,2905,498.1948699951172,658.5323677062988,4800.090896606445,0.0,406.44940185546875,720.5402984619141,649.1914688944817,1070.5470791459084,-314.0908966064453,-421.3556102514267,13591.355610251427,13170.0,-0.03199359227421615,-0.031001735392282334
4697,7,A11,7,256,512,256,8163,29,0,5318,2187.908187866211,2846.4405555725098,14786.879333496094,0.0,2178.998077392578,2849.877410888672,2828.18954628706,3920.4244900345802,-670.8793334960938,-1092.2349437475204,28378.23494374752,27286.0,-0.040029133758979714,-0.03848847350487416
4697,7,A11,7,512,783,271,8603,69,0,6320,5528.923065185547,8375.363620758057,17416.14178466797,0.0,2689.9268798828125,6164.068664550781,5518.116426169872,10084.493154585361,-3474.1417846679688,-4566.376728415489,45794.37672841549,41228.0,-0.11075911342814324,-0.09971479152334536
4697,7,fp16_boundary,0,0,128,128,4096,0,0,51,0.02595585584640503,0.02595585584640503,21.35991609096527,0.0,0.141526460647583,0.149574875831604,0.141526460647583,0.149574875831604,-0.008048415184020996,-0.008048415184020996,21.35991609096527,21.35186767578125,-0.0003769419755794974,-0.000376799943864259
4697,7,fp16_boundary,0,128,256,128,4096,0,0,539,0.18492132425308228,0.2108771800994873,94.55388313531876,0.0,0.5006406903266907,0.5675853490829468,0.6421671509742737,0.7171602249145508,-0.0669446587562561,-0.0749930739402771,115.91379922628403,115.83880615234375,-0.00064739163352263,-0.000646972788752075
4697,7,fp16_boundary,0,256,512,256,8188,4,0,3720,2.8363229632377625,3.0472001433372498,283.96932196617126,0.0,3.3672702312469482,5.273054599761963,4.009437382221222,5.990214824676514,-1.9057843685150146,-1.9807774424552917,399.8831211924553,397.90234375,-0.004978049196161067,-0.004953390972213567
4697,7,fp16_boundary,0,512,783,271,8672,0,0,4625,6.612858772277832,9.660058915615082,337.1285557746887,0.0,8.13969087600708,12.4127779006958,12.149128258228302,18.402992725372314,-4.273087024688721,-6.2538644671440125,737.011676967144,730.7578125,-0.008558053516730637,-0.008485434712349625
4697,7,fp16_boundary,7,0,128,128,4096,0,0,837,15.392425537109375,15.392425537109375,8795.587147057056,0.0,41.512895822525024,50.97504287958145,41.512895822525024,50.97504287958145,-9.462147057056427,-9.462147057056427,8795.587147057056,8786.125,-0.0010769420031079033,-0.001075783446727874
4697,7,fp16_boundary,7,128,256,128,4096,0,0,1666,47.96156311035156,63.35398864746094,4791.849273681641,0.0,85.22099304199219,108.07026672363281,126.73388886451721,159.04530960321426,-22.849273681640625,-32.31142073869705,13587.436420738697,13555.125,-0.0023837051107014544,-0.002378036572769509
4697,7,fp16_boundary,7,256,512,256,8156,36,0,2948,138.02049255371094,201.37448120117188,14752.932678222656,0.0,332.26573181152344,414.8234100341797,458.99962067604065,573.868719637394,-82.55767822265625,-114.8690989613533,28340.369098961353,28225.5,-0.004069692262718226,-0.004053196998255155
4697,7,fp16_boundary,7,512,783,271,8604,68,0,3374,262.4839172363281,463.8583984375,17489.46661376953,0.0,578.2628173828125,737.7294311523438,1037.2624380588531,1311.5981507897377,-159.46661376953125,-274.33571273088455,45829.835712730885,45555.5,-0.006022010794105751,-0.0059859632587484475
4697,7,bf16_pair_boundary,0,0,128,128,4096,0,0,0,0.0,0.0,21.35991609096527,0.0,0.0014870166778564453,0.0015617609024047852,0.0014870166778564453,0.0015617609024047852,-7.474422454833984e-05,-7.474422454833984e-05,21.35991609096527,21.359841346740723,-3.499287440154371e-06,-3.499275195184631e-06
4697,7,bf16_pair_boundary,0,128,256,128,4096,0,0,3,0.000152587890625,0.000152587890625,94.55388247966766,0.0,0.005925178527832031,0.0061920881271362305,0.0074121952056884766,0.007753849029541016,-0.0002669095993041992,-0.00034165382385253906,115.91379857063293,115.91345691680908,-2.947490592897626e-06,-2.947481905222438e-06
4697,7,bf16_pair_boundary,0,256,512,256,8188,4,0,476,0.008273005485534668,0.008425593376159668,283.96931529045105,0.0,0.05395913124084473,0.06322002410888672,0.0613713264465332,0.07097387313842773,-0.009260892868041992,-0.009602546691894531,399.883113861084,399.8735113143921,-2.4013960465475123e-05,-2.401338380902569e-05
4697,7,bf16_pair_boundary,0,512,783,271,8672,0,0,421,0.015146493911743164,0.023572087287902832,337.1285629272461,0.0,0.1395108699798584,0.14613986015319824,0.2008821964263916,0.21711373329162598,-0.006628990173339844,-0.016231536865234375,737.0116767883301,736.9954452514648,-2.2023931043014968e-05,-2.202344600015893e-05
4697,7,bf16_pair_boundary,7,0,128,128,4096,0,0,62,0.03497314453125,0.03497314453125,8792.344253122807,0.0,0.5568601489067078,0.5917870998382568,0.5568601489067078,0.5917870998382568,-0.03492695093154907,-0.03492695093154907,8792.344253122807,8792.309326171875,-3.972443374755115e-06,-3.972427594511435e-06
4697,7,bf16_pair_boundary,7,128,256,128,4096,0,0,158,0.16693115234375,0.201904296875,4794.4893798828125,0.0,1.2403411865234375,1.2709808349609375,1.7972013354301453,1.8627679347991943,-0.0306396484375,-0.06556659936904907,13586.833633005619,13586.76806640625,-4.825768648481219e-06,-4.825745360550552e-06
4697,7,bf16_pair_boundary,7,256,512,256,8156,36,0,410,0.477752685546875,0.679656982421875,14742.730712890625,0.0,4.2783660888671875,4.9432830810546875,6.075567424297333,6.806051015853882,-0.6649169921875,-0.7304835915565491,28329.564345896244,28328.833862304688,-2.5785868740914023e-05,-2.5785203847032165e-05
4697,7,bf16_pair_boundary,7,512,783,271,8603,69,0,579,1.11138916015625,1.791046142578125,17492.05029296875,0.0,7.9716796875,8.7520751953125,14.047247111797333,15.558126211166382,-0.7803955078125,-1.510879099369049,45821.614638864994,45820.103759765625,-3.297415272760128e-05,-3.297306546870461e-05
3921,2,A00,0,0,128,128,4096,0,0,0,0.0,0.0,25.81757628917694,0.0,0.0,0.0,0.0,0.0,0.0,0.0,25.81757628917694,25.81757628917694,0.0,0.0
3921,2,A00,0,128,256,128,4096,0,0,0,0.0,0.0,85.80471742153168,0.0,0.0,0.0,0.0,0.0,0.0,0.0,111.62229371070862,111.62229371070862,0.0,0.0
3921,2,A00,0,256,512,256,8192,0,0,0,0.0,0.0,247.37120139598846,0.0,0.0,0.0,0.0,0.0,0.0,0.0,358.9934951066971,358.9934951066971,0.0,0.0
3921,2,A00,0,512,783,271,8672,0,0,0,0.0,0.0,362.34778249263763,0.0,0.0,0.0,0.0,0.0,0.0,0.0,721.3412775993347,721.3412775993347,0.0,0.0
3921,2,A00,7,0,128,128,4096,0,0,0,0.0,0.0,8866.943969726562,0.0,0.0,0.0,0.0,0.0,0.0,0.0,8866.943969726562,8866.943969726562,0.0,0.0
3921,2,A00,7,128,256,128,4078,18,0,0,0.0,0.0,7625.408142089844,0.0,0.0,0.0,0.0,0.0,0.0,0.0,16492.352111816406,16492.352111816406,0.0,0.0
3921,2,A00,7,256,512,256,8140,52,0,0,0.0,0.0,15130.301025390625,0.0,0.0,0.0,0.0,0.0,0.0,0.0,31622.65313720703,31622.65313720703,0.0,0.0
3921,2,A00,7,512,783,271,8516,156,0,0,0.0,0.0,18826.62969970703,0.0,0.0,0.0,0.0,0.0,0.0,0.0,50449.28283691406,50449.28283691406,0.0,0.0
3921,2,A10,0,0,128,128,4096,0,0,0,0.0,0.0,25.81757628917694,0.0,0.0,0.0,0.0,0.0,0.0,0.0,25.81757628917694,25.81757628917694,0.0,0.0
3921,2,A10,0,128,256,128,4096,0,0,0,0.0,0.0,85.80471742153168,0.0,0.0,0.0,0.0,0.0,0.0,0.0,111.62229371070862,111.62229371070862,0.0,0.0
3921,2,A10,0,256,512,256,8192,0,0,0,0.0,0.0,247.37120139598846,0.0,0.0,0.0,0.0,0.0,0.0,0.0,358.9934951066971,358.9934951066971,0.0,0.0
3921,2,A10,0,512,783,271,8672,0,0,0,0.0,0.0,362.34778249263763,0.0,0.0,0.0,0.0,0.0,0.0,0.0,721.3412775993347,721.3412775993347,0.0,0.0
3921,2,A10,7,0,128,128,4096,0,0,0,0.0,0.0,8880.448791503906,0.0,0.0,0.0,0.0,0.0,0.0,0.0,8880.448791503906,8880.448791503906,0.0,0.0
3921,2,A10,7,128,256,128,4078,18,0,0,0.0,0.0,7644.021469116211,0.0,0.0,0.0,0.0,0.0,0.0,0.0,16524.470260620117,16524.470260620117,0.0,0.0
3921,2,A10,7,256,512,256,8141,51,0,0,0.0,0.0,15130.102401733398,0.0,0.0,0.0,0.0,0.0,0.0,0.0,31654.572662353516,31654.572662353516,0.0,0.0
3921,2,A10,7,512,783,271,8515,157,0,0,0.0,0.0,18762.406829833984,0.0,0.0,0.0,0.0,0.0,0.0,0.0,50416.9794921875,50416.9794921875,0.0,0.0
3921,2,A01,0,0,128,128,4096,0,0,691,0.6956823468208313,0.6956823468208313,25.817577958106995,0.0,1.0775585174560547,1.2253977060317993,1.0775585174560547,1.2253977060317993,-0.14783918857574463,-0.14783918857574463,25.817577958106995,25.66973876953125,-0.005759279044601056,-0.005726299686811696
3921,2,A01,0,128,256,128,4096,0,0,2495,3.8412871956825256,4.536969542503357,85.80471920967102,0.0,2.8324906826019287,5.250308036804199,3.9100492000579834,6.4757057428359985,-2.4178173542022705,-2.565656542778015,111.62229716777802,109.056640625,-0.023525908446054476,-0.022985161637747074
3921,2,A01,0,256,512,256,8192,0,0,6177,22.62913155555725,27.166101098060608,247.37120282649994,0.0,12.228591978549957,28.457216680049896,16.13864117860794,34.932922422885895,-16.22862470149994,-18.794281244277954,358.99349999427795,340.19921875,-0.05524492770246244,-0.0523527062316658
3921,2,A01,0,512,783,271,8672,0,0,7077,63.59848892688751,90.76459002494812,362.34784042835236,0.0,26.72274559736252,75.00417977571487,42.86138677597046,109.93710219860077,-48.281434178352356,-67.07571542263031,721.3413404226303,654.265625,-0.10252061679479234,-0.09298748271287346
3921,2,A01,7,0,128,128,4096,0,0,1499,158.84700393676758,158.84700393676758,8851.271509110928,0.0,250.47632002830505,352.74782913923264,250.47632002830505,352.74782913923264,-102.27150911092758,-102.27150911092758,8851.271509110928,8749.0,-0.011689508413638996,-0.011554442658962149
3921,2,A01,7,128,256,128,4078,18,0,2244,465.9474792480469,624.7944831848145,7605.903945922852,0.0,611.0240783691406,901.9280242919922,861.5003983974457,1254.6758534312248,-290.90394592285156,-393.17545503377914,16457.17545503378,16064.0,-0.02447556368487171,-0.023890822341176295
3921,2,A01,7,256,512,256,8142,50,0,5458,2781.130584716797,3405.9250679016113,15079.507247924805,0.0,2497.6976013183594,3331.204849243164,3359.197999715805,4585.880702674389,-833.5072479248047,-1226.6827029585838,31536.682702958584,30310.0,-0.04047122081684539,-0.03889701128405315
3921,2,A01,7,512,783,271,8515,157,0,5991,5243.097839355469,8649.02290725708,18606.90313720703,0.0,3478.618865966797,5847.522003173828,6837.816865682602,10433.402705848217,-2368.9031372070312,-3595.585840165615,50143.585840165615,46548.0,-0.07724469021581196,-0.07170579805813385
3921,2,A11,0,0,128,128,4096,0,0,691,0.6956823468208313,0.6956823468208313,25.817577958106995,0.0,1.0775585174560547,1.2253977060317993,1.0775585174560547,1.2253977060317993,-0.14783918857574463,-0.14783918857574463,25.817577958106995,25.66973876953125,-0.005759279044601056,-0.005726299686811696
3921,2,A11,0,128,256,128,4096,0,0,2495,3.8412871956825256,4.536969542503357,85.80471920967102,0.0,2.8324906826019287,5.250308036804199,3.9100492000579834,6.4757057428359985,-2.4178173542022705,-2.565656542778015,111.62229716777802,109.056640625,-0.023525908446054476,-0.022985161637747074
3921,2,A11,0,256,512,256,8192,0,0,6177,22.62913155555725,27.166101098060608,247.37120282649994,0.0,12.228591978549957,28.457216680049896,16.13864117860794,34.932922422885895,-16.22862470149994,-18.794281244277954,358.99349999427795,340.19921875,-0.05524492770246244,-0.0523527062316658
3921,2,A11,0,512,783,271,8672,0,0,7077,63.59848892688751,90.76459002494812,362.34784042835236,0.0,26.72274559736252,75.00417977571487,42.86138677597046,109.93710219860077,-48.281434178352356,-67.07571542263031,721.3413404226303,654.265625,-0.10252061679479234,-0.09298748271287346
3921,2,A11,7,0,128,128,4096,0,0,1498,159.5400733947754,159.5400733947754,8865.94736135006,0.0,248.2793442606926,354.2267056107521,248.2793442606926,354.2267056107521,-105.94736135005951,-105.94736135005951,8865.94736135006,8760.0,-0.012094447642700857,-0.01194991996139332
3921,2,A11,7,128,256,128,4078,18,0,2238,463.4549865722656,622.995059967041,7623.045883178711,0.0,614.7235107421875,902.7693939208984,863.0028550028801,1256.9960995316505,-288.04588317871094,-393.99324452877045,16488.99324452877,16095.0,-0.024479232341023328,-0.02389431778434998
3921,2,A11,7,256,512,256,8146,46,0,5465,2796.7996673583984,3419.7947273254395,15092.97720336914,0.0,2491.175827026367,3349.153030395508,3354.1786820292473,4606.149129927158,-857.9772033691406,-1251.970447897911,31581.97044789791,30330.0,-0.04127828710510752,-0.03964193589387777
3921,2,A11,7,512,783,271,8519,153,0,6004,5290.840789794922,8710.635517120361,18546.671478271484,0.0,3424.2547302246094,5912.926208496094,6778.433412253857,10519.075338423252,-2488.6714782714844,-3740.6419261693954,50128.641926169395,46388.0,-0.08063813758233584,-0.07462085112297073
3921,2,fp16_boundary,0,0,128,128,4096,0,0,49,0.024402320384979248,0.024402320384979248,25.817577838897705,0.0,0.14311397075653076,0.14658963680267334,0.14311397075653076,0.14658963680267334,-0.003475666046142578,-0.003475666046142578,25.817577838897705,25.814102172851562,-0.00013464214338617989,-0.00013462401731993668
3921,2,fp16_boundary,0,128,256,128,4096,0,0,1023,0.31855708360671997,0.3429594039916992,85.80471861362457,0.0,0.5388137698173523,0.7801931500434875,0.6819277405738831,0.9267827868461609,-0.24137938022613525,-0.24485504627227783,111.62229645252228,111.37744140625,-0.0021984258498017324,-0.0021936033754369594
3921,2,fp16_boundary,0,256,512,256,8192,0,0,3657,2.398037552833557,2.7409969568252563,247.37120246887207,0.0,3.012062728404999,4.665003478527069,3.693990468978882,5.59178626537323,-1.6529407501220703,-1.8977957963943481,358.99349892139435,357.095703125,-0.005314529913931874,-0.0052864349970022486
3921,2,fp16_boundary,0,512,783,271,8672,0,0,4651,7.268520772457123,10.00951772928238,362.34781634807587,0.0,8.517281770706177,12.956894993782043,12.211272239685059,18.548681259155273,-4.439613223075867,-6.337409019470215,721.3413152694702,715.00390625,-0.008863460694513114,-0.008785589963196215
3921,2,fp16_boundary,7,0,128,128,4096,0,0,816,15.128311157226562,15.128311157226562,8870.190632164478,0.0,42.11053681373596,50.676168978214264,42.11053681373596,50.676168978214264,-8.565632164478302,-8.565632164478302,8870.190632164478,8861.625,-0.0009665983569016181,-0.0009656649467507714
3921,2,fp16_boundary,7,128,256,128,4078,18,0,1201,38.81913757324219,53.94744873046875,7621.30598449707,0.0,100.79537963867188,133.6013641357422,142.90591645240784,184.27753311395645,-32.80598449707031,-41.371616661548615,16491.49661666155,16450.125,-0.002514972783583627,-0.0025086635629995154
3921,2,fp16_boundary,7,256,512,256,8140,52,0,2959,156.1720733642578,210.11952209472656,15127.016174316406,0.0,381.5312805175781,470.6724548339844,524.437196969986,654.9499879479408,-89.14117431640625,-130.51279097795486,31618.512790977955,31488.0,-0.004144842193151514,-0.00412773338963607
3921,2,fp16_boundary,7,512,783,271,8525,147,0,3234,259.7055969238281,469.8251190185547,18799.197662353516,0.0,572.7113037109375,729.9089660644531,1097.1485006809235,1384.858954012394,-157.19766235351562,-287.7104533314705,50417.71045333147,50130.0,-0.0057392869206357566,-0.005706535476214972
3921,2,bf16_pair_boundary,0,0,128,128,4096,0,0,0,0.0,0.0,25.817577838897705,0.0,0.0014944076538085938,0.001591503620147705,0.0014944076538085938,0.001591503620147705,-9.709596633911133e-05,-9.709596633911133e-05,25.817577838897705,25.817480742931366,-3.7608613832585306e-06,-3.76084723923338e-06
3921,2,bf16_pair_boundary,0,128,256,128,4096,0,0,10,0.00010466575622558594,0.00010466575622558594,85.80471807718277,0.0,0.00848698616027832,0.008328437805175781,0.009981393814086914,0.009919941425323486,0.00015854835510253906,6.145238876342773e-05,111.62229591608047,111.62235736846924,5.505383528191515e-07,5.505386559117963e-07
3921,2,bf16_pair_boundary,0,256,512,256,8192,0,0,254,0.0036339759826660156,0.0037386417388916016,247.37121057510376,0.0,0.05311626195907593,0.05261749029159546,0.06309765577316284,0.06253743171691895,0.0004987716674804688,0.0005602240562438965,358.99350649118423,358.9940667152405,1.5605384829055536e-06,1.5605409181897105e-06
3921,2,bf16_pair_boundary,0,512,783,271,8672,0,0,325,0.009804725646972656,0.013543367385864258,362.34781765937805,0.0,0.1448696255683899,0.14782005548477173,0.20796728134155273,0.21035748720169067,-0.002950429916381836,-0.0023902058601379395,721.3413241505623,721.3389339447021,-3.3135683486081907e-06,-3.313557368909372e-06
3921,2,bf16_pair_boundary,7,0,128,128,4096,0,0,62,0.03497314453125,0.03497314453125,8866.9423366189,0.0,0.5625059008598328,0.5959374904632568,0.5625059008598328,0.5959374904632568,-0.03343158960342407,-0.03343158960342407,8866.9423366189,8866.908905029297,-3.770377023323396e-06,-3.7703628076340963e-06
3921,2,bf16_pair_boundary,7,128,256,128,4078,18,0,150,0.0996246337890625,0.1345977783203125,7625.407958984375,0.0,1.3938140869140625,1.4410858154296875,1.9563199877738953,2.0370233058929443,-0.047271728515625,-0.08070331811904907,16492.350295603275,16492.269592285156,-4.893402795016213e-06,-4.893378849742472e-06
3921,2,bf16_pair_boundary,7,256,512,256,8140,52,0,438,0.661865234375,0.7964630126953125,15130.300689697266,0.0,5.3640594482421875,5.6725006103515625,7.320379436016083,7.709523916244507,-0.308441162109375,-0.3891444802284241,31622.65098530054,31622.261840820312,-1.2306029283651308e-05,-1.230587784715816e-05
3921,2,bf16_pair_boundary,7,512,783,271,8516,156,0,621,1.49700927734375,2.2934722900390625,18826.633850097656,0.0,8.053924560546875,9.642486572265625,15.374303996562958,17.352010488510132,-1.58856201171875,-1.977706491947174,50449.2848353982,50447.30712890625,-3.9203410538715366e-05,-3.9201873691567146e-05
6374,1,A00,0,0,128,128,4096,0,0,0,0.0,0.0,26.38932913541794,0.0,0.0,0.0,0.0,0.0,0.0,0.0,26.38932913541794,26.38932913541794,0.0,0.0
6374,1,A00,0,128,256,128,4096,0,0,0,0.0,0.0,44.65721696615219,0.0,0.0,0.0,0.0,0.0,0.0,0.0,71.04654610157013,71.04654610157013,0.0,0.0
6374,1,A00,0,256,512,256,8192,0,0,0,0.0,0.0,159.97804576158524,0.0,0.0,0.0,0.0,0.0,0.0,0.0,231.02459186315536,231.02459186315536,0.0,0.0
6374,1,A00,0,512,783,271,8672,0,0,0,0.0,0.0,249.31143230199814,0.0,0.0,0.0,0.0,0.0,0.0,0.0,480.3360241651535,480.3360241651535,0.0,0.0
6374,1,A00,7,0,128,128,4096,0,0,0,0.0,0.0,8831.37417602539,0.0,0.0,0.0,0.0,0.0,0.0,0.0,8831.37417602539,8831.37417602539,0.0,0.0
6374,1,A00,7,128,256,128,4096,0,0,0,0.0,0.0,5206.571014404297,0.0,0.0,0.0,0.0,0.0,0.0,0.0,14037.945190429688,14037.945190429688,0.0,0.0
6374,1,A00,7,256,512,256,8192,0,0,0,0.0,0.0,11880.459106445312,0.0,0.0,0.0,0.0,0.0,0.0,0.0,25918.404296875,25918.404296875,0.0,0.0
6374,1,A00,7,512,783,271,8670,2,0,0,0.0,0.0,14079.242584228516,0.0,0.0,0.0,0.0,0.0,0.0,0.0,39997.646881103516,39997.646881103516,0.0,0.0
6374,1,A10,0,0,128,128,4096,0,0,0,0.0,0.0,26.38932913541794,0.0,0.0,0.0,0.0,0.0,0.0,0.0,26.38932913541794,26.38932913541794,0.0,0.0
6374,1,A10,0,128,256,128,4096,0,0,0,0.0,0.0,44.65721696615219,0.0,0.0,0.0,0.0,0.0,0.0,0.0,71.04654610157013,71.04654610157013,0.0,0.0
6374,1,A10,0,256,512,256,8192,0,0,0,0.0,0.0,159.97804576158524,0.0,0.0,0.0,0.0,0.0,0.0,0.0,231.02459186315536,231.02459186315536,0.0,0.0
6374,1,A10,0,512,783,271,8672,0,0,0,0.0,0.0,249.31143230199814,0.0,0.0,0.0,0.0,0.0,0.0,0.0,480.3360241651535,480.3360241651535,0.0,0.0
6374,1,A10,7,0,128,128,4096,0,0,0,0.0,0.0,8844.987869262695,0.0,0.0,0.0,0.0,0.0,0.0,0.0,8844.987869262695,8844.987869262695,0.0,0.0
6374,1,A10,7,128,256,128,4096,0,0,0,0.0,0.0,5232.365509033203,0.0,0.0,0.0,0.0,0.0,0.0,0.0,14077.353378295898,14077.353378295898,0.0,0.0
6374,1,A10,7,256,512,256,8192,0,0,0,0.0,0.0,11951.969253540039,0.0,0.0,0.0,0.0,0.0,0.0,0.0,26029.322631835938,26029.322631835938,0.0,0.0
6374,1,A10,7,512,783,271,8669,3,0,0,0.0,0.0,14261.736358642578,0.0,0.0,0.0,0.0,0.0,0.0,0.0,40291.058990478516,40291.058990478516,0.0,0.0
6374,1,A01,0,0,128,128,4096,0,0,688,0.6867474913597107,0.6867474913597107,26.389330804347992,0.0,1.086413025856018,1.21707683801651,1.086413025856018,1.21707683801651,-0.13066381216049194,-0.13066381216049194,26.389330804347992,26.2586669921875,-0.00497602609452213,-0.0049513878593300045
6374,1,A01,0,128,256,128,4096,0,0,2863,3.739766478538513,4.426513969898224,44.657215893268585,0.0,1.8754176497459412,4.524698972702026,2.9618306756019592,5.741775810718536,-2.649281322956085,-2.779945135116577,71.04654669761658,68.2666015625,-0.040721891400606176,-0.0391285046822668
6374,1,A01,0,256,512,256,8192,0,0,6335,17.14025390148163,21.566767871379852,159.9780467748642,0.0,7.888680577278137,20.875516414642334,10.850511252880096,26.61729222536087,-12.986835837364197,-15.766780972480774,231.02459347248077,215.2578125,-0.07324603362528723,-0.0682471971295077
6374,1,A01,0,512,783,271,8672,0,0,7502,52.31724941730499,73.88401728868484,249.3114154934883,0.0,17.950514912605286,58.5978679060936,28.801026165485382,85.21516013145447,-40.64735299348831,-56.414133965969086,480.3360089659691,423.921875,-0.13307672307773474,-0.11744723050727168
6374,1,A01,7,0,128,128,4096,0,0,1506,158.79489517211914,158.79489517211914,8815.96418184042,0.0,243.95698714256287,354.92116898298264,243.95698714256287,354.92116898298264,-110.96418184041977,-110.96418184041977,8815.96418184042,8705.0,-0.012747177695625476,-0.012586732381353084
6374,1,A01,7,128,256,128,4096,0,0,2620,563.8897857666016,722.6846809387207,5188.832077026367,0.0,449.643310546875,848.4753875732422,693.6002976894379,1203.3965565562248,-398.8320770263672,-509.79625886678696,14004.796258866787,13495.0,-0.03777667720391159,-0.0364015476872091
6374,1,A01,7,256,512,256,8192,0,0,6126,3081.3873748779297,3804.0720558166504,11751.599502563477,0.0,1555.004898071289,3469.6044006347656,2248.605195760727,4673.00095719099,-1914.5995025634766,-2424.3957614302635,25756.395761430264,23332.0,-0.10390861312490414,-0.0941279123013303
6374,1,A01,7,512,783,271,8670,2,0,6519,4022.052459716797,7826.124515533447,13569.746307373047,0.0,1782.3448181152344,4426.091125488281,4030.9500138759613,9099.092082679272,-2643.746307373047,-5068.14206880331,39326.14206880331,34258.0,-0.14794039549312016,-0.12887463153482762
6374,1,A11,0,0,128,128,4096,0,0,688,0.6867474913597107,0.6867474913597107,26.389330804347992,0.0,1.086413025856018,1.21707683801651,1.086413025856018,1.21707683801651,-0.13066381216049194,-0.13066381216049194,26.389330804347992,26.2586669921875,-0.00497602609452213,-0.0049513878593300045
6374,1,A11,0,128,256,128,4096,0,0,2863,3.739766478538513,4.426513969898224,44.657215893268585,0.0,1.8754176497459412,4.524698972702026,2.9618306756019592,5.741775810718536,-2.649281322956085,-2.779945135116577,71.04654669761658,68.2666015625,-0.040721891400606176,-0.0391285046822668
6374,1,A11,0,256,512,256,8192,0,0,6335,17.14025390148163,21.566767871379852,159.9780467748642,0.0,7.888680577278137,20.875516414642334,10.850511252880096,26.61729222536087,-12.986835837364197,-15.766780972480774,231.02459347248077,215.2578125,-0.07324603362528723,-0.0682471971295077
6374,1,A11,0,512,783,271,8672,0,0,7502,52.31724941730499,73.88401728868484,249.3114154934883,0.0,17.950514912605286,58.5978679060936,28.801026165485382,85.21516013145447,-40.64735299348831,-56.414133965969086,480.3360089659691,423.921875,-0.13307672307773474,-0.11744723050727168
6374,1,A11,7,0,128,128,4096,0,0,1505,159.5639991760254,159.5639991760254,8830.715671896935,0.0,242.85260170698166,355.56827360391617,242.85260170698166,355.56827360391617,-112.71567189693451,-112.71567189693451,8830.715671896935,8718.0,-0.012929074546562802,-0.012764047228430575
6374,1,A11,7,128,256,128,4096,0,0,2616,572.3100891113281,731.8740882873535,5215.626159667969,0.0,450.34112548828125,856.96728515625,693.1937271952629,1212.5355587601662,-406.62615966796875,-519.3418315649033,14046.341831564903,13527.0,-0.03839297934241911,-0.03697345812828217
6374,1,A11,7,256,512,256,8192,0,0,6101,3082.600341796875,3814.4744300842285,11856.954071044922,0.0,1566.4027404785156,3472.3568115234375,2259.5964676737785,4684.892370283604,-1905.9540710449219,-2425.295902609825,25903.295902609825,23478.0,-0.10330078808287865,-0.09362885370758824
6374,1,A11,7,512,783,271,8670,2,0,6488,4061.3477172851562,7875.822147369385,13751.062744140625,0.0,1895.7830505371094,4444.845794677734,4155.379518210888,9129.738164961338,-2549.062744140625,-4974.35864675045,39654.35864675045,34680.0,-0.14343594713813293,-0.12544292270776855
6374,1,fp16_boundary,0,0,128,128,4096,0,0,49,0.024402320384979248,0.024402320384979248,26.389330685138702,0.0,0.14239054918289185,0.14808475971221924,0.14239054918289185,0.14808475971221924,-0.005694210529327393,-0.005694210529327393,26.389330685138702,26.383636474609375,-0.0002158235668084378,-0.00021577699704729983
6374,1,fp16_boundary,0,128,256,128,4096,0,0,1022,0.30388563871383667,0.3282879590988159,44.65721595287323,0.0,0.4680566191673279,0.6369608044624329,0.6104471683502197,0.7850455641746521,-0.16890418529510498,-0.17459839582443237,71.04654663801193,70.8719482421875,-0.0024635755070226825,-0.0024575212179421715
6374,1,fp16_boundary,0,256,512,256,8192,0,0,3497,1.7584959864616394,2.0867839455604553,159.97804313898087,0.0,2.2758875489234924,3.395288109779358,2.886334717273712,4.18033367395401,-1.1194005608558655,-1.2939989566802979,231.0245897769928,229.7305908203125,-0.005632680227999849,-0.0056011308490121784
6374,1,fp16_boundary,0,512,783,271,8672,0,0,4603,5.112277686595917,7.199061632156372,249.31143349409103,0.0,6.236388981342316,9.49716329574585,9.122723698616028,13.67749696969986,-3.260774314403534,-4.554773271083832,480.33602327108383,475.78125,-0.009573250881752553,-0.009482472790747336
6374,1,fp16_boundary,7,0,128,128,4096,0,0,815,14.954803466796875,14.954803466796875,8834.59228926897,0.0,41.679216623306274,51.021505892276764,41.679216623306274,51.021505892276764,-9.34228926897049,-9.34228926897049,8834.59228926897,8825.25,-0.0010585863594765575,-0.0010574669393989124
6374,1,fp16_boundary,7,128,256,128,4096,0,0,1017,33.75950622558594,48.71430969238281,5208.529937744141,0.0,105.40248107910156,113.93241882324219,147.08169770240784,164.95392471551895,-8.529937744140625,-17.872227013111115,14043.122227013111,14025.25,-0.0012742893718907767,-0.0012726676250622104
6374,1,fp16_boundary,7,256,512,256,8192,0,0,2689,162.70187377929688,211.4161834716797,11879.959518432617,0.0,349.53125,413.2407684326172,496.61294770240784,578.1946931481361,-63.70951843261719,-81.5817454457283,25923.08174544573,25841.5,-0.0031570050285675486,-0.0031470697136562827
6374,1,fp16_boundary,7,512,783,271,8670,2,0,3497,301.0050354003906,512.4212188720703,14041.601196289062,0.0,428.9043273925781,753.0055236816406,925.517275094986,1331.2002168297768,-324.1011962890625,-405.6829417347908,39964.68294173479,39559.0,-0.010255136422427029,-0.010151036161759197
6374,1,bf16_pair_boundary,0,0,128,128,4096,0,0,0,0.0,0.0,26.389330685138702,0.0,0.0014874935150146484,0.0015547871589660645,0.0014874935150146484,0.0015547871589660645,-6.729364395141602e-05,-6.729364395141602e-05,26.389330685138702,26.38926339149475,-2.5500387393573375e-06,-2.5500322366763475e-06
6374,1,bf16_pair_boundary,0,128,256,128,4096,0,0,1,1.6093254089355469e-06,1.6093254089355469e-06,44.657216012477875,0.0,0.0059896111488342285,0.0062389373779296875,0.007477104663848877,0.007793724536895752,-0.000249326229095459,-0.000316619873046875,71.04654669761658,71.04623007774353,-4.456533058832374e-06,-4.456513198233979e-06
6374,1,bf16_pair_boundary,0,256,512,256,8192,0,0,31,0.00010097026824951172,0.00010257959365844727,159.97804242372513,0.0,0.03298705816268921,0.034422874450683594,0.040464162826538086,0.042216598987579346,-0.0014358162879943848,-0.0017524361610412598,231.0245891213417,231.02283668518066,-7.585553818773937e-06,-7.585496278583673e-06
6374,1,bf16_pair_boundary,0,512,783,271,8672,0,0,116,0.0018635392189025879,0.001966118812561035,249.31143587827682,0.0,0.09349936246871948,0.08665502071380615,0.13396352529525757,0.1288716197013855,0.00684434175491333,0.00509190559387207,480.33602499961853,480.3411169052124,1.0600603226887355e-05,1.0600715600867359e-05
6374,1,bf16_pair_boundary,7,0,128,128,4096,0,0,62,0.03497314453125,0.03497314453125,8831.372573435307,0.0,0.5623380541801453,0.5932214260101318,0.5623380541801453,0.5932214260101318,-0.030883371829986572,-0.030883371829986572,8831.372573435307,8831.341690063477,-3.497019242810499e-06,-3.49700701370968e-06
6374,1,bf16_pair_boundary,7,128,256,128,4096,0,0,50,0.082763671875,0.11773681640625,5206.566223144531,0.0,1.359375,1.3334503173828125,1.9217130541801453,1.9266717433929443,0.0259246826171875,-0.004958689212799072,14037.938796579838,14037.933837890625,-3.532349753219935e-07,-3.5323485054708975e-07
6374,1,bf16_pair_boundary,7,256,512,256,8192,0,0,255,0.6524658203125,0.77020263671875,11880.497482299805,0.0,4.4645233154296875,4.799896240234375,6.386236369609833,6.726567983627319,-0.3353729248046875,-0.3403316140174866,25918.436278879642,25918.095947265625,-1.3131042292224856e-05,-1.3130869870217257e-05
6374,1,bf16_pair_boundary,7,512,783,271,8670,2,0,410,1.25921630859375,2.0294189453125,14079.242218017578,0.0,7.124298095703125,8.03765869140625,13.510534465312958,14.76422667503357,-0.913360595703125,-1.2536922097206116,39997.67849689722,39996.4248046875,-3.1345106864993626e-05,-3.1344124380065346e-05
3337,2,A00,0,0,128,128,4096,0,0,0,0.0,0.0,51.730773627758026,0.0,0.0,0.0,0.0,0.0,0.0,0.0,51.730773627758026,51.730773627758026,0.0,0.0
3337,2,A00,0,128,256,128,4096,0,0,0,0.0,0.0,104.33216780424118,0.0,0.0,0.0,0.0,0.0,0.0,0.0,156.0629414319992,156.0629414319992,0.0,0.0
3337,2,A00,0,256,512,256,8192,0,0,0,0.0,0.0,279.92892438173294,0.0,0.0,0.0,0.0,0.0,0.0,0.0,435.99186581373215,435.99186581373215,0.0,0.0
3337,2,A00,0,512,783,271,8672,0,0,0,0.0,0.0,277.3238132596016,0.0,0.0,0.0,0.0,0.0,0.0,0.0,713.3156790733337,713.3156790733337,0.0,0.0
3337,2,A00,7,0,128,128,4096,0,0,0,0.0,0.0,9147.974975585938,0.0,0.0,0.0,0.0,0.0,0.0,0.0,9147.974975585938,9147.974975585938,0.0,0.0
3337,2,A00,7,128,256,128,4090,6,0,0,0.0,0.0,7625.054504394531,0.0,0.0,0.0,0.0,0.0,0.0,0.0,16773.02947998047,16773.02947998047,0.0,0.0
3337,2,A00,7,256,512,256,8138,54,0,0,0.0,0.0,14329.253875732422,0.0,0.0,0.0,0.0,0.0,0.0,0.0,31102.28335571289,31102.28335571289,0.0,0.0
3337,2,A00,7,512,783,271,8513,159,0,0,0.0,0.0,18376.907196044922,0.0,0.0,0.0,0.0,0.0,0.0,0.0,49479.19055175781,49479.19055175781,0.0,0.0
3337,2,A10,0,0,128,128,4096,0,0,0,0.0,0.0,51.730773627758026,0.0,0.0,0.0,0.0,0.0,0.0,0.0,51.730773627758026,51.730773627758026,0.0,0.0
3337,2,A10,0,128,256,128,4096,0,0,0,0.0,0.0,104.33216780424118,0.0,0.0,0.0,0.0,0.0,0.0,0.0,156.0629414319992,156.0629414319992,0.0,0.0
3337,2,A10,0,256,512,256,8192,0,0,0,0.0,0.0,279.92892438173294,0.0,0.0,0.0,0.0,0.0,0.0,0.0,435.99186581373215,435.99186581373215,0.0,0.0
3337,2,A10,0,512,783,271,8672,0,0,0,0.0,0.0,277.3238132596016,0.0,0.0,0.0,0.0,0.0,0.0,0.0,713.3156790733337,713.3156790733337,0.0,0.0
3337,2,A10,7,0,128,128,4096,0,0,0,0.0,0.0,9162.172912597656,0.0,0.0,0.0,0.0,0.0,0.0,0.0,9162.172912597656,9162.172912597656,0.0,0.0
3337,2,A10,7,128,256,128,4090,6,0,0,0.0,0.0,7632.236831665039,0.0,0.0,0.0,0.0,0.0,0.0,0.0,16794.409744262695,16794.409744262695,0.0,0.0
3337,2,A10,7,256,512,256,8138,54,0,0,0.0,0.0,14323.554946899414,0.0,0.0,0.0,0.0,0.0,0.0,0.0,31117.96469116211,31117.96469116211,0.0,0.0
3337,2,A10,7,512,783,271,8514,158,0,0,0.0,0.0,18361.273345947266,0.0,0.0,0.0,0.0,0.0,0.0,0.0,49479.238037109375,49479.238037109375,0.0,0.0
3337,2,A01,0,0,128,128,4096,0,0,625,0.6357043385505676,0.6357043385505676,51.730774223804474,0.0,1.252632200717926,1.3387531042099,1.252632200717926,1.3387531042099,-0.08612090349197388,-0.08612090349197388,51.730774223804474,51.6446533203125,-0.0016675666880331527,-0.0016647905387881167
3337,2,A01,0,128,256,128,4096,0,0,2803,4.7077226638793945,5.343427002429962,104.33217012882233,0.0,3.341132879257202,6.189050078392029,4.593765079975128,7.527803182601929,-2.8479171991348267,-2.9340381026268005,156.0629443526268,153.12890625,-0.019160576369798243,-0.018800350812280542
3337,2,A01,0,256,512,256,8192,0,0,6044,26.359390437602997,31.70281744003296,279.928919672966,0.0,15.417684853076935,33.69426077604294,20.011449933052063,41.22206395864487,-18.276575922966003,-21.210614025592804,435.9918640255928,414.78125,-0.051136867989073284,-0.048649105122630765
3337,2,A01,0,512,783,271,8672,0,0,7461,63.91490536928177,95.61772280931473,277.3238478899002,0.0,22.593693614006042,73.32379150390625,42.605143547058105,114.54585546255112,-50.73009788990021,-71.94071191549301,713.315711915493,641.375,-0.11216637991111754,-0.10085395668953928
3337,2,A01,7,0,128,128,4096,0,0,1410,149.29912185668945,149.29912185668945,9133.590738236904,0.0,266.72990584373474,360.3206440806389,266.72990584373474,360.3206440806389,-93.59073823690414,-93.59073823690414,9133.590738236904,9040.0,-0.010352957769569043,-0.010246872333034967
3337,2,A01,7,128,256,128,4091,5,0,2249,448.37559509277344,597.6747169494629,7625.351425170898,0.0,713.6138458251953,851.9652709960938,980.34375166893,1212.2859150767326,-138.35142517089844,-231.94216340780258,16758.942163407803,16527.0,-0.014034135863000096,-0.013839904759277415
3337,2,A01,7,256,512,256,8138,54,0,5735,3104.722213745117,3702.39693069458,14315.887451171875,0.0,2375.1765747070312,3596.0640258789062,3355.5203263759613,4808.349940955639,-1220.887451171875,-1452.8296145796776,31074.829614579678,29622.0,-0.04904562874146504,-0.04675261723391846
3337,2,A01,7,512,783,271,8506,166,0,6089,5243.083801269531,8945.480731964111,18275.61294555664,0.0,3067.315643310547,5800.9285888671875,6422.835969686508,10609.278529822826,-2733.6129455566406,-4186.442560136318,49350.44256013632,45164.0,-0.09269423789160212,-0.08483090207417897
3337,2,A11,0,0,128,128,4096,0,0,625,0.6357043385505676,0.6357043385505676,51.730774223804474,0.0,1.252632200717926,1.3387531042099,1.252632200717926,1.3387531042099,-0.08612090349197388,-0.08612090349197388,51.730774223804474,51.6446533203125,-0.0016675666880331527,-0.0016647905387881167
3337,2,A11,0,128,256,128,4096,0,0,2803,4.7077226638793945,5.343427002429962,104.33217012882233,0.0,3.341132879257202,6.189050078392029,4.593765079975128,7.527803182601929,-2.8479171991348267,-2.9340381026268005,156.0629443526268,153.12890625,-0.019160576369798243,-0.018800350812280542
3337,2,A11,0,256,512,256,8192,0,0,6044,26.359390437602997,31.70281744003296,279.928919672966,0.0,15.417684853076935,33.69426077604294,20.011449933052063,41.22206395864487,-18.276575922966003,-21.210614025592804,435.9918640255928,414.78125,-0.051136867989073284,-0.048649105122630765
3337,2,A11,0,512,783,271,8672,0,0,7461,63.91490536928177,95.61772280931473,277.3238478899002,0.0,22.593693614006042,73.32379150390625,42.605143547058105,114.54585546255112,-50.73009788990021,-71.94071191549301,713.315711915493,641.375,-0.11216637991111754,-0.10085395668953928
3337,2,A11,7,0,128,128,4096,0,0,1409,149.73210525512695,149.73210525512695,9148.856830954552,0.0,265.08213967084885,360.93897062540054,265.08213967084885,360.93897062540054,-95.8568309545517,-95.8568309545517,9148.856830954552,9053.0,-0.010588405054076185,-0.010477465406413013
3337,2,A11,7,128,256,128,4091,5,0,2249,450.5752410888672,600.3073463439941,7631.062698364258,0.0,710.9932403564453,855.0559387207031,976.0753800272942,1215.9949093461037,-144.0626983642578,-239.9195293188095,16779.91952931881,16540.0,-0.014505412897146887,-0.01429801429617161
3337,2,A11,7,256,512,256,8140,52,0,5736,3099.7066192626953,3700.0139656066895,14317.297897338867,0.0,2428.4703063964844,3573.7682037353516,3404.5456864237785,4789.763113081455,-1145.2978973388672,-1385.2174266576767,31097.217426657677,29712.0,-0.04662148043408982,-0.04454473876721258
3337,2,A11,7,512,783,271,8508,164,0,6085,5282.26171875,8982.27568435669,18263.25503540039,0.0,3095.0812072753906,5826.336242675781,6499.626893699169,10616.099355757236,-2731.2550354003906,-4116.472462058067,49360.47246205807,45244.0,-0.09098383127172813,-0.08339613169671903
3337,2,fp16_boundary,0,0,128,128,4096,0,0,41,0.019694209098815918,0.019694209098815918,51.730774104595184,0.0,0.15217876434326172,0.16772764921188354,0.15217876434326172,0.16772764921188354,-0.015548884868621826,-0.015548884868621826,51.730774104595184,51.71522521972656,-0.00030066358219572767,-0.00030057321077746324
3337,2,fp16_boundary,0,128,256,128,4096,0,0,1504,0.5878359079360962,0.6075301170349121,104.33216923475266,0.0,0.697413444519043,1.1036946177482605,0.8495922088623047,1.271422266960144,-0.40628117322921753,-0.42183005809783936,156.06294333934784,155.64111328125,-0.002710273970705766,-0.0027029482404455213
3337,2,fp16_boundary,0,256,512,256,8192,0,0,3472,2.6590238213539124,3.2665539383888245,279.92891877889633,0.0,3.6379424929618835,5.637906193733215,4.487534701824188,6.909328460693359,-1.9999637007713318,-2.421793758869171,435.99186211824417,433.570068359375,-0.005585703293664195,-0.00555467651873824
3337,2,fp16_boundary,0,512,783,271,8672,0,0,4888,7.281961381435394,10.548515319824219,277.3238343000412,0.0,7.876120150089264,12.517093122005463,12.363654851913452,19.426421582698822,-4.640972971916199,-7.06276673078537,713.3156964182854,706.2529296875,-0.010000336188213017,-0.009901319662877281
3337,2,fp16_boundary,7,0,128,128,4096,0,0,742,13.497772216796875,13.497772216796875,9150.604587852955,0.0,44.39505219459534,50.4996400475502,44.39505219459534,50.4996400475502,-6.1045878529548645,-6.1045878529548645,9150.604587852955,9144.5,-0.0006675693425506988,-0.0006671239910266093
3337,2,fp16_boundary,7,128,256,128,4090,6,0,1199,42.93922424316406,56.43699645996094,7624.029220581055,0.0,102.63188171386719,134.91110229492188,147.02693390846252,185.41074234247208,-32.27922058105469,-38.38380843400955,16774.63380843401,16736.25,-0.0022934533383529494,-0.0022882054459341344
3337,2,fp16_boundary,7,256,512,256,8138,54,0,3059,176.7028350830078,233.13983154296875,14332.402862548828,0.0,352.1174621582031,499.27032470703125,499.14439606666565,684.6810670495033,-147.15286254882812,-185.53667098283768,31107.036670982838,30921.5,-0.006000248079259986,-0.005964459840557856
3337,2,fp16_boundary,7,512,783,271,8512,160,0,3363,257.82916259765625,490.968994140625,18370.08856201172,0.0,608.6251525878906,729.2137145996094,1107.7695486545563,1413.8947816491127,-120.58856201171875,-306.1252329945564,49477.12523299456,49171.0,-0.0062257272171515,-0.006187207351942353
3337,2,bf16_pair_boundary,0,0,128,128,4096,0,0,0,0.0,0.0,51.730774104595184,0.0,0.0017815828323364258,0.0016565322875976562,0.0017815828323364258,0.0016565322875976562,0.00012505054473876953,0.00012505054473876953,51.730774104595184,51.73089915513992,2.41732787910269e-06,2.417333722590891e-06
3337,2,bf16_pair_boundary,0,128,256,128,4096,0,0,171,0.002868175506591797,0.002868175506591797,104.33216869831085,0.0,0.01178586483001709,0.014207661151885986,0.013567447662353516,0.015864193439483643,-0.0024217963218688965,-0.002296745777130127,156.06294280290604,156.0606460571289,-1.4717008003986862e-05,-1.4716791416849789e-05
3337,2,bf16_pair_boundary,0,256,512,256,8192,0,0,408,0.009636878967285156,0.012505054473876953,279.92891269922256,0.0,0.060791850090026855,0.06369251012802124,0.07435929775238037,0.07955670356750488,-0.0029006600379943848,-0.005197405815124512,435.9918555021286,435.9866580963135,-1.1921020330801858e-05,-1.1920878221770217e-05
3337,2,bf16_pair_boundary,0,512,783,271,8672,0,0,448,0.017002105712890625,0.029507160186767578,277.32383954524994,0.0,0.1392892599105835,0.14643073081970215,0.21364855766296387,0.22598743438720703,-0.007141470909118652,-0.012338876724243164,713.3156950473785,713.3033561706543,-1.729821767625491e-05,-1.7297918453096164e-05
3337,2,bf16_pair_boundary,7,0,128,128,4096,0,0,61,0.0318603515625,0.0318603515625,9147.974639475346,0.0,0.5629178881645203,0.6055505275726318,0.5629178881645203,0.6055505275726318,-0.04263263940811157,-0.04263263940811157,9147.974639475346,9147.932006835938,-4.660358141736696e-06,-4.660336422899904e-06
3337,2,bf16_pair_boundary,7,128,256,128,4090,6,0,178,0.146942138671875,0.178802490234375,7625.053955078125,0.0,1.4174346923828125,1.4297637939453125,1.9803525805473328,2.0353143215179443,-0.0123291015625,-0.05496174097061157,16773.02859455347,16772.9736328125,-3.276803635050821e-06,-3.2767928976439425e-06
3337,2,bf16_pair_boundary,7,256,512,256,8138,54,0,410,0.573333740234375,0.75213623046875,14329.295944213867,0.0,4.8627166748046875,5.332550048828125,6.84306925535202,7.367864370346069,-0.4698333740234375,-0.5247951149940491,31102.324538767338,31101.799743652344,-1.6873464536442332e-05,-1.6873179827440898e-05
3337,2,bf16_pair_boundary,7,512,783,271,8513,159,0,718,1.59381103515625,2.345947265625,18376.966430664062,0.0,8.11700439453125,9.23779296875,14.96007364988327,16.60565733909607,-1.12078857421875,-1.645583689212799,49479.2909694314,49477.64538574219,-3.325913503731529e-05,-3.3258028904040896e-05
9509,1,A00,0,0,128,128,4096,0,0,0,0.0,0.0,21.359914779663086,0.0,0.0,0.0,0.0,0.0,0.0,0.0,21.359914779663086,21.359914779663086,0.0,0.0
9509,1,A00,0,128,256,128,4096,0,0,0,0.0,0.0,40.816193997859955,0.0,0.0,0.0,0.0,0.0,0.0,0.0,62.17610877752304,62.17610877752304,0.0,0.0
9509,1,A00,0,256,512,256,8192,0,0,0,0.0,0.0,179.10659164190292,0.0,0.0,0.0,0.0,0.0,0.0,0.0,241.28270041942596,241.28270041942596,0.0,0.0
9509,1,A00,0,512,783,271,8672,0,0,0,0.0,0.0,276.05571389198303,0.0,0.0,0.0,0.0,0.0,0.0,0.0,517.338414311409,517.338414311409,0.0,0.0
9509,1,A00,7,0,128,128,4096,0,0,0,0.0,0.0,8792.345703125,0.0,0.0,0.0,0.0,0.0,0.0,0.0,8792.345703125,8792.345703125,0.0,0.0
9509,1,A00,7,128,256,128,4086,10,0,0,0.0,0.0,5938.98893737793,0.0,0.0,0.0,0.0,0.0,0.0,0.0,14731.33464050293,14731.33464050293,0.0,0.0
9509,1,A00,7,256,512,256,8181,11,0,0,0.0,0.0,15174.744369506836,0.0,0.0,0.0,0.0,0.0,0.0,0.0,29906.079010009766,29906.079010009766,0.0,0.0
9509,1,A00,7,512,783,271,8616,56,0,0,0.0,0.0,19363.140716552734,0.0,0.0,0.0,0.0,0.0,0.0,0.0,49269.2197265625,49269.2197265625,0.0,0.0
9509,1,A10,0,0,128,128,4096,0,0,0,0.0,0.0,21.359914779663086,0.0,0.0,0.0,0.0,0.0,0.0,0.0,21.359914779663086,21.359914779663086,0.0,0.0
9509,1,A10,0,128,256,128,4096,0,0,0,0.0,0.0,40.816193997859955,0.0,0.0,0.0,0.0,0.0,0.0,0.0,62.17610877752304,62.17610877752304,0.0,0.0
9509,1,A10,0,256,512,256,8192,0,0,0,0.0,0.0,179.10659164190292,0.0,0.0,0.0,0.0,0.0,0.0,0.0,241.28270041942596,241.28270041942596,0.0,0.0
9509,1,A10,0,512,783,271,8672,0,0,0,0.0,0.0,276.05571389198303,0.0,0.0,0.0,0.0,0.0,0.0,0.0,517.338414311409,517.338414311409,0.0,0.0
9509,1,A10,7,0,128,128,4096,0,0,0,0.0,0.0,8805.7978515625,0.0,0.0,0.0,0.0,0.0,0.0,0.0,8805.7978515625,8805.7978515625,0.0,0.0
9509,1,A10,7,128,256,128,4086,10,0,0,0.0,0.0,5997.78938293457,0.0,0.0,0.0,0.0,0.0,0.0,0.0,14803.58723449707,14803.58723449707,0.0,0.0
9509,1,A10,7,256,512,256,8181,11,0,0,0.0,0.0,15165.441207885742,0.0,0.0,0.0,0.0,0.0,0.0,0.0,29969.028442382812,29969.028442382812,0.0,0.0
9509,1,A10,7,512,783,271,8645,27,0,0,0.0,0.0,19300.577087402344,0.0,0.0,0.0,0.0,0.0,0.0,0.0,49269.605529785156,49269.605529785156,0.0,0.0
9509,1,A01,0,0,128,128,4096,0,0,708,0.6899771690368652,0.6899771690368652,21.35991621017456,0.0,1.0846083760261536,1.2031076550483704,1.0846083760261536,1.2031076550483704,-0.1184992790222168,-0.1184992790222168,21.35991621017456,21.241416931152344,-0.0055786899436274205,-0.0055477408177177666
9509,1,A01,0,128,256,128,4096,0,0,2737,3.5998892188072205,4.289866387844086,40.81619393825531,0.0,1.84237402677536,4.293539583683014,2.9269824028015137,5.496647238731384,-2.451165556907654,-2.5696648359298706,62.17611014842987,59.6064453125,-0.04311051971742037,-0.041328813105153094
9509,1,A01,0,256,512,256,8192,0,0,6114,17.333160758018494,21.62302714586258,179.106580555439,0.0,8.122803509235382,21.423720002174377,11.049785912036896,26.92036724090576,-13.300916492938995,-15.870581328868866,241.28269070386887,225.412109375,-0.0704069598251541,-0.06577588007896991
9509,1,A01,0,512,783,271,8672,0,0,7267,52.137648701667786,73.76067584753036,276.055747628212,0.0,19.216983556747437,59.72390305995941,30.266769468784332,86.64427030086517,-40.506919503211975,-56.37750083208084,517.3384383320808,460.9609375,-0.12230429141749313,-0.10897605253119039
9509,1,A01,7,0,128,128,4096,0,0,1522,159.5560646057129,159.5560646057129,8776.676233232021,0.0,243.8585069179535,349.5347401499748,243.8585069179535,349.5347401499748,-105.67623323202133,-105.67623323202133,8776.676233232021,8671.0,-0.012187317867837773,-0.01204057554634278
9509,1,A01,7,128,256,128,4086,10,0,2509,468.6463928222656,628.2024574279785,5904.369659423828,0.0,569.6385650634766,797.0082244873047,813.49707198143,1146.5429646372795,-227.36965942382812,-333.04589265584946,14681.04589265585,14348.0,-0.023212008130460652,-0.02268543365990394
9509,1,A01,7,256,512,256,8182,10,0,5272,2257.5520629882812,2885.7545204162598,15095.335586547852,0.0,2413.7891387939453,2847.124725341797,3227.2862107753754,3993.6676899790764,-433.33558654785156,-766.381479203701,29776.3814792037,29010.0,-0.026417837959451948,-0.02573789833190289
9509,1,A01,7,512,783,271,8641,31,0,5977,4922.263122558594,7808.0176429748535,19178.693572998047,0.0,3531.888427734375,5656.582000732422,6759.17463850975,9650.249690711498,-2124.693572998047,-2891.075052201748,48955.07505220175,46064.0,-0.06276213642327517,-0.05905567602784672
9509,1,A11,0,0,128,128,4096,0,0,708,0.6899771690368652,0.6899771690368652,21.35991621017456,0.0,1.0846083760261536,1.2031076550483704,1.0846083760261536,1.2031076550483704,-0.1184992790222168,-0.1184992790222168,21.35991621017456,21.241416931152344,-0.0055786899436274205,-0.0055477408177177666
9509,1,A11,0,128,256,128,4096,0,0,2737,3.5998892188072205,4.289866387844086,40.81619393825531,0.0,1.84237402677536,4.293539583683014,2.9269824028015137,5.496647238731384,-2.451165556907654,-2.5696648359298706,62.17611014842987,59.6064453125,-0.04311051971742037,-0.041328813105153094
9509,1,A11,0,256,512,256,8192,0,0,6114,17.333160758018494,21.62302714586258,179.106580555439,0.0,8.122803509235382,21.423720002174377,11.049785912036896,26.92036724090576,-13.300916492938995,-15.870581328868866,241.28269070386887,225.412109375,-0.0704069598251541,-0.06577588007896991
9509,1,A11,0,512,783,271,8672,0,0,7267,52.137648701667786,73.76067584753036,276.055747628212,0.0,19.216983556747437,59.72390305995941,30.266769468784332,86.64427030086517,-40.506919503211975,-56.37750083208084,517.3384383320808,460.9609375,-0.12230429141749313,-0.10897605253119039
9509,1,A11,7,0,128,128,4096,0,0,1521,160.33749771118164,160.33749771118164,8791.264713644981,0.0,242.7420670390129,350.0067806839943,242.7420670390129,350.0067806839943,-107.26471364498138,-107.26471364498138,8791.264713644981,8684.0,-0.012351993740785511,-0.01220128356259084
9509,1,A11,7,128,256,128,4086,10,0,2498,467.7533721923828,628.0908699035645,5962.7579345703125,0.0,559.0708923339844,805.8288269042969,801.8129593729973,1155.8356075882912,-246.7579345703125,-354.0226482152939,14754.022648215294,14400.0,-0.024584906126062074,-0.023994991512238047
9509,1,A11,7,256,512,256,8182,10,0,5260,2243.9513244628906,2872.042194366455,15100.518920898438,0.0,2449.196762084961,2827.7156829833984,3251.009721457958,3983.5512905716896,-378.5189208984375,-732.5415691137314,29854.54156911373,29122.0,-0.025154232851924023,-0.02453702286527784
9509,1,A11,7,512,783,271,8658,14,0,6010,4969.085235595703,7841.127429962158,19125.49365234375,0.0,3544.9765014648438,5708.470153808594,6795.986222922802,9692.021444380283,-2163.49365234375,-2896.0352214574814,48980.03522145748,46084.0,-0.06284253149590924,-0.05912685052926969
9509,1,fp16_boundary,0,0,128,128,4096,0,0,51,0.02595585584640503,0.02595585584640503,21.35991609096527,0.0,0.141526460647583,0.149574875831604,0.141526460647583,0.149574875831604,-0.008048415184020996,-0.008048415184020996,21.35991609096527,21.35186767578125,-0.0003769419755794974,-0.000376799943864259
9509,1,fp16_boundary,0,128,256,128,4096,0,0,783,0.17979425191879272,0.20575010776519775,40.81619471311569,0.0,0.43844252824783325,0.5259995460510254,0.5799689888954163,0.6755744218826294,-0.08755701780319214,-0.09560543298721313,62.17611080408096,62.08050537109375,-0.001540023432730131,-0.001537655407371315
9509,1,fp16_boundary,0,256,512,256,8192,0,0,3301,1.6576940417289734,1.8634441494941711,179.1065829396248,0.0,2.3654613494873047,3.342710793018341,2.945430338382721,4.0182852149009705,-0.9772494435310364,-1.0728548765182495,241.28269374370575,240.2098388671875,-0.0044663236176243105,-0.0044464642692436645
9509,1,fp16_boundary,0,512,783,271,8672,0,0,4629,5.814566195011139,7.67801034450531,276.0557528734207,0.0,6.428656101226807,10.246982216835022,9.374086439609528,14.265267431735992,-3.8183261156082153,-4.891180992126465,517.3384466171265,512.447265625,-0.00954474990936091,-0.009454508985577764
9509,1,fp16_boundary,7,0,128,128,4096,0,0,837,15.392425537109375,15.392425537109375,8795.587147057056,0.0,41.512895822525024,50.97504287958145,41.512895822525024,50.97504287958145,-9.462147057056427,-9.462147057056427,8795.587147057056,8786.125,-0.0010769420031079033,-0.001075783446727874
9509,1,fp16_boundary,7,128,256,128,4086,10,0,1400,39.800628662109375,55.19305419921875,5933.884780883789,0.0,92.03871154785156,117.29849243164062,133.5516073703766,168.27353531122208,-25.259780883789062,-34.72192794084549,14729.471927940845,14694.75,-0.0023628797999860826,-0.002357309760370992
9509,1,fp16_boundary,7,256,512,256,8181,11,0,2992,137.40235900878906,192.5954132080078,15169.112564086914,0.0,348.14988708496094,423.512451171875,481.7014944553375,591.7859864830971,-75.36256408691406,-110.08449202775955,29898.58449202776,29788.5,-0.003695536600626401,-0.0036819298939423967
9509,1,fp16_boundary,7,512,783,271,8622,50,0,3141,200.2281494140625,392.8235626220703,19341.95571899414,0.0,636.09912109375,756.5548400878906,1117.8006155490875,1348.3408265709877,-120.45571899414062,-230.54021102190018,49240.5402110219,49010.0,-0.0047039422775331605,-0.00468191880174167
9509,1,bf16_pair_boundary,0,0,128,128,4096,0,0,0,0.0,0.0,21.35991609096527,0.0,0.0014870166778564453,0.0015617609024047852,0.0014870166778564453,0.0015617609024047852,-7.474422454833984e-05,-7.474422454833984e-05,21.35991609096527,21.359841346740723,-3.499287440154371e-06,-3.499275195184631e-06
9509,1,bf16_pair_boundary,0,128,256,128,4096,0,0,0,0.0,0.0,40.8161945939064,0.0,0.004896998405456543,0.004830777645111084,0.006384015083312988,0.006392538547515869,6.622076034545898e-05,-8.52346420288086e-06,62.176110684871674,62.17610216140747,-1.370858562467325e-07,-1.370858374542031e-07
9509,1,bf16_pair_boundary,0,256,512,256,8192,0,0,23,4.798173904418945e-05,4.798173904418945e-05,179.10658186674118,0.0,0.031035661697387695,0.031617164611816406,0.037419676780700684,0.038009703159332275,-0.0005815029144287109,-0.0005900263786315918,241.28269255161285,241.28210252523422,-2.445379795917041e-06,-2.4453738160493174e-06
9509,1,bf16_pair_boundary,0,512,783,271,8672,0,0,114,0.001666426658630371,0.0017144083976745605,276.0557513833046,0.0,0.09502053260803223,0.09892058372497559,0.1324402093887329,0.13693028688430786,-0.0039000511169433594,-0.004490077495574951,517.3384439349174,517.3339538574219,-8.679263099000891e-06,-8.679187770046749e-06
9509,1,bf16_pair_boundary,7,0,128,128,4096,0,0,62,0.03497314453125,0.03497314453125,8792.344253122807,0.0,0.5568601489067078,0.5917870998382568,0.5568601489067078,0.5917870998382568,-0.03492695093154907,-0.03492695093154907,8792.344253122807,8792.309326171875,-3.972443374755115e-06,-3.972427594511435e-06
9509,1,bf16_pair_boundary,7,128,256,128,4086,10,0,139,0.128692626953125,0.163665771484375,5938.989181518555,0.0,1.3212432861328125,1.330322265625,1.8781034350395203,1.9221093654632568,-0.0090789794921875,-0.04400593042373657,14731.333434641361,14731.289428710938,-2.987242266652507e-06,-2.987233343062804e-06
9509,1,bf16_pair_boundary,7,256,512,256,8181,11,0,499,0.805877685546875,0.96954345703125,15174.75325012207,0.0,4.4265899658203125,5.328643798828125,6.304693400859833,7.250753164291382,-0.9020538330078125,-0.9460597634315491,29906.08668476343,29905.140625,-3.163535578363625e-05,-3.163435501956022e-05
9509,1,bf16_pair_boundary,7,512,783,271,8616,56,0,650,0.879638671875,1.84918212890625,19363.179107666016,0.0,7.938720703125,8.544708251953125,14.243414103984833,15.795461416244507,-0.605987548828125,-1.552047312259674,49269.26579242945,49267.71374511719,-3.150232057223264e-05,-3.1501328207293004e-05
7163,2,A00,0,0,128,128,4096,0,0,0,0.0,0.0,32.214821338653564,0.0,0.0,0.0,0.0,0.0,0.0,0.0,32.214821338653564,32.214821338653564,0.0,0.0
7163,2,A00,0,128,256,128,4096,0,0,0,0.0,0.0,116.78588891029358,0.0,0.0,0.0,0.0,0.0,0.0,0.0,149.00071024894714,149.00071024894714,0.0,0.0
7163,2,A00,0,256,512,256,8192,0,0,0,0.0,0.0,280.63771760463715,0.0,0.0,0.0,0.0,0.0,0.0,0.0,429.6384278535843,429.6384278535843,0.0,0.0
7163,2,A00,0,512,783,271,8672,0,0,0,0.0,0.0,342.08427798748016,0.0,0.0,0.0,0.0,0.0,0.0,0.0,771.7227058410645,771.7227058410645,0.0,0.0
7163,2,A00,7,0,128,128,4096,0,0,0,0.0,0.0,8981.241226196289,0.0,0.0,0.0,0.0,0.0,0.0,0.0,8981.241226196289,8981.241226196289,0.0,0.0
7163,2,A00,7,128,256,128,4094,2,0,0,0.0,0.0,7447.321060180664,0.0,0.0,0.0,0.0,0.0,0.0,0.0,16428.562286376953,16428.562286376953,0.0,0.0
7163,2,A00,7,256,512,256,8139,53,0,0,0.0,0.0,14299.48892211914,0.0,0.0,0.0,0.0,0.0,0.0,0.0,30728.051208496094,30728.051208496094,0.0,0.0
7163,2,A00,7,512,783,271,8522,150,0,0,0.0,0.0,18260.114501953125,0.0,0.0,0.0,0.0,0.0,0.0,0.0,48988.16571044922,48988.16571044922,0.0,0.0
7163,2,A10,0,0,128,128,4096,0,0,0,0.0,0.0,32.214821338653564,0.0,0.0,0.0,0.0,0.0,0.0,0.0,32.214821338653564,32.214821338653564,0.0,0.0
7163,2,A10,0,128,256,128,4096,0,0,0,0.0,0.0,116.78588891029358,0.0,0.0,0.0,0.0,0.0,0.0,0.0,149.00071024894714,149.00071024894714,0.0,0.0
7163,2,A10,0,256,512,256,8192,0,0,0,0.0,0.0,280.63771760463715,0.0,0.0,0.0,0.0,0.0,0.0,0.0,429.6384278535843,429.6384278535843,0.0,0.0
7163,2,A10,0,512,783,271,8672,0,0,0,0.0,0.0,342.08427798748016,0.0,0.0,0.0,0.0,0.0,0.0,0.0,771.7227058410645,771.7227058410645,0.0,0.0
7163,2,A10,7,0,128,128,4096,0,0,0,0.0,0.0,8995.063995361328,0.0,0.0,0.0,0.0,0.0,0.0,0.0,8995.063995361328,8995.063995361328,0.0,0.0
7163,2,A10,7,128,256,128,4094,2,0,0,0.0,0.0,7454.804351806641,0.0,0.0,0.0,0.0,0.0,0.0,0.0,16449.86834716797,16449.86834716797,0.0,0.0
7163,2,A10,7,256,512,256,8139,53,0,0,0.0,0.0,14299.185729980469,0.0,0.0,0.0,0.0,0.0,0.0,0.0,30749.054077148438,30749.054077148438,0.0,0.0
7163,2,A10,7,512,783,271,8524,148,0,0,0.0,0.0,18186.441162109375,0.0,0.0,0.0,0.0,0.0,0.0,0.0,48935.49523925781,48935.49523925781,0.0,0.0
7163,2,A01,0,0,128,128,4096,0,0,658,0.6426725387573242,0.6426725387573242,32.21482276916504,0.0,1.1408940553665161,1.2142373323440552,1.1408940553665161,1.2142373323440552,-0.07334327697753906,-0.07334327697753906,32.21482276916504,32.1414794921875,-0.00228188864160302,-0.0022766934806092063
7163,2,A01,0,128,256,128,4096,0,0,2549,4.460752010345459,5.103424549102783,116.78588891029358,0.0,3.7871097326278687,6.417603135108948,4.928003787994385,7.631840467453003,-2.630493402481079,-2.703836679458618,149.00071167945862,146.296875,-0.018481848497848077,-0.018146468221408984
7163,2,A01,0,256,512,256,8192,0,0,6051,24.22375762462616,29.327182173728943,280.637701690197,0.0,15.1455796957016,32.18953138589859,20.073583483695984,39.82137185335159,-17.04395169019699,-19.74778836965561,429.6384133696556,409.890625,-0.04817818990042919,-0.045963740101295024
7163,2,A01,0,512,783,271,8672,0,0,7161,66.58367657661438,95.91085875034332,342.08430218696594,0.0,28.330926418304443,77.57147860527039,48.40450990200043,117.39285045862198,-49.24055218696594,-68.98834055662155,771.7227155566216,702.734375,-0.09817129061976163,-0.08939524412840723
7163,2,A01,7,0,128,128,4096,0,0,1464,156.59929275512695,156.59929275512695,8965.96906465292,0.0,254.023179769516,359.99224442243576,254.023179769516,359.99224442243576,-105.96906465291977,-105.96906465291977,8965.96906465292,8860.0,-0.011960391044347604,-0.011819030814046415
7163,2,A01,7,128,256,128,4094,2,0,2250,445.35882568359375,601.9581184387207,7453.714370727539,0.0,654.9922485351562,872.7066192626953,909.0154283046722,1232.698863685131,-217.71437072753906,-323.68343538045883,16419.68343538046,16096.0,-0.02010955736707622,-0.019713134948935684
7163,2,A01,7,256,512,256,8144,48,0,5701,3059.9692993164062,3661.927417755127,14321.458282470703,0.0,2269.9991149902344,3607.4573974609375,3179.0145432949066,4840.156261146069,-1337.4582824707031,-1661.141717851162,30741.141717851162,29080.0,-0.05712316773903583,-0.05403643537697719
7163,2,A01,7,512,783,271,8516,156,0,6049,5127.773254394531,8789.700672149658,18223.460174560547,0.0,3338.208038330078,5625.668212890625,6517.222581624985,10465.824474036694,-2287.460174560547,-3948.601892411709,48964.60189241171,45016.0,-0.0877155209794675,-0.08064196868357759
7163,2,A11,0,0,128,128,4096,0,0,658,0.6426725387573242,0.6426725387573242,32.21482276916504,0.0,1.1408940553665161,1.2142373323440552,1.1408940553665161,1.2142373323440552,-0.07334327697753906,-0.07334327697753906,32.21482276916504,32.1414794921875,-0.00228188864160302,-0.0022766934806092063
7163,2,A11,0,128,256,128,4096,0,0,2549,4.460752010345459,5.103424549102783,116.78588891029358,0.0,3.7871097326278687,6.417603135108948,4.928003787994385,7.631840467453003,-2.630493402481079,-2.703836679458618,149.00071167945862,146.296875,-0.018481848497848077,-0.018146468221408984
7163,2,A11,0,256,512,256,8192,0,0,6051,24.22375762462616,29.327182173728943,280.637701690197,0.0,15.1455796957016,32.18953138589859,20.073583483695984,39.82137185335159,-17.04395169019699,-19.74778836965561,429.6384133696556,409.890625,-0.04817818990042919,-0.045963740101295024
7163,2,A11,0,512,783,271,8672,0,0,7161,66.58367657661438,95.91085875034332,342.08430218696594,0.0,28.330926418304443,77.57147860527039,48.40450990200043,117.39285045862198,-49.24055218696594,-68.98834055662155,771.7227155566216,702.734375,-0.09817129061976163,-0.08939524412840723
7163,2,A11,7,0,128,128,4096,0,0,1463,157.32197952270508,157.32197952270508,8980.926731467247,0.0,253.33047646284103,360.25720793008804,253.33047646284103,360.25720793008804,-106.92673146724701,-106.92673146724701,8980.926731467247,8874.0,-0.012049440102236535,-0.011905979712828366
7163,2,A11,7,128,256,128,4094,2,0,2252,449.3126220703125,606.6346015930176,7460.916473388672,0.0,654.0935211181641,875.0099945068359,907.4239975810051,1235.267202436924,-220.91647338867188,-327.8432048559189,16441.84320485592,16114.0,-0.02034524046518052,-0.01993956521608806
7163,2,A11,7,256,512,256,8146,46,0,5705,3077.6124114990234,3684.247013092041,14316.904052734375,0.0,2283.2984008789062,3616.2024536132812,3190.7223984599113,4851.469656050205,-1332.904052734375,-1660.7472575902939,30758.747257590294,29098.0,-0.05707427512510461,-0.053992681941247574
7163,2,A11,7,512,783,271,8518,154,0,6050,5149.913787841797,8834.160800933838,18178.570831298828,0.0,3354.2452697753906,5634.816101074219,6544.967668235302,10486.285757124424,-2280.570831298828,-3941.318088889122,48937.31808888912,44996.0,-0.08759263243152995,-0.08053808918850358
7163,2,fp16_boundary,0,0,128,128,4096,0,0,47,0.022127211093902588,0.022127211093902588,32.21482264995575,0.0,0.14344286918640137,0.15817701816558838,0.14344286918640137,0.15817701816558838,-0.014734148979187012,-0.014734148979187012,32.21482264995575,32.20008850097656,-0.0004575810087832571,-0.0004573717241683232
7163,2,fp16_boundary,0,128,256,128,4096,0,0,1168,0.4045586585998535,0.4266858696937561,116.78589028120041,0.0,0.67921382188797,0.9460763931274414,0.8226566910743713,1.1042534112930298,-0.26686257123947144,-0.28159672021865845,149.00071293115616,148.7191162109375,-0.0018934803231297611,-0.0018899018311997375
7163,2,fp16_boundary,0,256,512,256,8192,0,0,3479,2.415879249572754,2.84256511926651,280.6377002596855,0.0,3.4346625804901123,5.234838426113129,4.257319271564484,6.3390918374061584,-1.8001758456230164,-2.081772565841675,429.6384131908417,427.556640625,-0.004868998322183818,-0.004845406048264519
7163,2,fp16_boundary,0,512,783,271,8672,0,0,4704,7.875676989555359,10.718242108821869,342.0842955112457,0.0,8.423012256622314,13.800276517868042,12.680331528186798,20.1393683552742,-5.3772642612457275,-7.459036827087402,771.7227087020874,764.263671875,-0.009759768914290843,-0.009665436487714991
7163,2,fp16_boundary,7,0,128,128,4096,0,0,783,14.267318725585938,14.267318725585938,8984.503544151783,0.0,43.18399262428284,51.187536776065826,43.18399262428284,51.187536776065826,-8.00354415178299,-8.00354415178299,8984.503544151783,8976.5,-0.0008916107783415574,-0.0008908165167337129
7163,2,fp16_boundary,7,128,256,128,4094,2,0,1193,44.324371337890625,58.59169006347656,7448.505065917969,0.0,102.3944091796875,139.02447509765625,145.57840180397034,190.21201187372208,-36.63006591796875,-44.63361006975174,16433.00861006975,16388.375,-0.0027234921137545207,-0.0027160948508480266
7163,2,fp16_boundary,7,256,512,256,8140,52,0,2981,173.24661254882812,231.8383026123047,14302.332763671875,0.0,372.41355895996094,487.62132263183594,517.9919607639313,677.833334505558,-115.207763671875,-159.84137374162674,30735.341373741627,30575.5,-0.0052277599300625255,-0.0052005725850888165
7163,2,fp16_boundary,7,512,783,271,8521,151,0,3280,254.51495361328125,486.35325622558594,18258.103790283203,0.0,606.5824584960938,722.6862487792969,1124.574419260025,1400.519583284855,-116.10379028320312,-275.94516402482986,48993.44516402483,48717.5,-0.005664189747520498,-0.005632287402957577
7163,2,bf16_pair_boundary,0,0,128,128,4096,0,0,0,0.0,0.0,32.21482264995575,0.0,0.0016345977783203125,0.0015785694122314453,0.0016345977783203125,0.0015785694122314453,5.602836608886719e-05,5.602836608886719e-05,32.21482264995575,32.21487867832184,1.739207732188978e-06,1.7392107570377747e-06
7163,2,bf16_pair_boundary,0,128,256,128,4096,0,0,86,0.001398622989654541,0.001398622989654541,116.78589028120041,0.0,0.010178864002227783,0.011405587196350098,0.011813461780548096,0.012984156608581543,-0.0012267231941223145,-0.0011706948280334473,149.00071293115616,148.99954223632812,-7.85703640737774e-06,-7.856974674841668e-06
7163,2,bf16_pair_boundary,0,256,512,256,8192,0,0,417,0.010042905807495117,0.011441528797149658,280.6377026438713,0.0,0.056875646114349365,0.06431686878204346,0.06868910789489746,0.077301025390625,-0.007441222667694092,-0.008611917495727539,429.63841557502747,429.62980365753174,-2.0044972258470937e-05,-2.004457046561202e-05
7163,2,bf16_pair_boundary,0,512,783,271,8672,0,0,404,0.01623678207397461,0.027678310871124268,342.08431029319763,0.0,0.15754997730255127,0.1649988889694214,0.22623908519744873,0.2422999143600464,-0.007448911666870117,-0.016060829162597656,771.7227258682251,771.7066650390625,-2.081209077257961e-05,-2.081165763847171e-05
7163,2,bf16_pair_boundary,7,0,128,128,4096,0,0,62,0.03497314453125,0.03497314453125,8981.239409983158,0.0,0.5653898119926453,0.5965478420257568,0.5653898119926453,0.5965478420257568,-0.031158030033111572,-0.031158030033111572,8981.239409983158,8981.208251953125,-3.469247027685356e-06,-3.4692349920521718e-06
7163,2,bf16_pair_boundary,7,128,256,128,4094,2,0,180,0.15283203125,0.18780517578125,7447.324493408203,0.0,1.32537841796875,1.458953857421875,1.8907682299613953,2.055501699447632,-0.133575439453125,-0.16473346948623657,16428.56390339136,16428.399169921875,-1.0027359804346655e-05,-1.002725925741023e-05
7163,2,bf16_pair_boundary,7,256,512,256,8139,53,0,390,0.514739990234375,0.702545166015625,14299.501647949219,0.0,5.206817626953125,5.445526123046875,7.09758585691452,7.501027822494507,-0.23870849609375,-0.4034419655799866,30728.06555134058,30727.662109375,-1.3129601729670691e-05,-1.3129429345492448e-05
7163,2,bf16_pair_boundary,7,512,783,271,8522,150,0,651,1.33221435546875,2.034759521484375,18260.074768066406,0.0,8.194488525390625,8.760711669921875,15.292074382305145,16.261739492416382,-0.56622314453125,-0.9696651101112366,48988.140319406986,48987.170654296875,-1.979426648160957e-05,-1.979387467637952e-05
895,0,A00,0,0,128,128,4096,0,0,0,0.0,0.0,35.28793531656265,0.0,0.0,0.0,0.0,0.0,0.0,0.0,35.28793531656265,35.28793531656265,0.0,0.0
895,0,A00,0,128,256,128,4096,0,0,0,0.0,0.0,73.23068153858185,0.0,0.0,0.0,0.0,0.0,0.0,0.0,108.5186168551445,108.5186168551445,0.0,0.0
895,0,A00,0,256,512,256,8192,0,0,0,0.0,0.0,268.7749554514885,0.0,0.0,0.0,0.0,0.0,0.0,0.0,377.293572306633,377.293572306633,0.0,0.0
895,0,A00,0,512,783,271,8672,0,0,0,0.0,0.0,340.3131670951843,0.0,0.0,0.0,0.0,0.0,0.0,0.0,717.6067394018173,717.6067394018173,0.0,0.0
895,0,A00,7,0,128,128,4096,0,0,0,0.0,0.0,8998.418151855469,0.0,0.0,0.0,0.0,0.0,0.0,0.0,8998.418151855469,8998.418151855469,0.0,0.0
895,0,A00,7,128,256,128,4096,0,0,0,0.0,0.0,7415.688003540039,0.0,0.0,0.0,0.0,0.0,0.0,0.0,16414.106155395508,16414.106155395508,0.0,0.0
895,0,A00,7,256,512,256,8188,4,0,0,0.0,0.0,15399.773574829102,0.0,0.0,0.0,0.0,0.0,0.0,0.0,31813.87973022461,31813.87973022461,0.0,0.0
895,0,A00,7,512,783,271,8625,47,0,0,0.0,0.0,17340.224639892578,0.0,0.0,0.0,0.0,0.0,0.0,0.0,49154.10437011719,49154.10437011719,0.0,0.0
895,0,A10,0,0,128,128,4096,0,0,0,0.0,0.0,35.28793531656265,0.0,0.0,0.0,0.0,0.0,0.0,0.0,35.28793531656265,35.28793531656265,0.0,0.0
895,0,A10,0,128,256,128,4096,0,0,0,0.0,0.0,73.23068153858185,0.0,0.0,0.0,0.0,0.0,0.0,0.0,108.5186168551445,108.5186168551445,0.0,0.0
895,0,A10,0,256,512,256,8192,0,0,0,0.0,0.0,268.7749554514885,0.0,0.0,0.0,0.0,0.0,0.0,0.0,377.293572306633,377.293572306633,0.0,0.0
895,0,A10,0,512,783,271,8672,0,0,0,0.0,0.0,340.3131670951843,0.0,0.0,0.0,0.0,0.0,0.0,0.0,717.6067394018173,717.6067394018173,0.0,0.0
895,0,A10,7,0,128,128,4096,0,0,0,0.0,0.0,9012.259292602539,0.0,0.0,0.0,0.0,0.0,0.0,0.0,9012.259292602539,9012.259292602539,0.0,0.0
895,0,A10,7,128,256,128,4096,0,0,0,0.0,0.0,7436.703811645508,0.0,0.0,0.0,0.0,0.0,0.0,0.0,16448.963104248047,16448.963104248047,0.0,0.0
895,0,A10,7,256,512,256,8188,4,0,0,0.0,0.0,15416.992858886719,0.0,0.0,0.0,0.0,0.0,0.0,0.0,31865.955963134766,31865.955963134766,0.0,0.0
895,0,A10,7,512,783,271,8630,42,0,0,0.0,0.0,17335.60189819336,0.0,0.0,0.0,0.0,0.0,0.0,0.0,49201.557861328125,49201.557861328125,0.0,0.0
895,0,A01,0,0,128,128,4096,0,0,657,0.6342254281044006,0.6342254281044006,35.2879359126091,0.0,1.1506788730621338,1.1983804106712341,1.1506788730621338,1.1983804106712341,-0.04770153760910034,-0.04770153760910034,35.2879359126091,35.240234375,-0.0013536101122795198,-0.001351780328756934
895,0,A01,0,128,256,128,4096,0,0,2606,3.928274631500244,4.562500059604645,73.23068952560425,0.0,2.7152690291404724,5.2565054297447205,3.865947902202606,6.454885840415955,-2.541236400604248,-2.5889379382133484,108.51862543821335,105.9296875,-0.024440154590405532,-0.023857083774871418
895,0,A01,0,256,512,256,8192,0,0,5951,23.733987629413605,28.29648768901825,268.77494156360626,0.0,14.00148606300354,29.715880751609802,17.867433965206146,36.17076659202576,-15.714394688606262,-18.30333262681961,377.2935670018196,358.990234375,-0.05098560037067752,-0.04851217785733235
895,0,A01,0,512,783,271,8672,0,0,6932,69.54067081212997,97.83715850114822,340.31320744752884,0.0,30.147845327854156,81.232537150383,48.0152792930603,117.40330374240875,-51.08469182252884,-69.38802444934845,717.6067744493484,648.21875,-0.10704414898419469,-0.09669365858842813
895,0,A01,7,0,128,128,4096,0,0,1461,157.65475845336914,157.65475845336914,8983.722345292568,0.0,250.99609541893005,364.71844071149826,250.99609541893005,364.71844071149826,-113.7223452925682,-113.7223452925682,8983.722345292568,8870.0,-0.012821008488451883,-0.012658711046669671
895,0,A01,7,128,256,128,4096,0,0,2271,462.25897216796875,619.9137306213379,7413.348815917969,0.0,578.3984985351562,860.747314453125,829.3945939540863,1225.4657551646233,-282.34881591796875,-396.07116121053696,16397.071161210537,16001.0,-0.0247529005193761,-0.024154994347252465
895,0,A01,7,256,512,256,8189,3,0,5342,2744.6521606445312,3364.565891265869,15353.39045715332,0.0,2473.9440155029297,3444.33447265625,3303.338609457016,4669.800227820873,-970.3904571533203,-1366.4616183638573,31750.461618363857,30384.0,-0.044973065375324424,-0.04303753547865024
895,0,A01,7,512,783,271,8636,36,0,6464,5713.8931884765625,9078.459079742432,16992.428436279297,0.0,3232.0292053222656,6240.4576416015625,6535.367814779282,10910.257869422436,-3008.428436279297,-4374.890054643154,48742.890054643154,44368.0,-0.09860462618651177,-0.08975442469124603
895,0,A11,0,0,128,128,4096,0,0,657,0.6342254281044006,0.6342254281044006,35.2879359126091,0.0,1.1506788730621338,1.1983804106712341,1.1506788730621338,1.1983804106712341,-0.04770153760910034,-0.04770153760910034,35.2879359126091,35.240234375,-0.0013536101122795198,-0.001351780328756934
895,0,A11,0,128,256,128,4096,0,0,2606,3.928274631500244,4.562500059604645,73.23068952560425,0.0,2.7152690291404724,5.2565054297447205,3.865947902202606,6.454885840415955,-2.541236400604248,-2.5889379382133484,108.51862543821335,105.9296875,-0.024440154590405532,-0.023857083774871418
895,0,A11,0,256,512,256,8192,0,0,5951,23.733987629413605,28.29648768901825,268.77494156360626,0.0,14.00148606300354,29.715880751609802,17.867433965206146,36.17076659202576,-15.714394688606262,-18.30333262681961,377.2935670018196,358.990234375,-0.05098560037067752,-0.04851217785733235
895,0,A11,0,512,783,271,8672,0,0,6932,69.54067081212997,97.83715850114822,340.31320744752884,0.0,30.147845327854156,81.232537150383,48.0152792930603,117.40330374240875,-51.08469182252884,-69.38802444934845,717.6067744493484,648.21875,-0.10704414898419469,-0.09669365858842813
895,0,A11,7,0,128,128,4096,0,0,1460,158.41791152954102,158.41791152954102,8998.728016257286,0.0,249.69268959760666,365.42070585489273,249.69268959760666,365.42070585489273,-115.72801625728607,-115.72801625728607,8998.728016257286,8883.0,-0.013028032900741424,-0.012860486065164928
895,0,A11,7,128,256,128,4096,0,0,2271,464.75665283203125,623.1745643615723,7437.1495361328125,0.0,577.9019317626953,870.0514678955078,827.594621360302,1235.4721737504005,-292.1495361328125,-407.8775523900986,16435.8775523901,16028.0,-0.025447813351016882,-0.024816292959713927
895,0,A11,7,256,512,256,8188,4,0,5348,2786.7762145996094,3409.9507789611816,15337.949188232422,0.0,2458.7837829589844,3490.7329711914062,3286.3784043192863,4726.205144941807,-1031.9491882324219,-1439.8267406225204,31773.82674062252,30334.0,-0.04746577242112878,-0.04531486724517561
895,0,A11,7,512,783,271,8646,26,0,6457,5686.146789550781,9096.097568511963,17031.182983398438,0.0,3299.7486572265625,6204.931640625,6586.127061545849,10931.136785566807,-2905.1829833984375,-4345.009724020958,48805.00972402096,44460.0,-0.09772851381063782,-0.08902794505299363
895,0,fp16_boundary,0,0,128,128,4096,0,0,46,0.021884143352508545,0.021884143352508545,35.28793579339981,0.0,0.14901596307754517,0.15144455432891846,0.14901596307754517,0.15144455432891846,-0.002428591251373291,-0.002428591251373291,35.28793579339981,35.28550720214844,-6.882687663975029e-05,-6.882213982682235e-05
895,0,fp16_boundary,0,128,256,128,4096,0,0,1119,0.340631902217865,0.36251604557037354,73.23069059848785,0.0,0.5855768322944641,0.7724289298057556,0.7345927953720093,0.9238734841346741,-0.1868520975112915,-0.1892806887626648,108.51862639188766,108.329345703125,-0.0017472706729106053,-0.0017442230431403112
895,0,fp16_boundary,0,256,512,256,8192,0,0,3440,2.5254889726638794,2.888005018234253,268.7749423980713,0.0,3.165132522583008,5.040172576904297,3.899725317955017,5.964046061038971,-1.875040054321289,-2.064320743083954,377.29356878995895,375.229248046875,-0.0055014920980415456,-0.005471391282137572
895,0,fp16_boundary,0,512,783,271,8672,0,0,4319,7.063833475112915,9.951838493347168,340.31318414211273,0.0,8.950859010219574,13.614384949207306,12.850584328174591,19.578431010246277,-4.663525938987732,-6.727846682071686,717.6067529320717,710.87890625,-0.009464124793858568,-0.009375394886659519
895,0,fp16_boundary,7,0,128,128,4096,0,0,780,14.112472534179688,14.112472534179688,9001.843799889088,0.0,43.61618256568909,50.834982454776764,43.61618256568909,50.834982454776764,-7.218799889087677,-7.218799889087677,9001.843799889088,8994.625,-0.0008025681881220926,-0.0008019245889577222
895,0,fp16_boundary,7,128,256,128,4096,0,0,1199,36.80859375,50.92106628417969,7409.073333740234,0.0,104.14169311523438,130.71502685546875,147.75787568092346,181.5500093102455,-26.573333740234375,-33.79213362932205,16410.917133629322,16377.125,-0.0020633739822662435,-0.0020591252368263482
895,0,fp16_boundary,7,256,512,256,8188,4,0,2857,149.1265869140625,200.0476531982422,15392.064514160156,0.0,391.37489318847656,471.5644073486328,539.1327688694,653.1144166588783,-80.18951416015625,-113.9816477894783,31802.98164778948,31689.0,-0.003596883706948099,-0.00358399250270928
895,0,fp16_boundary,7,512,783,271,8626,46,0,3245,300.834228515625,500.8818817138672,17328.7421875,0.0,639.4268798828125,831.1690673828125,1178.5596487522125,1484.2834840416908,-191.7421875,-305.7238352894783,49131.72383528948,48826.0,-0.006261496647062595,-0.00622253426959728
895,0,bf16_pair_boundary,0,0,128,128,4096,0,0,0,0.0,0.0,35.28793579339981,0.0,0.0015437006950378418,0.0015759468078613281,0.0015437006950378418,0.0015759468078613281,-3.224611282348633e-05,-3.224611282348633e-05,35.28793579339981,35.28790354728699,-9.138007527218341e-07,-9.137999176907815e-07
895,0,bf16_pair_boundary,0,128,256,128,4096,0,0,59,0.0013279914855957031,0.0013279914855957031,73.23069059848785,0.0,0.007988512516021729,0.00850290060043335,0.00953221321105957,0.010078847408294678,-0.0005143880844116211,-0.0005466341972351074,108.51862639188766,108.51807975769043,-5.037263822357386e-06,-5.037238448458386e-06
895,0,bf16_pair_boundary,0,256,512,256,8192,0,0,238,0.00412362813949585,0.005451619625091553,268.7749443054199,0.0,0.05409878492355347,0.054524123668670654,0.06363099813461304,0.06460297107696533,-0.0004253387451171875,-0.0009719729423522949,377.2935706973076,377.29259872436523,-2.5761781324058765e-06,-2.5761714957292035e-06
895,0,bf16_pair_boundary,0,512,783,271,8672,0,0,293,0.010246753692626953,0.015698373317718506,340.31317710876465,0.0,0.14548635482788086,0.14922857284545898,0.2091173529624939,0.21383154392242432,-0.003742218017578125,-0.00471419095993042,717.6067478060722,717.6020336151123,-6.569366778660619e-06,-6.569323622364257e-06
895,0,bf16_pair_boundary,7,0,128,128,4096,0,0,63,0.03656005859375,0.03656005859375,8998.416518747807,0.0,0.5582334399223328,0.6037194728851318,0.5582334399223328,0.6037194728851318,-0.04548603296279907,-0.04548603296279907,8998.416518747807,8998.371032714844,-5.05491858442247e-06,-5.054893032349738e-06
895,0,bf16_pair_boundary,7,128,256,128,4096,0,0,135,0.1043548583984375,0.1409149169921875,7415.680953979492,0.0,1.36407470703125,1.3437957763671875,1.9223081469535828,1.9475152492523193,0.0202789306640625,-0.025207102298736572,16414.0974727273,16414.072265625,-1.5357007018621627e-06,-1.5356983434891389e-06
895,0,bf16_pair_boundary,7,256,512,256,8188,4,0,471,0.75384521484375,0.8947601318359375,15399.748001098633,0.0,5.4351806640625,5.5630645751953125,7.357488811016083,7.510579824447632,-0.1278839111328125,-0.15309101343154907,31813.84547382593,31813.6923828125,-4.812110822893894e-06,-4.812087666594753e-06
895,0,bf16_pair_boundary,7,512,783,271,8625,47,0,662,1.5032958984375,2.3980560302734375,17340.282165527344,0.0,8.676788330078125,10.321014404296875,16.034277141094208,17.831594228744507,-1.64422607421875,-1.797317087650299,49154.127639353275,49152.330322265625,-3.656626401772305e-05,-3.6564926974949495e-05
192,0,A00,0,0,128,128,4096,0,0,0,0.0,0.0,21.359914779663086,0.0,0.0,0.0,0.0,0.0,0.0,0.0,21.359914779663086,21.359914779663086,0.0,0.0
192,0,A00,0,128,256,128,4096,0,0,0,0.0,0.0,65.42376911640167,0.0,0.0,0.0,0.0,0.0,0.0,0.0,86.78368389606476,86.78368389606476,0.0,0.0
192,0,A00,0,256,512,256,8192,0,0,0,0.0,0.0,310.92547112703323,0.0,0.0,0.0,0.0,0.0,0.0,0.0,397.709155023098,397.709155023098,0.0,0.0
192,0,A00,0,512,783,271,8672,0,0,0,0.0,0.0,340.572498857975,0.0,0.0,0.0,0.0,0.0,0.0,0.0,738.281653881073,738.281653881073,0.0,0.0
192,0,A00,7,0,128,128,4096,0,0,0,0.0,0.0,8792.345703125,0.0,0.0,0.0,0.0,0.0,0.0,0.0,8792.345703125,8792.345703125,0.0,0.0
192,0,A00,7,128,256,128,4095,1,0,0,0.0,0.0,6875.932418823242,0.0,0.0,0.0,0.0,0.0,0.0,0.0,15668.278121948242,15668.278121948242,0.0,0.0
192,0,A00,7,256,512,256,8131,61,0,0,0.0,0.0,15100.504806518555,0.0,0.0,0.0,0.0,0.0,0.0,0.0,30768.782928466797,30768.782928466797,0.0,0.0
192,0,A00,7,512,783,271,8558,114,0,0,0.0,0.0,18476.160247802734,0.0,0.0,0.0,0.0,0.0,0.0,0.0,49244.94317626953,49244.94317626953,0.0,0.0
192,0,A10,0,0,128,128,4096,0,0,0,0.0,0.0,21.359914779663086,0.0,0.0,0.0,0.0,0.0,0.0,0.0,21.359914779663086,21.359914779663086,0.0,0.0
192,0,A10,0,128,256,128,4096,0,0,0,0.0,0.0,65.42376911640167,0.0,0.0,0.0,0.0,0.0,0.0,0.0,86.78368389606476,86.78368389606476,0.0,0.0
192,0,A10,0,256,512,256,8192,0,0,0,0.0,0.0,310.92547112703323,0.0,0.0,0.0,0.0,0.0,0.0,0.0,397.709155023098,397.709155023098,0.0,0.0
192,0,A10,0,512,783,271,8672,0,0,0,0.0,0.0,340.572498857975,0.0,0.0,0.0,0.0,0.0,0.0,0.0,738.281653881073,738.281653881073,0.0,0.0
192,0,A10,7,0,128,128,4096,0,0,0,0.0,0.0,8805.7978515625,0.0,0.0,0.0,0.0,0.0,0.0,0.0,8805.7978515625,8805.7978515625,0.0,0.0
192,0,A10,7,128,256,128,4095,1,0,0,0.0,0.0,6890.339706420898,0.0,0.0,0.0,0.0,0.0,0.0,0.0,15696.137557983398,15696.137557983398,0.0,0.0
192,0,A10,7,256,512,256,8131,61,0,0,0.0,0.0,15140.145553588867,0.0,0.0,0.0,0.0,0.0,0.0,0.0,30836.283111572266,30836.283111572266,0.0,0.0
192,0,A10,7,512,783,271,8560,112,0,0,0.0,0.0,18446.553802490234,0.0,0.0,0.0,0.0,0.0,0.0,0.0,49282.8369140625,49282.8369140625,0.0,0.0
192,0,A01,0,0,128,128,4096,0,0,708,0.6899771690368652,0.6899771690368652,21.35991621017456,0.0,1.0846083760261536,1.2031076550483704,1.0846083760261536,1.2031076550483704,-0.1184992790222168,-0.1184992790222168,21.35991621017456,21.241416931152344,-0.0055786899436274205,-0.0055477408177177666
192,0,A01,0,128,256,128,4096,0,0,2316,3.472348153591156,4.162325322628021,65.42377173900604,0.0,2.6809861063957214,4.683088839054108,3.765594482421875,5.886196494102478,-2.0021027326583862,-2.120602011680603,86.7836879491806,84.6630859375,-0.025047539765395206,-0.02443549083696927
192,0,A01,0,256,512,256,8192,0,0,5796,24.049905240535736,28.212230563163757,310.92546117305756,0.0,13.647098422050476,31.596973657608032,17.41269290447235,37.48317015171051,-17.949875235557556,-20.07047724723816,397.70914912223816,377.638671875,-0.05314730387009086,-0.050465213816515406
192,0,A01,0,512,783,271,8672,0,0,7075,65.20243978500366,93.41467034816742,340.57249146699905,0.0,28.184717416763306,76.79431825876236,45.59741032123566,114.27748841047287,-48.609600841999054,-68.68007808923721,738.2816405892372,669.6015625,-0.10256857500871977,-0.09302693486244935
192,0,A01,7,0,128,128,4096,0,0,1522,159.5560646057129,159.5560646057129,8776.676233232021,0.0,243.8585069179535,349.5347401499748,243.8585069179535,349.5347401499748,-105.67623323202133,-105.67623323202133,8776.676233232021,8671.0,-0.012187317867837773,-0.01204057554634278
192,0,A01,7,128,256,128,4094,2,0,2359,418.8081817626953,578.3642463684082,6876.140029907227,0.0,587.7251892089844,812.8652191162109,831.5836961269379,1162.3999592661858,-225.14002990722656,-330.8162631392479,15652.816263139248,15322.0,-0.02159093219809737,-0.021134616134112924
192,0,A01,7,256,512,256,8131,61,0,5436,2677.184341430664,3255.5485877990723,15062.073257446289,0.0,2440.0265502929688,3354.099807739258,3271.6102464199066,4516.499767005444,-914.0732574462891,-1244.889520585537,30714.889520585537,29470.0,-0.042242603345284596,-0.04053048993554722
192,0,A01,7,512,783,271,8557,115,0,6140,5541.5443115234375,8797.09289932251,18288.279083251953,0.0,2663.3826599121094,6285.6617431640625,5934.992906332016,10802.161510169506,-3622.279083251953,-4867.16860383749,49003.16860383749,44136.0,-0.11027661328252425,-0.09932354871142632
192,0,A11,0,0,128,128,4096,0,0,708,0.6899771690368652,0.6899771690368652,21.35991621017456,0.0,1.0846083760261536,1.2031076550483704,1.0846083760261536,1.2031076550483704,-0.1184992790222168,-0.1184992790222168,21.35991621017456,21.241416931152344,-0.0055786899436274205,-0.0055477408177177666
192,0,A11,0,128,256,128,4096,0,0,2316,3.472348153591156,4.162325322628021,65.42377173900604,0.0,2.6809861063957214,4.683088839054108,3.765594482421875,5.886196494102478,-2.0021027326583862,-2.120602011680603,86.7836879491806,84.6630859375,-0.025047539765395206,-0.02443549083696927
192,0,A11,0,256,512,256,8192,0,0,5796,24.049905240535736,28.212230563163757,310.92546117305756,0.0,13.647098422050476,31.596973657608032,17.41269290447235,37.48317015171051,-17.949875235557556,-20.07047724723816,397.70914912223816,377.638671875,-0.05314730387009086,-0.050465213816515406
192,0,A11,0,512,783,271,8672,0,0,7075,65.20243978500366,93.41467034816742,340.57249146699905,0.0,28.184717416763306,76.79431825876236,45.59741032123566,114.27748841047287,-48.609600841999054,-68.68007808923721,738.2816405892372,669.6015625,-0.10256857500871977,-0.09302693486244935
192,0,A11,7,0,128,128,4096,0,0,1521,160.33749771118164,160.33749771118164,8791.264713644981,0.0,242.7420670390129,350.0067806839943,242.7420670390129,350.0067806839943,-107.26471364498138,-107.26471364498138,8791.264713644981,8684.0,-0.012351993740785511,-0.01220128356259084
192,0,A11,7,128,256,128,4094,2,0,2353,418.01658630371094,578.3540840148926,6890.690490722656,0.0,590.2590942382812,811.9495849609375,833.0011612772942,1161.9563656449318,-221.69049072265625,-328.95520436763763,15681.955204367638,15353.0,-0.021426118958355868,-0.020976670324630128
192,0,A11,7,256,512,256,8132,60,0,5430,2679.549270629883,3257.9033546447754,15104.948593139648,0.0,2455.187545776367,3361.1361389160156,3288.1887070536613,4523.092504560947,-905.9485931396484,-1234.903797507286,30786.903797507286,29552.0,-0.04178748638018699,-0.04011133453463002
192,0,A11,7,512,783,271,8562,110,0,6163,5669.841339111328,8927.744693756104,18280.08038330078,0.0,2626.634796142578,6394.715179443359,5914.8235031962395,10917.807684004307,-3768.0803833007812,-5002.984180808067,49066.98418080807,44064.0,-0.1135390382354772,-0.10196233300935013
192,0,fp16_boundary,0,0,128,128,4096,0,0,51,0.02595585584640503,0.02595585584640503,21.35991609096527,0.0,0.141526460647583,0.149574875831604,0.141526460647583,0.149574875831604,-0.008048415184020996,-0.008048415184020996,21.35991609096527,21.35186767578125,-0.0003769419755794974,-0.000376799943864259
192,0,fp16_boundary,0,128,256,128,4096,0,0,742,0.21754151582717896,0.24349737167358398,65.42377191781998,0.0,0.47719359397888184,0.6373546719551086,0.6187200546264648,0.7869295477867126,-0.1601610779762268,-0.1682094931602478,86.78368800878525,86.615478515625,-0.0019420257908048578,-0.0019382616367170256
192,0,fp16_boundary,0,256,512,256,8192,0,0,3358,2.4798147678375244,2.7233121395111084,310.925463616848,0.0,3.4553324580192566,5.0880714654922485,4.074052512645721,5.875001013278961,-1.632739007472992,-1.8009485006332397,397.70915162563324,395.908203125,-0.004548904231884851,-0.004528305404268109
192,0,fp16_boundary,0,512,783,271,8672,0,0,4760,8.120314061641693,10.843626201152802,340.572480738163,0.0,8.549968361854553,14.082410037517548,12.624020874500275,19.95741105079651,-5.532441675662994,-7.333390176296234,738.2816323637962,730.9482421875,-0.010032707862255316,-0.009933052448855489
192,0,fp16_boundary,7,0,128,128,4096,0,0,837,15.392425537109375,15.392425537109375,8795.587147057056,0.0,41.512895822525024,50.97504287958145,41.512895822525024,50.97504287958145,-9.462147057056427,-9.462147057056427,8795.587147057056,8786.125,-0.0010769420031079033,-0.001075783446727874
192,0,fp16_boundary,7,128,256,128,4095,1,0,1301,38.78681945800781,54.17924499511719,6874.4158935546875,0.0,97.68466186523438,118.97555541992188,139.1975576877594,169.95059829950333,-21.2908935546875,-30.753040611743927,15670.003040611744,15639.25,-0.001966401241219619,-0.001962542096006087
192,0,fp16_boundary,7,256,512,256,8131,61,0,2965,154.75291442871094,208.93215942382812,15103.099166870117,0.0,349.8188934326172,471.9180603027344,489.0164511203766,641.8686586022377,-122.09916687011719,-152.85220748186111,30773.10220748186,30620.25,-0.004991866737922163,-0.004967071777531034
192,0,fp16_boundary,7,512,783,271,8557,115,0,3341,276.16900634765625,485.1011657714844,18479.448638916016,0.0,597.0263366699219,748.7249755859375,1086.0427877902985,1390.5936341881752,-151.69863891601562,-304.55084639787674,49252.55084639788,48948.0,-0.006221926256392023,-0.006183453266160128
192,0,bf16_pair_boundary,0,0,128,128,4096,0,0,0,0.0,0.0,21.35991609096527,0.0,0.0014870166778564453,0.0015617609024047852,0.0014870166778564453,0.0015617609024047852,-7.474422454833984e-05,-7.474422454833984e-05,21.35991609096527,21.359841346740723,-3.499287440154371e-06,-3.499275195184631e-06
192,0,bf16_pair_boundary,0,128,256,128,4096,0,0,1,1.6093254089355469e-06,1.6093254089355469e-06,65.42377209663391,0.0,0.0056645870208740234,0.0060803890228271484,0.007151603698730469,0.007642149925231934,-0.000415802001953125,-0.0004905462265014648,86.78368818759918,86.78319764137268,-5.652548417593727e-06,-5.65251646647072e-06
192,0,bf16_pair_boundary,0,256,512,256,8192,0,0,88,0.0010073184967041016,0.0010089278221130371,310.9254614710808,0.0,0.050104379653930664,0.05365389585494995,0.05725598335266113,0.061296045780181885,-0.003549516201019287,-0.004040062427520752,397.70914965867996,397.70510959625244,-1.015843731960647e-05,-1.015833412680597e-05
192,0,bf16_pair_boundary,0,512,783,271,8672,0,0,236,0.005861103534698486,0.0068700313568115234,340.57248479127884,0.0,0.14617103338241577,0.1587049961090088,0.2034270167350769,0.22000104188919067,-0.012533962726593018,-0.01657402515411377,738.2816344499588,738.2650604248047,-2.2449965524004235e-05,-2.2449461534366756e-05
192,0,bf16_pair_boundary,7,0,128,128,4096,0,0,62,0.03497314453125,0.03497314453125,8792.344253122807,0.0,0.5568601489067078,0.5917870998382568,0.5568601489067078,0.5917870998382568,-0.03492695093154907,-0.03492695093154907,8792.344253122807,8792.309326171875,-3.972443374755115e-06,-3.972427594511435e-06
192,0,bf16_pair_boundary,7,128,256,128,4095,1,0,181,0.1612548828125,0.19622802734375,6875.941757202148,0.0,1.2630615234375,1.4291839599609375,1.8199216723442078,2.0209710597991943,-0.1661224365234375,-0.20104938745498657,15668.286010324955,15668.0849609375,-1.2831777971349268e-05,-1.2831613318936146e-05
192,0,bf16_pair_boundary,7,256,512,256,8131,61,0,421,0.597015380859375,0.793243408203125,15100.533172607422,0.0,4.9038543701171875,5.2453765869140625,6.723776042461395,7.266347646713257,-0.341522216796875,-0.5425716042518616,30768.819182932377,30768.276611328125,-1.763412397469477e-05,-1.7633813017849863e-05
192,0,bf16_pair_boundary,7,512,783,271,8558,114,0,594,0.97491455078125,1.768157958984375,18476.175262451172,0.0,8.74212646484375,8.868804931640625,15.465902507305145,16.135152578353882,-0.126678466796875,-0.6692500710487366,49244.99444538355,49244.3251953125,-1.3590399876419498e-05,-1.3590215179960796e-05
9650,7,A00,0,0,128,128,4096,0,0,0,0.0,0.0,21.359914779663086,0.0,0.0,0.0,0.0,0.0,0.0,0.0,21.359914779663086,21.359914779663086,0.0,0.0
9650,7,A00,0,128,256,128,4096,0,0,0,0.0,0.0,37.844754457473755,0.0,0.0,0.0,0.0,0.0,0.0,0.0,59.20466923713684,59.20466923713684,0.0,0.0
9650,7,A00,0,256,512,256,8192,0,0,0,0.0,0.0,325.0141521692276,0.0,0.0,0.0,0.0,0.0,0.0,0.0,384.21882140636444,384.21882140636444,0.0,0.0
9650,7,A00,0,512,783,271,8672,0,0,0,0.0,0.0,351.2714458703995,0.0,0.0,0.0,0.0,0.0,0.0,0.0,735.4902672767639,735.4902672767639,0.0,0.0
9650,7,A00,7,0,128,128,4096,0,0,0,0.0,0.0,8792.345703125,0.0,0.0,0.0,0.0,0.0,0.0,0.0,8792.345703125,8792.345703125,0.0,0.0
9650,7,A00,7,128,256,128,4087,9,0,0,0.0,0.0,4033.357681274414,0.0,0.0,0.0,0.0,0.0,0.0,0.0,12825.703384399414,12825.703384399414,0.0,0.0
9650,7,A00,7,256,512,256,8128,64,0,0,0.0,0.0,15361.825759887695,0.0,0.0,0.0,0.0,0.0,0.0,0.0,28187.52914428711,28187.52914428711,0.0,0.0
9650,7,A00,7,512,783,271,8574,98,0,0,0.0,0.0,18288.526580810547,0.0,0.0,0.0,0.0,0.0,0.0,0.0,46476.055725097656,46476.055725097656,0.0,0.0
9650,7,A10,0,0,128,128,4096,0,0,0,0.0,0.0,21.359914779663086,0.0,0.0,0.0,0.0,0.0,0.0,0.0,21.359914779663086,21.359914779663086,0.0,0.0
9650,7,A10,0,128,256,128,4096,0,0,0,0.0,0.0,37.844754457473755,0.0,0.0,0.0,0.0,0.0,0.0,0.0,59.20466923713684,59.20466923713684,0.0,0.0
9650,7,A10,0,256,512,256,8192,0,0,0,0.0,0.0,325.0141521692276,0.0,0.0,0.0,0.0,0.0,0.0,0.0,384.21882140636444,384.21882140636444,0.0,0.0
9650,7,A10,0,512,783,271,8672,0,0,0,0.0,0.0,351.2714458703995,0.0,0.0,0.0,0.0,0.0,0.0,0.0,735.4902672767639,735.4902672767639,0.0,0.0
9650,7,A10,7,0,128,128,4096,0,0,0,0.0,0.0,8805.7978515625,0.0,0.0,0.0,0.0,0.0,0.0,0.0,8805.7978515625,8805.7978515625,0.0,0.0
9650,7,A10,7,128,256,128,4087,9,0,0,0.0,0.0,4071.9065704345703,0.0,0.0,0.0,0.0,0.0,0.0,0.0,12877.70442199707,12877.70442199707,0.0,0.0
9650,7,A10,7,256,512,256,8130,62,0,0,0.0,0.0,15358.218276977539,0.0,0.0,0.0,0.0,0.0,0.0,0.0,28235.92269897461,28235.92269897461,0.0,0.0
9650,7,A10,7,512,783,271,8576,96,0,0,0.0,0.0,18368.164520263672,0.0,0.0,0.0,0.0,0.0,0.0,0.0,46604.08721923828,46604.08721923828,0.0,0.0
9650,7,A01,0,0,128,128,4096,0,0,708,0.6899771690368652,0.6899771690368652,21.35991621017456,0.0,1.0846083760261536,1.2031076550483704,1.0846083760261536,1.2031076550483704,-0.1184992790222168,-0.1184992790222168,21.35991621017456,21.241416931152344,-0.0055786899436274205,-0.0055477408177177666
9650,7,A01,0,128,256,128,4096,0,0,1996,2.967134177684784,3.657111346721649,37.84475564956665,0.0,1.9022485613822937,3.672991454601288,2.9868569374084473,4.876099109649658,-1.7707428932189941,-1.889242172241211,59.20467185974121,57.3154296875,-0.03296219155194152,-0.0319103562758851
9650,7,A01,0,256,512,256,8192,0,0,5641,24.695633590221405,28.352744936943054,325.0141312479973,0.0,14.344107329845428,31.599449515342712,17.330964267253876,36.47554862499237,-17.255342185497284,-19.144584357738495,384.2188031077385,365.07421875,-0.052440252897859536,-0.049827296849837346
9650,7,A01,0,512,783,271,8672,0,0,7131,61.84076976776123,90.19351470470428,351.27143555879593,0.0,28.00074565410614,73.31514996290207,45.331709921360016,109.79069858789444,-45.31440430879593,-64.45898866653442,735.4902386665344,671.03125,-0.09605959285284318,-0.08764084861737999
9650,7,A01,7,0,128,128,4096,0,0,1522,159.5560646057129,159.5560646057129,8776.676233232021,0.0,243.8585069179535,349.5347401499748,243.8585069179535,349.5347401499748,-105.67623323202133,-105.67623323202133,8776.676233232021,8671.0,-0.012187317867837773,-0.01204057554634278
9650,7,A01,7,128,256,128,4088,8,0,3163,479.8810119628906,639.4370765686035,3996.6946868896484,0.0,295.6796112060547,661.3742980957031,539.5381181240082,1010.909038245678,-365.69468688964844,-471.37092012166977,12773.37092012167,12302.0,-0.03831660869140544,-0.03690262524038407
9650,7,A01,7,256,512,256,8128,64,0,5080,1922.1591796875,2561.5962562561035,15393.092956542969,0.0,2053.5426177978516,2724.6355743408203,2593.0807359218597,3735.5446125864983,-671.0929565429688,-1142.4638766646385,28166.46387666464,27024.0,-0.042275898337205395,-0.040561139718044176
9650,7,A01,7,512,783,271,8579,93,0,6122,5551.177185058594,8112.773441314697,18097.473419189453,0.0,2965.4463806152344,6082.9197998046875,5558.527116537094,9818.464412391186,-3117.473419189453,-4259.937295854092,46263.93729585409,42004.0,-0.10141741967084306,-0.09207900461675238
9650,7,A11,0,0,128,128,4096,0,0,708,0.6899771690368652,0.6899771690368652,21.35991621017456,0.0,1.0846083760261536,1.2031076550483704,1.0846083760261536,1.2031076550483704,-0.1184992790222168,-0.1184992790222168,21.35991621017456,21.241416931152344,-0.0055786899436274205,-0.0055477408177177666
9650,7,A11,0,128,256,128,4096,0,0,1996,2.967134177684784,3.657111346721649,37.84475564956665,0.0,1.9022485613822937,3.672991454601288,2.9868569374084473,4.876099109649658,-1.7707428932189941,-1.889242172241211,59.20467185974121,57.3154296875,-0.03296219155194152,-0.0319103562758851
9650,7,A11,0,256,512,256,8192,0,0,5641,24.695633590221405,28.352744936943054,325.0141312479973,0.0,14.344107329845428,31.599449515342712,17.330964267253876,36.47554862499237,-17.255342185497284,-19.144584357738495,384.2188031077385,365.07421875,-0.052440252897859536,-0.049827296849837346
9650,7,A11,0,512,783,271,8672,0,0,7131,61.84076976776123,90.19351470470428,351.27143555879593,0.0,28.00074565410614,73.31514996290207,45.331709921360016,109.79069858789444,-45.31440430879593,-64.45898866653442,735.4902386665344,671.03125,-0.09605959285284318,-0.08764084861737999
9650,7,A11,7,0,128,128,4096,0,0,1521,160.33749771118164,160.33749771118164,8791.264713644981,0.0,242.7420670390129,350.0067806839943,242.7420670390129,350.0067806839943,-107.26471364498138,-107.26471364498138,8791.264713644981,8684.0,-0.012351993740785511,-0.01220128356259084
9650,7,A11,7,128,256,128,4089,7,0,3154,485.62200927734375,645.9595069885254,4035.5531311035156,0.0,303.00489807128906,665.5580291748047,545.746965110302,1015.564809858799,-362.5531311035156,-469.817844748497,12826.817844748497,12357.0,-0.03802038073549381,-0.036627778645881987
9650,7,A11,7,256,512,256,8128,64,0,5075,1925.1420288085938,2571.101535797119,15372.468765258789,0.0,2079.547607421875,2721.016372680664,2625.294572532177,3736.581182539463,-641.4687652587891,-1111.286610007286,28199.286610007286,27088.0,-0.04102505205283838,-0.03940832352875607
9650,7,A11,7,512,783,271,8583,89,0,6099,5544.571716308594,8115.673252105713,18198.569732666016,0.0,3027.9019165039062,6086.471649169922,5653.196489036083,9823.052831709385,-3058.5697326660156,-4169.856342673302,46397.8563426733,42228.0,-0.09874624284061054,-0.08987174562282908
9650,7,fp16_boundary,0,0,128,128,4096,0,0,51,0.02595585584640503,0.02595585584640503,21.35991609096527,0.0,0.141526460647583,0.149574875831604,0.141526460647583,0.149574875831604,-0.008048415184020996,-0.008048415184020996,21.35991609096527,21.35186767578125,-0.0003769419755794974,-0.000376799943864259
9650,7,fp16_boundary,0,128,256,128,4096,0,0,308,0.06851571798324585,0.09447157382965088,37.84475612640381,0.0,0.3491288423538208,0.3831549882888794,0.4906553030014038,0.5327298641204834,-0.034026145935058594,-0.04207456111907959,59.20467221736908,59.16259765625,-0.0007111682513256716,-0.0007106628504690214
9650,7,fp16_boundary,0,256,512,256,8192,0,0,3156,2.652317702770233,2.746789276599884,325.01414078474045,0.0,3.4754945039749146,5.2711294293403625,3.9661498069763184,5.803859293460846,-1.795634925365448,-1.8377094864845276,384.2188130021095,382.381103515625,-0.004805963133608234,-0.004782976325717912
9650,7,fp16_boundary,0,512,783,271,8672,0,0,4783,7.477811396121979,10.224600672721863,351.2714185118675,0.0,8.026483237743378,13.2161146402359,11.992633044719696,19.019973933696747,-5.189631402492523,-7.027340888977051,735.490231513977,728.462890625,-0.009646806967679295,-0.009554635245816321
9650,7,fp16_boundary,7,0,128,128,4096,0,0,837,15.392425537109375,15.392425537109375,8795.587147057056,0.0,41.512895822525024,50.97504287958145,41.512895822525024,50.97504287958145,-9.462147057056427,-9.462147057056427,8795.587147057056,8786.125,-0.0010769420031079033,-0.001075783446727874
9650,7,fp16_boundary,7,128,256,128,4087,9,0,1871,50.89518737792969,66.28761291503906,4031.239273071289,0.0,72.86882019042969,105.23309326171875,114.38171601295471,156.2081361413002,-32.36427307128906,-41.82642012834549,12826.826420128345,12785.0,-0.003271522888411849,-0.0032608549268827616
9650,7,fp16_boundary,7,256,512,256,8128,64,0,2721,136.0448760986328,202.33248901367188,15368.437530517578,0.0,332.64166259765625,419.0791931152344,447.02337861061096,575.2873292565346,-86.43753051757812,-128.26395064592361,28195.263950645924,28067.0,-0.004569920213985236,-0.004549131048052672
9650,7,fp16_boundary,7,512,783,271,8574,98,0,3354,265.5286560058594,467.86114501953125,18288.089233398438,0.0,577.7301635742188,761.8193969726562,1024.7535421848297,1337.1067262291908,-184.0892333984375,-312.3531840443611,46483.35318404436,46171.0,-0.006765137944691714,-0.006719678393416288
9650,7,bf16_pair_boundary,0,0,128,128,4096,0,0,0,0.0,0.0,21.35991609096527,0.0,0.0014870166778564453,0.0015617609024047852,0.0014870166778564453,0.0015617609024047852,-7.474422454833984e-05,-7.474422454833984e-05,21.35991609096527,21.359841346740723,-3.499287440154371e-06,-3.499275195184631e-06
9650,7,bf16_pair_boundary,0,128,256,128,4096,0,0,0,0.0,0.0,37.84475600719452,0.0,0.0035872459411621094,0.0037096738815307617,0.005074262619018555,0.005271434783935547,-0.00012242794036865234,-0.0001971721649169922,59.20467209815979,59.20447492599487,-3.330359152132602e-06,-3.330348060877458e-06
9650,7,bf16_pair_boundary,0,256,512,256,8192,0,0,135,0.0018849372863769531,0.0018849372863769531,325.0141408443451,0.0,0.05290704965591431,0.054560959339141846,0.05798131227493286,0.05983239412307739,-0.001653909683227539,-0.0018510818481445312,384.2188129425049,384.21696186065674,-4.817803563851665e-06,-4.817780352732311e-06
9650,7,bf16_pair_boundary,0,512,783,271,8672,0,0,271,0.006238341331481934,0.008123278617858887,351.27141135931015,0.0,0.14069980382919312,0.14271438121795654,0.19868111610412598,0.20254677534103394,-0.0020145773887634277,-0.003865659236907959,735.490224301815,735.4863586425781,-5.255922413085217e-06,-5.255894788509998e-06
9650,7,bf16_pair_boundary,7,0,128,128,4096,0,0,62,0.03497314453125,0.03497314453125,8792.344253122807,0.0,0.5568601489067078,0.5917870998382568,0.5568601489067078,0.5917870998382568,-0.03492695093154907,-0.03492695093154907,8792.344253122807,8792.309326171875,-3.972443374755115e-06,-3.972427594511435e-06
9650,7,bf16_pair_boundary,7,128,256,128,4087,9,0,167,0.17578125,0.21075439453125,4033.3452911376953,0.0,1.24444580078125,1.2362213134765625,1.8013059496879578,1.8280084133148193,0.0082244873046875,-0.026702463626861572,12825.689544260502,12825.662841796875,-2.081955837778795e-06,-2.081951503247709e-06
9650,7,bf16_pair_boundary,7,256,512,256,8128,64,0,402,0.56243896484375,0.773193359375,15361.856796264648,0.0,4.14337158203125,4.8265838623046875,5.944677531719208,6.654592275619507,-0.6832122802734375,-0.7099147439002991,28187.54634052515,28186.83642578125,-2.5186038375380485e-05,-2.5185404054827462e-05
9650,7,bf16_pair_boundary,7,512,783,271,8574,98,0,568,1.22137451171875,1.99456787109375,18288.55438232422,0.0,8.440032958984375,8.711822509765625,14.384710490703583,15.366414785385132,-0.27178955078125,-0.9817042946815491,46476.10072284937,46475.11901855469,-2.1123222821432997e-05,-2.1122776640315415e-05
3233,4,A00,0,0,128,128,4096,0,0,0,0.0,0.0,21.359914779663086,0.0,0.0,0.0,0.0,0.0,0.0,0.0,21.359914779663086,21.359914779663086,0.0,0.0
3233,4,A00,0,128,256,128,4096,0,0,0,0.0,0.0,47.85471910238266,0.0,0.0,0.0,0.0,0.0,0.0,0.0,69.21463388204575,69.21463388204575,0.0,0.0
3233,4,A00,0,256,512,256,8192,0,0,0,0.0,0.0,241.70459765195847,0.0,0.0,0.0,0.0,0.0,0.0,0.0,310.9192315340042,310.9192315340042,0.0,0.0
3233,4,A00,0,512,783,271,8672,0,0,0,0.0,0.0,237.41712605953217,0.0,0.0,0.0,0.0,0.0,0.0,0.0,548.3363575935364,548.3363575935364,0.0,0.0
3233,4,A00,7,0,128,128,4096,0,0,0,0.0,0.0,8792.345703125,0.0,0.0,0.0,0.0,0.0,0.0,0.0,8792.345703125,8792.345703125,0.0,0.0
3233,4,A00,7,128,256,128,4096,0,0,0,0.0,0.0,5112.206512451172,0.0,0.0,0.0,0.0,0.0,0.0,0.0,13904.552215576172,13904.552215576172,0.0,0.0
3233,4,A00,7,256,512,256,8168,24,0,0,0.0,0.0,15898.57992553711,0.0,0.0,0.0,0.0,0.0,0.0,0.0,29803.13214111328,29803.13214111328,0.0,0.0
3233,4,A00,7,512,783,271,8582,90,0,0,0.0,0.0,17577.29278564453,0.0,0.0,0.0,0.0,0.0,0.0,0.0,47380.42492675781,47380.42492675781,0.0,0.0
3233,4,A10,0,0,128,128,4096,0,0,0,0.0,0.0,21.359914779663086,0.0,0.0,0.0,0.0,0.0,0.0,0.0,21.359914779663086,21.359914779663086,0.0,0.0
3233,4,A10,0,128,256,128,4096,0,0,0,0.0,0.0,47.85471910238266,0.0,0.0,0.0,0.0,0.0,0.0,0.0,69.21463388204575,69.21463388204575,0.0,0.0
3233,4,A10,0,256,512,256,8192,0,0,0,0.0,0.0,241.70459765195847,0.0,0.0,0.0,0.0,0.0,0.0,0.0,310.9192315340042,310.9192315340042,0.0,0.0
3233,4,A10,0,512,783,271,8672,0,0,0,0.0,0.0,237.41712605953217,0.0,0.0,0.0,0.0,0.0,0.0,0.0,548.3363575935364,548.3363575935364,0.0,0.0
3233,4,A10,7,0,128,128,4096,0,0,0,0.0,0.0,8805.7978515625,0.0,0.0,0.0,0.0,0.0,0.0,0.0,8805.7978515625,8805.7978515625,0.0,0.0
3233,4,A10,7,128,256,128,4096,0,0,0,0.0,0.0,5154.468948364258,0.0,0.0,0.0,0.0,0.0,0.0,0.0,13960.266799926758,13960.266799926758,0.0,0.0
3233,4,A10,7,256,512,256,8169,23,0,0,0.0,0.0,15904.687454223633,0.0,0.0,0.0,0.0,0.0,0.0,0.0,29864.95425415039,29864.95425415039,0.0,0.0
3233,4,A10,7,512,783,271,8587,85,0,0,0.0,0.0,17562.659454345703,0.0,0.0,0.0,0.0,0.0,0.0,0.0,47427.613708496094,47427.613708496094,0.0,0.0
3233,4,A01,0,0,128,128,4096,0,0,708,0.6899771690368652,0.6899771690368652,21.35991621017456,0.0,1.0846083760261536,1.2031076550483704,1.0846083760261536,1.2031076550483704,-0.1184992790222168,-0.1184992790222168,21.35991621017456,21.241416931152344,-0.0055786899436274205,-0.0055477408177177666
3233,4,A01,0,128,256,128,4096,0,0,2363,3.2952887415885925,3.9852659106254578,47.85472369194031,0.0,1.8812156915664673,3.9927371740341187,2.965824067592621,5.195844829082489,-2.1115214824676514,-2.230020761489868,69.21463990211487,66.984619140625,-0.03329153453583495,-0.0322189173366158
3233,4,A01,0,256,512,256,8192,0,0,6218,21.091727077960968,25.076992988586426,241.70458126068115,0.0,10.60546612739563,25.630604028701782,13.57129019498825,30.82644885778427,-15.025137901306152,-17.25515866279602,310.919221162796,293.6640625,-0.05875815554651336,-0.0554972400814078
3233,4,A01,0,512,783,271,8672,0,0,7403,54.55232644081116,79.62931942939758,237.4171187877655,0.0,20.88237953186035,61.526060819625854,34.4536697268486,92.35250967741013,-40.6436812877655,-57.89883995056152,548.3363399505615,490.4375,-0.11805549116974441,-0.1055900106051365
3233,4,A01,7,0,128,128,4096,0,0,1522,159.5560646057129,159.5560646057129,8776.676233232021,0.0,243.8585069179535,349.5347401499748,243.8585069179535,349.5347401499748,-105.67623323202133,-105.67623323202133,8776.676233232021,8671.0,-0.012187317867837773,-0.01204057554634278
3233,4,A01,7,128,256,128,4096,0,0,2853,451.60784912109375,611.1639137268066,5075.017013549805,0.0,402.2352752685547,702.2522888183594,646.0937821865082,1051.7870289683342,-300.0170135498047,-405.693246781826,13851.693246781826,13446.0,-0.03017203977255883,-0.02928835049650562
3233,4,A01,7,256,512,256,8173,19,0,5014,1992.6728973388672,2603.836811065674,15864.2685546875,0.0,2351.217041015625,2701.485595703125,2997.310823202133,3753.272624671459,-350.2685546875,-755.961801469326,29715.961801469326,28960.0,-0.026103653365653522,-0.025439587199629087
3233,4,A01,7,512,783,271,8586,86,0,6363,6035.928405761719,8639.765216827393,17318.146850585938,0.0,2670.3697204589844,6632.516571044922,5667.680543661118,10385.789195716381,-3962.1468505859375,-4718.1086520552635,47034.10865205526,42316.0,-0.11149703781206313,-0.10031249208863438
3233,4,A11,0,0,128,128,4096,0,0,708,0.6899771690368652,0.6899771690368652,21.35991621017456,0.0,1.0846083760261536,1.2031076550483704,1.0846083760261536,1.2031076550483704,-0.1184992790222168,-0.1184992790222168,21.35991621017456,21.241416931152344,-0.0055786899436274205,-0.0055477408177177666
3233,4,A11,0,128,256,128,4096,0,0,2363,3.2952887415885925,3.9852659106254578,47.85472369194031,0.0,1.8812156915664673,3.9927371740341187,2.965824067592621,5.195844829082489,-2.1115214824676514,-2.230020761489868,69.21463990211487,66.984619140625,-0.03329153453583495,-0.0322189173366158
3233,4,A11,0,256,512,256,8192,0,0,6218,21.091727077960968,25.076992988586426,241.70458126068115,0.0,10.60546612739563,25.630604028701782,13.57129019498825,30.82644885778427,-15.025137901306152,-17.25515866279602,310.919221162796,293.6640625,-0.05875815554651336,-0.0554972400814078
3233,4,A11,0,512,783,271,8672,0,0,7403,54.55232644081116,79.62931942939758,237.4171187877655,0.0,20.88237953186035,61.526060819625854,34.4536697268486,92.35250967741013,-40.6436812877655,-57.89883995056152,548.3363399505615,490.4375,-0.11805549116974441,-0.1055900106051365
3233,4,A11,7,0,128,128,4096,0,0,1521,160.33749771118164,160.33749771118164,8791.264713644981,0.0,242.7420670390129,350.0067806839943,242.7420670390129,350.0067806839943,-107.26471364498138,-107.26471364498138,8791.264713644981,8684.0,-0.012351993740785511,-0.01220128356259084
3233,4,A11,7,128,256,128,4096,0,0,2847,459.88629150390625,620.2237892150879,5125.423110961914,0.0,405.25042724609375,706.6735382080078,647.9924942851067,1056.680318892002,-301.42311096191406,-408.68782460689545,13916.687824606895,13508.0,-0.030255243160119592,-0.029366745144938224
3233,4,A11,7,256,512,256,8172,20,0,5015,1998.2099609375,2618.433750152588,15883.043411254883,0.0,2365.2589111328125,2696.3023223876953,3013.251405417919,3752.9826412796974,-331.0434112548828,-739.7312358617783,29799.73123586178,29060.0,-0.025455307496964154,-0.024823419714992807
3233,4,A11,7,512,783,271,8593,79,0,6373,6083.6092529296875,8702.043003082275,17324.133026123047,0.0,2671.3156127929688,6671.448638916016,5684.567018210888,10424.431280195713,-4000.133026123047,-4739.864261984825,47123.864261984825,42384.0,-0.11183145200983449,-0.10058309810149652
3233,4,fp16_boundary,0,0,128,128,4096,0,0,51,0.02595585584640503,0.02595585584640503,21.35991609096527,0.0,0.141526460647583,0.149574875831604,0.141526460647583,0.149574875831604,-0.008048415184020996,-0.008048415184020996,21.35991609096527,21.35186767578125,-0.0003769419755794974,-0.000376799943864259
3233,4,fp16_boundary,0,128,256,128,4096,0,0,588,0.1395740509033203,0.16552990674972534,47.85472422838211,0.0,0.4039517045021057,0.4589933156967163,0.5454781651496887,0.6085681915283203,-0.055041611194610596,-0.06309002637863159,69.21464031934738,69.15155029296875,-0.0009123443525321299,-0.0009115127390324126
3233,4,fp16_boundary,0,256,512,256,8192,0,0,3340,2.0682709217071533,2.2338008284568787,241.70457816123962,0.0,2.745532751083374,4.157325267791748,3.2910109162330627,4.765893459320068,-1.411792516708374,-1.4748825430870056,310.919218480587,309.4443359375,-0.004766228920037157,-0.004743619742435103
3233,4,fp16_boundary,0,512,783,271,8672,0,0,4661,5.462707757949829,7.696508586406708,237.41714906692505,0.0,6.73560106754303,10.046304821968079,10.026611983776093,14.812198281288147,-3.310703754425049,-4.785586297512054,548.336367547512,543.55078125,-0.008804303963112102,-0.008727464710969393
3233,4,fp16_boundary,7,0,128,128,4096,0,0,837,15.392425537109375,15.392425537109375,8795.587147057056,0.0,41.512895822525024,50.97504287958145,41.512895822525024,50.97504287958145,-9.462147057056427,-9.462147057056427,8795.587147057056,8786.125,-0.0010769420031079033,-0.001075783446727874
3233,4,fp16_boundary,7,128,256,128,4096,0,0,1690,47.024139404296875,62.41656494140625,5112.999969482422,0.0,79.74620056152344,113.99617004394531,121.25909638404846,164.97121292352676,-34.249969482421875,-43.7121165394783,13908.587116539478,13864.875,-0.0031527234496869466,-0.003142815023065699
3233,4,fp16_boundary,7,256,512,256,8168,24,0,2793,137.7042999267578,200.12086486816406,15898.133575439453,0.0,343.3088073730469,433.8173828125,464.56790375709534,598.7885957360268,-90.50857543945312,-134.22069197893143,29806.72069197893,29672.5,-0.004523403554770627,-0.004503034512449757
3233,4,fp16_boundary,7,512,783,271,8583,89,0,3390,280.4480285644531,480.5688934326172,17548.066284179688,0.0,563.6809387207031,798.7472229003906,1028.2488424777985,1397.5358186364174,-235.0662841796875,-369.2869761586189,47354.78697615862,46985.5,-0.007859594474010469,-0.007798302975041177
3233,4,bf16_pair_boundary,0,0,128,128,4096,0,0,0,0.0,0.0,21.35991609096527,0.0,0.0014870166778564453,0.0015617609024047852,0.0014870166778564453,0.0015617609024047852,-7.474422454833984e-05,-7.474422454833984e-05,21.35991609096527,21.359841346740723,-3.499287440154371e-06,-3.499275195184631e-06
3233,4,bf16_pair_boundary,0,128,256,128,4096,0,0,0,0.0,0.0,47.854724168777466,0.0,0.0046599507331848145,0.004454314708709717,0.00614696741104126,0.006016075611114502,0.00020563602447509766,0.0001308917999267578,69.21464025974274,69.21477115154266,1.8910963331826386e-06,1.891099909434743e-06
3233,4,bf16_pair_boundary,0,256,512,256,8192,0,0,231,0.0025112032890319824,0.0025112032890319824,241.70457869768143,0.0,0.04374164342880249,0.0471569299697876,0.04988861083984375,0.0531730055809021,-0.0034152865409851074,-0.0032843947410583496,310.91921895742416,310.9159345626831,-1.05636102108372e-05,-1.0563498622155293e-05
3233,4,bf16_pair_boundary,0,512,783,271,8672,0,0,192,0.003306150436401367,0.00581735372543335,237.41714668273926,0.0,0.10766088962554932,0.1015545129776001,0.15754950046539307,0.1547275185585022,0.006106376647949219,0.002821981906890869,548.3363656401634,548.3391876220703,5.146416616927719e-06,5.146443102668021e-06
3233,4,bf16_pair_boundary,7,0,128,128,4096,0,0,62,0.03497314453125,0.03497314453125,8792.344253122807,0.0,0.5568601489067078,0.5917870998382568,0.5568601489067078,0.5917870998382568,-0.03492695093154907,-0.03492695093154907,8792.344253122807,8792.309326171875,-3.972443374755115e-06,-3.972427594511435e-06
3233,4,bf16_pair_boundary,7,128,256,128,4096,0,0,188,0.177398681640625,0.212371826171875,5112.205322265625,0.0,1.176483154296875,1.332855224609375,1.7333433032035828,1.9246423244476318,-0.1563720703125,-0.19129902124404907,13904.549575388432,13904.358276367188,-1.3758205696496915e-05,-1.375801641087716e-05
3233,4,bf16_pair_boundary,7,256,512,256,8168,24,0,391,0.55108642578125,0.763458251953125,15898.582916259766,0.0,4.683868408203125,4.99835205078125,6.417211711406708,6.922994375228882,-0.314483642578125,-0.5057826638221741,29803.132491648197,29802.626708984375,-1.6971076702769276e-05,-1.6970788690212706e-05
3233,4,bf16_pair_boundary,7,512,783,271,8582,90,0,574,1.22210693359375,1.985565185546875,17577.145416259766,0.0,8.37890625,8.745025634765625,14.796117961406708,15.668020009994507,-0.366119384765625,-0.8719020485877991,47380.27790790796,47379.406005859375,-1.8402553389545906e-05,-1.8402214741806633e-05
7198,8,A00,0,0,128,128,4096,0,0,0,0.0,0.0,21.359914779663086,0.0,0.0,0.0,0.0,0.0,0.0,0.0,21.359914779663086,21.359914779663086,0.0,0.0
7198,8,A00,0,128,256,128,4096,0,0,0,0.0,0.0,59.235983431339264,0.0,0.0,0.0,0.0,0.0,0.0,0.0,80.59589821100235,80.59589821100235,0.0,0.0
7198,8,A00,0,256,512,256,8192,0,0,0,0.0,0.0,253.0416452884674,0.0,0.0,0.0,0.0,0.0,0.0,0.0,333.63754349946976,333.63754349946976,0.0,0.0
7198,8,A00,0,512,783,271,8672,0,0,0,0.0,0.0,324.5077639222145,0.0,0.0,0.0,0.0,0.0,0.0,0.0,658.1453074216843,658.1453074216843,0.0,0.0
7198,8,A00,7,0,128,128,4096,0,0,0,0.0,0.0,8792.345703125,0.0,0.0,0.0,0.0,0.0,0.0,0.0,8792.345703125,8792.345703125,0.0,0.0
7198,8,A00,7,128,256,128,4089,7,0,0,0.0,0.0,5837.727020263672,0.0,0.0,0.0,0.0,0.0,0.0,0.0,14630.072723388672,14630.072723388672,0.0,0.0
7198,8,A00,7,256,512,256,8146,46,0,0,0.0,0.0,14909.48291015625,0.0,0.0,0.0,0.0,0.0,0.0,0.0,29539.555633544922,29539.555633544922,0.0,0.0
7198,8,A00,7,512,783,271,8561,111,0,0,0.0,0.0,18181.879425048828,0.0,0.0,0.0,0.0,0.0,0.0,0.0,47721.43505859375,47721.43505859375,0.0,0.0
7198,8,A10,0,0,128,128,4096,0,0,0,0.0,0.0,21.359914779663086,0.0,0.0,0.0,0.0,0.0,0.0,0.0,21.359914779663086,21.359914779663086,0.0,0.0
7198,8,A10,0,128,256,128,4096,0,0,0,0.0,0.0,59.235983431339264,0.0,0.0,0.0,0.0,0.0,0.0,0.0,80.59589821100235,80.59589821100235,0.0,0.0
7198,8,A10,0,256,512,256,8192,0,0,0,0.0,0.0,253.0416452884674,0.0,0.0,0.0,0.0,0.0,0.0,0.0,333.63754349946976,333.63754349946976,0.0,0.0
7198,8,A10,0,512,783,271,8672,0,0,0,0.0,0.0,324.5077639222145,0.0,0.0,0.0,0.0,0.0,0.0,0.0,658.1453074216843,658.1453074216843,0.0,0.0
7198,8,A10,7,0,128,128,4096,0,0,0,0.0,0.0,8805.7978515625,0.0,0.0,0.0,0.0,0.0,0.0,0.0,8805.7978515625,8805.7978515625,0.0,0.0
7198,8,A10,7,128,256,128,4089,7,0,0,0.0,0.0,5882.017028808594,0.0,0.0,0.0,0.0,0.0,0.0,0.0,14687.814880371094,14687.814880371094,0.0,0.0
7198,8,A10,7,256,512,256,8151,41,0,0,0.0,0.0,14950.515594482422,0.0,0.0,0.0,0.0,0.0,0.0,0.0,29638.330474853516,29638.330474853516,0.0,0.0
7198,8,A10,7,512,783,271,8569,103,0,0,0.0,0.0,18231.784759521484,0.0,0.0,0.0,0.0,0.0,0.0,0.0,47870.115234375,47870.115234375,0.0,0.0
7198,8,A01,0,0,128,128,4096,0,0,708,0.6899771690368652,0.6899771690368652,21.35991621017456,0.0,1.0846083760261536,1.2031076550483704,1.0846083760261536,1.2031076550483704,-0.1184992790222168,-0.1184992790222168,21.35991621017456,21.241416931152344,-0.0055786899436274205,-0.0055477408177177666
7198,8,A01,0,128,256,128,4096,0,0,2272,3.342479407787323,4.032456576824188,59.23598712682724,0.0,2.4671618342399597,4.3381205797195435,3.5517702102661133,5.541228234767914,-1.8709587454795837,-1.9894580245018005,80.5959033370018,78.6064453125,-0.025309095413139575,-0.02468435667484398
7198,8,A01,0,256,512,256,8192,0,0,5741,21.114267230033875,25.146723806858063,253.0416367650032,0.0,12.477854549884796,27.498983502388,16.02962476015091,33.040211737155914,-15.021128952503204,-17.010586977005005,333.637540102005,316.626953125,-0.053724380723486474,-0.050985230774103704
7198,8,A01,0,512,783,271,8672,0,0,7105,60.46078783273697,85.60751163959503,324.5078241825104,0.0,25.54275733232498,70.20878463983536,41.57238209247589,103.24899637699127,-44.666027307510376,-61.67661428451538,658.1453642845154,596.46875,-0.10340292644755551,-0.09371275349111577
7198,8,A01,7,0,128,128,4096,0,0,1522,159.5560646057129,159.5560646057129,8776.676233232021,0.0,243.8585069179535,349.5347401499748,243.8585069179535,349.5347401499748,-105.67623323202133,-105.67623323202133,8776.676233232021,8671.0,-0.012187317867837773,-0.01204057554634278
7198,8,A01,7,128,256,128,4089,7,0,2611,472.5227813720703,632.0788459777832,5806.705230712891,0.0,450.47889709472656,788.1841278076172,694.33740401268,1137.718867957592,-337.7052307128906,-443.38146394491196,14583.381463944912,14140.0,-0.031356539175736345,-0.030403200042534856
7198,8,A01,7,256,512,256,8153,39,0,5332,2350.515914916992,2982.5947608947754,14843.852447509766,0.0,2300.330810546875,2988.1832580566406,2994.668214559555,4125.902126014233,-687.8524475097656,-1131.2339114546776,29427.233911454678,28296.0,-0.03997858041612516,-0.03844173444430806
7198,8,A01,7,512,783,271,8560,112,0,6222,5600.0584716796875,8582.653232574463,17880.62094116211,0.0,3130.190643310547,6246.811584472656,6124.858857870102,10372.713710486889,-3116.6209411621094,-4247.854852616787,47307.85485261679,43060.0,-0.09864967144953059,-0.08979174527888831
7198,8,A11,0,0,128,128,4096,0,0,708,0.6899771690368652,0.6899771690368652,21.35991621017456,0.0,1.0846083760261536,1.2031076550483704,1.0846083760261536,1.2031076550483704,-0.1184992790222168,-0.1184992790222168,21.35991621017456,21.241416931152344,-0.0055786899436274205,-0.0055477408177177666
7198,8,A11,0,128,256,128,4096,0,0,2272,3.342479407787323,4.032456576824188,59.23598712682724,0.0,2.4671618342399597,4.3381205797195435,3.5517702102661133,5.541228234767914,-1.8709587454795837,-1.9894580245018005,80.5959033370018,78.6064453125,-0.025309095413139575,-0.02468435667484398
7198,8,A11,0,256,512,256,8192,0,0,5741,21.114267230033875,25.146723806858063,253.0416367650032,0.0,12.477854549884796,27.498983502388,16.02962476015091,33.040211737155914,-15.021128952503204,-17.010586977005005,333.637540102005,316.626953125,-0.053724380723486474,-0.050985230774103704
7198,8,A11,0,512,783,271,8672,0,0,7105,60.46078783273697,85.60751163959503,324.5078241825104,0.0,25.54275733232498,70.20878463983536,41.57238209247589,103.24899637699127,-44.666027307510376,-61.67661428451538,658.1453642845154,596.46875,-0.10340292644755551,-0.09371275349111577
7198,8,A11,7,0,128,128,4096,0,0,1521,160.33749771118164,160.33749771118164,8791.264713644981,0.0,242.7420670390129,350.0067806839943,242.7420670390129,350.0067806839943,-107.26471364498138,-107.26471364498138,8791.264713644981,8684.0,-0.012351993740785511,-0.01220128356259084
7198,8,A11,7,128,256,128,4089,7,0,2598,466.49542236328125,626.8329200744629,5857.789596557617,0.0,462.0721435546875,777.8617401123047,704.8142105937004,1127.868520796299,-315.7895965576172,-423.0543102025986,14649.054310202599,14226.0,-0.029738107001447953,-0.028879291539519705
7198,8,A11,7,256,512,256,8155,37,0,5328,2368.5548706054688,2995.3877906799316,14901.803344726562,0.0,2321.8360595703125,3017.639404296875,3026.650270164013,4145.507925093174,-695.8033447265625,-1118.857654929161,29550.85765492916,28432.0,-0.03935205595558389,-0.037862104308249496
7198,8,A11,7,512,783,271,8562,110,0,6232,5706.735076904297,8702.122867584229,17946.045989990234,0.0,3126.654815673828,6336.7008056640625,6153.305085837841,10482.208730757236,-3210.0459899902344,-4328.903644919395,47496.903644919395,43168.0,-0.10028038465806606,-0.09114075471701713
7198,8,fp16_boundary,0,0,128,128,4096,0,0,51,0.02595585584640503,0.02595585584640503,21.35991609096527,0.0,0.141526460647583,0.149574875831604,0.141526460647583,0.149574875831604,-0.008048415184020996,-0.008048415184020996,21.35991609096527,21.35186767578125,-0.0003769419755794974,-0.000376799943864259
7198,8,fp16_boundary,0,128,256,128,4096,0,0,654,0.19168347120285034,0.21763932704925537,59.23598736524582,0.0,0.4370744228363037,0.5718654990196228,0.5786008834838867,0.7214403748512268,-0.1347910761833191,-0.1428394913673401,80.59590345621109,80.45306396484375,-0.001775438800314154,-0.001772292203969732
7198,8,fp16_boundary,0,256,512,256,8192,0,0,3241,2.079530358314514,2.2971696853637695,253.04164826869965,0.0,2.9270536303520203,4.435681879520416,3.505654513835907,5.157122254371643,-1.508628249168396,-1.651467740535736,333.63755172491074,331.986083984375,-0.00497450893337283,-0.004949885682824446
7198,8,fp16_boundary,0,512,783,271,8672,0,0,4691,6.9606547355651855,9.257824420928955,324.5078022480011,0.0,7.869201362133026,12.308400094509125,11.374855875968933,17.465522348880768,-4.439198732376099,-6.090666472911835,658.1453539729118,652.0546875,-0.00934072952724818,-0.009254287728607922
7198,8,fp16_boundary,7,0,128,128,4096,0,0,837,15.392425537109375,15.392425537109375,8795.587147057056,0.0,41.512895822525024,50.97504287958145,41.512895822525024,50.97504287958145,-9.462147057056427,-9.462147057056427,8795.587147057056,8786.125,-0.0010769420031079033,-0.001075783446727874
7198,8,fp16_boundary,7,128,256,128,4089,7,0,1469,43.2396240234375,58.632049560546875,5831.004364013672,0.0,86.96046447753906,121.08982849121094,128.4733603000641,172.0648713707924,-34.129364013671875,-43.5915110707283,14626.591511070728,14583.0,-0.0029892005122902215,-0.0029802918224477865
7198,8,fp16_boundary,7,256,512,256,8146,46,0,2923,137.40518188476562,196.0372314453125,14906.811737060547,0.0,346.85633850097656,442.16807556152344,475.32969880104065,614.2329469323158,-95.31173706054688,-138.90324813127518,29533.403248131275,29394.5,-0.004725484295744958,-0.004703259118641001
7198,8,fp16_boundary,7,512,783,271,8562,110,0,3259,246.74911499023438,442.7863464355469,18163.698669433594,0.0,607.5814208984375,726.2800903320312,1082.9111196994781,1340.513037264347,-118.69866943359375,-257.6019175648689,47697.10191756487,47439.5,-0.005430114515643481,-0.005400787620390093
7198,8,bf16_pair_boundary,0,0,128,128,4096,0,0,0,0.0,0.0,21.35991609096527,0.0,0.0014870166778564453,0.0015617609024047852,0.0014870166778564453,0.0015617609024047852,-7.474422454833984e-05,-7.474422454833984e-05,21.35991609096527,21.359841346740723,-3.499287440154371e-06,-3.499275195184631e-06
7198,8,bf16_pair_boundary,0,128,256,128,4096,0,0,0,0.0,0.0,59.23598748445511,0.0,0.005539059638977051,0.005937516689300537,0.007026076316833496,0.007499277591705322,-0.00039845705032348633,-0.00047320127487182617,80.59590357542038,80.59543037414551,-5.871316434134038e-06,-5.871281961979766e-06
7198,8,bf16_pair_boundary,0,256,512,256,8192,0,0,63,0.0002817511558532715,0.0002817511558532715,253.0416437983513,0.0,0.04282480478286743,0.04177439212799072,0.04985088109970093,0.049273669719696045,0.001050412654876709,0.0005772113800048828,333.63754737377167,333.6381245851517,1.730052225663935e-06,1.7300552187498166e-06
7198,8,bf16_pair_boundary,0,512,783,271,8672,0,0,235,0.004975616931915283,0.005257368087768555,324.50780749320984,0.0,0.13374346494674683,0.12920671701431274,0.18359434604644775,0.1784803867340088,0.004536747932434082,0.005113959312438965,658.1453548669815,658.150468826294,7.770197781001194e-06,7.770258157443886e-06
7198,8,bf16_pair_boundary,7,0,128,128,4096,0,0,62,0.03497314453125,0.03497314453125,8792.344253122807,0.0,0.5568601489067078,0.5917870998382568,0.5568601489067078,0.5917870998382568,-0.03492695093154907,-0.03492695093154907,8792.344253122807,8792.309326171875,-3.972443374755115e-06,-3.972427594511435e-06
7198,8,bf16_pair_boundary,7,128,256,128,4089,7,0,142,0.135467529296875,0.170440673828125,5837.710861206055,0.0,1.35150146484375,1.2927093505859375,1.9083616137504578,1.8844964504241943,0.0587921142578125,0.023865163326263428,14630.055114328861,14630.078979492188,1.6312395414759265e-06,1.631242202422709e-06
7198,8,bf16_pair_boundary,7,256,512,256,8146,46,0,381,0.454681396484375,0.6251220703125,14909.489807128906,0.0,4.7662811279296875,4.9859466552734375,6.674642741680145,6.870443105697632,-0.21966552734375,-0.19580036401748657,29539.544921457767,29539.34912109375,-6.628458982451564e-06,-6.628415046274311e-06
7198,8,bf16_pair_boundary,7,512,783,271,8561,111,0,528,1.04559326171875,1.67071533203125,18181.84490966797,0.0,8.16876220703125,8.77294921875,14.843404948711395,15.643392324447632,-0.60418701171875,-0.7999873757362366,47721.389831125736,47720.58984375,-1.6763987585979336e-05,-1.676370655941068e-05
2130,4,A00,0,0,128,128,4096,0,0,0,0.0,0.0,21.359914779663086,0.0,0.0,0.0,0.0,0.0,0.0,0.0,21.359914779663086,21.359914779663086,0.0,0.0
2130,4,A00,0,128,256,128,4096,0,0,0,0.0,0.0,53.652406454086304,0.0,0.0,0.0,0.0,0.0,0.0,0.0,75.01232123374939,75.01232123374939,0.0,0.0
2130,4,A00,0,256,512,256,8192,0,0,0,0.0,0.0,323.56856232881546,0.0,0.0,0.0,0.0,0.0,0.0,0.0,398.58088356256485,398.58088356256485,0.0,0.0
2130,4,A00,0,512,783,271,8672,0,0,0,0.0,0.0,291.9957920908928,0.0,0.0,0.0,0.0,0.0,0.0,0.0,690.5766756534576,690.5766756534576,0.0,0.0
2130,4,A00,7,0,128,128,4096,0,0,0,0.0,0.0,8792.345703125,0.0,0.0,0.0,0.0,0.0,0.0,0.0,8792.345703125,8792.345703125,0.0,0.0
2130,4,A00,7,128,256,128,4093,3,0,0,0.0,0.0,5281.080169677734,0.0,0.0,0.0,0.0,0.0,0.0,0.0,14073.425872802734,14073.425872802734,0.0,0.0
2130,4,A00,7,256,512,256,8143,49,0,0,0.0,0.0,15905.751953125,0.0,0.0,0.0,0.0,0.0,0.0,0.0,29979.177825927734,29979.177825927734,0.0,0.0
2130,4,A00,7,512,783,271,8567,105,0,0,0.0,0.0,17436.431243896484,0.0,0.0,0.0,0.0,0.0,0.0,0.0,47415.60906982422,47415.60906982422,0.0,0.0
2130,4,A10,0,0,128,128,4096,0,0,0,0.0,0.0,21.359914779663086,0.0,0.0,0.0,0.0,0.0,0.0,0.0,21.359914779663086,21.359914779663086,0.0,0.0
2130,4,A10,0,128,256,128,4096,0,0,0,0.0,0.0,53.652406454086304,0.0,0.0,0.0,0.0,0.0,0.0,0.0,75.01232123374939,75.01232123374939,0.0,0.0
2130,4,A10,0,256,512,256,8192,0,0,0,0.0,0.0,323.56856232881546,0.0,0.0,0.0,0.0,0.0,0.0,0.0,398.58088356256485,398.58088356256485,0.0,0.0
2130,4,A10,0,512,783,271,8672,0,0,0,0.0,0.0,291.9957920908928,0.0,0.0,0.0,0.0,0.0,0.0,0.0,690.5766756534576,690.5766756534576,0.0,0.0
2130,4,A10,7,0,128,128,4096,0,0,0,0.0,0.0,8805.7978515625,0.0,0.0,0.0,0.0,0.0,0.0,0.0,8805.7978515625,8805.7978515625,0.0,0.0
2130,4,A10,7,128,256,128,4093,3,0,0,0.0,0.0,5316.843566894531,0.0,0.0,0.0,0.0,0.0,0.0,0.0,14122.641418457031,14122.641418457031,0.0,0.0
2130,4,A10,7,256,512,256,8146,46,0,0,0.0,0.0,15916.717864990234,0.0,0.0,0.0,0.0,0.0,0.0,0.0,30039.359283447266,30039.359283447266,0.0,0.0
2130,4,A10,7,512,783,271,8566,106,0,0,0.0,0.0,17403.542755126953,0.0,0.0,0.0,0.0,0.0,0.0,0.0,47442.90203857422,47442.90203857422,0.0,0.0
2130,4,A01,0,0,128,128,4096,0,0,708,0.6899771690368652,0.6899771690368652,21.35991621017456,0.0,1.0846083760261536,1.2031076550483704,1.0846083760261536,1.2031076550483704,-0.1184992790222168,-0.1184992790222168,21.35991621017456,21.241416931152344,-0.0055786899436274205,-0.0055477408177177666
2130,4,A01,0,128,256,128,4096,0,0,2136,3.1949025988578796,3.884879767894745,53.652410328388214,0.0,2.1801463961601257,4.123290061950684,3.2647547721862793,5.326397716999054,-1.9431436657905579,-2.0616429448127747,75.01232653856277,72.95068359375,-0.02826077622923611,-0.02748405548723933
2130,4,A01,0,256,512,256,8192,0,0,5361,25.504486620426178,29.389366388320923,323.5685557126999,0.0,16.999675929546356,33.649774610996246,20.264430701732635,38.9761723279953,-16.65009868144989,-18.711741626262665,398.58088225126266,379.869140625,-0.04925838828465027,-0.04694590849559842
2130,4,A01,0,512,783,271,8672,0,0,7419,64.41393530368805,93.80330169200897,291.99579989910126,0.0,23.764200747013092,73.51976627111435,44.02863144874573,112.49593859910965,-49.75556552410126,-68.46730715036392,690.5766821503639,622.109375,-0.11005670369517245,-0.09914511873926272
2130,4,A01,7,0,128,128,4096,0,0,1522,159.5560646057129,159.5560646057129,8776.676233232021,0.0,243.8585069179535,349.5347401499748,243.8585069179535,349.5347401499748,-105.67623323202133,-105.67623323202133,8776.676233232021,8671.0,-0.012187317867837773,-0.01204057554634278
2130,4,A01,7,128,256,128,4092,4,0,2791,466.4692687988281,626.025333404541,5253.065185546875,0.0,407.8463897705078,706.9115753173828,651.7048966884613,1056.4463154673576,-299.065185546875,-404.74141877889633,14029.741418778896,13625.0,-0.029705792203955694,-0.0288488152915739
2130,4,A01,7,256,512,256,8154,38,0,5036,2163.9275665283203,2789.9528999328613,15858.639099121094,0.0,2371.292953491211,2888.9320526123047,3022.9978501796722,3945.3783680796623,-517.6390991210938,-922.3805178999901,29888.38051789999,28966.0,-0.031843558582475666,-0.030860839627880852
2130,4,A01,7,512,783,271,8563,109,0,6353,5734.1112060546875,8524.064105987549,17180.689239501953,0.0,2478.760955810547,6349.4501953125,5501.758805990219,10294.828563392162,-3870.689239501953,-4793.069757401943,47069.06975740194,42276.0,-0.1133756684029223,-0.10183056053807393
2130,4,A11,0,0,128,128,4096,0,0,708,0.6899771690368652,0.6899771690368652,21.35991621017456,0.0,1.0846083760261536,1.2031076550483704,1.0846083760261536,1.2031076550483704,-0.1184992790222168,-0.1184992790222168,21.35991621017456,21.241416931152344,-0.0055786899436274205,-0.0055477408177177666
2130,4,A11,0,128,256,128,4096,0,0,2136,3.1949025988578796,3.884879767894745,53.652410328388214,0.0,2.1801463961601257,4.123290061950684,3.2647547721862793,5.326397716999054,-1.9431436657905579,-2.0616429448127747,75.01232653856277,72.95068359375,-0.02826077622923611,-0.02748405548723933
2130,4,A11,0,256,512,256,8192,0,0,5361,25.504486620426178,29.389366388320923,323.5685557126999,0.0,16.999675929546356,33.649774610996246,20.264430701732635,38.9761723279953,-16.65009868144989,-18.711741626262665,398.58088225126266,379.869140625,-0.04925838828465027,-0.04694590849559842
2130,4,A11,0,512,783,271,8672,0,0,7419,64.41393530368805,93.80330169200897,291.99579989910126,0.0,23.764200747013092,73.51976627111435,44.02863144874573,112.49593859910965,-49.75556552410126,-68.46730715036392,690.5766821503639,622.109375,-0.11005670369517245,-0.09914511873926272
2130,4,A11,7,0,128,128,4096,0,0,1521,160.33749771118164,160.33749771118164,8791.264713644981,0.0,242.7420670390129,350.0067806839943,242.7420670390129,350.0067806839943,-107.26471364498138,-107.26471364498138,8791.264713644981,8684.0,-0.012351993740785511,-0.01220128356259084
2130,4,A11,7,128,256,128,4092,4,0,2782,465.70416259765625,626.0416603088379,5291.438201904297,0.0,415.04393005371094,706.4821319580078,657.7859970927238,1056.488912642002,-291.4382019042969,-398.70291554927826,14082.702915549278,13684.0,-0.02913643054291715,-0.028311533513147843
2130,4,A11,7,256,512,256,8156,36,0,5044,2190.0238037109375,2816.0654640197754,15878.117721557617,0.0,2386.178421020508,2916.296142578125,3043.9644181132317,3972.785055220127,-530.1177215576172,-928.8206371068954,29960.820637106895,29032.0,-0.03199299521586165,-0.031001174779456412
2130,4,A11,7,512,783,271,8566,106,0,6371,5850.546569824219,8666.612033843994,17188.278533935547,0.0,2470.842315673828,6459.120849609375,5514.80673378706,10431.905904829502,-3988.278533935547,-4917.099171042442,47149.09917104244,42232.0,-0.11643064905859164,-0.10428829516349225
2130,4,fp16_boundary,0,0,128,128,4096,0,0,51,0.02595585584640503,0.02595585584640503,21.35991609096527,0.0,0.141526460647583,0.149574875831604,0.141526460647583,0.149574875831604,-0.008048415184020996,-0.008048415184020996,21.35991609096527,21.35186767578125,-0.0003769419755794974,-0.000376799943864259
2130,4,fp16_boundary,0,128,256,128,4096,0,0,529,0.12592101097106934,0.15187686681747437,53.65241026878357,0.0,0.4283917546272278,0.4588537812232971,0.5699182152748108,0.6084286570549011,-0.030462026596069336,-0.03851044178009033,75.01232635974884,74.97381591796875,-0.0005136518837753415,-0.0005133881809690787
2130,4,fp16_boundary,0,256,512,256,8192,0,0,2719,2.324489176273346,2.4763660430908203,323.56855034828186,0.0,3.7059664726257324,5.190471410751343,4.275884687900543,5.798900067806244,-1.4845049381256104,-1.5230153799057007,398.5808767080307,397.057861328125,-0.003835751733541663,-0.0038210949619174608
2130,4,fp16_boundary,0,512,783,271,8672,0,0,4803,6.943393111228943,9.419759154319763,291.99579751491547,0.0,7.8450541496276855,12.387970805168152,12.120938837528229,18.186870872974396,-4.542916655540466,-6.065932035446167,690.5766742229462,684.5107421875,-0.008861704662312805,-0.008783864648008424
2130,4,fp16_boundary,7,0,128,128,4096,0,0,837,15.392425537109375,15.392425537109375,8795.587147057056,0.0,41.512895822525024,50.97504287958145,41.512895822525024,50.97504287958145,-9.462147057056427,-9.462147057056427,8795.587147057056,8786.125,-0.0010769420031079033,-0.001075783446727874
2130,4,fp16_boundary,7,128,256,128,4093,3,0,1603,43.385528564453125,58.7779541015625,5282.449310302734,0.0,90.52543640136719,108.72474670410156,132.0383322238922,159.699789583683,-18.199310302734375,-27.661457359790802,14078.03645735979,14050.375,-0.0019687344544035874,-0.001964866154706525
2130,4,fp16_boundary,7,256,512,256,8145,47,0,2599,153.56044006347656,212.33839416503906,15904.168670654297,0.0,352.0896453857422,473.88331604003906,484.1279776096344,633.5831056237221,-121.79367065429688,-149.45512801408768,29982.205128014088,29832.75,-0.005009767051783281,-0.00498479439307295
2130,4,fp16_boundary,7,512,783,271,8567,105,0,3445,283.5296630859375,495.86805725097656,17421.556121826172,0.0,577.8463745117188,772.6524963378906,1061.9743521213531,1406.2356019616127,-194.80612182617188,-344.26124984025955,47403.76124984026,47059.5,-0.007315446399563522,-0.0072623192920460425
2130,4,bf16_pair_boundary,0,0,128,128,4096,0,0,0,0.0,0.0,21.35991609096527,0.0,0.0014870166778564453,0.0015617609024047852,0.0014870166778564453,0.0015617609024047852,-7.474422454833984e-05,-7.474422454833984e-05,21.35991609096527,21.359841346740723,-3.499287440154371e-06,-3.499275195184631e-06
2130,4,bf16_pair_boundary,0,128,256,128,4096,0,0,0,0.0,0.0,53.65241014957428,0.0,0.005247056484222412,0.004858553409576416,0.006734073162078857,0.006420314311981201,0.0003885030746459961,0.00031375885009765625,75.01232624053955,75.01263999938965,4.182746402475759e-06,4.182763897916405e-06
2130,4,bf16_pair_boundary,0,256,512,256,8192,0,0,60,0.0009160041809082031,0.0009160041809082031,323.5685486793518,0.0,0.05619490146636963,0.05146896839141846,0.06292897462844849,0.05788928270339966,0.004725933074951172,0.005039691925048828,398.58087491989136,398.5859146118164,1.264392880003548e-05,1.2644088670992377e-05
2130,4,bf16_pair_boundary,0,512,783,271,8672,0,0,248,0.006465315818786621,0.007381319999694824,291.9957994222641,0.0,0.13387519121170044,0.14012306928634644,0.19680416584014893,0.1980123519897461,-0.006247878074645996,-0.001208186149597168,690.5766743421555,690.5754661560059,-1.7495352916638804e-06,-1.7495322307954988e-06
2130,4,bf16_pair_boundary,7,0,128,128,4096,0,0,62,0.03497314453125,0.03497314453125,8792.344253122807,0.0,0.5568601489067078,0.5917870998382568,0.5568601489067078,0.5917870998382568,-0.03492695093154907,-0.03492695093154907,8792.344253122807,8792.309326171875,-3.972443374755115e-06,-3.972427594511435e-06
2130,4,bf16_pair_boundary,7,128,256,128,4093,3,0,142,0.124603271484375,0.159576416015625,5281.085403442383,0.0,1.1962890625,1.2685394287109375,1.7531492114067078,1.8603265285491943,-0.0722503662109375,-0.10717731714248657,14073.42965656519,14073.322479248047,-7.61563712481725e-06,-7.6155791273301215e-06
2130,4,bf16_pair_boundary,7,256,512,256,8143,49,0,284,0.401580810546875,0.5611572265625,15905.765426635742,0.0,4.661529541015625,5.2059783935546875,6.414678752422333,7.066304922103882,-0.5444488525390625,-0.6516261696815491,29979.19508320093,29978.54345703125,-2.1736418602709495e-05,-2.1735946141085445e-05
2130,4,bf16_pair_boundary,7,512,783,271,8567,105,0,561,0.98577880859375,1.54693603515625,17436.419067382812,0.0,8.33001708984375,8.71588134765625,14.744695842266083,15.782186269760132,-0.3858642578125,-1.037490427494049,47415.614150583744,47414.57666015625,-2.188125468102893e-05,-2.1880775902198798e-05
3500,4,A00,0,0,128,128,4096,0,0,0,0.0,0.0,21.359914779663086,0.0,0.0,0.0,0.0,0.0,0.0,0.0,21.359914779663086,21.359914779663086,0.0,0.0
3500,4,A00,0,128,256,128,4096,0,0,0,0.0,0.0,92.13091278076172,0.0,0.0,0.0,0.0,0.0,0.0,0.0,113.4908275604248,113.4908275604248,0.0,0.0
3500,4,A00,0,256,512,256,8188,4,0,0,0.0,0.0,361.69095754623413,0.0,0.0,0.0,0.0,0.0,0.0,0.0,475.18178510665894,475.18178510665894,0.0,0.0
3500,4,A00,0,512,783,271,8672,0,0,0,0.0,0.0,253.90007734298706,0.0,0.0,0.0,0.0,0.0,0.0,0.0,729.081862449646,729.081862449646,0.0,0.0
3500,4,A00,7,0,128,128,4096,0,0,0,0.0,0.0,8792.345703125,0.0,0.0,0.0,0.0,0.0,0.0,0.0,8792.345703125,8792.345703125,0.0,0.0
3500,4,A00,7,128,256,128,4094,2,0,0,0.0,0.0,6274.053726196289,0.0,0.0,0.0,0.0,0.0,0.0,0.0,15066.399429321289,15066.399429321289,0.0,0.0
3500,4,A00,7,256,512,256,8140,52,0,0,0.0,0.0,14674.961502075195,0.0,0.0,0.0,0.0,0.0,0.0,0.0,29741.360931396484,29741.360931396484,0.0,0.0
3500,4,A00,7,512,783,271,8547,125,0,0,0.0,0.0,17776.23794555664,0.0,0.0,0.0,0.0,0.0,0.0,0.0,47517.598876953125,47517.598876953125,0.0,0.0
3500,4,A10,0,0,128,128,4096,0,0,0,0.0,0.0,21.359914779663086,0.0,0.0,0.0,0.0,0.0,0.0,0.0,21.359914779663086,21.359914779663086,0.0,0.0
3500,4,A10,0,128,256,128,4096,0,0,0,0.0,0.0,92.13091278076172,0.0,0.0,0.0,0.0,0.0,0.0,0.0,113.4908275604248,113.4908275604248,0.0,0.0
3500,4,A10,0,256,512,256,8188,4,0,0,0.0,0.0,361.69095754623413,0.0,0.0,0.0,0.0,0.0,0.0,0.0,475.18178510665894,475.18178510665894,0.0,0.0
3500,4,A10,0,512,783,271,8672,0,0,0,0.0,0.0,253.90007734298706,0.0,0.0,0.0,0.0,0.0,0.0,0.0,729.081862449646,729.081862449646,0.0,0.0
3500,4,A10,7,0,128,128,4096,0,0,0,0.0,0.0,8805.7978515625,0.0,0.0,0.0,0.0,0.0,0.0,0.0,8805.7978515625,8805.7978515625,0.0,0.0
3500,4,A10,7,128,256,128,4094,2,0,0,0.0,0.0,6300.221588134766,0.0,0.0,0.0,0.0,0.0,0.0,0.0,15106.019439697266,15106.019439697266,0.0,0.0
3500,4,A10,7,256,512,256,8140,52,0,0,0.0,0.0,14701.399780273438,0.0,0.0,0.0,0.0,0.0,0.0,0.0,29807.419219970703,29807.419219970703,0.0,0.0
3500,4,A10,7,512,783,271,8548,124,0,0,0.0,0.0,17845.99057006836,0.0,0.0,0.0,0.0,0.0,0.0,0.0,47653.40979003906,47653.40979003906,0.0,0.0
3500,4,A01,0,0,128,128,4096,0,0,708,0.6899771690368652,0.6899771690368652,21.35991621017456,0.0,1.0846083760261536,1.2031076550483704,1.0846083760261536,1.2031076550483704,-0.1184992790222168,-0.1184992790222168,21.35991621017456,21.241416931152344,-0.0055786899436274205,-0.0055477408177177666
3500,4,A01,0,128,256,128,4096,0,0,2589,4.037825524806976,4.7278026938438416,92.13090699911118,0.0,2.3033359050750732,5.2239996790885925,3.387944281101227,6.427107334136963,-2.9206637740135193,-3.039163053035736,113.49082320928574,110.45166015625,-0.02751577521547794,-0.02677893213825128
3500,4,A01,0,256,512,256,8188,4,0,5950,28.135438442230225,32.863241136074066,361.6909577846527,0.0,17.83392107486725,36.74216401576996,21.221865355968475,43.16927134990692,-18.90824294090271,-21.947405993938446,475.18178099393845,453.234375,-0.04842396606377979,-0.04618738948288595
3500,4,A01,0,512,783,271,8672,0,0,7508,64.06299376487732,96.92623490095139,253.90012001991272,0.0,24.292612552642822,72.36460757255554,45.5144779086113,115.53387892246246,-48.07199501991272,-70.01940101385117,729.0819010138512,659.0625,-0.10624091192239153,-0.09603777149931052
3500,4,A01,7,0,128,128,4096,0,0,1522,159.5560646057129,159.5560646057129,8776.676233232021,0.0,243.8585069179535,349.5347401499748,243.8585069179535,349.5347401499748,-105.67623323202133,-105.67623323202133,8776.676233232021,8671.0,-0.012187317867837773,-0.01204057554634278
3500,4,A01,7,128,256,128,4094,2,0,2528,469.4073181152344,628.9633827209473,6263.918640136719,0.0,514.7266845703125,816.6453247070312,758.585191488266,1166.180064857006,-301.91864013671875,-407.5948733687401,15040.59487336874,14633.0,-0.027854498282562708,-0.02709965109760638
3500,4,A01,7,256,512,256,8146,46,0,5526,2942.6041870117188,3571.567569732666,14626.890533447266,0.0,2162.217575073242,3480.108108520508,2920.802766561508,4646.288173377514,-1317.8905334472656,-1725.4854068160057,29667.485406816006,27942.0,-0.061752394489156315,-0.05816082432182072
3500,4,A01,7,512,783,271,8548,124,0,6155,5151.798065185547,8723.365634918213,17644.480895996094,0.0,2637.5890197753906,5656.069915771484,5558.391786336899,10302.358089148998,-3018.4808959960938,-4743.9663028120995,47311.9663028121,42568.0,-0.11144442545602563,-0.10026990365289744
3500,4,A11,0,0,128,128,4096,0,0,708,0.6899771690368652,0.6899771690368652,21.35991621017456,0.0,1.0846083760261536,1.2031076550483704,1.0846083760261536,1.2031076550483704,-0.1184992790222168,-0.1184992790222168,21.35991621017456,21.241416931152344,-0.0055786899436274205,-0.0055477408177177666
3500,4,A11,0,128,256,128,4096,0,0,2589,4.037825524806976,4.7278026938438416,92.13090699911118,0.0,2.3033359050750732,5.2239996790885925,3.387944281101227,6.427107334136963,-2.9206637740135193,-3.039163053035736,113.49082320928574,110.45166015625,-0.02751577521547794,-0.02677893213825128
3500,4,A11,0,256,512,256,8188,4,0,5950,28.135438442230225,32.863241136074066,361.6909577846527,0.0,17.83392107486725,36.74216401576996,21.221865355968475,43.16927134990692,-18.90824294090271,-21.947405993938446,475.18178099393845,453.234375,-0.04842396606377979,-0.04618738948288595
3500,4,A11,0,512,783,271,8672,0,0,7508,64.06299376487732,96.92623490095139,253.90012001991272,0.0,24.292612552642822,72.36460757255554,45.5144779086113,115.53387892246246,-48.07199501991272,-70.01940101385117,729.0819010138512,659.0625,-0.10624091192239153,-0.09603777149931052
3500,4,A11,7,0,128,128,4096,0,0,1521,160.33749771118164,160.33749771118164,8791.264713644981,0.0,242.7420670390129,350.0067806839943,242.7420670390129,350.0067806839943,-107.26471364498138,-107.26471364498138,8791.264713644981,8684.0,-0.012351993740785511,-0.01220128356259084
3500,4,A11,7,128,256,128,4094,2,0,2523,472.9952392578125,633.3327369689941,6291.899307250977,0.0,509.6974792480469,824.5967864990234,752.4395462870598,1174.6035671830177,-314.89930725097656,-422.16402089595795,15083.164020895958,14661.0,-0.028795035870401605,-0.027989089047304606
3500,4,A11,7,256,512,256,8146,46,0,5523,2926.2527618408203,3559.5854988098145,14659.130722045898,0.0,2189.560745239258,3463.6914672851562,2942.0002915263176,4638.295034468174,-1274.1307220458984,-1696.2947429418564,29742.294742941856,28046.0,-0.06048259084867205,-0.057033082268959895
3500,4,A11,7,512,783,271,8549,123,0,6145,5212.341461181641,8771.926959991455,17709.884765625,0.0,2651.2667846679688,5727.151550292969,5593.267076194286,10365.446584761143,-3075.884765625,-4772.179508566856,47452.17950856686,42680.0,-0.1118130156646405,-0.10056818375866809
3500,4,fp16_boundary,0,0,128,128,4096,0,0,51,0.02595585584640503,0.02595585584640503,21.35991609096527,0.0,0.141526460647583,0.149574875831604,0.141526460647583,0.149574875831604,-0.008048415184020996,-0.008048415184020996,21.35991609096527,21.35186767578125,-0.0003769419755794974,-0.000376799943864259
3500,4,fp16_boundary,0,128,256,128,4096,0,0,955,0.326047420501709,0.352003276348114,92.13090771436691,0.0,0.5395638942718506,0.7640385031700134,0.6810903549194336,0.9136133790016174,-0.22447460889816284,-0.23252302408218384,113.49082380533218,113.25830078125,-0.0020530329563330178,-0.0020488266477034695
3500,4,fp16_boundary,0,256,512,256,8188,4,0,3365,2.7883224487304688,3.1403257250785828,361.69095396995544,0.0,3.979302167892456,5.8523850440979,4.66039252281189,6.765998423099518,-1.8730828762054443,-2.105605900287628,475.1817777752876,473.076171875,-0.004450881328354007,-0.0044311587665370545
3500,4,fp16_boundary,0,512,783,271,8672,0,0,4954,7.289027690887451,10.429353415966034,253.90009593963623,0.0,8.054769277572632,12.687287092208862,12.715161800384521,19.45328551530838,-4.6325178146362305,-6.738123714923859,729.0818737149239,722.34375,-0.009328140120162816,-0.009241930101198089
3500,4,fp16_boundary,7,0,128,128,4096,0,0,837,15.392425537109375,15.392425537109375,8795.587147057056,0.0,41.512895822525024,50.97504287958145,41.512895822525024,50.97504287958145,-9.462147057056427,-9.462147057056427,8795.587147057056,8786.125,-0.0010769420031079033,-0.001075783446727874
3500,4,fp16_boundary,7,128,256,128,4094,2,0,1372,42.13917541503906,57.53160095214844,6270.311599731445,0.0,93.85990905761719,120.6715087890625,135.3728048801422,171.64655166864395,-26.811599731445312,-36.27374678850174,15065.898746788502,15029.625,-0.0024134831566657014,-0.002407672280170738
3500,4,fp16_boundary,7,256,512,256,8140,52,0,2707,162.52682495117188,220.0584259033203,14673.845901489258,0.0,362.91123962402344,465.88214111328125,498.28404450416565,637.5286927819252,-102.97090148925781,-139.24464827775955,29739.74464827776,29600.5,-0.004704131628781931,-0.004682106384051393
3500,4,fp16_boundary,7,512,783,271,8547,125,0,3263,256.1211242675781,476.17955017089844,17769.03692626953,0.0,599.3979187011719,703.9348449707031,1097.6819632053375,1341.4635377526283,-104.53692626953125,-243.7815745472908,47508.78157454729,47265.0,-0.005157761018666896,-0.005131295025210585
3500,4,bf16_pair_boundary,0,0,128,128,4096,0,0,0,0.0,0.0,21.35991609096527,0.0,0.0014870166778564453,0.0015617609024047852,0.0014870166778564453,0.0015617609024047852,-7.474422454833984e-05,-7.474422454833984e-05,21.35991609096527,21.359841346740723,-3.499287440154371e-06,-3.499275195184631e-06
3500,4,bf16_pair_boundary,0,128,256,128,4096,0,0,23,0.0003942251205444336,0.0003942251205444336,92.13090759515762,0.0,0.006954491138458252,0.008085131645202637,0.008441507816314697,0.009646892547607422,-0.0011306405067443848,-0.0012053847312927246,113.4908236861229,113.4896183013916,-1.0621101289561252e-05,-1.062098848296678e-05
3500,4,bf16_pair_boundary,0,256,512,256,8188,4,0,333,0.005795955657958984,0.006190180778503418,361.6909536123276,0.0,0.06677299737930298,0.06745904684066772,0.07521450519561768,0.07710593938827515,-0.0006860494613647461,-0.0018914341926574707,475.18177729845047,475.1798858642578,-3.9804592932576e-06,-3.980443449264481e-06
3500,4,bf16_pair_boundary,0,512,783,271,8672,0,0,421,0.012309074401855469,0.018499255180358887,253.9000997543335,0.0,0.15238547325134277,0.15426135063171387,0.22759997844696045,0.231367290019989,-0.0018758773803710938,-0.0037673115730285645,729.081877052784,729.0781097412109,-5.167226285762147e-06,-5.1671995856726246e-06
3500,4,bf16_pair_boundary,7,0,128,128,4096,0,0,62,0.03497314453125,0.03497314453125,8792.344253122807,0.0,0.5568601489067078,0.5917870998382568,0.5568601489067078,0.5917870998382568,-0.03492695093154907,-0.03492695093154907,8792.344253122807,8792.309326171875,-3.972443374755115e-06,-3.972427594511435e-06
3500,4,bf16_pair_boundary,7,128,256,128,4094,2,0,162,0.136383056640625,0.171356201171875,6274.05680847168,0.0,1.274444580078125,1.2770538330078125,1.8313047289848328,1.8688409328460693,-0.0026092529296875,-0.03753620386123657,15066.401061594486,15066.363525390625,-2.491391091020643e-06,-2.491384884006539e-06
3500,4,bf16_pair_boundary,7,256,512,256,8140,52,0,324,0.377593994140625,0.5489501953125,14674.958511352539,0.0,4.901947021484375,5.1227874755859375,6.733251750469208,6.991628408432007,-0.2208404541015625,-0.2583766579627991,29741.359572947025,29741.101196289062,-8.687528288126666e-06,-8.68745281563458e-06
3500,4,bf16_pair_boundary,7,512,783,271,8547,125,0,601,1.179931640625,1.7288818359375,17776.205963134766,0.0,8.13812255859375,8.931610107421875,14.871374309062958,15.923238515853882,-0.793487548828125,-1.051864206790924,47517.56553608179,47516.513671875,-2.2136813615042678e-05,-2.2136323587373303e-05
3875,4,A00,0,0,128,128,4096,0,0,0,0.0,0.0,21.359914779663086,0.0,0.0,0.0,0.0,0.0,0.0,0.0,21.359914779663086,21.359914779663086,0.0,0.0
3875,4,A00,0,128,256,128,4096,0,0,0,0.0,0.0,87.52894985675812,0.0,0.0,0.0,0.0,0.0,0.0,0.0,108.8888646364212,108.8888646364212,0.0,0.0
3875,4,A00,0,256,512,256,8189,3,0,0,0.0,0.0,388.6392706632614,0.0,0.0,0.0,0.0,0.0,0.0,0.0,497.5281352996826,497.5281352996826,0.0,0.0
3875,4,A00,0,512,783,271,8672,0,0,0,0.0,0.0,254.19024848937988,0.0,0.0,0.0,0.0,0.0,0.0,0.0,751.7183837890625,751.7183837890625,0.0,0.0
3875,4,A00,7,0,128,128,4096,0,0,0,0.0,0.0,8792.345703125,0.0,0.0,0.0,0.0,0.0,0.0,0.0,8792.345703125,8792.345703125,0.0,0.0
3875,4,A00,7,128,256,128,4096,0,0,0,0.0,0.0,5318.818389892578,0.0,0.0,0.0,0.0,0.0,0.0,0.0,14111.164093017578,14111.164093017578,0.0,0.0
3875,4,A00,7,256,512,256,8160,32,0,0,0.0,0.0,13556.03662109375,0.0,0.0,0.0,0.0,0.0,0.0,0.0,27667.200714111328,27667.200714111328,0.0,0.0
3875,4,A00,7,512,783,271,8567,105,0,0,0.0,0.0,18755.564422607422,0.0,0.0,0.0,0.0,0.0,0.0,0.0,46422.76513671875,46422.76513671875,0.0,0.0
3875,4,A10,0,0,128,128,4096,0,0,0,0.0,0.0,21.359914779663086,0.0,0.0,0.0,0.0,0.0,0.0,0.0,21.359914779663086,21.359914779663086,0.0,0.0
3875,4,A10,0,128,256,128,4096,0,0,0,0.0,0.0,87.52894985675812,0.0,0.0,0.0,0.0,0.0,0.0,0.0,108.8888646364212,108.8888646364212,0.0,0.0
3875,4,A10,0,256,512,256,8189,3,0,0,0.0,0.0,388.6392706632614,0.0,0.0,0.0,0.0,0.0,0.0,0.0,497.5281352996826,497.5281352996826,0.0,0.0
3875,4,A10,0,512,783,271,8672,0,0,0,0.0,0.0,254.19024848937988,0.0,0.0,0.0,0.0,0.0,0.0,0.0,751.7183837890625,751.7183837890625,0.0,0.0
3875,4,A10,7,0,128,128,4096,0,0,0,0.0,0.0,8805.7978515625,0.0,0.0,0.0,0.0,0.0,0.0,0.0,8805.7978515625,8805.7978515625,0.0,0.0
3875,4,A10,7,128,256,128,4096,0,0,0,0.0,0.0,5351.945404052734,0.0,0.0,0.0,0.0,0.0,0.0,0.0,14157.743255615234,14157.743255615234,0.0,0.0
3875,4,A10,7,256,512,256,8161,31,0,0,0.0,0.0,13598.77505493164,0.0,0.0,0.0,0.0,0.0,0.0,0.0,27756.518310546875,27756.518310546875,0.0,0.0
3875,4,A10,7,512,783,271,8574,98,0,0,0.0,0.0,18722.05828857422,0.0,0.0,0.0,0.0,0.0,0.0,0.0,46478.576599121094,46478.576599121094,0.0,0.0
3875,4,A01,0,0,128,128,4096,0,0,708,0.6899771690368652,0.6899771690368652,21.35991621017456,0.0,1.0846083760261536,1.2031076550483704,1.0846083760261536,1.2031076550483704,-0.1184992790222168,-0.1184992790222168,21.35991621017456,21.241416931152344,-0.0055786899436274205,-0.0055477408177177666
3875,4,A01,0,128,256,128,4096,0,0,2499,3.9421756267547607,4.632152795791626,87.52895253896713,0.0,2.141585946083069,4.868498384952545,3.2261943221092224,6.0716060400009155,-2.7269124388694763,-2.845411717891693,108.8888687491417,106.04345703125,-0.026832506196522596,-0.026131336936257056
3875,4,A01,0,256,512,256,8189,3,0,5942,30.038808226585388,34.670961022377014,388.6392891407013,0.0,17.525343239307404,40.6455894112587,20.751537561416626,46.71719545125961,-23.120246171951294,-25.965657889842987,497.528157889843,471.5625,-0.05506302534625418,-0.05218932331382138
3875,4,A01,0,512,783,271,8672,0,0,7619,64.55989861488342,99.23085963726044,254.19026899337769,0.0,24.592976808547974,72.43949580192566,45.3445143699646,119.15669125318527,-47.846518993377686,-73.81217688322067,751.7184268832207,677.90625,-0.10888257319241514,-0.09819125651776443
3875,4,A01,7,0,128,128,4096,0,0,1522,159.5560646057129,159.5560646057129,8776.676233232021,0.0,243.8585069179535,349.5347401499748,243.8585069179535,349.5347401499748,-105.67623323202133,-105.67623323202133,8776.676233232021,8671.0,-0.012187317867837773,-0.01204057554634278
3875,4,A01,7,128,256,128,4096,0,0,2729,461.2861633300781,620.842227935791,5286.011199951172,0.0,485.2242126464844,697.2354125976562,729.0827195644379,1046.770152747631,-212.01119995117188,-317.6874331831932,14062.687433183193,13745.0,-0.02311294530252406,-0.022590805256295334
3875,4,A01,7,256,512,256,8157,35,0,5596,2430.157669067383,3050.999897003174,13563.985748291016,0.0,2159.8927612304688,2982.8785095214844,2888.9754807949066,4029.6486622691154,-822.9857482910156,-1140.6731814742088,27626.67318147421,26486.0,-0.043067023388741556,-0.04128883611795564
3875,4,A01,7,512,783,271,8568,104,0,5912,4907.983551025391,7958.983448028564,18662.335906982422,0.0,2562.3399963378906,5736.6759033203125,5451.315477132797,9766.324565589428,-3174.335906982422,-4315.009088456631,46289.00908845663,41974.0,-0.10280195093287822,-0.09321886930460757
3875,4,A11,0,0,128,128,4096,0,0,708,0.6899771690368652,0.6899771690368652,21.35991621017456,0.0,1.0846083760261536,1.2031076550483704,1.0846083760261536,1.2031076550483704,-0.1184992790222168,-0.1184992790222168,21.35991621017456,21.241416931152344,-0.0055786899436274205,-0.0055477408177177666
3875,4,A11,0,128,256,128,4096,0,0,2499,3.9421756267547607,4.632152795791626,87.52895253896713,0.0,2.141585946083069,4.868498384952545,3.2261943221092224,6.0716060400009155,-2.7269124388694763,-2.845411717891693,108.8888687491417,106.04345703125,-0.026832506196522596,-0.026131336936257056
3875,4,A11,0,256,512,256,8189,3,0,5942,30.038808226585388,34.670961022377014,388.6392891407013,0.0,17.525343239307404,40.6455894112587,20.751537561416626,46.71719545125961,-23.120246171951294,-25.965657889842987,497.528157889843,471.5625,-0.05506302534625418,-0.05218932331382138
3875,4,A11,0,512,783,271,8672,0,0,7619,64.55989861488342,99.23085963726044,254.19026899337769,0.0,24.592976808547974,72.43949580192566,45.3445143699646,119.15669125318527,-47.846518993377686,-73.81217688322067,751.7184268832207,677.90625,-0.10888257319241514,-0.09819125651776443
3875,4,A11,7,0,128,128,4096,0,0,1521,160.33749771118164,160.33749771118164,8791.264713644981,0.0,242.7420670390129,350.0067806839943,242.7420670390129,350.0067806839943,-107.26471364498138,-107.26471364498138,8791.264713644981,8684.0,-0.012351993740785511,-0.01220128356259084
3875,4,A11,7,128,256,128,4096,0,0,2722,462.68846130371094,623.0259590148926,5321.310440063477,0.0,488.5276641845703,695.8381042480469,731.2697312235832,1045.8448849320412,-207.31044006347656,-314.57515370845795,14112.575153708458,13798.0,-0.022798605139038843,-0.022290414774216092
3875,4,A11,7,256,512,256,8157,35,0,5600,2443.7362365722656,3066.762195587158,13587.937866210938,0.0,2177.1651458740234,2995.103012084961,2908.4348770976067,4040.947897017002,-817.9378662109375,-1132.5130199193954,27700.513019919395,26568.0,-0.04262695799154605,-0.04088418936880364
3875,4,A11,7,512,783,271,8576,96,0,5950,5029.926513671875,8096.688709259033,18620.043243408203,0.0,2522.553985595703,5856.597229003906,5430.98886269331,9897.545126020908,-3334.043243408203,-4466.556263327599,46320.5562633276,41854.0,-0.10671754822305153,-0.09642708602063597
3875,4,fp16_boundary,0,0,128,128,4096,0,0,51,0.02595585584640503,0.02595585584640503,21.35991609096527,0.0,0.141526460647583,0.149574875831604,0.141526460647583,0.149574875831604,-0.008048415184020996,-0.008048415184020996,21.35991609096527,21.35186767578125,-0.0003769419755794974,-0.000376799943864259
3875,4,fp16_boundary,0,128,256,128,4096,0,0,802,0.28891342878341675,0.3148692846298218,87.52895247936249,0.0,0.5206308960914612,0.647849977016449,0.6621573567390442,0.797424852848053,-0.1272190809249878,-0.1352674961090088,108.88886857032776,108.75360107421875,-0.0012437978583963916,-0.001242252747089974
3875,4,fp16_boundary,0,256,512,256,8189,3,0,3261,2.5839266180992126,2.8987959027290344,388.63929176330566,0.0,4.280021965503693,5.958071053028107,4.942179322242737,6.75549590587616,-1.678049087524414,-1.8133165836334229,497.5281603336334,495.71484375,-0.0036579832266388996,-0.003644651153851162
3875,4,fp16_boundary,0,512,783,271,8672,0,0,5077,7.6634650230407715,10.562260925769806,254.19027185440063,0.0,7.996636390686035,13.00331449508667,12.938815712928772,19.75881040096283,-5.006678104400635,-6.819994688034058,751.7184321880341,744.8984375,-0.00915560342819763,-0.009072538860305757
3875,4,fp16_boundary,7,0,128,128,4096,0,0,837,15.392425537109375,15.392425537109375,8795.587147057056,0.0,41.512895822525024,50.97504287958145,41.512895822525024,50.97504287958145,-9.462147057056427,-9.462147057056427,8795.587147057056,8786.125,-0.0010769420031079033,-0.001075783446727874
3875,4,fp16_boundary,7,128,256,128,4096,0,0,1529,41.458404541015625,56.850830078125,5315.529083251953,0.0,89.03288269042969,110.81196594238281,130.5457785129547,161.78700882196426,-21.779083251953125,-31.241230309009552,14111.11623030901,14079.875,-0.00221885707856139,-0.002213944651799202
3875,4,fp16_boundary,7,256,512,256,8160,32,0,3031,148.01205444335938,204.86288452148438,13558.872924804688,0.0,330.9832305908203,416.7311553955078,461.529009103775,578.5181642174721,-85.7479248046875,-116.98915511369705,27669.989155113697,27553.0,-0.004245967956799515,-0.0042280159366118245
3875,4,fp16_boundary,7,512,783,271,8567,105,0,3291,239.74276733398438,444.60565185546875,18752.321228027344,0.0,578.9231872558594,711.7444152832031,1040.4521963596344,1290.2625795006752,-132.82122802734375,-249.8103831410408,46422.31038314104,46172.5,-0.005410371609530365,-0.0053812570093832125
3875,4,bf16_pair_boundary,0,0,128,128,4096,0,0,0,0.0,0.0,21.35991609096527,0.0,0.0014870166778564453,0.0015617609024047852,0.0014870166778564453,0.0015617609024047852,-7.474422454833984e-05,-7.474422454833984e-05,21.35991609096527,21.359841346740723,-3.499287440154371e-06,-3.499275195184631e-06
3875,4,bf16_pair_boundary,0,128,256,128,4096,0,0,27,0.000512242317199707,0.000512242317199707,87.5289523601532,0.0,0.006604135036468506,0.0068184733390808105,0.008091151714324951,0.008380234241485596,-0.0002143383026123047,-0.00028908252716064453,108.88886845111847,108.88857936859131,-2.654847081640132e-06,-2.654840033445817e-06
3875,4,bf16_pair_boundary,0,256,512,256,8189,3,0,366,0.00599217414855957,0.006504416465759277,388.6392915248871,0.0,0.06154710054397583,0.06908565759658813,0.06963825225830078,0.07746589183807373,-0.007538557052612305,-0.00782763957977295,497.52815997600555,497.5203323364258,-1.5733305899305154e-05,-1.5733058366285146e-05
3875,4,bf16_pair_boundary,0,512,783,271,8672,0,0,436,0.010662078857421875,0.017166495323181152,254.1902632713318,0.0,0.16518545150756836,0.16101360321044922,0.23482370376586914,0.23847949504852295,0.004171848297119141,-0.0036557912826538086,751.7184232473373,751.7147674560547,-4.863269209178502e-06,-4.863245557906124e-06
3875,4,bf16_pair_boundary,7,0,128,128,4096,0,0,62,0.03497314453125,0.03497314453125,8792.344253122807,0.0,0.5568601489067078,0.5917870998382568,0.5568601489067078,0.5917870998382568,-0.03492695093154907,-0.03492695093154907,8792.344253122807,8792.309326171875,-3.972443374755115e-06,-3.972427594511435e-06
3875,4,bf16_pair_boundary,7,128,256,128,4096,0,0,190,0.1729736328125,0.20794677734375,5318.931716918945,0.0,1.193328857421875,1.3081512451171875,1.7501890063285828,1.8999383449554443,-0.1148223876953125,-0.14974933862686157,14111.275970041752,14111.126220703125,-1.0612146492400937e-05,-1.0612033875942864e-05
3875,4,bf16_pair_boundary,7,256,512,256,8160,32,0,375,0.441162109375,0.64910888671875,13555.995574951172,0.0,4.3365478515625,4.797088623046875,6.086736857891083,6.697026968002319,-0.460540771484375,-0.6102901101112366,27667.271544992924,27666.661254882812,-2.2058682993544375e-05,-2.2058196418782163e-05
3875,4,bf16_pair_boundary,7,512,783,271,8566,106,0,663,1.1116943359375,1.76080322265625,18755.49984741211,0.0,7.9539794921875,8.292816162109375,14.040716350078583,14.989843130111694,-0.338836669921875,-0.9491267800331116,46422.77139240503,46421.822265625,-2.0445702768887912e-05,-2.0445284750672875e-05
3861,9,A00,0,0,128,128,4096,0,0,0,0.0,0.0,21.359914779663086,0.0,0.0,0.0,0.0,0.0,0.0,0.0,21.359914779663086,21.359914779663086,0.0,0.0
3861,9,A00,0,128,256,128,4096,0,0,0,0.0,0.0,82.42124289274216,0.0,0.0,0.0,0.0,0.0,0.0,0.0,103.78115767240524,103.78115767240524,0.0,0.0
3861,9,A00,0,256,512,256,8192,0,0,0,0.0,0.0,292.2286556363106,0.0,0.0,0.0,0.0,0.0,0.0,0.0,396.0098133087158,396.0098133087158,0.0,0.0
3861,9,A00,0,512,783,271,8672,0,0,0,0.0,0.0,240.71542644500732,0.0,0.0,0.0,0.0,0.0,0.0,0.0,636.7252397537231,636.7252397537231,0.0,0.0
3861,9,A00,7,0,128,128,4096,0,0,0,0.0,0.0,8792.345703125,0.0,0.0,0.0,0.0,0.0,0.0,0.0,8792.345703125,8792.345703125,0.0,0.0
3861,9,A00,7,128,256,128,4086,10,0,0,0.0,0.0,5609.526351928711,0.0,0.0,0.0,0.0,0.0,0.0,0.0,14401.872055053711,14401.872055053711,0.0,0.0
3861,9,A00,7,256,512,256,8169,23,0,0,0.0,0.0,15713.764541625977,0.0,0.0,0.0,0.0,0.0,0.0,0.0,30115.636596679688,30115.636596679688,0.0,0.0
3861,9,A00,7,512,783,271,8589,83,0,0,0.0,0.0,16838.099670410156,0.0,0.0,0.0,0.0,0.0,0.0,0.0,46953.736267089844,46953.736267089844,0.0,0.0
3861,9,A10,0,0,128,128,4096,0,0,0,0.0,0.0,21.359914779663086,0.0,0.0,0.0,0.0,0.0,0.0,0.0,21.359914779663086,21.359914779663086,0.0,0.0
3861,9,A10,0,128,256,128,4096,0,0,0,0.0,0.0,82.42124289274216,0.0,0.0,0.0,0.0,0.0,0.0,0.0,103.78115767240524,103.78115767240524,0.0,0.0
3861,9,A10,0,256,512,256,8192,0,0,0,0.0,0.0,292.2286556363106,0.0,0.0,0.0,0.0,0.0,0.0,0.0,396.0098133087158,396.0098133087158,0.0,0.0
3861,9,A10,0,512,783,271,8672,0,0,0,0.0,0.0,240.71542644500732,0.0,0.0,0.0,0.0,0.0,0.0,0.0,636.7252397537231,636.7252397537231,0.0,0.0
3861,9,A10,7,0,128,128,4096,0,0,0,0.0,0.0,8805.7978515625,0.0,0.0,0.0,0.0,0.0,0.0,0.0,8805.7978515625,8805.7978515625,0.0,0.0
3861,9,A10,7,128,256,128,4087,9,0,0,0.0,0.0,5638.306289672852,0.0,0.0,0.0,0.0,0.0,0.0,0.0,14444.104141235352,14444.104141235352,0.0,0.0
3861,9,A10,7,256,512,256,8172,20,0,0,0.0,0.0,15711.725143432617,0.0,0.0,0.0,0.0,0.0,0.0,0.0,30155.82928466797,30155.82928466797,0.0,0.0
3861,9,A10,7,512,783,271,8592,80,0,0,0.0,0.0,16836.441040039062,0.0,0.0,0.0,0.0,0.0,0.0,0.0,46992.27032470703,46992.27032470703,0.0,0.0
3861,9,A01,0,0,128,128,4096,0,0,708,0.6899771690368652,0.6899771690368652,21.35991621017456,0.0,1.0846083760261536,1.2031076550483704,1.0846083760261536,1.2031076550483704,-0.1184992790222168,-0.1184992790222168,21.35991621017456,21.241416931152344,-0.0055786899436274205,-0.0055477408177177666
3861,9,A01,0,128,256,128,4096,0,0,2195,3.3486768007278442,4.0386539697647095,82.42124438285828,0.0,2.547627329826355,4.692222237586975,3.6322357058525085,5.8953298926353455,-2.14459490776062,-2.263094186782837,103.78116059303284,101.51806640625,-0.02229252651174913,-0.021806406614176616
3861,9,A01,0,256,512,256,8192,0,0,6086,25.620431303977966,29.659085273742676,292.2286784648895,0.0,13.625285923480988,31.950155794620514,17.257521629333496,37.84548568725586,-18.324869871139526,-20.587964057922363,396.00983905792236,375.421875,-0.05483954300191581,-0.05198851651489161
3861,9,A01,0,512,783,271,8672,0,0,7473,57.42909908294678,87.08818435668945,240.71540141105652,0.0,24.101744413375854,65.37964582443237,41.35926604270935,103.22513151168823,-41.27790141105652,-61.86586546897888,636.7252404689789,574.859375,-0.10761912940704652,-0.09716257741472865
3861,9,A01,7,0,128,128,4096,0,0,1522,159.5560646057129,159.5560646057129,8776.676233232021,0.0,243.8585069179535,349.5347401499748,243.8585069179535,349.5347401499748,-105.67623323202133,-105.67623323202133,8776.676233232021,8671.0,-0.012187317867837773,-0.01204057554634278
3861,9,A01,7,128,256,128,4086,10,0,2692,449.4589385986328,609.0150032043457,5586.956100463867,0.0,406.12156677246094,747.0776672363281,649.9800736904144,1096.612407386303,-340.9561004638672,-446.6323336958885,14363.632333695889,13917.0,-0.03209257265904207,-0.031094664867474097
3861,9,A01,7,256,512,256,8174,18,0,5049,2039.1510162353516,2648.1660194396973,15660.463928222656,0.0,2483.608444213867,2733.0723724365234,3133.5885179042816,3829.6847798228264,-249.46392822265625,-696.0962619185448,30024.096261918545,29328.0,-0.02373486981446211,-0.023184586668190496
3861,9,A01,7,512,783,271,8592,80,0,6564,6118.100769042969,8766.266788482666,16607.887725830078,0.0,2262.1880798339844,6722.0758056640625,5395.776597738266,10551.760585486889,-4459.887725830078,-5155.983987748623,46631.98398774862,41476.0,-0.12431246956670419,-0.11056754499450908
3861,9,A11,0,0,128,128,4096,0,0,708,0.6899771690368652,0.6899771690368652,21.35991621017456,0.0,1.0846083760261536,1.2031076550483704,1.0846083760261536,1.2031076550483704,-0.1184992790222168,-0.1184992790222168,21.35991621017456,21.241416931152344,-0.0055786899436274205,-0.0055477408177177666
3861,9,A11,0,128,256,128,4096,0,0,2195,3.3486768007278442,4.0386539697647095,82.42124438285828,0.0,2.547627329826355,4.692222237586975,3.6322357058525085,5.8953298926353455,-2.14459490776062,-2.263094186782837,103.78116059303284,101.51806640625,-0.02229252651174913,-0.021806406614176616
3861,9,A11,0,256,512,256,8192,0,0,6086,25.620431303977966,29.659085273742676,292.2286784648895,0.0,13.625285923480988,31.950155794620514,17.257521629333496,37.84548568725586,-18.324869871139526,-20.587964057922363,396.00983905792236,375.421875,-0.05483954300191581,-0.05198851651489161
3861,9,A11,0,512,783,271,8672,0,0,7473,57.42909908294678,87.08818435668945,240.71540141105652,0.0,24.101744413375854,65.37964582443237,41.35926604270935,103.22513151168823,-41.27790141105652,-61.86586546897888,636.7252404689789,574.859375,-0.10761912940704652,-0.09716257741472865
3861,9,A11,7,0,128,128,4096,0,0,1521,160.33749771118164,160.33749771118164,8791.264713644981,0.0,242.7420670390129,350.0067806839943,242.7420670390129,350.0067806839943,-107.26471364498138,-107.26471364498138,8791.264713644981,8684.0,-0.012351993740785511,-0.01220128356259084
3861,9,A11,7,128,256,128,4087,9,0,2684,453.83033752441406,614.1678352355957,5619.735015869141,0.0,407.8477783203125,749.5827941894531,650.5898453593254,1099.5895748734474,-341.7350158691406,-448.999729514122,14410.999729514122,13962.0,-0.03215869714325469,-0.031156737071790952
3861,9,A11,7,256,512,256,8175,17,0,5053,2058.8346405029297,2673.0024757385254,15693.369827270508,0.0,2508.3672485351562,2751.737075805664,3158.9570938944817,3851.3266506791115,-243.3698272705078,-692.3695567846298,30104.36955678463,29412.0,-0.023540376607664552,-0.022998972141856075
3861,9,A11,7,512,783,271,8600,72,0,6601,6236.053619384766,8909.056095123291,16574.462280273438,0.0,2222.6063842773438,6829.068664550781,5381.563478171825,10680.395315229893,-4606.4622802734375,-5298.831837058067,46678.83183705807,41380.0,-0.1280529685127614,-0.11351680469542844
3861,9,fp16_boundary,0,0,128,128,4096,0,0,51,0.02595585584640503,0.02595585584640503,21.35991609096527,0.0,0.141526460647583,0.149574875831604,0.141526460647583,0.149574875831604,-0.008048415184020996,-0.008048415184020996,21.35991609096527,21.35186767578125,-0.0003769419755794974,-0.000376799943864259
3861,9,fp16_boundary,0,128,256,128,4096,0,0,674,0.18423676490783691,0.21019262075424194,82.42124450206757,0.0,0.4789920449256897,0.5680221915245056,0.6205185055732727,0.7175970673561096,-0.08903014659881592,-0.09707856178283691,103.78116059303284,103.68408203125,-0.0009362918577374085,-0.0009354160353199414
3861,9,fp16_boundary,0,256,512,256,8192,0,0,3384,2.6280770897865295,2.8382697105407715,292.2286729812622,0.0,3.439807415008545,5.399437427520752,4.060325920581818,6.117034494876862,-1.959630012512207,-2.056708574295044,396.00983357429504,393.953125,-0.005220693640379281,-0.00519357955263802
3861,9,fp16_boundary,0,512,783,271,8672,0,0,4822,6.089729070663452,8.927998781204224,240.71542620658875,0.0,7.157814025878906,11.025583982467651,11.218139946460724,17.142618477344513,-3.867769956588745,-5.924478530883789,636.7252597808838,630.80078125,-0.009391996184823668,-0.009304607348108946
3861,9,fp16_boundary,7,0,128,128,4096,0,0,837,15.392425537109375,15.392425537109375,8795.587147057056,0.0,41.512895822525024,50.97504287958145,41.512895822525024,50.97504287958145,-9.462147057056427,-9.462147057056427,8795.587147057056,8786.125,-0.0010769420031079033,-0.001075783446727874
3861,9,fp16_boundary,7,128,256,128,4086,10,0,1545,42.6748046875,58.067230224609375,5602.68376159668,0.0,89.66966247558594,113.72842407226562,131.18255829811096,164.70346695184708,-24.058761596679688,-33.520908653736115,14398.270908653736,14364.75,-0.0023335532225577274,-0.0023281204296266697
3861,9,fp16_boundary,7,256,512,256,8169,23,0,2783,138.74623107910156,196.81346130371094,15712.025680541992,0.0,337.5330047607422,430.8086853027344,468.71556305885315,595.5121522545815,-93.27568054199219,-126.7965891957283,30110.29658919573,29983.5,-0.004228878856562052,-0.004211070748510191
3861,9,fp16_boundary,7,512,783,271,8589,83,0,3472,294.4162902832031,491.22975158691406,16816.95556640625,0.0,620.2672729492188,760.7228393554688,1088.982836008072,1356.2349916100502,-140.45556640625,-267.2521556019783,46927.25215560198,46660.0,-0.005727650141491176,-0.005695030996398856
3861,9,bf16_pair_boundary,0,0,128,128,4096,0,0,0,0.0,0.0,21.35991609096527,0.0,0.0014870166778564453,0.0015617609024047852,0.0014870166778564453,0.0015617609024047852,-7.474422454833984e-05,-7.474422454833984e-05,21.35991609096527,21.359841346740723,-3.499287440154371e-06,-3.499275195184631e-06
3861,9,bf16_pair_boundary,0,128,256,128,4096,0,0,15,0.0003528594970703125,0.0003528594970703125,82.4212441444397,0.0,0.006083786487579346,0.005990803241729736,0.007570803165435791,0.0075525641441345215,9.298324584960938e-05,1.823902130126953e-05,103.78116023540497,103.78117847442627,1.7574498159860448e-07,1.7574501248490845e-07
3861,9,bf16_pair_boundary,0,256,512,256,8192,0,0,276,0.00560915470123291,0.005962014198303223,292.2286732196808,0.0,0.05983453989028931,0.06349879503250122,0.0674053430557251,0.07105135917663574,-0.003664255142211914,-0.0036460161209106445,396.00983345508575,396.00618743896484,-9.206967558991975e-06,-9.206882791520794e-06
3861,9,bf16_pair_boundary,0,512,783,271,8672,0,0,393,0.00938725471496582,0.015349268913269043,240.71542716026306,0.0,0.13556528091430664,0.13439011573791504,0.20297062397003174,0.20544147491455078,0.0011751651763916016,-0.002470850944519043,636.7252606153488,636.7227897644043,-3.880575635486975e-06,-3.88056057667815e-06
3861,9,bf16_pair_boundary,7,0,128,128,4096,0,0,62,0.03497314453125,0.03497314453125,8792.344253122807,0.0,0.5568601489067078,0.5917870998382568,0.5568601489067078,0.5917870998382568,-0.03492695093154907,-0.03492695093154907,8792.344253122807,8792.309326171875,-3.972443374755115e-06,-3.972427594511435e-06
3861,9,bf16_pair_boundary,7,128,256,128,4086,10,0,146,0.122802734375,0.15777587890625,5609.535385131836,0.0,1.2295989990234375,1.248870849609375,1.7864591479301453,1.8406579494476318,-0.0192718505859375,-0.05419880151748657,14401.879638254642,14401.825439453125,-3.7633285964577447e-06,-3.7633144338689184e-06
3861,9,bf16_pair_boundary,7,256,512,256,8169,23,0,408,0.54193115234375,0.69970703125,15713.77328491211,0.0,4.84149169921875,5.075958251953125,6.627950847148895,6.916616201400757,-0.234466552734375,-0.2886653542518616,30115.652923166752,30115.3642578125,-9.585318370405442e-06,-9.585226492957853e-06
3861,9,bf16_pair_boundary,7,512,783,271,8589,83,0,545,0.99737548828125,1.69708251953125,16838.006774902344,0.0,8.7738037109375,9.27716064453125,15.401754558086395,16.193776845932007,-0.50335693359375,-0.7920222878456116,46953.659698069096,46952.86767578125,-1.686845398484882e-05,-1.686816944490873e-05
6871,7,A00,0,0,128,128,4096,0,0,0,0.0,0.0,21.359914779663086,0.0,0.0,0.0,0.0,0.0,0.0,0.0,21.359914779663086,21.359914779663086,0.0,0.0
6871,7,A00,0,128,256,128,4096,0,0,0,0.0,0.0,78.22297871112823,0.0,0.0,0.0,0.0,0.0,0.0,0.0,99.58289349079132,99.58289349079132,0.0,0.0
6871,7,A00,0,256,512,256,8192,0,0,0,0.0,0.0,214.5467643737793,0.0,0.0,0.0,0.0,0.0,0.0,0.0,314.1296578645706,314.1296578645706,0.0,0.0
6871,7,A00,0,512,783,271,8672,0,0,0,0.0,0.0,257.0260180234909,0.0,0.0,0.0,0.0,0.0,0.0,0.0,571.1556758880615,571.1556758880615,0.0,0.0
6871,7,A00,7,0,128,128,4096,0,0,0,0.0,0.0,8792.345703125,0.0,0.0,0.0,0.0,0.0,0.0,0.0,8792.345703125,8792.345703125,0.0,0.0
6871,7,A00,7,128,256,128,4089,7,0,0,0.0,0.0,4969.390823364258,0.0,0.0,0.0,0.0,0.0,0.0,0.0,13761.736526489258,13761.736526489258,0.0,0.0
6871,7,A00,7,256,512,256,8176,16,0,0,0.0,0.0,14624.889236450195,0.0,0.0,0.0,0.0,0.0,0.0,0.0,28386.625762939453,28386.625762939453,0.0,0.0
6871,7,A00,7,512,783,271,8627,45,0,0,0.0,0.0,17213.287811279297,0.0,0.0,0.0,0.0,0.0,0.0,0.0,45599.91357421875,45599.91357421875,0.0,0.0
6871,7,A10,0,0,128,128,4096,0,0,0,0.0,0.0,21.359914779663086,0.0,0.0,0.0,0.0,0.0,0.0,0.0,21.359914779663086,21.359914779663086,0.0,0.0
6871,7,A10,0,128,256,128,4096,0,0,0,0.0,0.0,78.22297871112823,0.0,0.0,0.0,0.0,0.0,0.0,0.0,99.58289349079132,99.58289349079132,0.0,0.0
6871,7,A10,0,256,512,256,8192,0,0,0,0.0,0.0,214.5467643737793,0.0,0.0,0.0,0.0,0.0,0.0,0.0,314.1296578645706,314.1296578645706,0.0,0.0
6871,7,A10,0,512,783,271,8672,0,0,0,0.0,0.0,257.0260180234909,0.0,0.0,0.0,0.0,0.0,0.0,0.0,571.1556758880615,571.1556758880615,0.0,0.0
6871,7,A10,7,0,128,128,4096,0,0,0,0.0,0.0,8805.7978515625,0.0,0.0,0.0,0.0,0.0,0.0,0.0,8805.7978515625,8805.7978515625,0.0,0.0
6871,7,A10,7,128,256,128,4089,7,0,0,0.0,0.0,4996.953842163086,0.0,0.0,0.0,0.0,0.0,0.0,0.0,13802.751693725586,13802.751693725586,0.0,0.0
6871,7,A10,7,256,512,256,8181,11,0,0,0.0,0.0,14663.265029907227,0.0,0.0,0.0,0.0,0.0,0.0,0.0,28466.016723632812,28466.016723632812,0.0,0.0
6871,7,A10,7,512,783,271,8626,46,0,0,0.0,0.0,17303.015686035156,0.0,0.0,0.0,0.0,0.0,0.0,0.0,45769.03240966797,45769.03240966797,0.0,0.0
6871,7,A01,0,0,128,128,4096,0,0,708,0.6899771690368652,0.6899771690368652,21.35991621017456,0.0,1.0846083760261536,1.2031076550483704,1.0846083760261536,1.2031076550483704,-0.1184992790222168,-0.1184992790222168,21.35991621017456,21.241416931152344,-0.0055786899436274205,-0.0055477408177177666
6871,7,A01,0,128,256,128,4096,0,0,2066,3.2423149943351746,3.93229216337204,78.22298294305801,0.0,2.433679163455963,4.476692318916321,3.5182875394821167,5.679799973964691,-2.0430131554603577,-2.1615124344825745,99.58289915323257,97.42138671875,-0.022187247659723196,-0.021705658831608833
6871,7,A01,0,256,512,256,8192,0,0,6493,21.326336979866028,25.258629143238068,214.54676681756973,0.0,8.847638726234436,25.61266726255417,12.365926265716553,31.29246723651886,-16.765028536319733,-18.926540970802307,314.1296659708023,295.203125,-0.06411361997201862,-0.06025072771242653
6871,7,A01,0,512,783,271,8672,0,0,7338,56.072376132011414,81.33100527524948,257.02603483200073,0.0,22.83936083316803,63.99039566516876,35.20528709888458,95.28286290168762,-41.15103483200073,-60.07757580280304,571.155700802803,511.078125,-0.11755066958266515,-0.10518598644530626
6871,7,A01,7,0,128,128,4096,0,0,1522,159.5560646057129,159.5560646057129,8776.676233232021,0.0,243.8585069179535,349.5347401499748,243.8585069179535,349.5347401499748,-105.67623323202133,-105.67623323202133,8776.676233232021,8671.0,-0.012187317867837773,-0.01204057554634278
6871,7,A01,7,128,256,128,4089,7,0,2906,485.8306579589844,645.3867225646973,4939.176284790039,0.0,320.33299255371094,725.50927734375,564.1914994716644,1075.0440174937248,-405.17628479003906,-510.8525180220604,13715.85251802206,13205.0,-0.03868629443559715,-0.037245407629662206
6871,7,A01,7,256,512,256,8177,15,0,5262,2090.788040161133,2736.17476272583,14605.764022827148,0.0,2000.3162841796875,2769.080307006836,2564.507783651352,3844.1243245005608,-768.7640228271484,-1279.6165408492088,28321.61654084921,27042.0,-0.04731959695470782,-0.04518162086558779
6871,7,A01,7,512,783,271,8634,38,0,6331,5547.6312255859375,8283.805988311768,17091.30291748047,0.0,3162.6178283691406,6063.920745849609,5727.125612020493,9908.04507035017,-2901.3029174804688,-4180.919458329678,45412.91945832968,41232.0,-0.10139987044843028,-0.09206453820186647
6871,7,A11,0,0,128,128,4096,0,0,708,0.6899771690368652,0.6899771690368652,21.35991621017456,0.0,1.0846083760261536,1.2031076550483704,1.0846083760261536,1.2031076550483704,-0.1184992790222168,-0.1184992790222168,21.35991621017456,21.241416931152344,-0.0055786899436274205,-0.0055477408177177666
6871,7,A11,0,128,256,128,4096,0,0,2066,3.2423149943351746,3.93229216337204,78.22298294305801,0.0,2.433679163455963,4.476692318916321,3.5182875394821167,5.679799973964691,-2.0430131554603577,-2.1615124344825745,99.58289915323257,97.42138671875,-0.022187247659723196,-0.021705658831608833
6871,7,A11,0,256,512,256,8192,0,0,6493,21.326336979866028,25.258629143238068,214.54676681756973,0.0,8.847638726234436,25.61266726255417,12.365926265716553,31.29246723651886,-16.765028536319733,-18.926540970802307,314.1296659708023,295.203125,-0.06411361997201862,-0.06025072771242653
6871,7,A11,0,512,783,271,8672,0,0,7338,56.072376132011414,81.33100527524948,257.02603483200073,0.0,22.83936083316803,63.99039566516876,35.20528709888458,95.28286290168762,-41.15103483200073,-60.07757580280304,571.155700802803,511.078125,-0.11755066958266515,-0.10518598644530626
6871,7,A11,7,0,128,128,4096,0,0,1521,160.33749771118164,160.33749771118164,8791.264713644981,0.0,242.7420670390129,350.0067806839943,242.7420670390129,350.0067806839943,-107.26471364498138,-107.26471364498138,8791.264713644981,8684.0,-0.012351993740785511,-0.01220128356259084
6871,7,A11,7,128,256,128,4089,7,0,2899,489.2464294433594,649.583927154541,4970.834686279297,0.0,327.78758239746094,725.6222686767578,570.5296494364738,1075.629049360752,-397.8346862792969,-505.09939992427826,13762.099399924278,13257.0,-0.03810058081951258,-0.03670220547361091
6871,7,A11,7,256,512,256,8180,12,0,5271,2132.420883178711,2782.004810333252,14642.548263549805,0.0,2001.7854309082031,2815.333694458008,2572.315080344677,3890.96274381876,-813.5482635498047,-1318.647663474083,28404.647663474083,27086.0,-0.04868373563738031,-0.04642365851873423
6871,7,A11,7,512,783,271,8641,31,0,6319,5548.3330078125,8330.337818145752,17190.881866455078,0.0,3115.0653076171875,6107.947174072266,5687.3803879618645,9998.909917891026,-2992.881866455078,-4311.529529929161,45595.52952992916,41284.0,-0.10443584754212676,-0.09456035656081259
6871,7,fp16_boundary,0,0,128,128,4096,0,0,51,0.02595585584640503,0.02595585584640503,21.35991609096527,0.0,0.141526460647583,0.149574875831604,0.141526460647583,0.149574875831604,-0.008048415184020996,-0.008048415184020996,21.35991609096527,21.35186767578125,-0.0003769419755794974,-0.000376799943864259
6871,7,fp16_boundary,0,128,256,128,4096,0,0,508,0.15184307098388672,0.17779892683029175,78.22298258543015,0.0,0.4791058897972107,0.511475682258606,0.6206323504447937,0.66105055809021,-0.032369792461395264,-0.04041820764541626,99.58289867639542,99.54248046875,-0.0004060397877879385,-0.0004058749863945944
6871,7,fp16_boundary,0,256,512,256,8192,0,0,3974,2.6988802552223206,2.8766791820526123,214.5467607975006,0.0,2.851090908050537,4.7079102993011475,3.471723258495331,5.368960857391357,-1.8568193912506104,-1.8972375988960266,314.129659473896,312.232421875,-0.006076363202459391,-0.006039664010311914
6871,7,fp16_boundary,0,512,783,271,8672,0,0,4529,5.27618145942688,8.152860641479492,257.026016831398,0.0,7.1813437938690186,10.119470000267029,10.65306705236435,15.488430857658386,-2.9381262063980103,-4.835363805294037,571.155676305294,566.3203125,-0.008538213619689011,-0.008465929703392178
6871,7,fp16_boundary,7,0,128,128,4096,0,0,837,15.392425537109375,15.392425537109375,8795.587147057056,0.0,41.512895822525024,50.97504287958145,41.512895822525024,50.97504287958145,-9.462147057056427,-9.462147057056427,8795.587147057056,8786.125,-0.0010769420031079033,-0.001075783446727874
6871,7,fp16_boundary,7,128,256,128,4089,7,0,1649,46.85234069824219,62.24476623535156,4969.166534423828,0.0,82.44508361816406,110.11161804199219,123.95797944068909,161.08666092157364,-27.666534423828125,-37.12868148088455,13764.753681480885,13727.625,-0.0027046689781287407,-0.002697373475766408
6871,7,fp16_boundary,7,256,512,256,8176,16,0,3015,135.43150329589844,197.67626953125,14626.448928833008,0.0,318.45721435546875,411.03114318847656,442.41519379615784,572.1178041100502,-92.57392883300781,-129.70261031389236,28391.202610313892,28261.5,-0.004589374601981224,-0.0045684084642041295
6871,7,fp16_boundary,7,512,783,271,8628,44,0,3414,259.3608093261719,457.0370788574219,17209.522491455078,0.0,561.7905578613281,712.8130493164062,1004.205751657486,1284.9308534264565,-151.02249145507812,-280.7251017689705,45600.72510176897,45320.0,-0.006194287329412411,-0.006156154340582633
6871,7,bf16_pair_boundary,0,0,128,128,4096,0,0,0,0.0,0.0,21.35991609096527,0.0,0.0014870166778564453,0.0015617609024047852,0.0014870166778564453,0.0015617609024047852,-7.474422454833984e-05,-7.474422454833984e-05,21.35991609096527,21.359841346740723,-3.499287440154371e-06,-3.499275195184631e-06
6871,7,bf16_pair_boundary,0,128,256,128,4096,0,0,0,0.0,0.0,78.2229825258255,0.0,0.005605459213256836,0.005386233329772949,0.007092475891113281,0.006947994232177734,0.00021922588348388672,0.00014448165893554688,99.58289861679077,99.5830430984497,1.4508660755898926e-06,1.4508681806053161e-06
6871,7,bf16_pair_boundary,0,256,512,256,8192,0,0,453,0.006120800971984863,0.006120800971984863,214.5467633008957,0.0,0.046277761459350586,0.05365908145904541,0.05337023735046387,0.060607075691223145,-0.007381319999694824,-0.007236838340759277,314.12966191768646,314.1224250793457,-2.3038273497765368e-05,-2.3037742747947168e-05
6871,7,bf16_pair_boundary,0,512,783,271,8672,0,0,296,0.006273031234741211,0.012393832206726074,257.02602422237396,0.0,0.11215734481811523,0.1104658842086792,0.1655275821685791,0.17107295989990234,0.0016914606094360352,-0.005545377731323242,571.1556861400604,571.1501407623291,-9.709141844772517e-06,-9.709047578252402e-06
6871,7,bf16_pair_boundary,7,0,128,128,4096,0,0,62,0.03497314453125,0.03497314453125,8792.344253122807,0.0,0.5568601489067078,0.5917870998382568,0.5568601489067078,0.5917870998382568,-0.03492695093154907,-0.03492695093154907,8792.344253122807,8792.309326171875,-3.972443374755115e-06,-3.972427594511435e-06
6871,7,bf16_pair_boundary,7,128,256,128,4089,7,0,165,0.14959716796875,0.1845703125,4969.391586303711,0.0,1.2097015380859375,1.228973388671875,1.7665616869926453,1.8207604885101318,-0.0192718505859375,-0.05419880151748657,13761.735839426517,13761.681640625,-3.938385070432794e-06,-3.938369559616918e-06
6871,7,bf16_pair_boundary,7,256,512,256,8176,16,0,481,0.644775390625,0.829345703125,14624.913986206055,0.0,4.5113067626953125,4.927978515625,6.277868449687958,6.748739004135132,-0.4166717529296875,-0.4708705544471741,28386.649825632572,28386.178955078125,-1.6588021769056665e-05,-1.658774661115478e-05
6871,7,bf16_pair_boundary,7,512,783,271,8627,45,0,575,1.27191162109375,2.10125732421875,17213.231842041016,0.0,8.060089111328125,9.11541748046875,14.337957561016083,15.864156484603882,-1.055328369140625,-1.526198923587799,45599.88166767359,45598.35546875,-3.347048172896831e-05,-3.346936149331597e-05
