contrast,step,target_pixel_index,mean_delta_bits,sample_sd_delta_bits,mean_cumulative_delta_bpp,mean_cumulative_contribution_to_final_bpp
joint_minus_native,0,1,0.0,0.0,0.0,0.0
joint_minus_native,1,2,2.508352830016682e-09,0.0,1.254176415008341e-09,3.203515747147742e-12
joint_minus_native,2,3,3.3674368008267438e-09,0.0,1.9585965436144754e-09,7.504201316530557e-12
joint_minus_native,3,4,-2.607332450109607e-09,0.0,8.171142951834547e-10,4.174274815752004e-12
joint_minus_native,4,5,3.342795562655138e-09,0.0,1.3222505486777913e-09,8.443490093727913e-12
joint_minus_native,5,6,8.278175250250077e-09,0.0,2.4815713322731722e-09,1.9015872277955344e-11
joint_minus_native,6,7,2.6833262688493854e-09,0.0,2.510393466069774e-09,2.2442853464225312e-11
joint_minus_native,7,8,4.731059525914121e-09,0.0,2.7879767235503175e-09,2.848507508097387e-11
joint_minus_native,8,9,-1.1891813474424525e-09,0.0,2.3460702712177874e-09,2.6966324956526292e-11
joint_minus_native,9,10,-1.8263345734359583e-10,0.0,2.093199898361649e-09,2.673307660742847e-11
joint_minus_native,10,11,-3.564600410548582e-09,0.0,1.5788544157334463e-09,2.218058566164484e-11
joint_minus_native,11,12,-2.712589120688878e-09,0.0,1.221234121031586e-09,1.8716231739947677e-11
joint_minus_native,12,13,-8.218121493661565e-09,0.0,4.951298429782667e-10,8.220546562857557e-12
joint_minus_native,13,14,-1.3482205785114088e-08,0.0,-5.032512733140444e-10,-8.998107057977805e-12
joint_minus_native,14,15,-2.005160686863443e-08,0.0,-1.8064749796687368e-09,-3.460680037679573e-11
joint_minus_native,15,16,-3.0323004314174646e-08,0.0,-3.588758063075356e-09,-7.333349809604815e-11
joint_minus_native,16,17,-2.6193467354845794e-08,0.0,-4.918446844944205e-09,-1.0678620225293933e-10
joint_minus_native,17,18,-2.9456878406137427e-08,0.0,-6.281693042788273e-09,-1.4440673661582237e-10
joint_minus_native,18,19,-3.2900623929791845e-08,0.0,-7.682689405262146e-09,-1.8642541340993712e-10
joint_minus_native,19,20,-3.3089411452711974e-08,0.0,-8.953025507634636e-09,-2.2868519815158715e-10
joint_minus_native,20,21,-2.305955930945945e-08,0.0,-9.624765212483437e-09,-2.5813546546890445e-10
joint_minus_native,21,22,-1.8039943573219197e-08,0.0,-1.0007273319789609e-08,-2.8117498471950367e-10
joint_minus_native,22,23,-1.0520983452930258e-08,0.0,-1.0029608542969636e-08,-2.9461174519578755e-10
joint_minus_native,23,24,-3.915705368583616e-09,0.0,-9.774862577370219e-09,-2.996126460496619e-10
joint_minus_native,24,25,1.9972307803626152e-10,0.0,-9.37587915115396e-09,-2.993575718759246e-10
joint_minus_native,25,26,5.4677892366882514e-09,0.0,-8.804968828544645e-09,-2.9237444385972e-10
joint_minus_native,26,27,1.3173039510590896e-08,0.0,-7.990968519687772e-09,-2.755506386099232e-10
joint_minus_native,27,28,1.5712959233172725e-08,0.0,-7.1443996713713255e-09,-2.5548300229680346e-10
joint_minus_native,28,29,1.972533746570793e-08,0.0,-6.217857011472041e-09,-2.3029100042489042e-10
joint_minus_native,29,30,2.523440106416735e-08,0.0,-5.169448408950728e-09,-1.9806315743106237e-10
joint_minus_native,30,31,-1.1845681958481608e-07,0.0,-8.82387973720445e-09,-3.4934900619838815e-10
joint_minus_native,31,32,-2.72554510294322e-07,0.0,-1.7065461942114373e-08,-6.974390576598467e-10
joint_minus_native,32,33,-6.389155681797256e-07,0.0,-3.590940455537532e-08,-1.5134231804947452e-09
joint_minus_native,33,34,-1.2704424905139088e-06,0.0,-7.221920120121454e-08,-3.1359550968598905e-09
joint_minus_native,34,35,-1.8562241435861283e-06,0.0,-1.2319077098364067e-07,-5.506611729792367e-09
joint_minus_native,35,36,-1.1347853578084826e-06,0.0,-1.5129062061766405e-07,-6.955890603110991e-09
joint_minus_native,36,37,2.393265382505199e-06,0.0,-8.251883674947856e-08,-3.8993575475487955e-09
joint_minus_native,37,38,2.718137528128937e-06,0.0,-8.817353463204468e-09,-4.279175371670112e-10
joint_minus_native,38,39,3.0737639651521285e-06,0.0,7.022319316795792e-08,3.4977069394002026e-09
joint_minus_native,39,40,2.8363900248897292e-06,0.0,1.393773639610022e-07,7.120171849859627e-09
joint_minus_native,40,41,2.640761978047108e-06,0.0,2.0038674479237063e-07,1.04927925114779e-08
joint_minus_native,41,42,2.3497932546508366e-06,0.0,2.5156309026519124e-07,1.349380560809455e-08
joint_minus_native,42,43,1.9812368731686426e-06,0.0,2.9178806196062033e-07,1.602412089949767e-08
joint_minus_native,43,44,1.7258215076722467e-06,0.0,3.2437973118133914e-07,1.822823521325533e-08
joint_minus_native,44,45,1.4949641213777003e-06,0.0,3.5039271763014716e-07,2.013751250747972e-08
joint_minus_native,45,46,1.293584217022933e-06,0.0,3.708968806604251e-07,2.1789599630114374e-08
joint_minus_native,46,47,1.0023781056274028e-06,0.0,3.8433265140440337e-07,2.3069776010226e-08
joint_minus_native,47,48,8.221705797039941e-07,0.0,3.934542749106448e-07,2.4119802293372862e-08
joint_minus_native,48,49,5.893149398395652e-07,0.0,3.9745143133776567e-07,2.4872439509004492e-08
joint_minus_native,49,50,-1.562277146986868e-09,0.0,3.894711571680706e-07,2.487044426360604e-08
joint_minus_native,50,51,3.8567083971981385e-08,0.0,3.8259068514461784e-07,2.4919699798691583e-08
joint_minus_native,51,52,7.33217831305978e-08,0.0,3.7664320625973286e-07,2.5013341922740878e-08
joint_minus_native,52,53,8.956195578604585e-08,0.0,3.712265788923048e-07,2.5127725008035954e-08
joint_minus_native,53,54,9.899612853476976e-08,0.0,3.661852742560541e-07,2.525415684524511e-08
joint_minus_native,54,55,1.1829247305798227e-07,0.0,3.616781324160892e-07,2.5405232800619293e-08
joint_minus_native,55,56,1.3404649826705404e-07,0.0,3.576132818062851e-07,2.557642883927454e-08
joint_minus_native,56,57,1.515709711698786e-07,0.0,3.53998504426699e-07,2.5770006069376555e-08
joint_minus_native,57,58,1.5635318333915453e-07,0.0,3.505908264769138e-07,2.596969085014176e-08
joint_minus_native,58,59,1.5756824264769367e-07,0.0,3.473192572594694e-07,2.6170927430790157e-08
joint_minus_native,59,60,-2.7817884087447424e-06,0.0,2.9516746282606583e-07,2.2618196385139145e-08
joint_minus_native,60,61,-3.7359363652257984e-06,0.0,2.290837935137402e-07,1.7846885573867373e-08
joint_minus_native,61,62,-4.390692171303025e-06,0.0,1.5457127795217948e-07,1.2239360450875003e-08
joint_minus_native,62,63,-3.0164278722023493e-06,0.0,1.042379581084568e-07,8.386962146657444e-09
joint_minus_native,63,64,2.2839031797432935e-06,0.0,1.3829522719650107e-07,1.1303824445180163e-08
joint_minus_native,64,65,1.889450818045213e-05,0.0,4.2685234955428e-07,3.543474166159413e-08
joint_minus_native,65,66,-0.0004767719720347027,0.0028176571031047403,-6.803432868389006e-06,-5.734694371822151e-07
joint_minus_native,66,67,-0.002390322127133497,0.013810897121274583,-4.237833875294287e-05,-3.626243545909543e-06
joint_minus_native,67,68,0.0006354973872793055,0.007725573122752103,-3.240957807599804e-05,-2.8146249159232015e-06
joint_minus_native,68,69,-0.0013155780112945002,0.007323486830284087,-5.100622203568648e-05,-4.494801175558579e-06
joint_minus_native,69,70,0.000794264621358888,0.018183440789244498,-3.8930924272906856e-05,-3.480414685955913e-06
joint_minus_native,70,71,-0.0008675094105848027,0.004417944362324745,-5.06010437984265e-05,-4.588344967673412e-06
joint_minus_native,71,72,-0.0019155471868148367,0.013558669608943372,-7.650307356254333e-05,-7.034765385061456e-06
joint_minus_native,72,73,-0.0009064338329316849,0.00884192754164707,-8.787198807444935e-05,-8.192407572713669e-06
joint_minus_native,73,74,-0.0007516182851005848,0.008094341022253674,-9.684153262885659e-05,-9.152328754195897e-06
joint_minus_native,74,75,-0.0007117576680664873,0.0038539143884257364,-0.00010504041443469165,-1.0061342378801882e-05
joint_minus_native,75,76,-0.0017621073158929656,0.009943418897557257,-0.00012684392629598476,-1.2311798720938496e-05
joint_minus_native,76,77,0.00013333538378575092,0.0007571095478773795,-0.00012346497421700117,-1.2141510874468827e-05
joint_minus_native,77,78,-1.0784504064687743e-06,5.48775421528578e-07,-0.00012189591621943028,-1.2142888205767e-05
joint_minus_native,78,79,-4.2313397991526684e-07,4.263807935503403e-07,-0.00012035828606449969,-1.214342860676306e-05
joint_minus_native,79,80,-4.171502112107889e-07,3.4494615997262085e-07,-0.00011885902186633357,-1.2143961365653494e-05
joint_minus_native,80,81,-5.318734076087297e-07,4.3264188368152116e-07,-0.00011739819287301597,-1.2144640642036136e-05
joint_minus_native,81,82,-5.602119024194392e-07,2.713798624114744e-07,-0.00011597333944654528,-1.21453561106216e-05
joint_minus_native,82,83,-7.411708556591539e-07,5.79945877018336e-07,-0.00011458500006593222,-1.2146302688981322e-05
joint_minus_native,83,84,-9.192439629519655e-07,8.444016543166729e-07,-0.00011323183630280149,-1.2147476691488284e-05
joint_minus_native,84,85,-9.456107931532107e-07,7.9798152482118e-07,-0.00011191082188504092,-1.214868436810789e-05
joint_minus_native,85,86,-1.928170239384892e-06,7.370273550230012e-07,-0.00011063195384264958,-1.2151146909920643e-05
joint_minus_native,86,87,-2.4664260318430298e-06,4.873742631852987e-07,-0.00010938867191378971,-1.2154296879309967e-05
joint_minus_native,87,88,-1.6319835000363048e-06,2.045222713814337e-06,-0.00010816416409090615,-1.2156381149424958e-05
joint_minus_native,88,89,-8.694750629570548e-06,5.004317451206273e-06,-0.00010704653023179003,-1.2167485556359275e-05
joint_minus_native,89,90,3.667232585771752e-06,8.948586783213874e-06,-0.00010581637731159488,-1.2162801989838493e-05
joint_minus_native,90,91,2.507997254175324e-05,2.2099088027132438e-05,-0.00010437795588463504,-1.2130771373565502e-05
joint_minus_native,91,92,0.0001228083195489065,0.00037708229448225216,-0.00010190853984731393,-1.1973928053579671e-05
joint_minus_native,92,93,-0.0015306042561337228,0.009073510258630263,-0.00011727085937727532,-1.3928722761285575e-05
joint_minus_native,93,94,-0.00028645011472499816,0.00452227232403145,-0.00011907063868948514,-1.429455943398672e-05
joint_minus_native,94,95,0.00301822429153685,0.011264985416349823,-8.60464815292079e-05,-1.0439866852202747e-05
joint_minus_native,95,96,-0.001344832252807975,0.011252723521971365,-9.915883331336176e-05,-1.2157404850680368e-05
joint_minus_native,96,97,0.0011460606984665645,0.005709117345877117,-8.632151855274395e-05,-1.0693725797721792e-05
joint_minus_native,97,98,-6.389647348338382e-05,0.009753825942146424,-8.609269156224027e-05,-1.077533048927145e-05
joint_minus_native,98,99,0.0006198024637009555,0.01904722242022224,-7.896243746867264e-05,-9.98375646155631e-06
joint_minus_native,99,100,-0.0008834310315641606,0.01125621672843024,-8.700712340962752e-05,-1.111202086968423e-05
joint_minus_native,100,101,-0.0022517320318575186,0.014690141408118583,-0.00010844004329525021,-1.3987796133870079e-05
joint_minus_native,101,102,0.0016828874747666066,0.011108967461538652,-9.087800880444772e-05,-1.1838514556901236e-05
joint_minus_native,102,103,-0.004618722490342527,0.022226150987176434,-0.00013483766396501156,-1.7737266140991305e-05
joint_minus_native,103,104,0.00011831360011589474,0.0005926399433170828,-0.00013240351719500285,-1.758616320342311e-05
joint_minus_native,104,105,1.4056539159630416e-05,1.4560324045155747e-05,-0.00013100865951543492,-1.756821104613112e-05
joint_minus_native,105,106,6.554374986212204e-06,1.575943155015611e-05,-0.00012971089503900429,-1.7559840196851155e-05
joint_minus_native,106,107,-2.135472346032312e-06,8.889643052728909e-07,-0.0001285186013689765,-1.7562567492312242e-05
joint_minus_native,107,108,-7.648727543972393e-07,8.967109452417833e-07,-0.00012733569647439708,-1.756354434129615e-05
joint_minus_native,108,109,-5.96127424188093e-07,8.138998737950173e-07,-0.00012617294813448688,-1.756430567900264e-05
joint_minus_native,109,110,-6.192977633589689e-07,8.197601050770561e-07,-0.00012503155131293118,-1.7565096608457764e-05
joint_minus_native,110,111,-6.200515693159668e-07,9.365330165517748e-07,-0.00012391072699091668,-1.7565888500628033e-05
joint_minus_native,111,112,-5.10556093010729e-07,6.708264309883863e-07,-0.00012280893975075673,-1.756654055183238e-05
joint_minus_native,112,113,-8.424008907018312e-07,1.2737524748466293e-06,-0.00012172958984934034,-1.75676164150389e-05
joint_minus_native,113,114,-1.183009164969273e-06,1.6249117015072938e-06,-0.00012067216370298618,-1.756912728242711e-05
joint_minus_native,114,115,-1.9511826774213826e-06,1.7624267437557344e-06,-0.00011963980734624213,-1.757161921432675e-05
joint_minus_native,115,116,-2.5160176565245004e-06,1.2062650872073898e-06,-0.0001186301195040894,-1.7574832519124356e-05
joint_minus_native,116,117,9.767522415266496e-05,5.14407390539499e-05,-0.00011678135588309154,-1.745008766069184e-05
joint_minus_native,117,118,0.00021205663085664507,0.00011075772960711779,-0.00011399459328360223,-1.71792618230716e-05
joint_minus_native,118,119,-0.0012404100743026053,0.008411594045206822,-0.00012346026959468627,-1.8763438163177097e-05
joint_minus_native,119,120,0.0020444355996042177,0.010047630562148416,-0.0001053944706846954,-1.615240930033646e-05
joint_minus_native,120,121,0.007925843052824934,0.04634152387673691,-3.902060685403732e-05,-6.0300043797426766e-06
joint_minus_native,121,122,-0.0018457548130530526,0.012967052301491859,-5.382990362616043e-05,-8.387290220168037e-06
joint_minus_native,122,123,-0.002734879615286682,0.020979207355789134,-7.562705575348172e-05,-1.1880112206485634e-05
joint_minus_native,123,124,0.0009622837869743627,0.016912259158482323,-6.725680702180558e-05,-1.0651141852750819e-05
joint_minus_native,124,125,0.010422086259356905,0.03871063522359118,1.665793750922412e-05,2.6593131400421644e-06
joint_minus_native,125,126,0.006082617216737734,0.02229572861399662,6.480047147135515e-05,1.0427662075850253e-05
joint_minus_native,126,127,-0.019871520477429024,0.15405784907135345,-9.217843363809665e-05,-1.4951035851900734e-05
joint_minus_native,127,128,0.0008912101442255264,0.04280705144170131,-8.449571037353706e-05,-1.3812836433988179e-05
joint_minus_native,128,129,0.007173678128988237,0.0443126209997355,-2.823079689011249e-05,-4.651050828639223e-06
joint_minus_native,129,130,0.0034004049617691965,0.025120727356871146,-1.856675669656269e-06,-3.082603282954214e-07
joint_minus_native,130,131,0.006051882311294631,0.03788544485937613,4.4355072322437506e-05,7.420835854711767e-06
joint_minus_native,131,132,0.0030298650490830463,0.007885514844786763,6.697257214638156e-05,1.129039530437084e-05
joint_minus_native,132,133,-0.0013103846593500888,0.03968890532028673,5.661650273663366e-05,9.616851678125515e-06
joint_minus_native,133,134,-0.01039495572044635,0.04183399574920685,-2.1380304899060266e-05,-3.65895383968592e-06
joint_minus_native,134,135,0.00042775661444075007,0.0020573751839713496,-1.8053364755802437e-05,-3.112649095828007e-06
joint_minus_native,135,136,-3.401534427551802e-06,1.39841805497867e-05,-1.794563070927115e-05,-3.1169933288133802e-06
joint_minus_native,136,137,-3.7784780450452496e-06,2.879933829950384e-06,-1.7842220835809613e-05,-3.121818971271925e-06
joint_minus_native,137,138,-3.555373835373497e-06,2.369130804073691e-06,-1.7738692958994892e-05,-3.126359678596801e-06
joint_minus_native,138,139,-2.163017653890084e-06,3.0211815810061935e-06,-1.7626637740972492e-05,-3.1291221532505448e-06
joint_minus_native,139,140,-2.6436549573573037e-06,5.044935669278414e-06,-1.7519616435375305e-05,-3.13249846864948e-06
joint_minus_native,140,141,-9.102107699139331e-07,4.814814654518328e-06,-1.7401819232074144e-05,-3.133660934511436e-06
joint_minus_native,141,142,-2.482463430084081e-06,5.416182757732907e-06,-1.7296753346144688e-05,-3.1368313858908627e-06
joint_minus_native,142,143,1.3618140874372495e-05,1.704964688878637e-05,-1.70805652746725e-05,-3.119439124237762e-06
joint_minus_native,143,144,0.000159858989876117,0.0005503846922575704,-1.5851818363903076e-05,-2.9152769404879224e-06
joint_minus_native,144,145,0.0001540256165817033,0.00042663491187356576,-1.4680249847036843e-05,-2.7185647864883044e-06
joint_minus_native,145,146,0.0016401564688632336,0.0077845186255019305,-3.345751773678781e-06,-6.238566525633487e-07
joint_minus_native,146,147,-0.0012156263185944664,0.016445064429124686,-1.1592558350690974e-05,-2.1763806865281903e-06
joint_minus_native,147,148,-0.0034954882665081755,0.027492049491453296,-3.513239421661994e-05,-6.640605803396873e-06
joint_minus_native,148,149,0.005805643804879722,0.028337546379400145,4.06744604577161e-06,7.740095285057086e-07
joint_minus_native,149,150,0.006913113618780945,0.04313170222947214,5.0127753864006074e-05,9.60301798161036e-06
joint_minus_native,150,151,0.00219691234385073,0.04764390944093615,6.434487035398432e-05,1.2408780872862877e-05
joint_minus_native,151,152,0.011439672216884699,0.08944830125170661,0.00013918255026537066,2.7018834789701586e-05
joint_minus_native,152,153,-0.013143826627330664,0.0835259485031498,5.236549681703067e-05,1.0232338458500245e-05
joint_minus_native,153,154,0.004671989248370759,0.03928700605855599,8.236305364530154e-05,1.6199119107760457e-05
joint_minus_native,154,155,0.01590891274675256,0.05587951434807881,0.00018446982585889674,3.651701533605236e-05
joint_minus_native,155,156,-0.0013307629800908168,0.10110716966406987,0.00017475679505152676,3.4817445757392304e-05
joint_minus_native,156,157,0.061745326929053816,0.1811708344003185,0.0005669260315738343,0.00011367482369998976
joint_minus_native,157,158,-0.005936848130628007,0.06855000343055455,0.000525762903964962,0.00010609264217939207
joint_minus_native,158,159,-0.004386124273343773,0.03829648183958169,0.0004948705317806304,0.0001004909508979824
joint_minus_native,159,160,0.0009912684275681111,0.05506695023482741,0.000497973018629302,0.00010175693867265429
joint_minus_native,160,161,-0.0005609186907815427,0.013111347640169746,0.0004913960514901041,0.00010104056742005973
joint_minus_native,161,162,-6.559282200913714e-05,0.029295688697370748,0.0004879578485672693,0.00010095679625529709
joint_minus_native,162,163,0.00034787768397728585,0.0015534900813338243,0.0004870984610544472,0.00010140108448515313
joint_minus_native,163,164,1.9039294644441182e-05,4.496659890031109e-05,0.00048424444174706926,0.00010142540031483954
joint_minus_native,164,165,-8.028126553564281e-06,1.3238825294922909e-05,0.0004812609716361563,0.0001014151472796498
joint_minus_native,165,166,-4.053968672946317e-06,3.5489325631965634e-06,0.00047833738765839053,0.00010140996979730884
joint_minus_native,166,167,-3.624963868604061e-06,2.499779971448922e-06,0.00047545138555343857,0.00010140534021382405
joint_minus_native,167,168,-3.705879548255633e-06,4.440087621486696e-06,0.00047259925897545234,0.00010140060728975223
joint_minus_native,168,169,-3.3188204323585e-06,3.848717957777357e-06,0.000469783175665347,0.00010139636869405318
joint_minus_native,169,170,1.5658018416638717e-06,1.009605768259152e-05,0.0004670289558193252,0.00010139836844097737
joint_minus_native,170,171,8.542822503298683e-05,0.00021091928134776378,0.0004647973725983525,0.00010150747217665169
joint_minus_native,171,172,0.0004532605799366759,0.001638083406302923,0.00046473029822241254,0.00010208634903480838
joint_minus_native,172,173,-0.0003755857976942494,0.009123905500983085,0.00045987297974890587,0.00010160667368653987
joint_minus_native,173,174,0.010176343841267185,0.07261518260208688,0.0005157147663093556,0.00011460328140207903
joint_minus_native,174,175,-0.01986327825618862,0.15315642805032517,0.0003992633776093673,8.923510993823662e-05
joint_minus_native,175,176,0.0029877854822961637,0.03472691001802991,0.000413970889567815,9.30509279232892e-05
joint_minus_native,176,177,0.006396289204209987,0.02578323354762875,0.00044776929812511557,0.0001012198796528039
joint_minus_native,177,178,0.0060497015339332945,0.0342975667286628,0.00047924082753976813,0.0001089461906795386
joint_minus_native,178,179,-0.002274924309268084,0.03724128010017998,0.00046385443012743387,0.00010604079564854491
joint_minus_native,179,180,-0.026756780365167362,0.18120953297470696,0.0003126286812646849,7.186866235969769e-05
joint_minus_native,180,181,-0.008606095153171171,0.1107746768159236,0.0002633539639473597,6.08774808103092e-05
joint_minus_native,181,182,0.012203968871667734,0.10566941751786309,0.00032896173816560347,7.64636479516473e-05
joint_minus_native,182,183,-0.011992566006529391,0.06985823459420176,0.00026163098546235213,6.114747169809762e-05
joint_minus_native,183,184,0.0011803290462755432,0.06659741614769528,0.00026662390970590215,6.265491620164239e-05
joint_minus_native,184,185,0.014540635494608106,0.0681742920986672,0.00034378072908375194,8.122533190356845e-05
joint_minus_native,185,186,-0.004397969225220084,0.05446681085649084,0.00031828744975953777,7.560851296969863e-05
joint_minus_native,186,187,0.05065831031033252,0.28342815901875823,0.000587485432971158,0.00014030622728685382
joint_minus_native,187,188,-0.0180703365780634,0.07968116388942355,0.0004882416988699103,0.00011722789193811384
joint_minus_native,188,189,0.012569662061841994,0.060374570480728605,0.0005521645579332546,0.00013328110019078559
joint_minus_native,189,190,0.00048490177156558474,0.0018799854901854567,0.0005518105432681616,0.00013390038725536488
joint_minus_native,190,191,0.001758970032421613,0.009233606168380868,0.0005581307500176559,0.00013614683684977304
joint_minus_native,191,192,5.295854651526042e-05,0.0002030172091419284,0.0005554996447910812,0.0001362144722859356
joint_minus_native,192,193,9.75588555994906e-08,2.710606409746925e-05,0.0005526219137758715,0.0001362145968821752
joint_minus_native,193,194,-5.500421469708966e-06,5.339529399348801e-06,0.0005497449945220282,0.00013620757207825476
joint_minus_native,194,195,-4.377583889159972e-06,4.202847190906535e-06,0.0005469033402737657,0.00013620198129423285
joint_minus_native,195,196,-5.869851575718348e-06,5.873281491522497e-06,0.0005440830688867784,0.0001361944846766393
joint_minus_native,196,197,2.3569147324191994e-05,6.719355021638671e-05,0.0005414408662392527,0.00013622458575879027
joint_minus_native,197,198,0.00022654420187346062,0.000545793178231284,0.0005398504790454861,0.00013651391424138732
joint_minus_native,198,199,0.0002070708157387453,0.00048665796578469407,0.0005381782194308793,0.00013677837249903576
joint_minus_native,199,200,0.0006052819678231225,0.0013647932166834262,0.0005385137381728406,0.0001375514018321432
joint_minus_native,200,201,0.0020202127725950014,0.028922163899750965,0.0005458853751600153,0.0001401314947728775
joint_minus_native,201,202,0.012522850397296885,0.09585177910083653,0.0006051772812101981,0.00015612491801335888
joint_minus_native,202,203,0.018568978653298207,0.07706981111090447,0.0006936689135850157,0.00017984008870722628
joint_minus_native,203,204,-0.00921370986169385,0.060099374652219796,0.0006451033313532564,0.00016807289859012046
joint_minus_native,204,205,0.012796476150605796,0.06312554829281727,0.000704378320715464,0.0001844157800085187
joint_minus_native,205,206,-0.021905422488333007,0.08864132331176519,0.0005946220061084327,0.00015643950607705892
joint_minus_native,206,207,-0.1926675850564819,1.0399634296823477,-0.00033901184443548194,-8.962382094271361e-05
joint_minus_native,207,208,-0.004617935288005405,0.01915686847764691,-0.00035958359176033704,-9.552156715983411e-05
joint_minus_native,208,209,-0.07216377865957366,0.3363450094459507,-0.0007031443337115969,-0.0001876847582959435
joint_minus_native,209,210,0.008419541500244657,0.0735387192856826,-0.0006597029725975198,-0.0001769318317311356
joint_minus_native,210,211,0.0714789334845568,0.26746992564739364,-0.00031781370028873126,-8.564328321956871e-05
joint_minus_native,211,212,0.0036981451373436416,0.06577332207079743,-0.0002988704982244277,-8.09202370671503e-05
joint_minus_native,212,213,-0.011620032383239644,0.05970626021341903,-0.00035202149298975747,-9.576063602403364e-05
joint_minus_native,213,214,0.0354167769466998,0.1642210952434115,-0.0001848775750472826,-5.0528481558261144e-05
joint_minus_native,214,215,0.059872530734920236,0.3529096992648867,9.445920778977554e-05,2.5937074935889832e-05
joint_minus_native,215,216,-0.012151516717131439,0.07439041745540233,3.7764874804028783e-05,1.0417896497663113e-05
joint_minus_native,216,217,-0.0038222587027101317,0.045026684225958354,1.9976747718709932e-05,5.536340044648857e-06
joint_minus_native,217,218,0.008510842417331906,0.03881286700332162,5.8925672808678354e-05,1.6405870590411088e-05
joint_minus_native,218,219,0.0019629523493773643,0.019469073702124882,6.761985854643497e-05,1.8912833999577597e-05
joint_minus_native,219,220,-0.0005289281763700703,0.002880330603626211,6.490827656954203e-05,1.8237319087227644e-05
joint_minus_native,220,221,-5.2467561829429475e-06,9.004077594840086e-06,6.459083298242661e-05,1.8230618249190653e-05
joint_minus_native,221,222,-2.14825641381896e-06,3.801508440108253e-06,6.429020645361485e-05,1.8227874626695396e-05
joint_minus_native,222,223,-1.9264833612861538e-06,3.1181190776359976e-06,6.39932706248485e-05,1.8225414239260812e-05
joint_minus_native,223,224,-2.3483104670147655e-06,4.756007013043024e-06,6.369710285211728e-05,1.822241511989051e-05
joint_minus_native,224,225,-4.480328133186099e-06,1.4629831393080186e-05,6.339409204773803e-05,1.82166931171661e-05
joint_minus_native,225,226,3.5254264722676165e-05,0.00018891552636168325,6.326957953745025e-05,1.8261717720898796e-05
joint_minus_native,226,227,-0.00021115205415495275,0.0015406275297196743,6.206067366215332e-05,1.7992047153651094e-05
joint_minus_native,227,228,-0.019933699240953708,0.11216735716379257,-2.564002771774089e-05,-7.466061710913056e-06
joint_minus_native,228,229,0.031152070459196202,0.19716478495046227,0.00011050717964869583,3.23194688883159e-05
joint_minus_native,229,230,0.020166049668335063,0.14521036285818079,0.00019770519046907127,5.807432159372464e-05
joint_minus_native,230,231,0.010615230805795753,0.12228997289155585,0.00024280270395533388,7.163144905961957e-05
joint_minus_native,231,232,0.03889718970305363,0.12396528217175712,0.0004094164410204127,0.00012130857511715931
joint_minus_native,232,233,-0.00013628371677230867,0.04023137643329388,0.0004070743802573541,0.00012113452183903385
joint_minus_native,233,234,0.017346206412650757,0.16991643586338384,0.0004794638333872403,0.000143288042161704
joint_minus_native,234,235,-0.006324065594821229,0.053381850255169096,0.00045051264433103435,0.0001352113300354956
joint_minus_native,235,236,0.028260428990128032,0.16086453016420263,0.0005683512729149198,0.0001713038319385965
joint_minus_native,236,237,-0.07029192107982811,0.33038142510550256,0.00026936278197507577,8.153126350969726e-05
joint_minus_native,237,238,0.002810970217409713,0.05810342457013917,0.0002800418048130365,8.512126378735975e-05
joint_minus_native,238,239,-0.019810789662664162,0.09996158840455165,0.00019597974846375936,5.982012756428926e-05
joint_minus_native,239,240,-0.014668340195926116,0.08818636722819932,0.00013404508202880146,4.108661518124182e-05
joint_minus_native,240,241,-0.0016182416958020647,0.10594180978212739,0.00012677418253572727,3.9019895263231516e-05
joint_minus_native,241,242,0.06584989791364788,0.30621494246851827,0.0003983573384494136,0.00012311938174298606
joint_minus_native,242,243,0.06589793480717283,0.34268116295237927,0.0006679029247404567,0.00020728021802290033
joint_minus_native,243,244,-0.030360725016251908,0.19838446449415154,0.0005407364167855699,0.00016850534571606523
joint_minus_native,244,245,0.01217428904761819,0.06074374628371502,0.0005882203050746826,0.00018405360759041791
joint_minus_native,245,246,0.0029067017460659306,0.029419617486221027,0.0005976450263795251,0.00018776587035678567
joint_minus_native,246,247,0.006181446112162953,0.03486983973537684,0.0006202515085082029,0.0001956604375498418
joint_minus_native,247,248,0.007896991968609704,0.04505277127311305,0.0006495932039118381,0.000205745995619586
joint_minus_native,248,249,-3.4301212357423266e-06,9.0075494534953e-06,0.0006469706202767072,0.00020574161487726706
joint_minus_native,249,250,-1.4098680148464697e-06,2.304477556981716e-06,0.000644377098323541,0.00020573981427954692
joint_minus_native,250,251,-7.67539983873962e-07,1.5548446939476464e-06,0.0006418068009597667,0.00020573883402413978
joint_minus_native,251,252,-8.075945158403798e-07,1.5656879623248029e-06,0.0006392567438348633,0.0002057378026135192
joint_minus_native,252,253,-1.5924365120365758e-06,2.72370237871132e-06,0.0006367237431220297,0.00020573576885041315
joint_minus_native,253,254,9.276502898790031e-07,2.543347039563003e-05,0.0006342206088982813,0.00020573695358896992
joint_minus_native,254,255,0.00016763641195088926,0.0009201175305023105,0.0006323908669494679,0.0002059510486233899
joint_minus_native,255,256,0.008918263937027765,0.05392202006392801,0.0006647575586294612,0.00021734091316620956
joint_minus_native,256,257,0.012979477071315968,0.06289022193754047,0.0007126747551768793,0.00023391751223557854
joint_minus_native,257,258,-0.006515943428369942,0.10090521388451958,0.0006846568552406512,0.0002255957454049655
joint_minus_native,258,259,-0.018202061061736177,0.13450403555164794,0.0006117351644415128,0.00020234917955345058
joint_minus_native,259,260,-0.007144882100840268,0.27086116991628256,0.0005819020211135064,0.00019322417048468922
joint_minus_native,260,261,-0.052086627147719694,0.12071997844585454,0.00038010689019843635,0.00012670229673281212
joint_minus_native,261,262,-0.006276000800127404,0.08197320726932651,0.00035470189901398654,0.00011868697004043995
joint_minus_native,262,263,-0.011778530518339618,0.0792138453003243,0.0003085679354499047,0.00010364414690079812
joint_minus_native,263,264,0.06326637685880768,0.31704968680126,0.0005470444844020171,0.00018444411734627397
joint_minus_native,264,265,-0.026126694804680474,0.23209477652328583,0.0004463888644432152,0.00015107669103122865
joint_minus_native,265,266,0.01297651581208717,0.06219864013952688,0.0004934946048478916,0.000167649508160331
joint_minus_native,266,267,-0.005566001614626126,0.11220802433174741,0.0004707998624528581,0.000160540949265534
joint_minus_native,267,268,-0.021900144918566674,0.13438460633303576,0.00038732618789681503,0.00013257141552534666
joint_minus_native,268,269,0.07272314084311328,0.34359944591528324,0.0006562325620797755,0.00022544899003762404
joint_minus_native,269,270,0.05376785351591554,0.26879754583843274,0.0008529422693162045,0.0002941180239021395
joint_minus_native,270,271,-0.006901287384525454,0.16201715008637468,0.0008243288757595936,0.00028530411919648765
joint_minus_native,271,272,0.010775467460444547,0.0692768113065078,0.0008609139440856407,0.00029906589117662105
joint_minus_native,272,273,1.0137904653787552e-05,0.025096702241085338,0.0008577975483368064,0.0002990788386921432
joint_minus_native,273,274,0.006867086836889123,0.032119684531374745,0.000879729261068749,0.0003078490645374677
joint_minus_native,274,275,0.002147720567872647,0.009157735064496766,0.000884340138548036,0.000310592002682899
joint_minus_native,275,276,-0.03186279210716327,0.18014907399074798,0.0007656911086722704,0.0002698987816009535
joint_minus_native,276,277,-3.243024496536187e-06,1.5999501578630467e-05,0.0007629151731734659,0.0002698946398072159
joint_minus_native,277,278,-6.437280548653869e-07,1.7046145629101888e-06,0.000760168558420846,0.00026989381767687765
joint_minus_native,278,279,-3.6930853860849154e-07,1.6704296557535131e-06,0.0007574426162453641,0.00026989334601846307
joint_minus_native,279,280,-3.1455717153795045e-07,1.3649764189309526e-06,0.0007547363406260184,0.0002698929442851662
joint_minus_native,280,281,-4.978563681134612e-07,2.249411087885734e-06,0.0007520486744445449,0.00026989230845327853
joint_minus_native,281,282,7.820072511725719e-06,4.1696498924479275e-05,0.0007494095659270522,0.0002699022957744939
joint_minus_native,282,283,7.307748041944765e-05,0.0004486087483505802,0.0007470196999005238,0.0002699956258899722
joint_minus_native,283,284,0.016027049881143233,0.06698800489704572,0.0008008226230739134,0.0002904643996845356
joint_minus_native,284,285,-0.013966881973303761,0.059473773341468306,0.0007490061157182023,0.00027262674710049506
joint_minus_native,285,286,-0.021935072356352173,0.09381792586467406,0.0006696911560256485,0.0002446126061600708
joint_minus_native,286,287,-0.004032054331245684,0.13378680180349078,0.0006533087675682568,0.00023946311148415032
joint_minus_native,287,288,-0.0058390178598505885,0.05698171835767522,0.0006307659667786082,0.00023200587283810873
joint_minus_native,288,289,-0.008397845059999767,0.21963574010527442,0.0005995250981738388,0.00022128065564781536
joint_minus_native,289,290,0.020749837918447995,0.13819702010515142,0.0006690089354851295,0.0002477810872167146
joint_minus_native,290,291,0.0010570774884190379,0.11496742727795571,0.0006703425043955549,0.0002491311223232522
joint_minus_native,291,292,-0.07949759373848844,0.5472033705471745,0.00039579477753636313,0.0001476016284043653
joint_minus_native,292,293,-0.016588131996707847,0.15356122712398537,0.0003378291571464509,0.0001264162746410091
joint_minus_native,293,294,-0.021430164578931002,0.14718600306979274,0.00026378836212577955,9.904697121964136e-05
joint_minus_native,294,295,0.011273640842536055,0.13855503254302054,0.00030110989595767885,0.00011344497995851246
joint_minus_native,295,296,0.06714412680580988,0.20250141297582,0.0005269308990315039,0.00019919737690079838
joint_minus_native,296,297,0.12623380893277497,0.41769112081700144,0.0009501863806265996,0.00036041552368595153
joint_minus_native,297,298,0.012270752846947218,0.06911251095712312,0.0009881748587015013,0.0003760869832605969
joint_minus_native,298,299,0.02657948837481517,0.07558175672316206,0.0010737645360129181,0.0004100326899972701
joint_minus_native,299,300,-0.002338692397181952,0.036332579410217926,0.0010623896795689354,0.00040704585424097134
joint_minus_native,300,301,0.009699416148878526,0.17586989965797764,0.0010910841196663092,0.00041943335890109714
joint_minus_native,301,302,0.0019846038240975065,0.025812930146234498,0.001094042794184293,0.00042196797425754344
joint_minus_native,302,303,0.003996813800883759,0.01776030702924453,0.0011036228965166349,0.000427072461870422
joint_minus_native,303,304,-0.0023833164042627833,0.013446287243167338,0.0010921527014482815,0.00042402863504505437
joint_minus_native,304,305,-1.7581665516849209e-06,1.1183315707041868e-05,0.0010885661084384453,0.00042402638962161664
joint_minus_native,305,306,-2.2300367794909163e-07,2.0698843070945655e-06,0.001085007974085124,0.00042402610481487605
joint_minus_native,306,307,8.35096190562792e-08,1.7024696612826445e-06,0.0010814740181748109,0.0004240262114682847
joint_minus_native,307,308,1.2403625036296886e-07,1.4650992840857825e-06,0.0010779631416101213,0.00042402636987984337
joint_minus_native,308,309,-5.414771736782408e-07,3.1046497837653707e-06,0.0010744728354004653,0.00042402567833811465
joint_minus_native,309,310,-1.354658385814304e-06,2.9674611901223145e-06,0.0010710024241301869,0.0004240239482507764
joint_minus_native,310,311,-0.00014027229378791087,0.0007698000297585214,0.001067107650117588,0.0004238448010045592
joint_minus_native,311,312,-0.00027096656948681207,0.0014698013769055887,0.0010628189506957794,0.0004234987389745634
joint_minus_native,312,313,0.013022882111112404,0.07300671662486562,0.0011010300151060562,0.0004401307723220888
joint_minus_native,313,314,-0.008018315928329151,0.03053949674061997,0.0010719875121014855,0.00042989026666649606
joint_minus_native,314,315,0.004125763170178382,0.03879381412573962,0.0010816820380001424,0.00043515944057476993
joint_minus_native,315,316,0.03922969018946094,0.15392964020750263,0.0012024035827832458,0.00048526121604023715
joint_minus_native,316,317,0.039091298142679726,0.35268007513250665,0.0013219269094706166,0.000535186245596661
joint_minus_native,317,318,0.014221189201358514,0.06390248721820971,0.0013624906273696352,0.0005533486839125721
joint_minus_native,318,319,0.047968383345294366,0.24722450796510273,0.001508590604541813,0.0006146109870355535
joint_minus_native,319,320,0.0128581878684317,0.16007577281865254,0.0015440580959914687,0.0006310326829083909
joint_minus_native,320,321,0.03164327578767196,0.19479351688886778,0.0016378251292988844,0.0006714455510918798
joint_minus_native,321,322,-0.00827420623603813,0.08772241690701085,0.0016070424231953533,0.0006608782378913203
joint_minus_native,322,323,-0.011449115516313125,0.04621253237551749,0.001566620881586968,0.000646256123566527
joint_minus_native,323,324,0.0019642179573096837,0.09673616302343642,0.0015678480330552482,0.0006487647033332062
joint_minus_native,324,325,0.03551302776828193,0.1676632943918045,0.0016722947399328686,0.00069411978349704
joint_minus_native,325,326,-0.05958567969020423,0.3248591510664981,0.001484386842907908,0.0006180205757190013
joint_minus_native,326,327,0.02561263656543209,0.12461939259851804,0.0015581735393070644,0.0006507314781014177
joint_minus_native,327,328,-0.010280355811431437,0.035450298811101455,0.001522080462018228,0.0006376020326206626
joint_minus_native,328,329,0.009546181461533918,0.14990826334005658,0.0015464698267583972,0.0006497938352535283
joint_minus_native,329,330,0.02225839677577469,0.1289366322453907,0.001609233241755416,0.000678220906486957
joint_minus_native,330,331,0.05727658136235793,0.31971850011922887,0.0017774125412134297,0.0007513710742549748
joint_minus_native,331,332,-3.5332500615267284e-06,6.188137080880854e-06,0.001772048246661397,0.000751366561802789
joint_minus_native,332,333,-3.902318152608094e-06,1.2312518267104483e-05,0.0017667150617820756,0.0007513615779992736
joint_minus_native,333,334,8.947808552884088e-08,1.7803673025629295e-06,0.0017614257636272956,0.0007513616922752448
joint_minus_native,334,335,1.4075848796207152e-07,1.5985532384303262e-06,0.001756168196447775,0.0007513618720434285
joint_minus_native,335,336,1.7392653258930328e-07,1.4967619037149064e-06,0.0017509420230254083,0.0007513620941718228
joint_minus_native,336,337,3.122246148280077e-07,1.9137479886490843e-06,0.0017457472758491159,0.00075136249292612
joint_minus_native,337,338,-2.5171357169823053e-06,8.291500317814241e-06,0.0017405748959332394,0.0007513592781934035
joint_minus_native,338,339,-0.00036231563779027013,0.0020326985530935674,0.0017343716790196007,0.000750896550686647
joint_minus_native,339,340,0.0003781587178132018,0.0021828070408132796,0.001730382817368994,0.0007513795120120792
joint_minus_native,340,341,-0.029845686204591784,0.19928112960415936,0.0016377843744893434,0.0007132624159653462
joint_minus_native,341,342,0.03165159202447573,0.16043682442521917,0.0017255440459805317,0.000753685905140922
joint_minus_native,342,343,0.010679889386459217,0.08484773659547643,0.0017516500090723063,0.000767325610615327
joint_minus_native,343,344,0.031060770187838527,0.19041768803294515,0.001836850939824534,0.0008069945380582883
joint_minus_native,344,345,0.02508187371589255,0.14665677702485164,0.001904227817436325,0.0008390275823953157
joint_minus_native,345,346,-0.02916922567535805,0.3215759224655965,0.0018144201483820063,0.0008017744206132493
joint_minus_native,346,347,-0.010086751068133799,0.23277642048904834,0.001780122824991471,0.0007888922353410479
joint_minus_native,347,348,-0.037876785525696594,0.11307591616133361,0.0016661661917998383,0.0007405183074665948
joint_minus_native,348,349,0.023576897559769116,0.14497077409895162,0.0017289476570375726,0.0007706292877472706
joint_minus_native,349,350,-0.021206526997830814,0.1527067700397539,0.0016634177294522344,0.000743545600649147
joint_minus_native,350,351,0.007148292634691448,0.10835134324539779,0.0016790441536836855,0.0007526749654444108
joint_minus_native,351,352,0.13847109438980068,0.7620272355223691,0.002067657932763563,0.0009295218292883451
joint_minus_native,352,353,0.04430288395619504,0.11217823643001601,0.0021873044654078452,0.000986102779423971
joint_minus_native,353,354,-0.07665928797384694,0.282169960309964,0.001964573978291306,0.0008881981970818931
joint_minus_native,354,355,-0.02855327674416186,0.18123214264560839,0.0018786082016083393,0.00085173168783009
joint_minus_native,355,356,0.0028896057296613174,0.10672099660668415,0.0018814480823051176,0.0008554221166036038
joint_minus_native,356,357,-0.04347031624959655,0.2906463484959987,0.0017544123278740204,0.0007999044713295343
joint_minus_native,357,358,-0.00508900887894431,0.05071495764309146,0.0017352966261789979,0.0007934050985594907
joint_minus_native,358,359,0.002037700934893977,0.007343492206036014,0.0017361389780138573,0.0007960075263179755
joint_minus_native,359,360,-9.118071417823246e-07,4.9697194886108806e-05,0.001731313836943981,0.0007960063618133247
joint_minus_native,360,361,-2.5638186005266364e-06,6.271572692365664e-06,0.0017265108517485668,0.0007960030874600672
joint_minus_native,361,362,-2.5888745448097875e-08,2.15575167301382e-06,0.001721741413238915,0.0007960030543965353
joint_minus_native,362,363,3.007168290404826e-07,1.501102140462179e-06,0.0017169991523672626,0.0007960034384537883
joint_minus_native,363,364,4.054841308740143e-07,1.765370982866086e-06,0.0017122832356962834,0.0007960039563134701
joint_minus_native,364,365,3.6013150018712644e-07,1.928654406125461e-06,0.0017075930354108146,0.0007960044162515291
joint_minus_native,365,366,3.7518674800126597e-07,3.60282005686044e-06,0.001702928505769659,0.0007960048954172353
joint_minus_native,366,367,0.000541615612862264,0.003091539746741386,0.00169976416546201,0.0007966966139521809
joint_minus_native,367,368,0.009861545254935251,0.05584339701476285,0.0017219429184225348,0.0008092911800504377
joint_minus_native,368,369,0.007482651264223039,0.0329227262142226,0.0017375545941564117,0.0008188475673610676
joint_minus_native,369,370,0.004584823943614794,0.20545349502384294,0.001745249916722515,0.0008247030257820314
joint_minus_native,370,371,-0.062319834140158625,0.28027128777936705,0.0015725677494532939,0.0007451119221547536
joint_minus_native,371,372,-0.01676182304818701,0.056326704374375244,0.0015232817526854433,0.0007237047407394443
joint_minus_native,372,373,0.07576759906510504,0.43504166573548675,0.001722328179796488,0.0008204705122146743
joint_minus_native,373,374,-0.002399229888462093,0.14994312258130943,0.0017113079710578286,0.0008174063616546972
joint_minus_native,374,375,0.023838563580834582,0.09398947458546174,0.0017703139860172333,0.0008478515258703225
joint_minus_native,375,376,0.043408653880268384,0.2107174997066997,0.0018810542516934335,0.0009032904197148544
joint_minus_native,376,377,-0.037369608481300796,0.24110739341470613,0.0017769410879454385,0.0008555642275292852
joint_minus_native,377,378,0.012594774820166934,0.1404418194290587,0.0018055596957026376,0.0008716495082702388
joint_minus_native,378,379,0.002616333897540046,0.09645548873427678,0.0018076989416177763,0.0008749909308724613
joint_minus_native,379,380,0.0057369963323935045,0.101970998830229,0.0018180391979092908,0.0008823178738257094
joint_minus_native,380,381,0.010122345050991063,0.1370059385980093,0.0018398352762638364,0.0008952455175689931
joint_minus_native,381,382,-0.013319664745006458,0.13917522676049415,0.0018001507212343333,0.0008782344514834167
joint_minus_native,382,383,-0.04742883151932434,0.2185453497698863,0.001671615519561856,0.0008176612311522234
joint_minus_native,383,384,-0.08582970976665595,0.3927146209775357,0.0014437474849623303,0.0007080447435830585
joint_minus_native,384,385,-0.003059151686360966,0.07039778394597207,0.0014320516429588929,0.0007041377810206561
joint_minus_native,385,386,-0.008512121401114688,0.04273354890737973,0.0014062895366270967,0.0006932666170345585
joint_minus_native,386,387,0.034517758716028475,0.17769860308922508,0.0014918488885118546,0.0007373506000690777
joint_minus_native,387,388,-0.007284228764457412,0.041116408182818524,0.001469230131674305,0.0007280476259126824
joint_minus_native,388,389,-0.0005170026703811558,0.0028908910276544356,0.0014641241347538535,0.0007273873415316079
joint_minus_native,389,390,3.2706038638046276e-05,0.00017988072284578797,0.0014604538319433003,0.0007274291116958967
joint_minus_native,390,391,1.0321502265244613e-06,4.2817779217306795e-06,0.0014567212956729252,0.0007274304298954199
joint_minus_native,391,392,9.442255844120966e-07,2.815849039931341e-06,0.0014530075786573931,0.000727431635802935
joint_minus_native,392,393,8.847127038165273e-07,2.7823325892431493e-06,0.0014493126095328295,0.0007274327657042171
joint_minus_native,393,394,-1.0930800502162486e-06,6.24164291266895e-06,0.0014456313768181522,0.0007274313696888276
joint_minus_native,394,395,0.0006722293696908895,0.003825688553352218,0.0014436733970532728,0.0007282899001737456
joint_minus_native,395,396,0.004362593997152695,0.024688698504960475,0.0014510444086696858,0.0007338615400168526
joint_minus_native,396,397,0.0038548414945246295,0.01891730585026921,0.0014570993131680604,0.0007387847092308045
joint_minus_native,397,398,0.0009394802590819542,0.032344314089332415,0.0014557987627809093,0.0007399845563049834
joint_minus_native,398,399,-0.023145909605245717,0.07155502591072388,0.0013941403458184365,0.0007104240076392799
joint_minus_native,399,400,0.00637633011773498,0.04722666709950167,0.0014065958202482281,0.0007185674688368982
joint_minus_native,400,401,-0.03689602979277077,0.2911759174669598,0.0013110780506397019,0.0006714461025626059
joint_minus_native,401,402,-0.03502915908523337,0.1291965958528036,0.0012206794507992214,0.0006267089900655006
joint_minus_native,402,403,0.005519550856370705,0.14631091916032624,0.001231346625502873,0.0006337582248756805
joint_minus_native,403,404,-0.04346066028237286,0.21719157533083558,0.001120722846027933,0.0005782529116159451
joint_minus_native,404,405,0.05813242470297722,0.3586736209317116,0.0012614924802426227,0.000652496110470322
joint_minus_native,405,406,0.024212454168535895,0.14718362126781417,0.0013180219425290593,0.0006834187850150678
joint_minus_native,406,407,0.012784283540766009,0.19549227235951305,0.0013461945754485605,0.0006997460947733898
joint_minus_native,407,408,0.06675369467697063,0.22428412201764794,0.0015065070756973885,0.000784999855535804
joint_minus_native,408,409,0.007653476993454877,0.2693561495364367,0.0015215363419999743,0.0007947744110830006
joint_minus_native,409,410,-0.05701718181701779,0.5889196156097146,0.0013787589806365161,0.0007219555326449191
joint_minus_native,410,411,0.0652789964798582,0.2364438581092774,0.001534234011048248,0.0008053258985195785
joint_minus_native,411,412,0.0030792891567635594,0.20833901094500082,0.0015379841448970718,0.0008092585794349854
joint_minus_native,412,413,0.014991254802400992,0.16302449352988643,0.001570558650121052,0.0008284044987228537
joint_minus_native,413,414,0.029509462080127162,0.21375032872482916,0.001638043924106574,0.0008660921897574989
joint_minus_native,414,415,-0.0037823835599320446,0.07750835391857147,0.001624982653060698,0.0008612615594127582
joint_minus_native,415,416,0.04904003489302787,0.25832745596154244,0.001738961144022158,0.0009238925107448501
joint_minus_native,416,417,0.0037870113024464636,0.02033268625488251,0.0017438725352893617,0.0009287290513610011
joint_minus_native,417,418,1.1682504697837495e-05,4.857547322889643e-05,0.0017397285400008655,0.0009287439715458005
joint_minus_native,418,419,5.084521487318357e-07,2.758420987489637e-06,0.0017355776567363024,0.0009287446209099752
joint_minus_native,419,420,6.789403094688792e-07,2.112465169778041e-06,0.0017314469455067144,0.0009287454880112645
joint_minus_native,420,421,8.162664907827471e-07,1.9567659158798717e-06,0.001727336183798838,0.000928746530497204
joint_minus_native,421,422,1.4830050208057466e-05,8.23457400389444e-05,0.0017232781123922248,0.000928765470535784
joint_minus_native,422,423,-0.00016918340251581823,0.000878039538795408,0.001718804208101662,0.0009285493997790588
joint_minus_native,423,424,0.004016483650604817,0.016916624574421838,0.0017242232633905852,0.0009336790085282351
joint_minus_native,424,425,0.02575724225410412,0.1381656251281371,0.001780771543368734,0.0009665745925053792
joint_minus_native,425,426,0.014344748021507602,0.06367714830795139,0.0018102644458995764,0.0009848948326350185
joint_minus_native,426,427,0.09960023080688914,0.37973793990490023,0.0020392807605623155,0.0011120981925416458
joint_minus_native,427,428,0.00561626607137166,0.15470071218644565,0.0020476382028772906,0.0011192709461449303
joint_minus_native,428,429,0.00044613593659620365,0.27481232353694945,0.002043905097361484,0.0011198407238417326
joint_minus_native,429,430,0.012808142771453146,0.130915558079007,0.002068938208231465,0.001136198505159042
joint_minus_native,430,431,0.01616950556784194,0.11353166408256254,0.002101654141780445,0.0011568492146965157
joint_minus_native,431,432,0.045941930970317915,0.16714567364174268,0.0022031362640687257,0.0012155234560379175
joint_minus_native,432,433,0.019667730835762724,0.06783738454745791,0.002243470200723908,0.001240641886224077
joint_minus_native,433,434,-0.044508381170325934,0.33927309484597823,0.0021357470408827797,0.0011837984875391141
joint_minus_native,434,435,0.05792997385808373,0.19216728599467187,0.0022640096312671492,0.0012577831284817495
joint_minus_native,435,436,0.046952446304754085,0.20412030197206893,0.0023665060456558814,0.0013177479385772213
joint_minus_native,436,437,-0.013422491182737448,0.17327086422262514,0.0023303756172156215,0.0013006055488163815
joint_minus_native,437,438,-0.01778240352469877,0.18257517178193827,0.0022844560301336254,0.0012778949440594226
joint_minus_native,438,439,-0.05787750384407693,0.29588370848059525,0.0021474128413541027,0.0012039773146289288
joint_minus_native,439,440,0.02262212800441636,0.552601208910382,0.002193946284906517,0.0012328689212756927
joint_minus_native,440,441,0.028152912827139588,0.14130679197235554,0.0022528101546167956,0.0012688241100715285
joint_minus_native,441,442,0.026076665728189535,0.18592215219240624,0.0023067102803488605,0.0013021276422914385
joint_minus_native,442,443,-0.010462082679858533,0.0346913037917305,0.002277886819942072,0.0012887661063018365
joint_minus_native,443,444,0.0031046671834308827,0.02486548823039095,0.0022797489378778573,0.001292731198490126
joint_minus_native,444,445,0.003301374546559527,0.018776983175634743,0.002282044725762535,0.0012969475133644038
joint_minus_native,445,446,0.004761464045273237,0.026937331796118215,0.002287603961904936,0.0013030285657849316
joint_minus_native,446,447,-2.8963518328038166e-07,3.57680063400394e-06,0.002282485631710108,0.0013030281958804832
joint_minus_native,447,448,3.3725611784171113e-07,2.3787484744948253e-06,0.0022773915505145898,0.0013030286266034947
joint_minus_native,448,449,1.2395936264112254e-07,2.5188992832856883e-06,0.002272319685055454,0.0013030287849168567
joint_minus_native,449,450,8.728430679527017e-07,8.843870621838906e-06,0.0022672720254065925,0.0013030298996589613
joint_minus_native,450,451,-7.678251064495008e-05,0.00026825470545004104,0.0022620745652379643,0.0013029318377041149
joint_minus_native,451,452,-0.004537938287028542,0.01868721866307759,0.002247030289016136,0.0012971362587934781
joint_minus_native,452,453,-0.01080623765720233,0.09311826093388674,0.0022182151279869556,0.0012833351889886219
joint_minus_native,453,454,-0.00689735430249841,0.03539830904134925,0.002198136781223772,0.0012745263073762356
joint_minus_native,454,455,-0.03191599961355752,0.08438900699835561,0.002123160657279198,0.001233765132901705
joint_minus_native,455,456,0.04625271408617079,0.2699054812799754,0.002219935993746065,0.0012928362875456012
joint_minus_native,456,457,0.007526821438467703,0.41112801977788394,0.002231548434544143,0.0013024490863175905
joint_minus_native,457,458,-0.00782122052355325,0.10797170861684621,0.002209599157343057,0.001292460298931188
joint_minus_native,458,459,0.04324512886543529,0.25982334149269093,0.002299001182850883,0.001347690348567759
joint_minus_native,459,460,-0.018326625525518506,0.1230466992814943,0.0022541628639196455,0.0013242846965556027
joint_minus_native,460,461,0.006989616122779175,0.11399426904247711,0.002264434996802204,0.001333211409356087
joint_minus_native,461,462,0.0030553173675669735,0.1343506635616201,0.0022661468634055915,0.0013371134749596211
joint_minus_native,462,463,0.0261875926454591,0.29126095709871463,0.002317813052999659,0.0013705586762948177
joint_minus_native,463,464,0.04467415958709693,0.24942066689442405,0.002409098282599007,0.0014276137970957077
joint_minus_native,464,465,0.036450582303808786,0.2110353130582192,0.002482305775117738,0.0014741662649166644
joint_minus_native,465,466,-0.011594665198675476,0.22728505338737884,0.0024520976828992973,0.0014593582633857887
joint_minus_native,466,467,-0.020130319720737033,0.06506596894569408,0.0024037413287159217,0.0014336490427973633
joint_minus_native,467,468,0.031499541259519925,0.2870772892334023,0.0024659118413885802,0.001473878341979381
joint_minus_native,468,469,-0.0055891144716083,0.29273776067224777,0.002448736945198821,0.0014667402647487193
joint_minus_native,469,470,-0.05041427162074694,0.2258349621554044,0.0023362624588882984,0.001402354221810345
joint_minus_native,470,471,-0.005454213541679761,0.1604114061650647,0.0023197221701397462,0.001395388431846514
joint_minus_native,471,472,0.025147074058148585,0.09042219989781465,0.0023680852038007816,0.001427504746097023
joint_minus_native,472,473,-0.08869896950051752,0.5017364959108808,0.0021755544327557116,0.0013142238144233098
joint_minus_native,473,474,-0.0007865948442691066,0.004447147593092578,0.0021693051726776004,0.0013132192233067466
joint_minus_native,474,475,2.7472042832641863e-07,1.960664460159114e-06,0.0021647387927781277,0.0013132195741629767
joint_minus_native,475,476,5.676507702274561e-07,1.439968721585079e-06,0.0021601922147486997,0.001313220299132032
joint_minus_native,476,477,6.055434535661089e-07,1.8503274586526048e-06,0.0021556647793791084,0.0013132210724953188
joint_minus_native,477,478,-3.4302412496913443e-07,5.77047263892294e-06,0.0021511543028027397,0.0013132206344057594
joint_minus_native,478,479,-2.34551120511866e-05,0.00017061672734887566,0.0021466144084084727,0.0013131906789625265
joint_minus_native,479,480,0.000583854206400583,0.0045888271248663275,0.002143358657987623,0.001313936342061378
joint_minus_native,480,481,0.030788455555673378,0.22868774992503976,0.002202911873991128,0.0013532574858106418
joint_minus_native,481,482,-0.029043807919343675,0.12223465650792475,0.0021380846545028813,0.0013161644999621822
joint_minus_native,482,483,0.013282624116918348,0.15281750492640972,0.002161158235170408,0.0013331282600093323
joint_minus_native,483,484,0.06259346439116766,0.19736295706765059,0.002286018371856353,0.0014130688275587162
joint_minus_native,484,485,0.035105995062303025,0.11639822206083017,0.0023536884268882015,0.0014579040702947352
joint_minus_native,485,486,0.15233225315093252,0.573568489018816,0.0026622862966907616,0.0016524535634632315
joint_minus_native,486,487,-0.04092883901908827,0.1544393560437347,0.0025727767991224264,0.0016001817384069244
joint_minus_native,487,488,0.0803957009154667,0.2515668702668311,0.00273225000427887,0.0017028582402146724
joint_minus_native,488,489,0.10938684902326479,0.3043161573060542,0.0029503575687348737,0.00184256047396086
joint_minus_native,489,490,-0.004888205775695188,0.12310167971215386,0.0029343605006850165,0.0018363175547070985
joint_minus_native,490,491,-0.04317801796925007,0.5912304724227603,0.002840445269585352,0.0017811732150273408
joint_minus_native,491,492,0.03132973049857919,0.20172812584697547,0.0028983503208637957,0.0018211856422285918
joint_minus_native,492,493,0.030830886545790935,0.14263112055641958,0.002955008609352491,0.0018605609762589758
joint_minus_native,493,494,0.1361851755527535,0.5820938385520249,0.0032247053035699023,0.002034488403529415
joint_minus_native,494,495,0.03019076034130392,0.3565367194888717,0.003279182182434011,0.002073046207285869
joint_minus_native,495,496,0.005454795181090714,0.164720748805328,0.003283568498963561,0.002080012740084197
joint_minus_native,496,497,0.05970169208214946,0.30522756943467666,0.003397085850237577,0.002156260111836623
joint_minus_native,497,498,0.031593691839720994,0.1031114788673997,0.0034537055409795117,0.002196609654416088
joint_minus_native,498,499,0.10818347676240171,0.5367942429877416,0.003663584842024446,0.0023347750142658987
joint_minus_native,499,500,0.010746917329207595,0.06089414719326022,0.0036777515069988122,0.002348500323754031
joint_minus_native,500,501,0.006884355220082019,0.038972776570777856,0.0036841519136117527,0.0023572926037285927
joint_minus_native,501,502,-0.062421572522194185,0.35295312157639064,0.003552467203580267,0.002277571566024641
joint_minus_native,502,503,1.7335664426290865e-06,1.0208496650272323e-05,0.0035454080909815837,0.002277573780030315
joint_minus_native,503,504,-4.932604921110586e-09,1.5110712977776933e-06,0.00353837354133161,0.0022775737737306912
joint_minus_native,504,505,-6.425897542393506e-07,1.9470942854774503e-06,0.003531365588596787,0.002277572953054122
joint_minus_native,505,506,-2.663383527605475e-06,8.695032500648434e-06,0.0035243813416163034,0.002277569551542592
joint_minus_native,506,507,1.2303046650774046e-05,0.00016619947812702635,0.0035174541654921115,0.00227758526424585
joint_minus_native,507,508,-0.008367939892964872,0.055420334204253525,0.0034940577204951493,0.002266898240116904
joint_minus_native,508,509,-0.0016092182175878422,0.018756148382662197,0.003484031638102058,0.0022648430444367146
joint_minus_native,509,510,0.02398231441790618,0.09353402205128189,0.0035242243494350077,0.002295471798482572
joint_minus_native,510,511,0.04963883094463269,0.2372715191387938,0.0036144681979578992,0.002358867495729868
joint_minus_native,511,512,-0.013836846677739656,0.30536465431195153,0.003580383598591303,0.002341195916320239
joint_minus_native,512,513,-0.06504386158643588,0.2901556650223549,0.003446613140140957,0.0022581258504371787
joint_minus_native,513,514,0.08956799192586735,0.5964191200712318,0.0036141644607357555,0.0023725166447230886
joint_minus_native,514,515,0.036572155225412926,0.14782367767904356,0.003678160559307945,0.002419224378088878
joint_minus_native,515,516,0.03633771156516152,0.30323629304751554,0.0037414542628076606,0.0024656326942640522
joint_minus_native,516,517,0.004657064297783162,0.3942133071638563,0.0037432252686780197,0.0024715804136737373
joint_minus_native,517,518,0.04591070411323215,0.230325166546015,0.003824629667991831,0.002530214773971607
joint_minus_native,518,519,0.1627753271074438,0.4716691036715917,0.004130893054195014,0.0027381015263438216
joint_minus_native,519,520,-0.10372930296730837,0.65677076562048,0.003923469600307508,0.0026056247664877448
joint_minus_native,520,521,0.03789837056678565,0.39964423608674216,0.003988680542661592,0.0026540262614644823
joint_minus_native,521,522,0.027165906721660128,0.2588537751551376,0.004033081359096456,0.0026887209060643034
joint_minus_native,522,523,0.0765080115924283,0.4339833588412679,0.004171656751512004,0.002786432287408401
joint_minus_native,523,524,-0.0476445754755727,0.7687033770675514,0.004072770812147338,0.002725583532011756
joint_minus_native,524,525,-0.03288811768133398,0.6901509948964059,0.004002369119778803,0.0026835808274378943
joint_minus_native,525,526,-0.02892587634598591,0.12731839866062022,0.003939767892657577,0.0026466384566256516
joint_minus_native,526,527,-0.0008079746969373826,0.004526278752848173,0.003930758893436333,0.0026456065604609806
joint_minus_native,527,528,-0.000754264739624404,0.004251724307206756,0.003921885742616142,0.0026446432593886632
joint_minus_native,528,529,-0.0012411338007405352,0.007015177973936888,0.003912125781286546,0.0026430581587491477
joint_minus_native,529,530,0.0900484405435669,0.5093982507423342,0.004074647129894623,0.002758062552802235
joint_minus_native,530,531,2.3215717572705363e-06,9.227293562766892e-06,0.004066977966884947,0.0027580655177725506
joint_minus_native,531,532,7.303472428102428e-07,1.547511597945564e-06,0.004059334644291635,0.0027580664505276503
joint_minus_native,532,533,5.413138684073618e-07,1.9867435758360895e-06,0.00405171964742405,0.0027580671418608155
joint_minus_native,533,534,-3.0833469579369173e-06,1.7445111242016358e-05,0.004044126383389626,0.0027580632039975227
joint_minus_native,534,535,1.1731787839183963e-05,5.7388447351828704e-05,0.004036589197229719,0.0027580781871237546
joint_minus_native,535,536,0.011354319129933864,0.04586318438261875,0.00405024167844745,0.002772579233266709
joint_minus_native,536,537,-0.01969892577505304,0.35113883847860833,0.004006016040731434,0.0027474209628004856
joint_minus_native,537,538,0.02355634544014232,0.13489358950296088,0.004042354942960823,0.0027775056951633748
joint_minus_native,538,539,0.06522768851724584,0.2556968822789623,0.004155871331781389,0.0028608105336272904
joint_minus_native,539,540,0.0023125655629380668,0.17515773443678526,0.004152457802579827,0.0028637640017791914
joint_minus_native,540,541,-0.018175697553094502,0.17974390634590462,0.004111185796377102,0.002840551105798228
joint_minus_native,541,542,0.11255232291705246,0.6826718968887737,0.004311261695123736,0.0029842960903666217
joint_minus_native,542,543,0.030980654095656698,0.10570734026752138,0.004360376598255471,0.003023862698407051
joint_minus_native,543,544,-0.014460502235574893,0.0863694286885421,0.004325779394516813,0.0030053946240321153
joint_minus_native,544,545,0.05565526267466606,0.20985416779683574,0.004419961932645527,0.003076474142135137
joint_minus_native,545,546,0.028816058414583845,0.19471853250454302,0.0044646434280336935,0.0031132762601614257
joint_minus_native,546,547,0.10582422670728188,0.3780360968796768,0.004649944311542373,0.0032484285292639567
joint_minus_native,547,548,0.09897781182050785,0.6184189358472865,0.004822075456631727,0.003374836973479165
joint_minus_native,548,549,-0.12663614719578115,0.44319064523611357,0.004582625142146457,0.003213104984723378
joint_minus_native,549,550,0.0733960040403688,0.31770027001885165,0.0047077403765068615,0.003306841899206607
joint_minus_native,550,551,-0.036625998033380236,0.09184713293824075,0.004632724517323763,0.003260065401079685
joint_minus_native,551,552,0.011222797319069496,0.11950255222033439,0.004644663055008085,0.0032743984755612553
joint_minus_native,552,553,0.01746598800117588,0.9392835022714495,0.004667848091077104,0.0032967049736470477
joint_minus_native,553,554,0.01390065203756062,0.05989694509549284,0.004684513802171841,0.003314458041383397
joint_minus_native,554,555,0.0037283790208173075,0.021033182883719994,0.0046827910368000296,0.003319219700413814
joint_minus_native,555,556,0.0006400276951044964,0.0036289969753170725,0.00467551987971065,0.00332003710487755
joint_minus_native,556,557,-0.0010885657194487958,0.006145674484585939,0.004665171431597257,0.0033186468549165674
joint_minus_native,557,558,-0.0001695416037173518,0.000947173167078249,0.004656507071318916,0.0033184303266870436
joint_minus_native,558,559,-9.651535221494506e-08,2.8672569608064975e-06,0.00464817683234455,0.003318430203423503
joint_minus_native,559,560,2.0607869301782443e-07,2.4795785969906586e-06,0.004639876884570171,0.0033184304666146816
joint_minus_native,560,561,3.5942992093015887e-07,3.0483280603025816e-06,0.0046316067999807795,0.003318430925656727
joint_minus_native,561,562,-1.2873125298364327e-07,8.191078048306077e-06,0.00462336527768321,0.003318430761248996
joint_minus_native,562,563,2.3202509732543695e-06,1.5931803672776874e-05,0.004615157382431505,0.0033184337245324865
joint_minus_native,563,564,-0.013601679780713777,0.13182095322738718,0.0045828580257592615,0.003301062485987514
joint_minus_native,564,565,-0.009643742127926827,0.05408182946814123,0.004557678202478401,0.003288746084802422
joint_minus_native,565,566,0.024572245602584825,0.11002475805033109,0.004593039628980355,0.003320128263094356
joint_minus_native,566,567,0.07037990285491211,0.45293561060973403,0.004709065842782705,0.0034100131964978206
joint_minus_native,567,568,-0.0012143163391051953,0.1420785627940893,0.004698637353025859,0.003408462345490023
joint_minus_native,568,569,-0.014249250453791705,0.13235679728193933,0.004665337022961154,0.003390264069048399
joint_minus_native,569,570,0.21622624447453728,0.6742133932585695,0.005036496509718305,0.0036664150837029804
joint_minus_native,570,571,-0.09114417919348575,0.36098242086927684,0.004868053995351923,0.003550011278858171
joint_minus_native,571,572,0.05553671229870004,0.4262863230210826,0.0049566355658123215,0.003620939391627903
joint_minus_native,572,573,0.16501961615685,0.6285619675148081,0.005235977591276611,0.003831692413539589
joint_minus_native,573,574,-0.20854333715003393,0.9003222382766658,0.004863539760716837,0.0035653535410618956
joint_minus_native,574,575,-0.014154039586270055,0.22406926795817686,0.004830465709678598,0.0035472768621522275
joint_minus_native,575,576,0.040659433046669746,0.2946407826496503,0.004892668777971986,0.0035992046182782424
joint_minus_native,576,577,0.0485678838428983,0.2184504890213615,0.004968362391602707,0.0036612325669920336
joint_minus_native,577,578,-0.07691515223869513,0.3244408345430075,0.004826695411273472,0.0035630012103653468
joint_minus_native,578,579,-0.029339749496215213,0.08238288046300409,0.004767686007288173,0.003525530265925737
joint_minus_native,579,580,0.0582164010456607,0.45487559971231434,0.004859838964250884,0.003599880714259914
joint_minus_native,580,581,-0.006564506279830613,0.5134132946601493,0.004840175719424582,0.0035914969259076396
joint_minus_native,581,582,0.0006226490851300676,0.003606644941803714,0.004832929110087306,0.003592292135467193
joint_minus_native,582,583,5.485859559059254e-06,2.9993895459797623e-05,0.004824648761458612,0.0035922991416735264
joint_minus_native,583,584,-7.667822769619808e-07,1.0843664970118985e-05,0.00481638606360975,0.0035922981623858164
joint_minus_native,584,585,9.84343392704296e-08,6.775472014002609e-06,0.004808153093303304,0.00359229828810017
joint_minus_native,585,586,-7.908618045521519e-07,4.866157857151791e-06,0.004799946704301414,0.0035922972780595515
joint_minus_native,586,587,1.9908998592961484e-07,2.5680752164800923e-06,0.004791769962198662,0.0035922975323251787
joint_minus_native,587,588,3.857255395097235e-07,2.403183131921315e-06,0.004783621349551283,0.003592298024950389
joint_minus_native,588,589,2.1096741913634964e-07,2.4084830671995076e-06,0.0047755001095137065,0.0035922982943851507
joint_minus_native,589,590,-4.62969527352514e-07,2.1509751002144052e-05,0.004767405256837366,0.0035922977031086155
joint_minus_native,590,591,-3.083072900439583e-07,9.65095130657093e-06,0.004759338059605339,0.0035922973093572867
joint_minus_native,591,592,0.12343407320182623,0.6672852128407585,0.00495980213923747,0.003749939803867921
joint_minus_native,592,593,-0.04234474434108726,0.24728272064946222,0.004880030560012638,0.003695859670609827
joint_minus_native,593,594,0.005132746037077299,0.13864183171982164,0.004880456006943723,0.0037024149018193763
joint_minus_native,594,595,-0.022215452863928467,0.22061624602058147,0.004834916664303603,0.00367404267593952
joint_minus_native,595,596,0.006593964322262018,0.13228190160444198,0.0048378680865485005,0.0036824640863127793
joint_minus_native,596,597,-0.010591774976289976,0.24835873361054076,0.004812022788285789,0.003668936915206406
joint_minus_native,597,598,0.039990692539727944,0.5949707327305326,0.004870849995228,0.0037200105966109114
joint_minus_native,598,599,0.039949119448283034,0.17272803241655763,0.004929411379957641,0.0037710311833903283
joint_minus_native,599,600,0.08447914683429912,0.32517790665784435,0.005061994272381543,0.003878922814085473
joint_minus_native,600,601,-0.047506436196918425,0.3293467657459711,0.00497452600204993,0.0038182504817777874
joint_minus_native,601,602,0.013053013699618005,0.18441511019249526,0.004987945416829943,0.003834920997358398
joint_minus_native,602,603,-0.026395718654176156,0.10392634611442536,0.004935899539431923,0.003801209990137228
joint_minus_native,603,604,0.010304745672807147,0.14779985988007432,0.004944788357533538,0.003814370584866228
joint_minus_native,604,605,-0.0074156184827253455,0.15293261950398468,0.004924357933004183,0.0038048998077490816
joint_minus_native,605,606,0.041687560238761016,0.9032188071727058,0.004985023283343716,0.003858140625423106
joint_minus_native,606,607,-0.034870891985382235,0.10202361491996387,0.0049193627969042995,0.003813605642044585
joint_minus_native,607,608,-0.055803583149949494,0.22086548106931386,0.0048194895305443426,0.003742336698047203
joint_minus_native,608,609,-0.09729233435328319,0.4533131249161459,0.004651818226958419,0.0036180808431898817
joint_minus_native,609,610,0.00024509504867501527,0.0010624998184150436,0.0046445940906005775,0.0036183938636862732
joint_minus_native,610,611,4.709879010849279e-06,4.128902357505859e-05,0.004637000172087338,0.0036183998788574243
joint_minus_native,611,612,-6.445835365699381e-06,1.4155412444716475e-05,0.0046294128420098,0.0036183916466283493
joint_minus_native,612,613,-8.467528793042077e-07,6.261283758721935e-06,0.004621859400582574,0.0036183905652070474
joint_minus_native,613,614,-3.315511349929224e-07,3.3297249006070217e-06,0.004614331402289874,0.0036183901417700935
joint_minus_native,614,615,-2.77124793920927e-07,2.313957048142593e-06,0.0046068279737905525,0.003618389787843154
joint_minus_native,615,616,-7.736982482064423e-08,1.9292520738851537e-06,0.004599349231349617,0.003618389689031117
joint_minus_native,616,617,-1.1714124426395134e-07,1.868483067241549e-06,0.004591894666726289,0.003618389539425441
joint_minus_native,617,618,-9.289514284743346e-07,3.189105289474305e-06,0.004584462913298853,0.0036183883530251488
joint_minus_native,618,619,-3.1880502348101067e-07,2.4969613448164205e-05,0.004577056157695748,0.003618387945866754
joint_minus_native,619,620,-0.02639310721636369,0.14931777545666008,0.004527104281285976,0.0035846802738152043
joint_minus_native,620,621,-0.0014890395075106097,0.012956312451978546,0.004517416449097897,0.0035827785630776422
joint_minus_native,621,622,0.2403426231897748,1.313040394239418,0.004896556652861044,0.0038897295505486195
joint_minus_native,622,623,0.05578258510830665,0.21658812645642686,0.004978235671248596,0.003960971677123723
joint_minus_native,623,624,0.04811791725483168,0.13931371634451686,0.005047369776350492,0.004022424955865526
joint_minus_native,624,625,0.006289475248943539,0.11906649569455777,0.005049357145106641,0.00403045749130479
joint_minus_native,625,626,-0.0015463546655460681,0.06225090179790925,0.005038820864258953,0.004028482581131679
joint_minus_native,626,627,0.1219821564711647,0.5763733583660736,0.0052253333612396645,0.004184270775858582
joint_minus_native,627,628,0.03317330323374397,0.6280899551147662,0.005269836497979321,0.004226637702083032
joint_minus_native,628,629,0.40443021110178495,2.2384149158767213,0.005904431688128454,0.004743151381651083
joint_minus_native,629,630,0.003978319429020924,0.16439631457914422,0.005901374367082253,0.004748232249376525
joint_minus_native,630,631,-0.020609113617863797,0.060584801092380326,0.005859360915442084,0.004721911542329445
joint_minus_native,631,632,-0.0072199297108819505,0.20092549377329383,0.005838665835337141,0.00471269068701542
joint_minus_native,632,633,-0.015441656919145681,0.14595387627496373,0.005805047631933535,0.004692969541524812
joint_minus_native,633,634,-0.03588226659632694,0.18838806750788667,0.005739294770374764,0.004647142891976501
joint_minus_native,634,635,-0.04614573454065928,0.1463083697862291,0.0056575860627983325,0.00458820836510465
joint_minus_native,635,636,-0.0036862044040889123,0.038492052089109996,0.005642894568353542,0.004583500568930846
joint_minus_native,636,637,-0.003887791548341638,0.02571247897959133,0.005627932737715087,0.004578535317911253
joint_minus_native,637,638,1.6619829883305475e-05,7.2321649481951e-05,0.005619137576417545,0.0045785565437476295
joint_minus_native,638,639,2.2907427106096525e-06,1.9819306535662126e-05,0.005610347518774811,0.004578559469344961
joint_minus_native,639,640,-3.172862673295619e-06,1.3731275389964067e-05,0.005601576393178799,0.004578555417157639
joint_minus_native,640,641,-8.357084470827311e-08,7.246555772036181e-06,0.005592837454077359,0.004578555310426037
joint_minus_native,641,642,6.472329562120722e-07,7.185552845410773e-06,0.005584126877408946,0.004578556137032622
joint_minus_native,642,643,-7.09544614275227e-08,2.549750232923813e-06,0.00557544227735938,0.004578556046413897
joint_minus_native,643,644,1.0324935401882024e-07,2.165597222395716e-06,0.005566784918620241,0.004578556178277695
joint_minus_native,644,645,-6.053884063419212e-07,3.376171875495306e-06,0.005558153305741131,0.004578555405112426
joint_minus_native,645,646,-4.3456045638385464e-07,3.2597754528825274e-06,0.005549548680561259,0.004578554850118229
joint_minus_native,646,647,-1.5844976191632349e-06,1.1169256276175758e-05,0.005540968876576435,0.004578552826494194
joint_minus_native,647,648,-3.402672569819686e-05,0.00019616171262978633,0.0055323654883013195,0.004578509369628678
joint_minus_native,648,649,0.01147606522240488,0.06492219229481347,0.005541523731343082,0.00459316590247977
joint_minus_native,649,650,0.005663961171485638,0.08668437970412084,0.00554171209663561,0.004600399569365449
joint_minus_native,650,651,0.00529643776272321,0.16619274614082363,0.0055413353311457286,0.004607163857695874
joint_minus_native,651,652,0.0321155605537745,0.16434102889678595,0.005582093345290864,0.004648179899271575
joint_minus_native,652,653,0.022131941504106113,0.15919448450989346,0.005607437676315084,0.004676445469519476
joint_minus_native,653,654,0.05361663998490451,0.23944483068002576,0.005680846242536168,0.004744921382654731
joint_minus_native,654,655,0.025202332279016082,0.302046562135296,0.00571065003801171,0.004777108269345684
joint_minus_native,655,656,0.014977630627596647,0.44224807382413056,0.005724776532812907,0.0047962367886657305
joint_minus_native,656,657,-0.03683920917099148,0.1975520150317751,0.005659991166444864,0.004749187990235345
joint_minus_native,657,658,0.030159314225479725,0.14116082467864108,0.005697224180212394,0.004787705632924336
joint_minus_native,658,659,0.03991409220869376,0.36732178598393217,0.005749146589967297,0.004838681485042719
joint_minus_native,659,660,0.03379702131199289,0.2669762008185845,0.005791643369849154,0.004881844986079747
joint_minus_native,660,661,0.19931092638861042,0.8068259725086561,0.00608441081768389,0.005136392784788061
joint_minus_native,661,662,0.18689766764274335,1.1242418952064461,0.00635754262557673,0.005375087124050824
joint_minus_native,662,663,0.004283628822652037,0.07025990359500778,0.0063544145504591965,0.0053805579143734955
joint_minus_native,663,664,0.01594544756580103,0.07991963607109435,0.00636885887728953,0.005400922470651658
joint_minus_native,664,665,-0.02555661793769198,0.10553577698070757,0.006320850641477529,0.005368283111855118
joint_minus_native,665,666,1.0192880272475458e-05,4.843898620112813e-05,0.006311375179373616,0.0053682961295821565
joint_minus_native,666,667,1.8412926502838004e-06,1.4334608263278564e-05,0.006301915608329054,0.005368298481169194
joint_minus_native,667,668,-2.387181612372646e-07,3.0341779927208868e-06,0.006292481245564846,0.005368298176292871
joint_minus_native,668,669,1.693687090604306e-07,1.864035355215507e-06,0.00628307569716895,0.0053682983926002905
joint_minus_native,669,670,-7.674339661223496e-08,1.7855939351722594e-06,0.006273697857705418,0.005368298294588289
joint_minus_native,670,671,-1.0293155259981992e-07,1.6454664354003828e-06,0.006264347931044825,0.005368298163130367
joint_minus_native,671,672,-4.2311040459817394e-09,1.5763625785432368e-06,0.00625502597842258,0.005368298157726659
joint_minus_native,672,673,-2.3439908549152252e-08,1.8977259582762757e-06,0.006245731699940663,0.005368298127790634
joint_minus_native,673,674,7.644405523071235e-08,1.8076814835396959e-06,0.0062364651491159055,0.005368298225420332
joint_minus_native,674,675,1.7839582810875441e-07,1.5492746756999775e-06,0.006227226205777701,0.005368298453256639
joint_minus_native,675,676,2.1700852804178659e-07,4.81244459254622e-06,0.006218014653710764,0.005368298730406739
joint_minus_native,676,677,-0.00035514767006894385,0.0019996633314495775,0.006208305403601784,0.005367845157392603
joint_minus_native,677,678,0.004298154556241288,0.023638027599364127,0.0062054880719685105,0.0053733344990991696
joint_minus_native,678,679,0.005134011921129985,0.05360390314245175,0.006203910051127803,0.005379891347018875
joint_minus_native,679,680,0.014441629047176422,0.0551741501836333,0.006216024343769052,0.005398335317704924
joint_minus_native,680,681,-0.04312398955710223,0.18743334379633034,0.006143572047292002,0.005343259979828675
joint_minus_native,681,682,0.08248912962589439,0.2884053422419728,0.006255515680105202,0.005448610081522027
joint_minus_native,682,683,0.014037107332316784,0.10036600661252451,0.006266908932890284,0.005466537421665471
joint_minus_native,683,684,0.01864099197695436,0.23857791154117267,0.006284999697574589,0.005490344563398491
joint_minus_native,684,685,0.11295077778066714,0.33575428666555135,0.006440716161929469,0.0056345984302958955
joint_minus_native,685,686,-0.022742212797970524,0.09277805778933118,0.006398175449159935,0.0056055534586509775
joint_minus_native,686,687,-0.06886521172215274,0.1666959688014902,0.0062886217560430314,0.0055176029966814335
joint_minus_native,687,688,0.02289341642365308,0.08548958137767743,0.006312756632013395,0.005546841076405128
joint_minus_native,688,689,0.07334715816837883,0.2179161525394793,0.00641004894193555,0.005640515607910082
joint_minus_native,689,690,-0.008564317131167662,0.05902458333464075,0.006388346962119459,0.005629577782710634
joint_minus_native,690,691,-0.00624651886079172,0.06415179306098445,0.00637006206223102,0.005621600108558921
joint_minus_native,691,692,-0.0010188273765585531,0.005211892245517865,0.006359384476336816,0.005620298924169958
joint_minus_native,692,693,4.536064482664126e-05,0.0001890999912571499,0.0063502733308368016,0.005620356856027974
joint_minus_native,693,694,-2.7531756673974415e-06,1.588764770778694e-05,0.006341119113968639,0.005620353339839382
joint_minus_native,694,695,1.0502119159225168e-05,5.859542609833188e-05,0.006332010312537258,0.0056203667525075275
joint_minus_native,695,696,2.326449357410847e-06,1.0791562046613746e-05,0.006322915939170622,0.005620369723707219
joint_minus_native,696,697,1.2961845577260997e-06,3.2285858706185827e-06,0.006313846183425123,0.005620371379115339
joint_minus_native,697,698,8.443628270115027e-07,2.575731939869808e-06,0.0063048017682093655,0.005620372457484211
joint_minus_native,698,699,9.070021761365008e-07,3.958857776197531e-06,0.006295783320761535,0.005620373615852252
joint_minus_native,699,700,1.1116192265282345e-06,3.671418048912536e-06,0.006286790932616485,0.005620375035544751
joint_minus_native,700,701,9.976932658535776e-07,2.8165748271803512e-06,0.0062778240378385235,0.005620376309737937
joint_minus_native,701,702,5.492976647941046e-07,1.3393687396537515e-06,0.006268882051029159,0.005620377011267522
joint_minus_native,702,703,-5.023303332204022e-07,4.888673859286163e-06,0.006259964007812429,0.00562037636972176
joint_minus_native,703,704,-1.3243523929853975e-05,7.442972629381258e-05,0.006251053201659385,0.005620359455898094
joint_minus_native,704,705,-0.000767512349071091,0.0044210635300088565,0.00624109778953069,0.005619379235784338
joint_minus_native,705,706,0.002091353466720989,0.011669403954185765,0.006235219964710848,0.0056220501852948385
joint_minus_native,706,707,-0.006184832787852217,0.03499812549386623,0.0062176527048062305,0.005614151292845473
joint_minus_native,707,708,-0.008962138962736992,0.04335391985489307,0.006196212321095012,0.005602705393787061
joint_minus_native,708,709,0.03232037042417441,0.2695258009406011,0.006233058806430808,0.005643983006078471
joint_minus_native,709,710,0.0002137754106608914,0.01157340824052256,0.006224580942493103,0.005644256027037169
joint_minus_native,710,711,-0.0005502382468347364,0.07293721726170198,0.0062150523641677485,0.0056435532961983
joint_minus_native,711,712,0.08150347295523461,0.461009368690341,0.006320794527919247,0.005747644577111755
joint_minus_native,712,713,0.02369593431248665,0.10866372921461274,0.006345163587925652,0.005777907583896538
joint_minus_native,713,714,0.03938589480626476,0.17736449259603265,0.006391439121844894,0.005828208854402624
joint_minus_native,714,715,-0.000821118061061,0.036698130312979,0.00638135162928139,0.005827160172332304
joint_minus_native,715,716,0.05988482573326165,0.18049525999477783,0.006456077151772982,0.005903641431250901
joint_minus_native,716,717,-0.012295302979116433,0.08936629033425497,0.006429924599289175,0.005887938617739895
joint_minus_native,717,718,-0.0010609068662724742,0.007812535328594671,0.006419491686384494,0.005886583691984759
joint_minus_native,718,719,-0.0004039595809259297,0.0023004982625261547,0.006410001489907012,0.005886067779365442
joint_minus_native,719,720,1.903678998766854e-06,1.04823558234344e-05,0.0064011013540585275,0.005886070210628531
joint_minus_native,720,721,1.474398871050521e-06,4.5721935270302865e-06,0.006392225311124841,0.005886072093641137
joint_minus_native,721,722,4.541562613402129e-06,2.0750050213764946e-05,0.006383378103716931,0.005886077893848818
joint_minus_native,722,723,6.249958861202209e-08,4.325220503675412e-06,0.00637454917480389,0.005886077973669493
joint_minus_native,723,724,1.7661733357246342e-06,7.894907196718844e-06,0.006365746988337774,0.005886080229318708
joint_minus_native,724,725,9.527695279756077e-08,2.672172881950121e-06,0.006356966779080692,0.005886080351000641
joint_minus_native,725,726,6.9835524776672415e-06,3.637592008037193e-05,0.006348220245710716,0.005886089269969323
joint_minus_native,726,727,3.726266216161315e-06,1.7694793489375118e-05,0.006339493293881974,0.0058860940289300065
joint_minus_native,727,728,5.11774982531349e-06,2.6161910892837658e-05,0.006330792228574203,0.005886100565008965
joint_minus_native,728,729,3.4669333475256235e-06,1.660803729055378e-05,0.006322112770007364,0.005886104992765477
joint_minus_native,729,730,3.4765799126403017e-06,1.6747967733537826e-05,0.006313457103993535,0.005886109432841993
joint_minus_native,730,731,4.502186354096955e-06,2.329256676344613e-05,0.006304826522710854,0.005886115182760708
joint_minus_native,731,732,7.816192637429713e-06,4.604043062780685e-05,0.006296224049582339,0.005886125165126784
joint_minus_native,732,733,-6.212861877395138e-06,2.9172120819890484e-05,0.0062876259091847134,0.005886117230437286
joint_minus_native,733,734,0.014172249819836173,0.0800683174905492,0.006298367903613394,0.005904217166350232
joint_minus_native,734,735,0.019317759955635904,0.10920047669904119,0.006316081362187574,0.005928888635003661
joint_minus_native,735,736,0.011829813474106337,0.06788361283693496,0.00632357284603529,0.005943996953616824
joint_minus_native,736,737,0.021183094875870646,0.11912719641407767,0.0063437350197528405,0.005971050714633262
joint_minus_native,737,738,-0.004395919931029943,0.024778018653569957,0.006329182641770749,0.00596543651293335
joint_minus_native,738,739,0.0002443107605779688,0.0009845928921418448,0.006320948715003236,0.005965748531784664
joint_minus_native,739,740,0.0024015776793527986,0.013446891800943203,0.006315652267657762,0.005968815680800439
joint_minus_native,740,741,-0.002100290250924978,0.011845814154049688,0.006304294720399217,0.005966133317772439
joint_minus_native,741,742,0.0012086075736347044,0.08433513997700354,0.006297427217506002,0.005967676877892023
joint_minus_native,742,743,-0.0016355728959440985,0.009272738428333363,0.006286750232158155,0.005965588023618786
joint_minus_native,743,744,0.024381244948496333,0.1379208246345544,0.006311070789572589,0.005996726267486598
joint_minus_native,744,745,0.00034280881151692435,0.0019284574026174253,0.006303059699669159,0.005997164082060694
joint_minus_native,745,746,9.903405705092253e-06,4.479676187345278e-05,0.006294623833323362,0.005997176730088414
joint_minus_native,746,747,2.8635850915337356e-06,1.2554680393883799e-05,0.006286201128841124,0.00599718038728521
joint_minus_native,747,748,6.60795151344063e-06,3.5256963364453696e-05,0.006277805950796569,0.005997188826559175
joint_minus_native,748,749,1.2897947633194598e-06,8.038897672547533e-06,0.006269426089440048,0.005997190473806637
joint_minus_native,749,750,1.2273684887589107e-06,7.393851195572345e-06,0.006261068491145446,0.005997192041327056
joint_minus_native,750,751,8.047741021173905e-07,4.102286123410335e-06,0.006252732587394392,0.005997193069135617
joint_minus_native,751,752,1.8377000896995486e-07,1.7895513381543612e-06,0.006244418027796805,0.005997193303835501
joint_minus_native,752,753,4.634419101424293e-07,1.698155061051509e-06,0.006236125923433076,0.005997193895715333
joint_minus_native,753,754,-4.3852621276968764e-07,3.1228834880665506e-06,0.006227854617796941,0.005997193335656313
joint_minus_native,754,755,5.078984823109404e-07,1.1215760343056608e-06,0.006219606476446855,0.005997193984313379
joint_minus_native,755,756,4.177803936296398e-07,1.0703796417420478e-06,0.00621138003637271,0.0059971945178771
joint_minus_native,756,757,3.808470781467332e-07,1.0406568374387062e-06,0.0062031752818293906,0.005997195004271837
joint_minus_native,757,758,5.712068193252494e-07,1.061244818177204e-06,0.006194992426849165,0.005997195733782461
joint_minus_native,758,759,4.98650778808151e-07,9.97453206514148e-07,0.006186831038474895,0.005997196370628921
joint_minus_native,759,760,4.693024952116486e-07,1.0376014919412146e-06,0.006178691088822291,0.005997196969993539
joint_minus_native,760,761,3.7633659537546814e-07,9.836114715128988e-07,0.0061705724097786295,0.005997197450627761
joint_minus_native,761,762,3.3895097475423264e-07,1.010023062153167e-06,0.006162474990541352,0.005997197883515339
joint_minus_native,762,763,2.740058087021587e-07,9.68800937057889e-07,0.006154398711400157,0.005997198233458901
joint_minus_native,763,764,3.182459642562746e-07,9.724803346546582e-07,0.006146343632256917,0.005997198639903301
joint_minus_native,764,765,3.212357301299405e-07,9.296496745640693e-07,0.006138309616052306,0.005997199050166047
joint_minus_native,765,766,2.89459694768298e-07,9.272203598059163e-07,0.006130296534908236,0.005997199419846371
joint_minus_native,766,767,2.6454636626294335e-07,9.331599880920931e-07,0.006122304315887972,0.005997199757708908
joint_minus_native,767,768,2.3677279344672268e-07,9.199509314878538e-07,0.006114332873774569,0.005997200060100727
joint_minus_native,768,769,2.986881140587765e-07,9.555301276474268e-07,0.006106382244144321,0.005997200441567027
joint_minus_native,769,770,1.307773175127006e-06,6.216991723543831e-06,0.006098453576000205,0.005997202111775426
joint_minus_native,770,771,9.394090174536607e-07,4.140786156488765e-06,0.006090544997314104,0.005997203311531513
joint_minus_native,771,772,6.255687391912708e-07,2.2715097039478116e-06,0.006082656500644967,0.005997204110469878
joint_minus_native,772,773,4.05029824623696e-07,1.2633993970126217e-06,0.006074788128755161,0.005997204627749348
joint_minus_native,773,774,2.717605064353087e-07,1.1058317140383718e-06,0.006066939916393082,0.0059972049748253445
joint_minus_native,774,775,3.3574846295773174e-07,1.1016028607700344e-06,0.006059112040047366,0.005997205403622872
joint_minus_native,775,776,4.0205483120365714e-07,1.15811472369214e-06,0.006051304424087036,0.005997205917102861
joint_minus_native,776,777,4.1657304592294516e-07,1.16483354840818e-06,0.006043516923635245,0.00599720644912463
joint_minus_native,777,778,3.626361911961131e-07,1.0917347004008102e-06,0.006035749373137245,0.005997206912261528
joint_minus_native,778,779,4.853722689646037e-07,1.3581665933239687e-06,0.006028001922558466,0.005997207532149483
joint_minus_native,779,780,5.872989085724473e-07,2.1471390017796147e-06,0.0060202744679127606,0.005997208282211945
joint_minus_native,780,781,1.0104549404572529e-06,4.302239974679411e-06,0.006012567343696408,0.005997209572703569
joint_minus_native,781,782,1.118019133924599e-06,4.865550689355415e-06,0.006004880068345305,0.00599721100056964
joint_minus_native,782,783,6.790362951438504e-07,2.336723378085578e-06,0.005997211867793516,0.005997211867793516
matrix_only_minus_native,0,1,0.0,0.0,0.0,0.0
matrix_only_minus_native,1,2,-4.702813088031362e-10,0.0,-2.351406544015681e-10,-6.006146983437244e-13
matrix_only_minus_native,2,3,-6.403349125226016e-10,0.0,-3.702054071085793e-10,-1.4184115214888094e-12
matrix_only_minus_native,3,4,-1.4277866729942482e-09,0.0,-6.346007235799965e-10,-3.241893862477632e-12
matrix_only_minus_native,4,5,-1.948158937201222e-09,0.0,-8.973123663042416e-10,-5.7299640249313e-12
matrix_only_minus_native,5,6,2.3032616343834577e-09,0.0,-3.6388336618962503e-10,-2.7883782849779696e-12
matrix_only_minus_native,6,7,7.109880426859875e-09,0.0,7.037971756745893e-10,6.291928773591475e-12
matrix_only_minus_native,7,8,9.555091277329302e-09,0.0,1.8102089383814283e-09,1.849511048154716e-11
matrix_only_minus_native,8,9,4.225363528935752e-09,0.0,2.07855944844302e-09,2.389148791313816e-11
matrix_only_minus_native,9,10,2.5323744767439108e-09,0.0,2.123940951273109e-09,2.7125682647166142e-11
matrix_only_minus_native,10,11,-2.079751893337988e-09,0.0,1.7417870563084637e-09,2.446954996091073e-11
matrix_only_minus_native,11,12,8.826112006180467e-10,0.0,1.6701890683342623e-09,2.5596767330793293e-11
matrix_only_minus_native,12,13,-3.51285130356409e-09,0.0,1.2714936551113122e-09,2.1110367198527532e-11
matrix_only_minus_native,13,14,-5.917646839681628e-09,0.0,7.579836197689594e-10,1.3552708399444995e-11
matrix_only_minus_native,14,15,-8.499213373244652e-09,0.0,1.408371535680519e-10,2.6980297618400745e-12
matrix_only_minus_native,15,16,-1.1886070177535479e-08,0.0,-6.108445546259188e-10,-1.248213649299451e-11
matrix_only_minus_native,16,17,-6.624144252184565e-09,0.0,-9.645680662470156e-10,-2.094209083805781e-11
matrix_only_minus_native,17,18,-3.08997247704267e-09,0.0,-1.0826460890689964e-09,-2.4888415840666584e-11
matrix_only_minus_native,18,19,-2.5359385553581085e-09,0.0,-1.1591351662421075e-09,-2.8127162399233773e-11
matrix_only_minus_native,19,20,-2.993467280130239e-09,0.0,-1.250851771936514e-09,-3.195023683107316e-11
matrix_only_minus_native,20,21,-1.9203229205267768e-09,0.0,-1.2827313504408124e-09,-3.4402756525232515e-11
matrix_only_minus_native,21,22,-5.3517528767674905e-09,0.0,-1.4676868743647523e-09,-4.123768995660862e-11
matrix_only_minus_native,22,23,-2.82402154079284e-09,0.0,-1.5266579468181474e-09,-4.4844358591082236e-11
matrix_only_minus_native,23,24,-2.8172611107377376e-09,0.0,-1.5804330786481304e-09,-4.8442393215268366e-11
matrix_only_minus_native,24,25,-9.147434531834579e-09,0.0,-1.8831131367755884e-09,-6.012494051007625e-11
matrix_only_minus_native,25,26,-1.4888398521952404e-08,0.0,-2.3833164208208504e-09,-7.91394980093769e-11
matrix_only_minus_native,26,27,-1.959114453017555e-08,0.0,-3.0206433878339875e-09,-1.0416011682186164e-10
matrix_only_minus_native,27,28,-2.500139501530446e-08,0.0,-3.805670231672219e-09,-1.3609037865494524e-10
matrix_only_minus_native,28,29,-3.1267721204126185e-08,0.0,-4.7526375065844245e-09,-1.7602361135497867e-10
matrix_only_minus_native,29,30,-3.48586346384828e-08,0.0,-5.75617074431437e-09,-2.2054294039518658e-10
matrix_only_minus_native,30,31,-1.2012460149931206e-07,0.0,-9.445474962217522e-09,-3.7395877883619815e-10
matrix_only_minus_native,31,32,-3.00283872403542e-07,0.0,-1.8534174882258912e-08,-7.574630858649875e-10
matrix_only_minus_native,32,33,-7.107138657126279e-07,0.0,-3.950931702863373e-08,-1.665143629559276e-09
matrix_only_minus_native,33,34,-1.4607838371305271e-06,0.0,-8.131150879633647e-08,-3.5307679426250834e-09
matrix_only_minus_native,34,35,-2.116223405392579e-06,0.0,-1.3945184869908628e-07,-6.233479826906793e-09
matrix_only_minus_native,35,36,-1.6281358213201386e-06,0.0,-1.808041812718933e-07,-8.312835920546818e-09
matrix_only_minus_native,36,37,1.151634375619868e-06,0.0,-1.4479232838292675e-07,-6.8420385059620565e-09
matrix_only_minus_native,37,38,1.2638147165478246e-06,0.0,-1.0772372193738067e-07,-5.22797117959191e-09
matrix_only_minus_native,38,39,1.6297007395119154e-06,0.0,-6.31743767720141e-08,-3.1466164675715837e-09
matrix_only_minus_native,39,40,1.5762390169299324e-06,0.0,-2.218904192946544e-08,-1.1335398175972128e-09
matrix_only_minus_native,40,41,1.3707043934342556e-06,0.0,1.1783968689161902e-08,6.170405060736117e-10
matrix_only_minus_native,41,42,1.2490653274346657e-06,0.0,4.124304865929294e-08,2.2122708093107327e-09
matrix_only_minus_native,42,43,1.0771212961095938e-06,0.0,6.533324046046273e-08,3.587904648531159e-09
matrix_only_minus_native,43,44,8.983054134591075e-07,0.0,8.426442621043193e-08,4.735165712974463e-09
matrix_only_minus_native,44,45,7.953931830739032e-07,0.0,1.0006728747406462e-07,5.75099353299222e-09
matrix_only_minus_native,45,46,6.443396814951468e-07,0.0,1.1189929603974033e-07,6.57390500361182e-09
matrix_only_minus_native,46,47,4.310170451469336e-07,0.0,1.1868903538244657e-07,7.124373771360138e-09
matrix_only_minus_native,47,48,2.625562368520481e-07,0.0,1.216862687463966e-07,7.459694635794427e-09
matrix_only_minus_native,48,49,6.859265157989759e-08,0.0,1.2060272553891703e-07,7.547297000519711e-09
matrix_only_minus_native,49,50,-1.7130755386670627e-08,0.0,1.1784805592040527e-07,7.525418641149763e-09
matrix_only_minus_native,50,51,-3.4088080977997138e-09,0.0,1.1547047035142087e-07,7.521065118674922e-09
matrix_only_minus_native,51,52,1.4902418687463525e-08,0.0,1.1353646935788322e-07,7.540097581877301e-09
matrix_only_minus_native,52,53,2.2564498353386562e-08,0.0,1.1182001707477951e-07,7.568915587437182e-09
matrix_only_minus_native,53,54,3.1136903279726e-08,0.0,1.1032588533783407e-07,7.608681747436833e-09
matrix_only_minus_native,54,55,4.24766195583438e-08,0.0,1.0909226232366153e-07,7.662930303705471e-09
matrix_only_minus_native,55,56,5.282046378643023e-08,0.0,1.0808740877835383e-07,7.73038938900104e-09
matrix_only_minus_native,56,57,6.57248617965891e-08,0.0,1.0734420619972638e-07,7.814329186953261e-09
matrix_only_minus_native,57,58,7.19495796282084e-08,0.0,1.0673395401745882e-07,7.90621881610806e-09
matrix_only_minus_native,58,59,7.372177844448969e-08,0.0,1.0617442561791697e-07,8.000371789855813e-09
matrix_only_minus_native,59,60,-4.369695031322966e-06,0.0,3.157660133556892e-08,2.419662937591488e-09
matrix_only_minus_native,60,61,-5.881193094913167e-06,0.0,-6.535404942260707e-08,-5.0914393547624925e-09
matrix_only_minus_native,61,62,-7.859663761890972e-06,0.0,-1.910687222043549e-07,-1.5129324108135383e-08
matrix_only_minus_native,62,63,-1.1097791587645102e-05,0.0,-3.6419130737008104e-07,-2.9302748868857095e-08
matrix_only_minus_native,63,64,-2.7166272160005162e-05,0.0,-7.82973820692504e-07,-6.399786018431707e-08
matrix_only_minus_native,64,65,-8.403477607427665e-05,0.0,-2.0637707784399524e-06,-1.7132196755887217e-07
matrix_only_minus_native,65,66,0.0009713972109601345,0.006032398673886269,1.2685638035780877e-05,1.069287497268886e-06
matrix_only_minus_native,66,67,-0.0014745614824565162,0.008170324898709407,-9.51208018052207e-06,-8.139327868390531e-07
matrix_only_minus_native,67,68,0.00026100704881304427,0.0023858677198027806,-5.533857695322563e-06,-4.805904511902098e-07
matrix_only_minus_native,68,69,-0.0005698672608875402,0.006669223135988225,-1.3712602669122822e-05,-1.2083902735242333e-06
matrix_only_minus_native,69,70,0.000832914887223651,0.021248354536428392,-1.6179242420831952e-06,-1.4464201397934058e-07
matrix_only_minus_native,70,71,-0.0008281662165444204,0.0031742288419044514,-1.3259449485778089e-05,-1.2023255600130834e-06
matrix_only_minus_native,71,72,-0.0011031155545340348,0.014060728833612802,-2.8396339833670543e-05,-2.6111576858547623e-06
matrix_only_minus_native,72,73,2.555809791728687e-05,0.00640223925133978,-2.7657237946671125e-05,-2.578516436918253e-06
matrix_only_minus_native,73,74,0.00060454226492992,0.010550462053323554,-1.9114001421311796e-05,-1.8064318073781261e-06
matrix_only_minus_native,74,75,-0.0004315884197595228,0.002342951890436915,-2.461366033248794e-05,-2.3576303000467375e-06
matrix_only_minus_native,75,76,0.0012950976203419402,0.007404583317708672,-7.249038218350726e-06,-7.036103506956004e-07
matrix_only_minus_native,76,77,4.0085393165493916e-05,0.00025075277218731434,-6.634305343235861e-06,-6.524157234088906e-07
matrix_only_minus_native,77,78,-8.057817478958404e-07,8.866620027157773e-07,-6.559580681757143e-06,-6.53444818872359e-07
matrix_only_minus_native,78,79,-2.1511574817622003e-07,3.375611521393486e-07,-6.4792709990535895e-06,-6.537195516286509e-07
matrix_only_minus_native,79,80,-2.718753258541494e-07,4.2658886134962074e-07,-6.401678553138608e-06,-6.540667742670353e-07
matrix_only_minus_native,80,81,-2.9077042089170323e-07,3.288695217410433e-07,-6.326235242863954e-06,-6.544381285721332e-07
matrix_only_minus_native,81,82,-3.1766887660161527e-07,3.163582129193565e-07,-6.2529600432753925e-06,-6.54843835949658e-07
matrix_only_minus_native,82,83,-3.5393785119720446e-07,2.581741730717172e-07,-6.181887486744331e-06,-6.552958638566788e-07
matrix_only_minus_native,83,84,-4.4628093104176866e-07,3.9390613481724827e-07,-6.113606456319298e-06,-6.558658267315723e-07
matrix_only_minus_native,84,85,-4.85514190710957e-07,3.512815342659102e-07,-6.047393606135671e-06,-6.564858959406539e-07
matrix_only_minus_native,85,86,-1.8988930849133123e-06,4.857836812525761e-07,-5.999155227981924e-06,-6.589110467515268e-07
matrix_only_minus_native,86,87,-2.0463838581134847e-06,5.491680967693406e-07,-5.953721074305274e-06,-6.615245638116972e-07
matrix_only_minus_native,87,88,-4.757545831858775e-06,1.6584106238357166e-06,-5.940128173822914e-06,-6.676006121282457e-07
matrix_only_minus_native,88,89,-2.2157913361147522e-05,7.782004968404456e-06,-6.122350479298476e-06,-6.958993520530835e-07
matrix_only_minus_native,89,90,-4.45707782369837e-05,1.2312228272572613e-05,-6.549555232161643e-06,-7.528224404783498e-07
matrix_only_minus_native,90,91,-4.162392532833954e-05,1.7641843764938997e-05,-6.9349878705811806e-06,-8.059819875132662e-07
matrix_only_minus_native,91,92,2.2025816719852067e-05,0.00044054337676780586,-6.620196516337344e-06,-7.778519533882959e-07
matrix_only_minus_native,92,93,-0.0016530949291182024,0.009129752693022918,-2.4324225899153102e-05,-2.889084302198261e-06
matrix_only_minus_native,93,94,-0.0001446751551208617,0.0014874993833826123,-2.56045549334266e-05,-3.0738546152517248e-06
matrix_only_minus_native,94,95,0.004456457839929068,0.021896867245108562,2.157504922302071e-05,2.617662421694722e-06
matrix_only_minus_native,95,96,-0.0013024402429180986,0.009007970769115971,7.783223263217365e-06,9.542649211607497e-07
matrix_only_minus_native,96,97,8.158027888862984e-06,0.0015898847565638974,7.787087228430205e-06,9.646838584389909e-07
matrix_only_minus_native,97,98,-0.0001238265082832813,0.003972025129415889,6.44409135586173e-06,8.065401696991692e-07
matrix_only_minus_native,98,99,-0.0021564341417609277,0.016810689335638857,-1.540316352410584e-05,-1.947526422588095e-06
matrix_only_minus_native,99,100,0.00233425811116703,0.00896125602429382,8.093449222805524e-06,1.033646133180782e-06
matrix_only_minus_native,100,101,-0.00022839267004661195,0.017236245587739594,5.7520024973657355e-06,7.419568994047755e-07
matrix_only_minus_native,101,102,0.00086363838438949,0.011957883928624664,1.4162653300229733e-05,1.8449433417923789e-06
matrix_only_minus_native,102,103,-0.005786811844339835,0.0229253293858406,-4.215748745355734e-05,-5.5456209549379385e-06
matrix_only_minus_native,103,104,0.00015575756408862937,0.0009490001408729165,-4.0254458111805534e-05,-5.346696862870723e-06
matrix_only_minus_native,104,105,1.2308067003564618e-06,1.3358019138622429e-05,-3.985936035168971e-05,-5.345124951376014e-06
matrix_only_minus_native,105,106,1.299243706714434e-06,8.657281618819468e-06,-3.9471071634157606e-05,-5.343465636297198e-06
matrix_only_minus_native,106,107,-1.6583519470642698e-06,4.6293082233776963e-07,-3.911768173053989e-05,-5.3455835825897425e-06
matrix_only_minus_native,107,108,-7.02433722867171e-07,6.510267773591087e-07,-3.8761984989728104e-05,-5.346480688238359e-06
matrix_only_minus_native,108,109,-4.1142259813897843e-07,6.584954823457719e-07,-3.841014496778692e-05,-5.347006132169571e-06
matrix_only_minus_native,109,110,-4.3506482025360065e-07,7.077230522966414e-07,-3.8064916966445734e-05,-5.347561770509618e-06
matrix_only_minus_native,110,111,-4.7273766450267274e-07,7.866795699865952e-07,-3.772624868444623e-05,-5.348165522316132e-06
matrix_only_minus_native,111,112,-3.115642657936668e-07,4.3033040318192737e-07,-3.7392189002136835e-05,-5.3485634332558435e-06
matrix_only_minus_native,112,113,-5.458363160805056e-07,9.243913550796166e-07,-3.7066115084561124e-05,-5.349260542216357e-06
matrix_only_minus_native,113,114,-1.0012515096624727e-06,1.2391425043208855e-06,-3.674975663214974e-05,-5.350539279776591e-06
matrix_only_minus_native,114,115,-4.046044956221615e-06,2.216402158062436e-06,-3.6465376530619927e-05,-5.355706642428214e-06
matrix_only_minus_native,115,116,-4.3767890459104364e-05,1.8455624369428828e-05,-3.6528329236899964e-05,-5.411604331392587e-06
matrix_only_minus_native,116,117,1.432674646264289e-05,1.1930663067899365e-05,-3.609367047023719e-05,-5.393307081759581e-06
matrix_only_minus_native,117,118,-3.437876778607342e-05,1.4678669855972563e-05,-3.607913739664258e-05,-5.4372135540278725e-06
matrix_only_minus_native,118,119,-7.737073037752335e-05,6.372041133474149e-05,-3.642612557295251e-05,-5.536026747358044e-06
matrix_only_minus_native,119,120,0.0005136503581310722,0.002057349663195551,-3.184215487541896e-05,-4.8800237356963925e-06
matrix_only_minus_native,120,121,0.010874928210474354,0.04206385547556683,5.8296443185322986e-05,9.008773467974562e-06
matrix_only_minus_native,121,122,-0.0007376331996929097,0.005013778414314931,5.177242971910794e-05,8.066713187396128e-06
matrix_only_minus_native,122,123,0.0001473678640868531,0.011604175312865438,5.254962837250422e-05,8.254922464646257e-06
matrix_only_minus_native,123,124,-0.0003634823806217744,0.014311296841106411,4.919453152577619e-05,7.79070486487388e-06
matrix_only_minus_native,124,125,0.005951364069891371,0.032920106169226075,9.641188783270092e-05,1.5391425260648296e-05
matrix_only_minus_native,125,126,0.009482949827092297,0.02541216890907903,0.00017090822068396754,2.750247229397179e-05
matrix_only_minus_native,126,127,-0.019142007935228113,0.13265164194852735,1.8838014731903917e-05,3.055463436720048e-06
matrix_only_minus_native,127,128,-0.001017371795242244,0.03619339246078029,1.0742625591480867e-05,1.7561380277261188e-06
matrix_only_minus_native,128,129,0.005272291701710556,0.024008734212640118,5.1529827731938866e-05,8.48958847690947e-06
matrix_only_minus_native,129,130,0.0038805909339392694,0.01982205698162146,8.098414393353373e-05,1.3445643309526674e-05
matrix_only_minus_native,130,131,0.00908984660932081,0.042038051288032105,0.00014975408641740604,2.505464281057496e-05
matrix_only_minus_native,131,132,0.0018738256034543255,0.010699701554757017,0.00016281523427374634,2.74477789580262e-05
matrix_only_minus_native,132,133,-0.005710841730985781,0.024429064671239887,0.00011865239994848677,2.0154239071709756e-05
matrix_only_minus_native,133,134,-0.005283920585226534,0.022698416692549576,7.833469110389705e-05,1.3405936919440874e-05
matrix_only_minus_native,134,135,0.00020421393901916534,0.0013262104759185352,7.926712997734349e-05,1.3666746547817844e-05
matrix_only_minus_native,135,136,-4.790142551317877e-06,4.322500954084475e-06,7.864906179698563e-05,1.3660628868952804e-05
matrix_only_minus_native,136,137,-3.0275100289044793e-06,1.940327549869786e-06,7.805288244059228e-05,1.3656762317191752e-05
matrix_only_minus_native,137,138,-2.87335238660746e-06,1.3956931946181241e-06,7.746646044909085e-05,1.3653092646199919e-05
matrix_only_minus_native,138,139,-1.9991367617063585e-06,1.7583214560425836e-06,7.689476550512828e-05,1.3650539470259042e-05
matrix_only_minus_native,139,140,-2.1218020493645916e-06,3.991465558267851e-06,7.633036145116758e-05,1.3647829633669811e-05
matrix_only_minus_native,140,141,-1.2035015636363035e-06,2.107945083228573e-06,7.578047589787113e-05,1.3646292594635797e-05
matrix_only_minus_native,141,142,-3.7666523087998956e-06,3.996996785515048e-06,7.522028485416218e-05,1.364148205528867e-05
matrix_only_minus_native,142,143,-8.783703307410208e-06,7.47980275031368e-06,7.463284437750781e-05,1.363026404340181e-05
matrix_only_minus_native,143,144,-5.016738013626063e-05,0.00019510254545325806,7.376617615171772e-05,1.3566193315258433e-05
matrix_only_minus_native,144,145,-8.81077704831599e-06,0.00044866248851069935,7.319667992275199e-05,1.3554940726435555e-05
matrix_only_minus_native,145,146,0.000631659513431756,0.0043263371043454285,7.70217678234986e-05,1.4361657857255165e-05
matrix_only_minus_native,146,147,0.0009649809380235551,0.00523697132280599,8.306230639628811e-05,1.559407284834528e-05
matrix_only_minus_native,147,148,-0.0010628403500642781,0.025890972833463036,7.531972087966267e-05,1.4236677765249139e-05
matrix_only_minus_native,148,149,0.008383147722400352,0.05468791930428388,0.0001310769557891975,2.4943124409438607e-05
matrix_only_minus_native,149,150,0.0008142512917635701,0.03521651106099682,0.00013563145136236002,2.5983036659455943e-05
matrix_only_minus_native,150,151,0.003819454757311355,0.029746259406722157,0.0001600276321964593,3.08610120838638e-05
matrix_only_minus_native,151,152,0.006565142026235893,0.06645772321408895,0.00020216654268356078,3.9245612372798514e-05
matrix_only_minus_native,152,153,-0.0074543316426986354,0.028810562724008996,0.0001521240708836772,2.9725393161178304e-05
matrix_only_minus_native,153,154,0.002697812888790656,0.0316915462092053,0.000168654517753203,3.3170875777769175e-05
matrix_only_minus_native,154,155,0.011086037634119212,0.04197383709210506,0.0002390892475362095,4.732928910359192e-05
matrix_only_minus_native,155,156,0.0037307474818389936,0.054018784188873646,0.0002614716721150735,5.209397298844376e-05
matrix_only_minus_native,156,157,0.04836645981986168,0.15879191871209436,0.0005678728705083639,0.00011386467518494655
matrix_only_minus_native,157,158,-0.005330737397392054,0.04900225511826761,0.0005305398941292475,0.00010705658144625939
matrix_only_minus_native,158,159,0.003161436501690264,0.0219964367117312,0.0005470864136736564,0.0001110941759567195
matrix_only_minus_native,159,160,-0.0012064222605178902,0.045323258869284413,0.0005361269844599591,0.00010955340678619856
matrix_only_minus_native,160,161,-0.0011470164963307678,0.004223075231346039,0.0005256726771258553,0.00010808850704631252
matrix_only_minus_native,161,162,-0.0026913768339347378,0.026800889792086696,0.0005058143468106664,0.0001046512441677241
matrix_only_minus_native,162,163,0.0025406333701980446,0.014560851315288188,0.0005182978991013865,0.00010789598665839847
matrix_only_minus_native,163,164,-4.221617843920449e-06,1.970899002196585e-05,0.0005151118044858663,0.00010789059506472807
matrix_only_minus_native,164,165,-7.2854418736271e-06,1.0686773547625676e-05,0.0005119457605685361,0.0001078812905412624
matrix_only_minus_native,165,166,-3.588137628055881e-06,3.315405055528308e-06,0.0005088401346757856,0.00010787670799001329
matrix_only_minus_native,166,167,-3.2435795955298174e-06,2.5731594205158494e-06,0.0005057737651292508,0.00010787256548733702
matrix_only_minus_native,167,168,-3.159695369454353e-06,3.86267348136627e-06,0.000502744399292949,0.0001078685301164948
matrix_only_minus_native,168,169,-3.163865031576374e-06,2.3433015715280204e-06,0.00049975085926736,0.0001078644894204136
matrix_only_minus_native,169,170,-8.4982032997581e-06,8.168098635333825e-06,0.0004967611588993182,0.00010785363603178045
matrix_only_minus_native,170,171,-3.50773195000467e-05,0.00012289453984990468,0.0004936509923589709,0.00010780883741172928
matrix_only_minus_native,171,172,7.637663321791058e-05,0.0008219621563072948,0.0004912249786430346,0.0001079063810046002
matrix_only_minus_native,172,173,0.0019750370670143756,0.008459361931507243,0.0004998019271307303,0.00011042877828048064
matrix_only_minus_native,173,174,0.0027500510372813875,0.042832738603190645,0.0005127343932810214,0.00011394097628467143
matrix_only_minus_native,174,175,-0.020410148352418132,0.12361584216395918,0.00039317506330559764,8.787437557915657e-05
matrix_only_minus_native,175,176,0.0037204045186465832,0.021914985512583092,0.00041207977612003503,9.262585006018667e-05
matrix_only_minus_native,176,177,0.0031137252363107265,0.015446011479146144,0.00042734330979342887,9.660251064295902e-05
matrix_only_minus_native,177,178,0.005293688884104366,0.03218478229069108,0.0004546823298738274,0.00010336328827272194
matrix_only_minus_native,178,179,-0.010561115746556885,0.03816584533402118,0.00039314155849711955,8.987527327073359e-05
matrix_only_minus_native,179,180,-0.016186936191458397,0.15656759760021768,0.00030103001544181106,6.920230240041633e-05
matrix_only_minus_native,180,181,-0.028344815383384146,0.10568758725842407,0.0001427656762217781,3.3002027325851644e-05
matrix_only_minus_native,181,182,-0.0012929183183348941,0.05484268858087093,0.00013487730262531295,3.135079064854017e-05
matrix_only_minus_native,182,183,-0.01830628836787685,0.05088757573233927,3.410590551874375e-05,7.971112017790684e-06
matrix_only_minus_native,183,184,0.0031316999711276713,0.04888953397564882,5.0940655875313936e-05,1.1970728839154233e-05
matrix_only_minus_native,184,185,0.005676193169864145,0.043048593926301344,8.134742622119948e-05,1.9220017689555433e-05
matrix_only_minus_native,185,186,-0.01362026673607097,0.07123220972163097,7.682833950811379e-06,1.82504101513527e-06
matrix_only_minus_native,186,187,0.019679779727011217,0.11272473873160176,0.00011288121305808642,2.6958859312723065e-05
matrix_only_minus_native,187,188,-0.006314758732525656,0.05144286848935939,7.869163887944935e-05,1.8894033345257317e-05
matrix_only_minus_native,188,189,0.009587852079185834,0.03826080370978105,0.00012900465708212867,3.1139055157755196e-05
matrix_only_minus_native,189,190,0.0004486534055356472,0.0025795677513273454,0.00013068701891609448,3.1712048012845406e-05
matrix_only_minus_native,190,191,0.000340791163364431,0.0021105238986742973,0.00013178704061477689,3.2147285769377246e-05
matrix_only_minus_native,191,192,-3.1430244839478636e-05,6.829408876390178e-05,0.0001309369505863695,3.21071449713703e-05
matrix_only_minus_native,192,193,-6.671325801535923e-06,1.4029025107501999e-05,0.00013022395433565497,3.2098624759618656e-05
matrix_only_minus_native,193,194,-5.3932305312983125e-06,5.427417022845844e-06,0.00012952489668170158,3.209173685344841e-05
matrix_only_minus_native,194,195,-4.240877794732957e-06,4.039340346304067e-06,0.0001288389183510532,3.208632066213969e-05
matrix_only_minus_native,195,196,-7.541574932795236e-06,1.0273842127990473e-05,0.00012814309950776823,3.2076689021101624e-05
matrix_only_minus_native,196,197,-2.6153426160046476e-05,5.284091922710382e-05,0.00012735986841300764,3.204328745512453e-05
matrix_only_minus_native,197,198,-0.00011197398821882956,0.00025287855806915995,0.00012615111156133167,3.1900281084474675e-05
matrix_only_minus_native,198,199,-0.0003356471448859071,0.0007789132258377684,0.00012383051730782802,3.1471612955629346e-05
matrix_only_minus_native,199,200,-0.00017021132562137638,0.0005894273714410408,0.000122360308093182,3.125422939800307e-05
matrix_only_minus_native,200,201,0.005361619313219446,0.019776480346668967,0.00014842627329281514,3.810176364221691e-05
matrix_only_minus_native,201,202,-0.0014946715090549075,0.009767257395904401,0.0001402921258554501,3.619286005466273e-05
matrix_only_minus_native,202,203,0.014154092272417946,0.0542313878626771,0.00020932562411437875,5.4269606251875976e-05
matrix_only_minus_native,203,204,0.01194077491131454,0.03630415140681274,0.00026683272846339914,6.951963806709249e-05
matrix_only_minus_native,204,205,0.004314685408010139,0.034302156486180714,0.0002865783512904564,7.503009197259715e-05
matrix_only_minus_native,205,206,-0.01386461552634906,0.0675268574573038,0.00021788323537958498,5.7323047877643046e-05
matrix_only_minus_native,206,207,-0.14631124861733694,0.748719510781966,-0.0004899869668074515,-0.00012953678432840672
matrix_only_minus_native,207,208,-0.013929870439062537,0.03537190096513286,-0.0005546017911932933,-0.00014732716803091315
matrix_only_minus_native,208,209,-0.05503040019545603,0.2874334177377211,-0.0008152515443237371,-0.00021760864976201925
matrix_only_minus_native,209,210,0.008702578450909305,0.05769962745672878,-0.0007699285443464368,-0.00020649424561015544
matrix_only_minus_native,210,211,0.03209553306379278,0.17608676822988753,-0.0006141680627912746,-0.0001655037819271506
matrix_only_minus_native,211,212,-0.01833678561018378,0.049972928795235044,-0.0006977653153733146,-0.00018892240978179146
matrix_only_minus_native,212,213,-0.016156932316369915,0.08906856891557105,-0.0007703435642042848,-0.0002095570615268361
matrix_only_minus_native,213,214,0.021003322634500665,0.11107163279728377,-0.0006685974604720184,-0.0001827328946883933
matrix_only_minus_native,214,215,0.019019264445694482,0.11680549363384841,-0.0005770260097456626,-0.000158442646354173
matrix_only_minus_native,215,216,0.002979720829686354,0.060605816156349024,-0.0005605595891927366,-0.0001546371280531687
matrix_only_minus_native,216,217,-0.0003800222269893399,0.04197630560600217,-0.000559727619781661,-0.00015512246933923428
matrix_only_minus_native,217,218,0.0033369734365800803,0.012951829264483005,-0.0005418528442937632,-0.00015086068972674377
matrix_only_minus_native,218,219,-0.004098043808061394,0.016153070697429054,-0.0005580911591968115,-0.00015609446215083235
matrix_only_minus_native,219,220,-0.0002531395111138836,0.0014100740584861444,-0.0005567050153418892,-0.00015641775654561384
matrix_only_minus_native,220,221,-4.589544390481099e-06,7.249053068431782e-06,-0.0005542067552923353,-0.00015642361803270256
matrix_only_minus_native,221,222,-2.515322969235467e-06,3.944778055809201e-06,-0.0005517216587503392,-0.00015642683045028773
matrix_only_minus_native,222,223,-2.1614010164609677e-06,3.0773377436409888e-06,-0.0005492572629757478,-0.00015642959086027044
matrix_only_minus_native,223,224,-2.4010340300236614e-06,3.8231103234415305e-06,-0.0005468159405250976,-0.00015643265731497043
matrix_only_minus_native,224,225,2.0196855128819496e-06,2.35598189738495e-05,-0.0005443766710760397,-0.00015643007789541374
matrix_only_minus_native,225,226,-4.411518589223462e-05,0.0001946829302105747,-0.0005421631246814211,-0.00015648641912899256
matrix_only_minus_native,226,227,-0.0007834970799344208,0.0029296929295503974,-0.0005432262698587473,-0.00015748705396926647
matrix_only_minus_native,227,228,-0.010457134661343256,0.05624960434156432,-0.0005867083242073635,-0.00017084227065042
matrix_only_minus_native,228,229,0.019925278764334826,0.12676090249285102,-0.0004971363281875284,-0.00014539491590669733
matrix_only_minus_native,229,230,-0.009127201060831307,0.1263294875068573,-0.0005346583487642406,-0.00015705162224236954
matrix_only_minus_native,230,231,-0.0017177435078308228,0.07392784568321752,-0.0005397799295394206,-0.00015924541982580606
matrix_only_minus_native,231,232,0.027025522488896354,0.09405460017367516,-0.0004209639708392665,-0.00012473006543385674
matrix_only_minus_native,232,233,0.001335641122906009,0.02857738841267062,-0.00041342489318370746,-0.00012302426578774436
matrix_only_minus_native,233,234,-0.006872230210204337,0.0705979735427032,-0.0004410266253077272,-0.00013180106043679204
matrix_only_minus_native,234,235,-0.005403860886108734,0.026591796937266737,-0.00046214506897071034,-0.00013870254304995777
matrix_only_minus_native,235,236,0.016046384774196554,0.09476475982392799,-0.00039219367133017113,-0.00011820907590539003
matrix_only_minus_native,236,237,-0.053219952370702234,0.2649323527653231,-0.0006150956067705595,-0.0001861783637351502
matrix_only_minus_native,237,238,0.0035881656310785513,0.03965523264749797,-0.0005974348452669918,-0.00018159577672227848
matrix_only_minus_native,238,239,-0.0111823701947316,0.12007897958264273,-0.0006417232776915301,-0.00019587722013828313
matrix_only_minus_native,239,240,-0.007637205386456177,0.07092533416212288,-0.0006708711198113826,-0.00020563099457820156
matrix_only_minus_native,240,241,0.0029291411468453073,0.0748601576225547,-0.0006559333095762924,-0.0002018900735732905
matrix_only_minus_native,241,242,0.062193098525556545,0.3140218937721448,-0.0003962265664559089,-0.0001224608289684929
matrix_only_minus_native,242,243,0.011824659199348263,0.1189245421056572,-0.00034593485548552145,-0.00010735909308171355
matrix_only_minus_native,243,244,-0.035345428657547265,0.18066798606752424,-0.0004893754038546269,-0.00015250012584997315
matrix_only_minus_native,244,245,0.010983716510143715,0.043482838160591494,-0.0004425464572668788,-0.00013847239084340397
matrix_only_minus_native,245,246,-0.004091876236210691,0.013753580702639868,-0.00045738113116502413,-0.00014369828641966275
matrix_only_minus_native,246,247,-0.0011500668550202323,0.011552734182000843,-0.0004601855268081627,-0.0001451670818922301
matrix_only_minus_native,247,248,0.002519349372746652,0.014244565263893463,-0.00044817127318092534,-0.00014194952202920753
matrix_only_minus_native,248,249,-9.380191517601327e-06,3.4582159637610336e-05,-0.0004464090600015544,-0.00014196150183957477
matrix_only_minus_native,249,250,-1.9481302887451893e-06,2.3075910004661876e-06,-0.0004446312162827032,-0.00014196398987314916
matrix_only_minus_native,250,251,-1.4369686604607745e-06,1.7518227288549582e-06,-0.00044286550214875023,-0.0001419658250821664
matrix_only_minus_native,251,252,-1.4611947754615752e-06,1.6748251347312062e-06,-0.0004411138977544117,-0.00014196769123130492
matrix_only_minus_native,252,253,-2.0798887885557033e-06,2.57738049460253e-06,-0.00043937858546600915,-0.00014197034753882543
matrix_only_minus_native,253,254,-1.2786505912756192e-06,1.2517781242248537e-05,-0.0004376537825728014,-0.00014197198055362906
matrix_only_minus_native,254,255,-6.410077062083338e-05,0.00031745984321142963,-0.0004361888688004407,-0.00014205384616106307
matrix_only_minus_native,255,256,0.0029903632316884876,0.020396693367230868,-0.00042280389965790576,-0.0001382347360311927
matrix_only_minus_native,256,257,0.00538101147052592,0.03852268550718085,-0.00040022096047431116,-0.0001313624353025517
matrix_only_minus_native,257,258,0.014786769543123303,0.0882127929013559,-0.0003413566561968013,-0.00011247767215680042
matrix_only_minus_native,258,259,-0.034138635447580376,0.1748434788363128,-0.0004718480801017569,-0.00015607746200045343
matrix_only_minus_native,259,260,0.025379567883629595,0.17019832873089552,-0.0003724195571643289,-0.0001236642207697644
matrix_only_minus_native,260,261,-0.041416763380358185,0.10616632977667284,-0.0005296775794754163,-0.00017655919315847212
matrix_only_minus_native,261,262,0.0062933220017760815,0.07036949477071733,-0.0005036355963408687,-0.00016852174488034177
matrix_only_minus_native,262,263,-0.008639615744384621,0.05233440996200915,-0.0005345708820748754,-0.0001795557368910501
matrix_only_minus_native,263,264,0.01880901987958216,0.10277691051520996,-0.0004612997049473866,-0.0001555340001355173
matrix_only_minus_native,264,265,-0.03806407703015983,0.1742214316796374,-0.0006031969778727166,-0.00020414712533367802
matrix_only_minus_native,265,266,0.011942372215371927,0.04356825200907443,-0.0005560331839131501,-0.00018889505353882234
matrix_only_minus_native,266,267,-0.005985462124198692,0.07149306487310839,-0.0005763681237644068,-0.0001965393218966751
matrix_only_minus_native,267,268,-0.030770101919133,0.10878814777085768,-0.0006890313095680208,-0.00023583702549710036
matrix_only_minus_native,268,269,0.05212519840992037,0.18811606639658687,-0.0004926958831015216,-0.00016926589087395825
matrix_only_minus_native,269,270,0.030833052544917083,0.17933446654583426,-0.00037667459262737856,-0.000129887790561165
matrix_only_minus_native,270,271,-0.010772861808611459,0.09248067442361022,-0.0004150369070775043,-0.00014364623476117964
matrix_only_minus_native,271,272,0.006151039340804819,0.05269792309496444,-0.0003908969208720544,-0.0001357905012480189
matrix_only_minus_native,272,273,0.007247563566865112,0.02613150932708967,-0.00036291721212576447,-0.00012653435365304433
matrix_only_minus_native,273,274,0.0027810282479437394,0.010827862473608417,-0.0003514429586218609,-0.00012298259343855667
matrix_only_minus_native,274,275,0.002818942968386802,0.01070999751784005,-0.0003399142825236477,-0.0001193824108480244
matrix_only_minus_native,275,276,-0.011846388467304778,0.06694828157016362,-0.00038160440638155055,-0.00013451189803487606
matrix_only_minus_native,276,277,-2.962396842030211e-06,9.498670651156082e-06,-0.0003802374677189529,-0.00013451568142803315
matrix_only_minus_native,277,278,-1.1618000324969703e-06,2.0938205153389823e-06,-0.00037887388618051265,-0.00013451716520840678
matrix_only_minus_native,278,279,-9.541481071826335e-07,1.6397788819830458e-06,-0.0003775193351479916,-0.00013451838378836483
matrix_only_minus_native,279,280,-9.878801778502797e-07,1.7516443977144874e-06,-0.00037617457995167,-0.00013451964544887305
matrix_only_minus_native,280,281,-1.1729799938131501e-06,2.094010748799605e-06,-0.000374840054684916,-0.00013452114350761353
matrix_only_minus_native,281,282,-1.6524446734319557e-06,3.8036001834046774e-06,-0.0003735166943657262,-0.00013452325390949526
matrix_only_minus_native,282,283,-6.497510262635706e-05,0.00033774701868188086,-0.00037242644139138235,-0.00013460623616061456
matrix_only_minus_native,283,284,0.0101997032011195,0.04080274717376365,-0.00033520063279099166,-0.00012157979529073005
matrix_only_minus_native,284,285,-0.009587270596093716,0.06227321411723934,-0.0003676640361710014,-0.00013382407446837214
matrix_only_minus_native,285,286,0.002506432623287292,0.09525667671147542,-0.0003576147471519166,-0.00013062301109252635
matrix_only_minus_native,286,287,-0.02460744331828598,0.11095794487782829,-0.00044210892335795854,-0.00016205014176722107
matrix_only_minus_native,287,288,-0.00418951289360562,0.03575727380283266,-0.0004551207426990961,-0.00016740073294679397
matrix_only_minus_native,288,289,-0.004238249066352239,0.12486119781822749,-0.0004682111521235015,-0.00017281356700343798
matrix_only_minus_native,289,290,0.015207178809547356,0.09659662560526781,-0.00041415808329015383,-0.00015339188270005696
matrix_only_minus_native,290,291,-0.02335471351925652,0.08017269772418169,-0.0004929916071250897,-0.0001832191030311636
matrix_only_minus_native,291,292,-0.08750179002733638,0.551933443036674,-0.0007909669441806079,-0.0002949710698604566
matrix_only_minus_native,292,293,-0.036448400266676576,0.17620052259744115,-0.0009126646688307646,-0.0003415207509162376
matrix_only_minus_native,293,294,-0.021972359005515897,0.19328397253437227,-0.0009842962822208502,-0.0003695825120982503
matrix_only_minus_native,294,295,0.01656166244662804,0.0901398942486359,-0.0009248184560213624,-0.0003484309636351238
matrix_only_minus_native,295,296,0.03640568869620986,0.141059803339128,-0.0007987018778043651,-0.00030193583120062843
matrix_only_minus_native,296,297,0.09124837325112437,0.2689192428603579,-0.0004887790659224503,-0.0001853989560395501
matrix_only_minus_native,297,298,0.015361610431335779,0.05453329148138693,-0.00043558983942158363,-0.00016578004105700117
matrix_only_minus_native,298,299,0.009462341201013452,0.05052290994290982,-0.0004024863911258143,-0.00015369531410806958
matrix_only_minus_native,299,300,0.0011895929029727866,0.024530543712766813,-0.0003971794601454855,-0.00015217603836991783
matrix_only_minus_native,300,301,-0.0015682962396180722,0.08747262887421732,-0.0004010702135656601,-0.00015417897098756538
matrix_only_minus_native,301,302,0.008720769047459376,0.046643270623931185,-0.0003708654478006767,-0.00014304133491162754
matrix_only_minus_native,302,303,-0.0036404709066799757,0.017271232867727096,-0.0003816562248926878,-0.00014769072304276424
matrix_only_minus_native,303,304,-8.229627908160239e-06,2.1064628401545074e-05,-0.0003804278479289225,-0.00014770123342323427
matrix_only_minus_native,304,305,-2.2171016691059697e-06,6.873076635712138e-06,-0.0003791878126952837,-0.00014770406497070437
matrix_only_minus_native,305,306,-9.428128883351374e-07,2.1637205741546572e-06,-0.0003779517179246729,-0.0001477052690740101
matrix_only_minus_native,306,307,-7.858709902023312e-07,1.9511824169860385e-06,-0.0003767231646773293,-0.00014770627274066425
matrix_only_minus_native,307,308,-8.234513512648494e-07,1.924334814346402e-06,-0.00037550271106263433,-0.00014770732440267097
matrix_only_minus_native,308,309,-1.3361274892066285e-06,3.04299849731569e-06,-0.0003742918159701636,-0.00014770903082347451
matrix_only_minus_native,309,310,-1.8878287392350145e-06,3.1224146950257147e-06,-0.00037309051278554766,-0.0001477114418435757
matrix_only_minus_native,310,311,-0.0011209273152815215,0.00631484634843345,-0.00037549513272926497,-0.00014914302206743473
matrix_only_minus_native,311,312,0.0007718145060626101,0.004434833233024807,-0.00037181785824595763,-0.00014815730750030495
matrix_only_minus_native,312,313,-0.0006282312080198271,0.001803858998369581,-0.00037263707022606595,-0.00014895964620786545
matrix_only_minus_native,313,314,-0.020658589113210984,0.10463605803983932,-0.0004372420130381196,-0.00017534354034989726
matrix_only_minus_native,314,315,0.006220030189918135,0.02754254687906649,-0.000416107815568417,-0.00016739969591832867
matrix_only_minus_native,315,316,0.006735091093677053,0.05102372568866744,-0.0003934774392733367,-0.00015879804701197242
matrix_only_minus_native,316,317,-0.019095979616841063,0.0713030294124018,-0.0004524758688555693,-0.00018318627129912575
matrix_only_minus_native,317,318,0.009577506748220842,0.08231615989564342,-0.0004209350430157061,-0.0001709544619144247
matrix_only_minus_native,318,319,0.00029950768645460764,0.05697450088340065,-0.0004186766018574924,-0.0001705719489049043
matrix_only_minus_native,319,320,0.032871250999900486,0.14175716768013377,-0.00031464557810199857,-0.0001285907854312127
matrix_only_minus_native,320,321,0.0014560555615302662,0.10202739687358674,-0.00030912937517479526,-0.00012673119978430302
matrix_only_minus_native,321,322,-0.011190500318956628,0.055545026854882364,-0.00034292245263995607,-0.00014102302650072267
matrix_only_minus_native,322,323,-0.010782389185416075,0.04720890727326932,-0.0003752427830819875,-0.00015479363848720556
matrix_only_minus_native,323,324,-0.014462809195532542,0.062360645317821595,-0.0004187229263302916,-0.00017326465917115515
matrix_only_minus_native,324,325,0.022003115712488305,0.09439472551611992,-0.0003497326535954653,-0.0001451636173927538
matrix_only_minus_native,325,326,-0.05835079263877781,0.2746740329777232,-0.0005276500155132025,-0.0002196857024997497
matrix_only_minus_native,326,327,0.01784545407905743,0.10260288060516695,-0.00047146315283867464,-0.00019689457340772235
matrix_only_minus_native,327,328,-0.00792646762652755,0.02457435256820513,-0.0004941918250145552,-0.00020701777599588012
matrix_only_minus_native,328,329,0.007159248349521162,0.06157015597448978,-0.00047092908892174153,-0.00019787441922765385
matrix_only_minus_native,329,330,0.006132185030304435,0.061808265359912004,-0.0004509196521968135,-0.0001900427652936762
matrix_only_minus_native,330,331,0.04379793507970022,0.23493018411804742,-0.00031723731161706424,-0.00013410670516634515
matrix_only_minus_native,331,332,-3.9315502789109035e-06,8.678544758440284e-06,-0.0003162936195648409,-0.00013411172630335529
matrix_only_minus_native,332,333,-4.255536450401712e-06,1.2831987632446204e-05,-0.00031535656826419707,-0.00013411716121580796
matrix_only_minus_native,333,334,-1.2677101481443197e-06,2.9175641879170233e-06,-0.0003144161824614545,-0.00013411878025814278
matrix_only_minus_native,334,335,-1.1953518543402253e-06,3.1149748198060654e-06,-0.00031348119490740337,-0.0001341203068888635
matrix_only_minus_native,335,336,-1.121542796633589e-06,3.0636150139388364e-06,-0.00031255155308564493,-0.00013412173925514265
matrix_only_minus_native,336,337,-1.3217618296452169e-06,3.7401517531145748e-06,-0.00031162802254779327,-0.00013412342732899913
matrix_only_minus_native,337,338,-2.7077494928445633e-06,6.519131676461986e-06,-0.0003107140572428968,-0.0001341268855020423
matrix_only_minus_native,338,339,0.000136740241091056,0.0007893140880279498,-0.0003093941330590209,-0.0001339522491788098
matrix_only_minus_native,339,340,0.0008660117906122144,0.004914112423566436,-0.00030593705681292914,-0.0001328462315662783
matrix_only_minus_native,340,341,-0.03209746786173181,0.191058273298172,-0.0003991673524285269,-0.0001738391662555909
matrix_only_minus_native,341,342,0.044436241753071974,0.21307033712335546,-0.000268069664985543,-0.00011708789964885786
matrix_only_minus_native,342,343,0.002277700473267438,0.030227241270963788,-0.0002606475946116276,-0.00011417895906997223
matrix_only_minus_native,343,344,0.02605434266870026,0.16294393101395832,-0.00018415052989269757,-8.090393650458232e-05
matrix_only_minus_native,344,345,0.010890241666773806,0.08215962017416298,-0.00015205084236612825,-6.699558188545881e-05
matrix_only_minus_native,345,346,-0.02966962705525026,0.21630600687711687,-0.00023736175627619814,-0.0001048878258896099
matrix_only_minus_native,346,347,-0.002077323154383004,0.1705072228458595,-0.00024266423869149118,-0.00010754085673811934
matrix_only_minus_native,347,348,-0.016818648727728654,0.06015756960442531,-0.0002902963780278051,-0.00012902061245680227
matrix_only_minus_native,348,349,0.030902676335671272,0.2062001365953465,-0.00020091823271634637,-8.955359287101518e-05
matrix_only_minus_native,349,350,0.003296569651447324,0.06364316838798377,-0.0001909254101901644,-8.53434145166763e-05
matrix_only_minus_native,350,351,0.01224970489410149,0.09139355562755272,-0.00015548201900984632,-6.969883610786214e-05
matrix_only_minus_native,351,352,0.017945142905609765,0.09243838866435361,-0.00010405978911035875,-4.678039050682794e-05
matrix_only_minus_native,352,353,0.04121958479706039,0.09355317751833289,1.3004359858963494e-05,5.862757382138076e-06
matrix_only_minus_native,353,354,-0.08429871889301993,0.20604157449336136,-0.00022516434989493185,-0.00010179844171495003
matrix_only_minus_native,354,355,-0.04124845519435688,0.16497353674208828,-0.00034072291565397924,-0.00015447846112025878
matrix_only_minus_native,355,356,-0.01622146946280479,0.08446724675500662,-0.00038533175426957165,-0.00017519553578539913
matrix_only_minus_native,356,357,-0.020701427485503222,0.14464122668858126,-0.00044223958544949783,-0.00020163414049229977
matrix_only_minus_native,357,358,-0.010964035139061218,0.07475422593157413,-0.0004716300758227149,-0.00021563673964818895
matrix_only_minus_native,358,359,0.003934516720803791,0.022646636039045185,-0.00045935668641706984,-0.00021061181407883536
matrix_only_minus_native,359,360,-5.750827701005424e-06,4.094584262739937e-05,-0.0004580966701428587,-0.00021061915868637182
matrix_only_minus_native,360,361,-2.9569536269828665e-06,9.730160681453169e-06,-0.0004568358953048647,-0.00021062293512778566
matrix_only_minus_native,361,362,-1.1073586186216072e-06,2.5515178155088855e-06,-0.0004555769766952341,-0.00021062434937889495
matrix_only_minus_native,362,363,-5.941286303358389e-07,1.1984936514297593e-06,-0.00045432358041957316,-0.00021062510816386343
matrix_only_minus_native,363,364,-5.442031657737919e-07,9.93220079667612e-07,-0.00045307693377876596,-0.00021062580318706364
matrix_only_minus_native,364,365,-5.700993743419662e-07,1.0245684815334463e-06,-0.0004518371890269731,-0.00021062653128332715
matrix_only_minus_native,365,366,-6.961602290551341e-07,1.1655264906696262e-06,-0.00045060456326523015,-0.00021062742037685088
matrix_only_minus_native,366,367,0.0006929982572498237,0.00394275502476221,-0.0004474884792856251,-0.00020974236513132108
matrix_only_minus_native,367,368,0.009480071324974387,0.053679705970279774,-0.000420511414600136,-0.00019763499434591322
matrix_only_minus_native,368,369,0.018724998059812575,0.0965901597338026,-0.0003686265650759824,-0.00017372056515075035
matrix_only_minus_native,369,370,0.008021720828986476,0.10835347026797006,-0.000345949950497435,-0.00016347571096302804
matrix_only_minus_native,370,371,-0.05401644993518977,0.2626888774876035,-0.0004906143709413498,-0.00023246223706161018
matrix_only_minus_native,371,372,-0.012225530865979412,0.07966968323175043,-0.0005221598453903769,-0.00024807594187129016
matrix_only_minus_native,372,373,0.02201228780632646,0.28477535127212805,-0.00046174577661901774,-0.00021996318605222684
matrix_only_minus_native,373,374,-0.050240597015797986,0.2052193875006511,-0.0005948443093440953,-0.00028412742234315666
matrix_only_minus_native,374,375,0.0034855142781148457,0.05069109209088304,-0.0005839633531108715,-0.000279675935397927
matrix_only_minus_native,375,376,0.007014375022612603,0.08880495188348196,-0.0005637550063669261,-0.00027071760203571416
matrix_only_minus_native,376,377,-0.035902831732228496,0.24155249457453562,-0.0006574926104143041,-0.0003165705161254057
matrix_only_minus_native,377,378,0.013505318042106248,0.10452786403248103,-0.0006200248573653079,-0.0002993223449349763
matrix_only_minus_native,378,379,-0.011282893562023114,0.12184358792262436,-0.0006481590755834024,-0.0003137321706846865
matrix_only_minus_native,379,380,-0.005250445859281064,0.04374592735679776,-0.0006602703565931333,-0.00032043772095196764
matrix_only_minus_native,380,381,0.021732056392313157,0.0709663795407355,-0.0006014978454411484,-0.00029268285965910286
matrix_only_minus_native,381,382,-0.006210163114238292,0.11070939946512579,-0.0006161802152547535,-0.0003006141024614506
matrix_only_minus_native,382,383,-0.024665704287271252,0.1442093670116095,-0.0006789727063044046,-0.0003321156405039425
matrix_only_minus_native,383,384,-0.06962161967219793,0.2801427850931001,-0.0008585108494447526,-0.0004210321407238634
matrix_only_minus_native,384,385,0.00650419784625767,0.061126247880615256,-0.0008393869307546164,-0.00041272537463668877
matrix_only_minus_native,385,386,-0.005802727051831324,0.025231515162375578,-0.0008522453248506702,-0.00042013626486891276
matrix_only_minus_native,386,387,0.023173349913858422,0.11281873963077403,-0.0007901636834069775,-0.00039054067110919576
matrix_only_minus_native,387,388,-0.003503688294521775,0.019748775189059025,-0.0007971573035387165,-0.0003950153688033486
matrix_only_minus_native,388,389,-0.0023972724628648122,0.013540993330360792,-0.0008012707101179609,-0.0003980770194583484
matrix_only_minus_native,389,390,-2.4401406583348328e-05,0.0001326171445837204,-0.0007992787375447955,-0.0003981081834514307
matrix_only_minus_native,390,391,-1.0872291116669484e-06,3.23553241705562e-06,-0.0007972373270372936,-0.0003981095719943573
matrix_only_minus_native,391,392,-6.928936793098645e-07,2.056060915526989e-06,-0.0007952053259317886,-0.0003981104569160423
matrix_only_minus_native,392,393,-7.619819095550027e-07,2.2943272058863104e-06,-0.0007931838415958541,-0.00039811143007301494
matrix_only_minus_native,393,394,-1.7503268114465888e-06,5.103486384826651e-06,-0.0007911751270913252,-0.0003981136654840129
matrix_only_minus_native,394,395,0.001019891097961983,0.005791647624222807,-0.0007865901493063804,-0.0003968111225747385
matrix_only_minus_native,395,396,0.00432613689019066,0.024496750039975836,-0.0007736792224389633,-0.0003912860435323493
matrix_only_minus_native,396,397,-0.0009332936305086341,0.020408614316298198,-0.0007740812738446807,-0.0003924779894206108
matrix_only_minus_native,397,398,0.006201908630122969,0.04697645475314519,-0.0007565536610206415,-0.00038455728874357
matrix_only_minus_native,398,399,-0.01610439606543818,0.06184680425169936,-0.0007950194314577779,-0.00040512484438269905
matrix_only_minus_native,399,400,0.008092177129249438,0.054901136446682514,-0.0007728014400560097,-0.0003947900076914481
matrix_only_minus_native,400,401,-0.04438091014902597,0.23434692656354236,-0.0008815498408265086,-0.000451470608137203
matrix_only_minus_native,401,402,-0.01644886214816962,0.0777118709351948,-0.0009202744983074615,-0.00047247809491647445
matrix_only_minus_native,402,403,-0.00012831855900915286,0.0645927071884194,-0.0009183093470933218,-0.0004726419755793214
matrix_only_minus_native,403,404,-0.009808104779420476,0.12122244817860264,-0.0009403137912327457,-0.00048516829075099523
matrix_only_minus_native,404,405,0.04406659579734755,0.23864863525472038,-0.0008291856194090903,-0.00042888911348746054
matrix_only_minus_native,405,406,0.020108869455901658,0.19284672289167437,-0.0007776140551841868,-0.00040320728787328206
matrix_only_minus_native,406,407,0.000755950284612005,0.10829039636627792,-0.0007738460838333363,-0.0004022418341253741
matrix_only_minus_native,407,408,0.0293423238526198,0.10458334146813499,-0.0007000319418322255,-0.0003647676018742631
matrix_only_minus_native,408,409,-0.022684022981214507,0.21580732618677975,-0.0007537825311705687,-0.00039373825702268534
matrix_only_minus_native,409,410,-0.06585757438450926,0.5221824759885146,-0.0009125722673982238,-0.0004778475474243573
matrix_only_minus_native,410,411,0.05662028821488907,0.27571647596181137,-0.0007725896384875494,-0.0004055355573670278
matrix_only_minus_native,411,412,0.0037524036316668105,0.13917003336802977,-0.0007616066451133883,-0.0004007432155641328
matrix_only_minus_native,412,413,0.019354029505105116,0.1147534856755153,-0.0007129005043138279,-0.0003760254256470127
matrix_only_minus_native,413,414,0.013357089138059696,0.11039581585173566,-0.0006789150220858723,-0.0003589665634017256
matrix_only_minus_native,414,415,-0.0038353867879740563,0.02243989631934737,-0.0006865209781482535,-0.00036386488624715865
matrix_only_minus_native,415,416,-0.020801498378391202,0.13195642637699714,-0.0007348742892065298,-0.0003904312954149635
matrix_only_minus_native,416,417,9.400268572815523e-05,0.0010938965312970454,-0.000732886574638341,-0.0003903112408993464
matrix_only_minus_native,417,418,-5.719470765216019e-06,3.188403738057481e-05,-0.000731146940418549,-0.0003903185454597107
matrix_only_minus_native,418,419,-8.72476952878264e-07,3.0283361062006547e-06,-0.0007294040419377237,-0.0003903196597342353
matrix_only_minus_native,419,420,-7.034245666843952e-07,1.929164250594554e-06,-0.0007276690404677929,-0.0003903205581053295
matrix_only_minus_native,420,421,-7.638306588828843e-07,1.762953061124424e-06,-0.0007259424247675344,-0.0003903215336234125
matrix_only_minus_native,421,422,-9.250392545311645e-06,4.684544784804016e-05,-0.0007242441024162968,-0.000390333347662423
matrix_only_minus_native,422,423,-6.251105251444579e-05,0.0002497868303843391,-0.0007226797216836684,-0.00039041318297853347
matrix_only_minus_native,423,424,-0.002418414354031258,0.012684193912776812,-0.0007266790958165637,-0.0003935018347716769
matrix_only_minus_native,424,425,0.013052487361350194,0.05907765035638697,-0.0006942575276820536,-0.00037683199139830503
matrix_only_minus_native,425,426,-0.0162336148534042,0.11235436668552252,-0.0007307348922964248,-0.0003975645774179782
matrix_only_minus_native,426,427,0.005427818237108235,0.259690378630634,-0.0007163120512439548,-0.0003906324979325271
matrix_only_minus_native,427,428,-0.013015638349226685,0.06764151186723287,-0.0007450487949308304,-0.0004072552799877336
matrix_only_minus_native,428,429,-0.00875080811173809,0.1501853301181846,-0.0007637102385597516,-0.0004184312801304386
matrix_only_minus_native,429,430,-0.033409843805088386,0.15501489191364773,-0.0008396314794121441,-0.00046110030159287604
matrix_only_minus_native,430,431,0.023920886535132094,0.10782656302537248,-0.0007821824816985843,-0.0004305499995045847
matrix_only_minus_native,431,432,0.019960441272968286,0.12195716069667772,-0.0007341671489331516,-0.0004050577373424285
matrix_only_minus_native,432,433,0.01060428442577896,0.08129169448710641,-0.0007079813485296596,-0.00039151458992764057
matrix_only_minus_native,433,434,-0.038349220715940796,0.20603102964652678,-0.0007947123148140171,-0.00044049188330687545
matrix_only_minus_native,434,435,0.010798183667189369,0.13744329668038094,-0.0007680619792232045,-0.00042670109956844695
matrix_only_minus_native,435,436,0.016156877329122292,0.14475547666099312,-0.0007292433110847975,-0.0004060665180497723
matrix_only_minus_native,436,437,-0.0033584378875161844,0.08805272579381054,-0.0007352597746464255,-0.0004103557107541353
matrix_only_minus_native,437,438,-0.0005244683047227628,0.1442177843027384,-0.0007347785155826725,-0.000411025529789541
matrix_only_minus_native,438,439,-0.04487871567420496,0.17168440444509725,-0.0008353341810920631,-0.0004683418971895475
matrix_only_minus_native,439,440,-0.014591634850437227,0.46984509763219545,-0.0008665985007951202,-0.00048697744616839453
matrix_only_minus_native,440,441,0.02093821028580873,0.12325403820375744,-0.0008171544899411432,-0.0004602364368634025
matrix_only_minus_native,441,442,0.039075612139127136,0.26476198217769226,-0.0007268993618210789,-0.00041033144051713525
matrix_only_minus_native,442,443,-0.009413669678421267,0.03413978891026187,-0.0007465083241610343,-0.0004223540071562429
matrix_only_minus_native,443,444,-0.006710117025611558,0.07085501913958576,-0.0007599398752904275,-0.00043092376070108534
matrix_only_minus_native,444,445,-0.0013502992940798827,0.007251138148963645,-0.0007612665256697295,-0.00043264828087232393
matrix_only_minus_native,445,446,0.0031517408535956743,0.017836345942845562,-0.0007524929665233945,-0.0004286230690541941
matrix_only_minus_native,446,447,-8.910288476252953e-07,2.9321853397188196e-06,-0.0007508115304212115,-0.00042862420702207094
matrix_only_minus_native,447,448,-7.213700184361409e-07,1.503677995767673e-06,-0.0007491372220274553,-0.0004286251283120051
matrix_only_minus_native,448,449,-1.1006126526948718e-06,1.7674480370750678e-06,-0.0007474712162159305,-0.000428626533947577
matrix_only_minus_native,449,450,-8.55833296669542e-06,3.331864745200196e-05,-0.0007458291875864875,-0.00042863746413016523
matrix_only_minus_native,450,451,-5.377353086734477e-05,0.0001966174574039573,-0.0007442946961081747,-0.000428706140414798
matrix_only_minus_native,451,452,0.004202552215928197,0.017117586398776394,-0.0007333503445328727,-0.0004233388962054387
matrix_only_minus_native,452,453,-0.006645126328546297,0.0447190662650874,-0.0007464006226432778,-0.0004318256475828925
matrix_only_minus_native,453,454,-0.00820825823161565,0.029568325278025814,-0.0007628364323546705,-0.00044230873600130323
matrix_only_minus_native,454,455,-0.021048647865332913,0.06558711684010958,-0.0008074206333062711,-0.0004691907894691614
matrix_only_minus_native,455,456,0.041028897428792455,0.15325075992097498,-0.0007156743217665811,-0.00041679117589471385
matrix_only_minus_native,456,457,-0.044733938141323246,0.3200958143460977,-0.0008119943738881492,-0.00047392264223101424
matrix_only_minus_native,457,458,0.009592517691106297,0.1384865748060347,-0.0007892770986370696,-0.00046167166178260265
matrix_only_minus_native,458,459,0.0255369438305084,0.11269571594609266,-0.0007319214974842474,-0.0004290574295597312
matrix_only_minus_native,459,460,-0.01631002894428915,0.061229412988106156,-0.0007657869484555623,-0.0004498876070109306
matrix_only_minus_native,460,461,-0.003626179854584474,0.06862464121981784,-0.000771991705301829,-0.00045451874347911004
matrix_only_minus_native,461,462,0.0015518240634396965,0.08455453828753495,-0.0007669618010404835,-0.00045253684812350374
matrix_only_minus_native,462,463,0.02709030055995634,0.20219173849390645,-0.0007067949276905986,-0.00041793876311717386
matrix_only_minus_native,463,464,0.030451480042942937,0.1514564544393363,-0.000639643473012509,-0.00037904798400741275
matrix_only_minus_native,464,465,0.0717245148225911,0.2004806547439978,-0.00048402162721551223,-0.0002874457939402467
matrix_only_minus_native,465,466,-0.0025798340658643656,0.23355443487379757,-0.0004885190788005954,-0.0002907406011763441
matrix_only_minus_native,466,467,0.0094169934929665,0.06984114296823236,-0.00046730813110944556,-0.00027871378956336026
matrix_only_minus_native,467,468,0.037002708242813015,0.2795658931523421,-0.00038724399355832926,-0.00023145618005785196
matrix_only_minus_native,468,469,-0.013645593110412637,0.1702714100872397,-0.00041551339466036386,-0.00024888350203794467
matrix_only_minus_native,469,470,-0.049851648890777,0.2163693935249278,-0.000520696661673378,-0.0003125509974284645
matrix_only_minus_native,470,471,-0.015049679218892404,0.10331136303838193,-0.0005515437583978344,-0.00033177153282934864
matrix_only_minus_native,471,472,0.01563405596470286,0.0521361320025653,-0.0005172522335607568,-0.000311804666974045
matrix_only_minus_native,472,473,-0.08307890660526095,0.46994052858186913,-0.0006918011857207997,-0.0004179079959718241
matrix_only_minus_native,473,474,-0.0015587100191116153,0.008813715500153542,-0.0006936301073102316,-0.0004198986856514046
matrix_only_minus_native,474,475,-6.346704364748132e-07,1.529925541075544e-06,-0.000692171169548392,-0.00041989949621390325
matrix_only_minus_native,475,476,-4.6587309201896223e-07,1.2058112241664958e-06,-0.0006907180071608788,-0.00041990009119869515
matrix_only_minus_native,476,477,-7.672203430146045e-07,2.1818444167066586e-06,-0.0006892715694526651,-0.00041990107104587646
matrix_only_minus_native,477,478,-2.69864924264222e-06,8.298008022611654e-06,-0.0006878352244313054,-0.00041990451759663344
matrix_only_minus_native,478,479,-1.985269929099453e-05,0.00010825670443658688,-0.0006864406888882149,-0.000419929872257286
matrix_only_minus_native,479,480,-0.0010249200975460159,0.006039033443736369,-0.0006871458543229184,-0.0004212388378991071
matrix_only_minus_native,480,481,0.023479800104332815,0.17989103301540385,-0.0006369027234317427,-0.0003912518645857832
matrix_only_minus_native,481,482,-0.02449082556974952,0.0917098123455629,-0.0006863921899178789,-0.00042253005816145293
matrix_only_minus_native,482,483,0.010672434632228778,0.06465569211176236,-0.0006628749501204739,-0.0004088998734459628
matrix_only_minus_native,483,484,0.06072958432685444,0.18640878694288315,-0.0005360310259944925,-0.00033133974020604646
matrix_only_minus_native,484,485,-0.018029366465635577,0.13613771756116144,-0.000572099758859732,-0.00035436575101784165
matrix_only_minus_native,485,486,0.08543648251517669,0.24302246751878262,-0.0003951273673493689,-0.00024525146938926345
matrix_only_minus_native,486,487,-0.019054998741882285,0.12767434028463645,-0.0004334433249972808,-0.00026958735539422187
matrix_only_minus_native,487,488,0.03129737198658804,0.10046039449044572,-0.00036842116247354006,-0.0002296162545173532
matrix_only_minus_native,488,489,0.05710303725827719,0.13684856641710888,-0.00025089261764582886,-0.00015668772672900426
matrix_only_minus_native,489,490,-0.014124175265837874,0.09041463708875551,-0.0002792054393768333,-0.000174726264744123
matrix_only_minus_native,490,491,-0.07240609037980214,0.47620384210085764,-0.0004261033720457237,-0.00026719892167873606
matrix_only_minus_native,491,492,-0.0032685308739381427,0.11376507132628064,-0.0004318806637162368,-0.0002713732906109687
matrix_only_minus_native,492,493,0.026362415672360293,0.1023566221749046,-0.0003775311782475219,-0.0002377048159336249
matrix_only_minus_native,493,494,0.06825337780884767,0.32770773184298635,-0.00023860221268660005,-0.00015053575104365317
matrix_only_minus_native,494,495,0.03634295528262117,0.29631279347456146,-0.00016470007633244296,-0.0001041207379113145
matrix_only_minus_native,495,496,-0.010518108817641536,0.11933015331382986,-0.00018557388427863075,-0.00011755382707816201
matrix_only_minus_native,496,497,0.0826788166937542,0.5043041916857781,-1.884472818600912e-05,-1.1961468593162876e-05
matrix_only_minus_native,497,498,0.020611576868873584,0.06647613220747675,2.258182120567674e-05,1.4362384368361452e-05
matrix_only_minus_native,498,499,0.06511462432973951,0.2722597434048098,0.00015302679617267855,9.75228241253724e-05
matrix_only_minus_native,499,500,-0.007234785447078438,0.04084302075206538,0.00013825117168617606,8.828299596818395e-05
matrix_only_minus_native,500,501,0.007955358473268875,0.045012272457883334,0.00015385418027216951,9.844309618947245e-05
matrix_only_minus_native,501,502,0.002581371556756541,0.014723211198402496,0.00015868987225719822,0.00010173986701547064
matrix_only_minus_native,502,503,-1.3463996190009446e-06,4.733808137582662e-06,0.00015837170869482017,0.0001017381474757274
matrix_only_minus_native,503,504,-5.160669030301501e-07,9.099782509280625e-07,0.00015805645517180832,0.00010173748838645134
matrix_only_minus_native,504,505,-1.0605062782693232e-06,1.4359453034905869e-06,0.00015774137207982803,0.00010173613397230287
matrix_only_minus_native,505,506,-3.138368432602715e-06,7.697600205341053e-06,0.00015742342792861752,0.0001017321258389278
matrix_only_minus_native,506,507,-5.3938474371087846e-05,0.00022368089865626656,0.0001570065405473557,0.00010166323889847936
matrix_only_minus_native,507,508,-0.004562788203586777,0.03249324504488576,0.00014771560601165875,9.58359231850864e-05
matrix_only_minus_native,508,509,-0.004711076522094415,0.019562089035473094,0.00013816984544563483,8.981922264601294e-05
matrix_only_minus_native,509,510,0.01407644329301281,0.058410273327772266,0.0001654997933820411,0.0001077968002871532
matrix_only_minus_native,510,511,0.03622982938782459,0.15608810098899004,0.00023607578084670376,0.0001540673359037875
matrix_only_minus_native,511,512,-0.015567734180156768,0.23608535568139735,0.00020520896451661904,0.0001341851721998837
matrix_only_minus_native,512,513,-0.030816669880426004,0.12205768147837674,0.00014473746579353396,9.482799483024638e-05
matrix_only_minus_native,513,514,-0.006686463724331827,0.08868468810049117,0.00013144719110457428,8.628844984387124e-05
matrix_only_minus_native,514,515,-0.06992433090975711,0.5819447147600927,-4.583445984477794e-06,-3.0146547662912694e-06
matrix_only_minus_native,515,516,-0.08690116748186061,0.5858406982994097,-0.0001729876786121446,-0.00011399954299344395
matrix_only_minus_native,516,517,-0.041352686440094114,0.23359438795818385,-0.00025263893346994334,-0.00016681268020940065
matrix_only_minus_native,517,518,0.05157400335802041,0.18772911217858915,-0.0001525875004747884,-0.00010094549839839131
matrix_only_minus_native,518,519,0.00932273298970672,0.2922322183209169,-0.00013433062091759853,-8.903907056990247e-05
matrix_only_minus_native,519,520,-0.1558965451304385,0.7579597980712489,-0.0004338733411282155,-0.0002881406607748047
matrix_only_minus_native,520,521,0.016939092493937616,0.3056248973326823,-0.0004005279172605266,-0.0002665070815999162
matrix_only_minus_native,521,522,0.00563610691360321,0.16642440130439903,-0.000388963482718642,-0.00025930898847909467
matrix_only_minus_native,522,523,-0.0712067298580654,0.6463562485495523,-0.000524370301791963,-0.00035024989506666235
matrix_only_minus_native,523,524,-0.08003728971402942,0.5803845173484727,-0.000676112514410737,-0.0004524686558764064
matrix_only_minus_native,524,525,0.0002533597307674412,0.5490981549438253,-0.0006743420910865878,-0.0004521450802304708
matrix_only_minus_native,525,526,-0.037524386621860854,0.15182684872276933,-0.0007443992099663869,-0.0005000689456479177
matrix_only_minus_native,526,527,-0.0007276023119825928,0.0040584975965712086,-0.0007443673372946908,-0.0005009981950885083
matrix_only_minus_native,527,528,-0.0006117165185313471,0.0034509636508125666,-0.0007441161046833968,-0.0005017794422386124
matrix_only_minus_native,528,529,-0.0014331062877639823,0.008107451487318125,-0.0007454185435928117,-0.0005036097184681959
matrix_only_minus_native,529,530,0.09089903207369561,0.514207034488259,-0.0005725044858243429,-0.0003875190006218413
matrix_only_minus_native,530,531,5.6625420367839047e-08,3.0260283934256462e-06,-0.000571426216311641,-0.0003875189283032968
matrix_only_minus_native,531,532,-3.542391598055154e-07,1.4713724051750586e-06,-0.0005703527727455662,-0.0003875193807160169
matrix_only_minus_native,532,533,-1.8332154748607492e-07,1.015058506641471e-06,-0.0005692830364393782,-0.0003875196148431527
matrix_only_minus_native,533,534,-1.307587704794329e-06,4.626654224829088e-06,-0.000568219412003546,-0.0003875212848146789
matrix_only_minus_native,534,535,-8.535190239492932e-07,8.199082114586812e-06,-0.0005671589150073223,-0.00038752237487728916
matrix_only_minus_native,535,536,0.021354606401298187,0.09273920989869801,-0.0005262600991186929,-0.0003602495697670746
matrix_only_minus_native,536,537,-0.03275642082074876,0.21110915401009028,-0.0005862790203880225,-0.0004020840791166898
matrix_only_minus_native,537,538,0.018211585566505623,0.10832903110218636,-0.0005513387516391494,-0.0003788253491466953
matrix_only_minus_native,538,539,0.04085181467156087,0.3030229596210217,-0.00047452399575195124,-0.00032665189490459993
matrix_only_minus_native,539,540,0.00193295186625227,0.16823131560581514,-0.00047006570711861,-0.00032418324628869655
matrix_only_minus_native,540,541,-0.02551981281643091,0.15053546651237973,-0.0005163683819971913,-0.00035677559982181416
matrix_only_minus_native,541,542,0.004419637557047419,0.07362782502010376,-0.0005072613599694333,-0.00035113110741179167
matrix_only_minus_native,542,543,0.01950240894755774,0.0711462027896528,-0.00047041113840860994,-0.00032622381629102837
matrix_only_minus_native,543,544,-0.017002843465869263,0.06141931268325244,-0.0005008016390105596,-0.00034793881433172976
matrix_only_minus_native,544,545,0.011342463791232356,0.08629110166398797,-0.0004790708767532334,-0.00033345290910665674
matrix_only_minus_native,545,546,0.024553886253134358,0.09753593233755624,-0.0004332229699219374,-0.00030209417825974175
matrix_only_minus_native,546,547,0.06474641875259221,0.37553675273770554,-0.00031406457554805417,-0.00021940398828197398
matrix_only_minus_native,547,548,0.03211275387613871,0.24255679260462337,-0.00025489154917636273,-0.00017839153122432537
matrix_only_minus_native,548,549,-0.092802273838405,0.27587674398199535,-0.0004234660160055589,-0.00029691295375102405
matrix_only_minus_native,549,550,0.006724945279447503,0.1756929293271595,-0.0004104689045592806,-0.00028832426246181906
matrix_only_minus_native,550,551,-0.0262659058548744,0.0924398125913302,-0.0004573934725271844,-0.0003218694806672779
matrix_only_minus_native,551,552,0.0035351471683648227,0.09407795905550097,-0.0004501606090473079,-0.0003173546056118952
matrix_only_minus_native,552,553,0.007012708071960386,0.7433539783869777,-0.00043666536730949975,-0.0003083984011777182
matrix_only_minus_native,553,554,0.004680574285669224,0.029351347476224927,-0.0004274284726290329,-0.0003024206562407206
matrix_only_minus_native,554,555,0.0018918319532042146,0.010707361370182704,-0.0004232496250149191,-0.0003000045234780078
matrix_only_minus_native,555,556,0.0005922915954343483,0.0033531488835159893,-0.00042142311202849925,-0.0002992480846588066
matrix_only_minus_native,556,557,-0.00045584008114796004,0.0025750039828339472,-0.0004214849019191987,-0.0002998302558990979
matrix_only_minus_native,557,558,-2.1369904226311406e-05,0.00011486116039926165,-0.0004207678499520069,-0.0002998575482416601
matrix_only_minus_native,558,559,-3.5736830943922765e-07,1.243351881432113e-06,-0.00042001577395622396,-0.0002998580046507397
matrix_only_minus_native,559,560,-3.9113411421252335e-07,1.1898739673125392e-06,-0.0004192664442422207,-0.00029985850418345287
matrix_only_minus_native,560,561,-4.033501825151743e-07,1.2751208803167723e-06,-0.00041851980771092013,-0.0002998590193177857
matrix_only_minus_native,561,562,-8.001868001819157e-07,3.573062285911785e-06,-0.00041777653436410366,-0.0002998600412677219
matrix_only_minus_native,562,563,-1.402121778519409e-06,5.383588187452633e-06,-0.00041703697057620737,-0.00029986183197241984
matrix_only_minus_native,563,564,0.0004584706736483757,0.11522798955398558,-0.0004154846520580784,-0.00029927630109930555
matrix_only_minus_native,564,565,-0.011976485038827306,0.04864885026935715,-0.00043594659964528074,-0.0003145719397184976
matrix_only_minus_native,565,566,5.8822592067869165e-06,0.006253081396582654,-0.000435165983286885,-0.00031456442725463204
matrix_only_minus_native,566,567,0.005107079432575835,0.1905228903040452,-0.0004253913000137588,-0.00030804197587203227
matrix_only_minus_native,567,568,-0.005146747878834013,0.1283157982485982,-0.0004337035475116813,-0.0003146150893826756
matrix_only_minus_native,568,569,-0.03238380312658092,0.11024372092979673,-0.0004898548648738422,-0.00035597371406541025
matrix_only_minus_native,569,570,0.13563925265633703,0.3892491932458715,-0.0002510318692225946,-0.00018274350633062442
matrix_only_minus_native,570,571,-0.05585987407512969,0.1989624310931306,-0.00034842038446936737,-0.00025408434167561783
matrix_only_minus_native,571,572,-0.006193132060455124,0.10864801155740163,-0.0003586384118749367,-0.0002619938334514225
matrix_only_minus_native,572,573,0.09220098352814751,0.3855880743836278,-0.00019710329505116288,-0.0001442403423554487
matrix_only_minus_native,573,574,-0.1917481887267738,0.8645936329469139,-0.0005308159874409233,-0.0003891294722746998
matrix_only_minus_native,574,575,-0.06606637201660642,0.2039123945936791,-0.000644790867491646,-0.0004735054263188971
matrix_only_minus_native,575,576,-0.0038085808789086574,0.113404210550493,-0.0006502835584836894,-0.000478369514286852
matrix_only_minus_native,576,577,0.017009815583096437,0.07825851826623306,-0.000619676800872632,-0.00045664561188187567
matrix_only_minus_native,577,578,-0.06554138372015775,0.32072431644199717,-0.00073199809312053,-0.000540351082788846
matrix_only_minus_native,578,579,-0.022304345117171578,0.07885530791808099,-0.0007692560327130189,-0.0005688368364506231
matrix_only_minus_native,579,580,0.028254122667335582,0.41433932415456576,-0.0007192157246094866,-0.0005327523885996198
matrix_only_minus_native,580,581,-0.003549705179681724,0.5010701639395978,-0.0007240874792653772,-0.0005372858562620488
matrix_only_minus_native,581,582,0.0017701166317748587,0.009899820918649847,-0.0007198019051914249,-0.0005350251709085687
matrix_only_minus_native,582,583,8.038099621666912e-06,3.149589526092302e-05,-0.0007185534660751076,-0.0005350149051363828
matrix_only_minus_native,583,584,8.474312980113347e-06,5.041164042492137e-05,-0.0007173085554945336,-0.0005350040822590136
matrix_only_minus_native,584,585,5.846964862657573e-07,4.578334366604734e-06,-0.0007160813875424295,-0.000535003335520206
matrix_only_minus_native,585,586,-1.204594731798542e-06,4.04831310528712e-06,-0.0007148614612748349,-0.0005350048739553681
matrix_only_minus_native,586,587,-7.027514107904285e-07,1.4690439994666697e-06,-0.0007136448365561565,-0.0005350057714667482
matrix_only_minus_native,587,588,-6.121774808699989e-07,1.197977178168232e-06,-0.0007124321959794978,-0.0005350065533026113
matrix_only_minus_native,588,589,-8.038777988256638e-07,1.3787524787171854e-06,-0.0007112239984953204,-0.000535007579966467
matrix_only_minus_native,589,590,-2.5402118479555516e-06,6.19301336624602e-06,-0.0007100228395349011,-0.0005350108241706152
matrix_only_minus_native,590,591,2.4557394028959835e-06,2.6019258652442583e-05,-0.0007088172920240081,-0.0005350076878495387
matrix_only_minus_native,591,592,0.049072972179759776,0.2519266764698391,-0.0006247264314297785,-0.00047233467101715057
matrix_only_minus_native,592,593,-0.04112428697272095,0.2326242070105833,-0.0006930224863054802,-0.0005248561103181989
matrix_only_minus_native,593,594,0.002427105225629722,0.05175358380586529,-0.0006877697460496971,-0.000521756359072184
matrix_only_minus_native,594,595,-0.018412527134564476,0.1489693849697228,-0.0007175592542656884,-0.0005452717193972983
matrix_only_minus_native,595,596,-0.006808562561333012,0.07068452233285256,-0.000727779058472177,-0.00055396720159568
matrix_only_minus_native,596,597,-0.03358433968412992,0.14647091588905103,-0.0007828151734230272,-0.0005968590785869058
matrix_only_minus_native,597,598,-0.004406699394985537,0.3061243596576221,-0.0007888751804824965,-0.0006024870471628773
matrix_only_minus_native,598,599,0.01557356552452414,0.08840233066404184,-0.0007615589188714673,-0.0005825974360204456
matrix_only_minus_native,599,600,0.11589683832901998,0.28236330200182624,-0.0005671282567916482,-0.00043458103968708675
matrix_only_minus_native,600,601,-0.036513206142709906,0.20840162572866944,-0.0006269387025252891,-0.0004812134868680699
matrix_only_minus_native,601,602,0.0697774734278709,0.2867956130799749,-0.0005099878518103453,-0.00039209793970603813
matrix_only_minus_native,602,603,-0.019019286553104513,0.07926165163729727,-0.0005406832062071848,-0.00041638821627449865
matrix_only_minus_native,603,604,0.004784939541416338,0.11026300016075329,-0.0005318659500025099,-0.00041027718237741505
matrix_only_minus_native,604,605,-0.015425831291178093,0.15077757100568737,-0.0005564840745333787,-0.00042997811633805125
matrix_only_minus_native,605,606,-0.033422075448730736,0.5607527843386242,-0.0006107177236657175,-0.00047266275931216446
matrix_only_minus_native,606,607,-0.020023229409047806,0.05300005827843155,-0.0006426987972824918,-0.0004982352106647159
matrix_only_minus_native,607,608,-0.03700442341789971,0.20805239523703745,-0.0007025042654085073,-0.0005454950106875766
matrix_only_minus_native,608,609,-0.08862323651260787,0.3783912560960983,-0.0008468732838768149,-0.0006586792207930783
matrix_only_minus_native,609,610,0.00016169334581222748,0.0008412921803980057,-0.0008452198959592919,-0.0006584727158814407
matrix_only_minus_native,610,611,9.122734665447132e-06,2.9190727923268185e-05,-0.0008438216265147342,-0.0006584610648793137
matrix_only_minus_native,611,612,1.8444083069958428e-07,7.059113723974945e-06,-0.0008424425316334507,-0.000658460829322697
matrix_only_minus_native,612,613,-4.712080063304508e-07,6.713644597686521e-06,-0.0008410690058200296,-0.0006584614311209172
matrix_only_minus_native,613,614,-8.903757199224061e-07,2.1828284505532952e-06,-0.0008397006367156323,-0.0006584625682546593
matrix_only_minus_native,614,615,-7.286294944240852e-07,1.649380392197757e-06,-0.0008383364545900691,-0.0006584634988159547
matrix_only_minus_native,615,616,-6.801698542999435e-07,1.2477211986603661e-06,-0.0008369766229590045,-0.0006584643674875437
matrix_only_minus_native,616,617,-7.261010015837609e-07,1.3178006601486907e-06,-0.0008356212736527527,-0.000658465294819602
matrix_only_minus_native,617,618,-5.596356252726731e-07,3.2917664912233237e-06,-0.0008342700412287598,-0.0006584660095522013
matrix_only_minus_native,618,619,-2.4234195393004792e-06,5.418702609816962e-06,-0.0008329261856202149,-0.000658469104596313
matrix_only_minus_native,619,620,0.027886553906214865,0.15773834085071642,-0.0007866044435366099,-0.0006228540932218367
matrix_only_minus_native,620,621,0.009923111305507057,0.05678512200707154,-0.0007693585244560244,-0.0006101808987065021
matrix_only_minus_native,621,622,0.2317214522907772,1.2966853490863077,-0.00039557908584632464,-0.0003142403466110012
matrix_only_minus_native,622,623,0.040478335149122746,0.13806270359547435,-0.00032997087680143036,-0.0002625438777104612
matrix_only_minus_native,623,624,0.03926092399232087,0.13605018644048922,-0.0002665239298957859,-0.00021240221233074128
matrix_only_minus_native,624,625,0.011965676375154949,0.09355943132908717,-0.0002469524094077042,-0.0001971203778797128
matrix_only_minus_native,625,626,0.01975914614634002,0.11504290951079865,-0.00021499378551673355,-0.000171885197616188
matrix_only_minus_native,626,627,0.030555704292348978,0.14685495293433048,-0.0001659177120273147,-0.0001328613096310681
matrix_only_minus_native,627,628,-0.03175481497820078,0.20292227690259582,-0.00021621850385243176,-0.00017341662888802956
matrix_only_minus_native,628,629,0.3126507077803431,1.7447297092490959,0.00028118519453261716,0.00022588184848150217
matrix_only_minus_native,629,630,0.01752185167403894,0.08938092200361944,0.0003085513318016747,0.000248259692254221
matrix_only_minus_native,630,631,-0.015798857781410797,0.040435590876043544,0.0002830245344748719,0.00022808235153722118
matrix_only_minus_native,631,632,-0.009316586149732853,0.11490913829871506,0.0002678352770631508,0.00021618377407906934
matrix_only_minus_native,632,633,-0.04383572782379073,0.12387553856816731,0.00019816140170635167,0.00016019944735647587
matrix_only_minus_native,633,634,-0.022913938349218357,0.1448034823369261,0.00016170698569542991,0.00013093515827701478
matrix_only_minus_native,634,635,-0.039885026187574876,0.12479499700099395,9.864126416272066e-05,7.999642751382839e-05
matrix_only_minus_native,635,636,-0.010403453960798196,0.05766196075425206,8.21285358215871e-05,6.670976856006309e-05
matrix_only_minus_native,636,637,-0.00490314555471025,0.02278019899446435,7.430235985528887e-05,6.0447769128759914e-05
matrix_only_minus_native,637,638,2.1305932522353634e-06,9.595106584571478e-06,7.418923796406161e-05,6.0450490192939095e-05
matrix_only_minus_native,638,639,3.351470048207581e-07,1.0758494345506978e-05,7.407366035692669e-05,6.045091822231948e-05
matrix_only_minus_native,639,640,-4.906144162960809e-08,6.163885712141698e-06,7.395784360411592e-05,6.0450855564028334e-05
matrix_only_minus_native,640,641,1.2215278718080582e-08,5.5495485778583615e-06,7.38424838095368e-05,6.045087116463996e-05
matrix_only_minus_native,641,642,-6.731319774603106e-07,1.6578240978250979e-06,7.372641587217396e-05,6.045001148139933e-05
matrix_only_minus_native,642,643,-5.824366365360639e-07,1.0678756952828012e-06,7.361085000513061e-05,6.044926762873433e-05
matrix_only_minus_native,643,644,-9.445102720627427e-07,2.5881824779724357e-06,7.349508081215337e-05,6.044806135763316e-05
matrix_only_minus_native,644,645,-9.015423813172431e-07,2.189612928726651e-06,7.337973721030299e-05,6.044690996251013e-05
matrix_only_minus_native,645,646,-8.564818884883762e-07,2.403690446675109e-06,7.32648204624726e-05,6.04458161159097e-05
matrix_only_minus_native,646,647,-1.0718280388846223e-05,5.951775284303557e-05,7.3135016597169e-05,6.0432127379780775e-05
matrix_only_minus_native,647,648,-4.670110305647874e-05,0.00026764004634012003,7.295008431375286e-05,6.037248357000237e-05
matrix_only_minus_native,648,649,0.0010849006196109927,0.006175364488417264,7.450933013085177e-05,6.175805268827944e-05
matrix_only_minus_native,649,650,0.0020116454351643163,0.06657600421609855,7.748953952321105e-05,6.43272039464715e-05
matrix_only_minus_native,650,651,-0.005540673819939234,0.11595412365507167,6.885948827979687e-05,5.725099217132537e-05
matrix_only_minus_native,651,652,0.02058906840729904,0.09754620041152094,0.00010033220134577762,8.354609869405747e-05
matrix_only_minus_native,652,653,0.0007474726088187037,0.055499307523971454,0.00010132322800346941,8.450072526981549e-05
matrix_only_minus_native,653,654,0.03039322579589733,0.08930021059115846,0.00014764112183816974,0.0001233171055966322
matrix_only_minus_native,654,655,0.0009391535664710748,0.21309563236558784,0.00014884953778417412,0.0001245165354388685
matrix_only_minus_native,655,656,-0.06322595791742644,0.28635438684583514,5.224159959025562e-05,4.376818560818351e-05
matrix_only_minus_native,656,657,-0.02789744064158547,0.13376534161327064,9.700226316015587e-06,8.139270357116527e-06
matrix_only_minus_native,657,658,0.03503451755502303,0.17078799479705897,6.292943198274346e-05,5.2883226366085824e-05
matrix_only_minus_native,658,659,0.00650537034254443,0.1841785770915597,7.270551834171414e-05,6.119148989423961e-05
matrix_only_minus_native,659,660,-0.009120760063876254,0.16149993026551596,5.8776025035323594e-05,4.9543009608318735e-05
matrix_only_minus_native,660,661,0.13407791943859768,0.5993386833431424,0.00026152813307399553,0.00022077917747370505
matrix_only_minus_native,661,662,0.17786063741856564,1.077955271599789,0.0005298047332031366,0.0004479319711117196
matrix_only_minus_native,662,663,-0.0022004784243941644,0.07827291796871366,0.000525686659058948,0.0004451216538391858
matrix_only_minus_native,663,664,0.005393858276031381,0.060944245166666765,0.0005330182428194484,0.0004520103617268374
matrix_only_minus_native,664,665,-0.015281561827392218,0.09082966586208413,0.0005092369194055965,0.00043249367995494467
matrix_only_minus_native,665,666,1.1991804642252155e-05,3.749972484011686e-05,0.0005084903051191647,0.0004325089951588298
matrix_only_minus_native,666,667,-1.0199650522787893e-06,6.580222671292184e-06,0.0005077264216556395,0.00043250769252147067
matrix_only_minus_native,667,668,1.7434120884738224e-07,1.5903827718774911e-06,0.0005069666131519766,0.0004325079151794641
matrix_only_minus_native,668,669,-4.591033930753979e-07,1.295476301230644e-06,0.0005062081292707435,0.00043250732884052024
matrix_only_minus_native,669,670,-6.515276003447259e-07,9.346432719931616e-07,0.0005054516223201896,0.0004325064967490767
matrix_only_minus_native,670,671,-4.7438286280963204e-07,8.933590961283925e-07,0.0005046976342349693,0.0004325058908961231
matrix_only_minus_native,671,672,-3.957771046382496e-07,6.562471434623921e-07,0.0005039460071347619,0.00043250538543366536
matrix_only_minus_native,672,673,-4.390110514811655e-07,7.419541156456706e-07,0.0005031965494554359,0.0004325048247554386
matrix_only_minus_native,673,674,-3.4124873395512094e-07,7.548108667078086e-07,0.0005024494607340869,0.0004325043889333009
matrix_only_minus_native,674,675,-2.1105508638671197e-07,1.1037812971670725e-06,0.0005017047784884268,0.0004325041193865748
matrix_only_minus_native,675,676,3.743137331708889e-07,8.697245990522888e-06,0.000500963165374883,0.00043250459743731924
matrix_only_minus_native,676,677,-0.0006529036658471821,0.00369912069212673,0.0004992587830540236,0.0004316707485665057
matrix_only_minus_native,677,678,0.00018767328795209323,0.0013350613900275734,0.0004987992174270296,0.0004319104334808762
matrix_only_minus_native,678,679,0.003999493955237774,0.0341020222735641,0.000503954879780212,0.0004370183440239642
matrix_only_minus_native,679,680,-0.0007516826444821657,0.0352801837624516,0.0005021083540092374,0.0004360583406465919
matrix_only_minus_native,680,681,-0.01898683502598074,0.09643282618349182,0.000473490228634803,0.0004118095091957865
matrix_only_minus_native,681,682,0.02379409432985683,0.1467318633396067,0.0005076846628008177,0.00044219787998743
matrix_only_minus_native,682,683,0.02692484734089518,0.1495331001435358,0.0005463627926369732,0.0004765846582005781
matrix_only_minus_native,683,684,-0.004670398364999675,0.08894225735271769,0.0005387359488392589,0.00047061990933084687
matrix_only_minus_native,684,685,0.02927224832953969,0.10027245927520888,0.0005806826822417412,0.0005080046453838987
matrix_only_minus_native,685,686,0.0012744045939060786,0.041326255346557636,0.0005816939386727389,0.000509632237457853
matrix_only_minus_native,686,687,-0.0575698037281683,0.15486341391427286,0.0004970483816613255,0.0004361075839097454
matrix_only_minus_native,687,688,0.001309670372332936,0.04870426981291296,0.0004982295182756732,0.0004377802152920347
matrix_only_minus_native,688,689,0.016334816953164105,0.07194160246558337,0.0005212144056993141,0.00045864205048126103
matrix_only_minus_native,689,690,-0.010123909969514603,0.05434122263366762,0.000505786689213497,0.0004457124081191736
matrix_only_minus_native,690,691,-0.011441211771610407,0.049041874992871166,0.00048849725584038,0.0004311003879766317
matrix_only_minus_native,691,692,-0.006031480381314859,0.03431299991474909,0.0004790753228387101,0.00042339734789832365
matrix_only_minus_native,692,693,2.94525456569293e-05,9.634988712298309e-05,0.0004784265165224307,0.0004234349628991628
matrix_only_minus_native,693,694,7.495850863839906e-06,4.1027462614110416e-05,0.00047774794207623646,0.0004234445361441994
matrix_only_minus_native,694,695,-2.7789735359105525e-07,1.73267251514321e-06,0.0004770601351130281,0.0004234441812305933
matrix_only_minus_native,695,696,3.6772804298802684e-07,1.5107866793707777e-06,0.00047637523222930747,0.0004234446508704955
matrix_only_minus_native,696,697,9.309761652621152e-08,8.222919494766681e-07,0.00047569190061580257,0.0004234447697691116
matrix_only_minus_native,697,698,-2.0766593197941908e-07,1.0537007726333416e-06,0.0004750100960792013,0.00042344450455080774
matrix_only_minus_native,698,699,-1.438255139934345e-07,6.661616188722346e-07,0.00047433033367348876,0.0004234443208656049
matrix_only_minus_native,699,700,-3.511586682837317e-08,5.671391322534929e-07,0.00047365266874557397,0.0004234442760177545
matrix_only_minus_native,700,701,4.564391856504295e-08,1.0344703373259453e-06,0.000472977052447675,0.00042344433431139235
matrix_only_minus_native,701,702,-2.2245424042057493e-07,5.57450641231805e-07,0.0004723029790763244,0.0004234440502063598
matrix_only_minus_native,702,703,-1.1704250000763974e-07,1.2091045013044873e-06,0.00047163097335573207,0.0004234439007267939
matrix_only_minus_native,703,704,-1.3188800124802829e-05,7.665257093175296e-05,0.00047094230890476593,0.00042342705679304627
matrix_only_minus_native,704,705,-0.0021426970359966213,0.01222554403994024,0.00046723501905384193,0.00042069053439713737
matrix_only_minus_native,705,706,0.0015038559839621161,0.008126103121743748,0.0004687033207038535,0.0004226111678377019
matrix_only_minus_native,706,707,-0.0028195249686754076,0.01600091932136589,0.0004640523613129353,0.00041901024195178195
matrix_only_minus_native,707,708,-0.0020803559612764385,0.00970050129643528,0.00046045856424713135,0.00041635333778667813
matrix_only_minus_native,708,709,-0.002175284878982048,0.07631901477322009,0.00045674101355146245,0.00041357519617878276
matrix_only_minus_native,709,710,-0.0032923593597609466,0.01453901768182828,0.0004514605904904588,0.0004093703949530342
matrix_only_minus_native,710,711,-0.005663910186752585,0.0544514761233448,0.0004428595064155745,0.00040213679318195847
matrix_only_minus_native,711,712,0.014409983608140518,0.0806466266563289,0.0004624762537494578,0.0004205403482370548
matrix_only_minus_native,712,713,-0.0020969531837625567,0.04005947160097645,0.0004588865911442512,0.0004178622471083667
matrix_only_minus_native,713,714,0.00919810533130084,0.06239446917054662,0.0004711263933013335,0.00042960950806788265
matrix_only_minus_native,714,715,0.006799362424651598,0.11058242085241207,0.00047997707306546,0.0004382932404109884
matrix_only_minus_native,715,716,0.036311751516386215,0.15477196299084972,0.0005300214507795948,0.0004846684019900254
matrix_only_minus_native,716,717,-0.010613211568431013,0.07702125347306506,0.0005144799821335548,0.00047111385337133947
matrix_only_minus_native,717,718,-0.00618875534320841,0.03243828938604176,0.0005051439997862816,0.00046320995127273334
matrix_only_minus_native,718,719,-0.002622926951826274,0.014855849658930427,0.0005007934143181141,0.00045986010842238064
matrix_only_minus_native,719,720,2.207235499820664e-06,1.7513190286364658e-05,0.0005001009335142,0.0004598629273693794
matrix_only_minus_native,720,721,5.650173904167078e-06,2.7144143347550436e-05,0.0004994151488268073,0.0004598701434280052
matrix_only_minus_native,721,722,3.2255912781899823e-06,1.716543310466841e-05,0.0004987279056723078,0.00045987426295709613
matrix_only_minus_native,722,723,4.2107524467758585e-06,2.3750001697550596e-05,0.0004980439262072656,0.0004598796406741418
matrix_only_minus_native,723,724,3.4319182724141745e-06,1.8057997030123735e-05,0.0004973607604504494,0.00045988402371152675
matrix_only_minus_native,724,725,3.6975407075976136e-06,2.1741356638051326e-05,0.0004966798456645975,0.0004598887459857384
matrix_only_minus_native,725,726,3.2576926913963704e-06,1.8389026474842676e-05,0.0004960002008257916,0.00045989290651280286
matrix_only_minus_native,726,727,2.6223886124169227e-07,1.7351174728369359e-06,0.0004953183054173119,0.00045989324142833426
matrix_only_minus_native,727,728,2.5496062301996326e-06,1.5176187918871004e-05,0.000494641425336011,0.0004598964976304163
matrix_only_minus_native,728,729,1.9422240484932123e-06,1.1837567211784566e-05,0.0004939655690928181,0.00045989897812089963
matrix_only_minus_native,729,730,2.4614912904563462e-06,1.4962478276712538e-05,0.0004932922758355544,0.00045990212178793704
matrix_only_minus_native,730,731,6.490596617801986e-06,3.7553515095295116e-05,0.0004926263364658997,0.00045991041118336227
matrix_only_minus_native,731,732,1.9506067705765534e-05,0.000111825233449394,0.0004919799973009268,0.0004599353231472266
matrix_only_minus_native,732,733,4.564419447161354e-05,0.00019187580447706246,0.0004913710807895634,0.00045999361713761175
matrix_only_minus_native,733,734,0.004002535676546071,0.022012848192660257,0.0004961546837810571,0.0004651054123822426
matrix_only_minus_native,734,735,0.0017708650729026474,0.009159451812585841,0.0004978889836302023,0.00046736705359923204
matrix_only_minus_native,735,736,0.0006120072804664939,0.002255919658295386,0.0004980440356639471,0.0004681486720928034
matrix_only_minus_native,736,737,0.009984857609196325,0.05529688882295581,0.0005109162386131089,0.00048090072523353927
matrix_only_minus_native,737,738,-0.006230596835361537,0.0357033166262804,0.0005017813970494581,0.00047294338572477653
matrix_only_minus_native,738,739,-0.00010742157778918996,0.0018676568720839796,0.0005009570357844532,0.0004728061934159782
matrix_only_minus_native,739,740,0.005727291611152949,0.031981810422476165,0.0005080196500754916,0.0004801207420892257
matrix_only_minus_native,740,741,-0.001361317013409778,0.00783658215938082,0.0005054969285323265,0.0004783821507566461
matrix_only_minus_native,741,742,-0.01593740178615551,0.06841343542494543,0.00048333668767695207,0.0004580278700591295
matrix_only_minus_native,742,743,-0.0007742016014070861,0.004468659663838219,0.0004816441731559778,0.0004570391068389419
matrix_only_minus_native,743,744,-0.002961836183145728,0.016777261740320727,0.000477015839343744,0.00045325642972125866
matrix_only_minus_native,744,745,-0.005877468690979695,0.033246737259081796,0.0004684863299070683,0.0004457500840111952
matrix_only_minus_native,745,746,1.6320337131799883e-07,2.8301555255747783e-06,0.0004678585509170738,0.0004457502924446195
matrix_only_minus_native,746,747,3.6494069826772914e-07,2.8572076509311018e-06,0.0004672327227909444,0.0004457507585246941
matrix_only_minus_native,747,748,2.66639124045867e-06,1.5995790323664157e-05,0.00046661164480758793,0.0004457541638774914
matrix_only_minus_native,748,749,4.67088343374456e-07,3.467026971374462e-06,0.0004659892889244583,0.00044575476041432854
matrix_only_minus_native,749,750,6.53659657182015e-07,4.278719214866523e-06,0.0004653688414187686,0.00044575559522870556
matrix_only_minus_native,750,751,-5.658941381389389e-07,3.150321702161044e-06,0.0004647484223301441,0.00044575487250311395
matrix_only_minus_native,751,752,-6.624496387870527e-07,2.0328633419833277e-06,0.00046412952489401527,0.00044575402646270684
matrix_only_minus_native,752,753,-7.572735216701045e-07,2.8772585081699095e-06,0.00046351214534764653,0.0004457530593190011
matrix_only_minus_native,753,754,-1.1853233089156858e-06,4.5394744633177895e-06,0.0004628958357075184,0.0004457515454961288
matrix_only_minus_native,754,755,2.0057966151919525e-07,1.163004240748683e-06,0.00046228299430878163,0.00044575180166427856
matrix_only_minus_native,755,756,-4.966773288678613e-10,5.617093420397712e-07,0.0004616715082095941,0.0004457518010299529
matrix_only_minus_native,756,757,-6.962831110540184e-08,4.279415085831737e-07,0.00046106154633836465,0.0004457517121049068
matrix_only_minus_native,757,758,2.4509638381578552e-08,4.003647426803356e-07,0.0004604533180577576,0.00044575174340712675
matrix_only_minus_native,758,759,2.001972911056662e-09,3.758609996301834e-07,0.0004598466628323496,0.00044575174596392505
matrix_only_minus_native,759,760,-1.9695088290941517e-08,4.3908118536072623e-07,0.00045924157551929595,0.0004457517208105555
matrix_only_minus_native,760,761,-1.730265814160482e-08,4.65262366765883e-07,0.00045863808159265004,0.0004457516987126522
matrix_only_minus_native,761,762,9.360907130636763e-08,9.790589053861513e-07,0.000458036317193016,0.00044575181826446767
matrix_only_minus_native,762,763,4.78847153273321e-08,8.901325297086697e-07,0.00045743607023039764,0.00044575187941991496
matrix_only_minus_native,763,764,4.665879179550754e-08,7.026078501867482e-07,0.00045683739299029447,0.00044575193900968705
matrix_only_minus_native,764,765,-2.8087633314853266e-08,4.0149309586100987e-07,0.0004562401832117018,0.00044575190313786954
matrix_only_minus_native,765,766,-7.252934543287143e-08,3.5612367637216265e-07,0.000455644474709669,0.00044575181050779877
matrix_only_minus_native,766,767,-2.970236307142387e-08,4.64630056256189e-07,0.0004550503753914516,0.00044575177257374633
matrix_only_minus_native,767,768,-9.494403203068852e-08,3.5651705897026543e-07,0.00045445773825678553,0.00044575165131700037
matrix_only_minus_native,768,769,-1.3667193137092656e-07,3.535674775325955e-07,0.00045386658817851754,0.0004457514767679182
matrix_only_minus_native,769,770,-7.781213842339952e-08,4.735825499148184e-07,0.00045327704999628774,0.0004457513773909854
matrix_only_minus_native,770,771,-2.096842938615484e-07,5.001827793149739e-07,0.0004526888700555741,0.0004457511095949523
matrix_only_minus_native,771,772,-1.498751147728988e-07,3.9729470334412105e-07,0.00045210229137012054,0.0004457509181835671
matrix_only_minus_native,772,773,-1.5285587232686315e-07,4.0770768177125505e-07,0.00045151722649658534,0.00044575072296533904
matrix_only_minus_native,773,774,-1.2491195511554246e-07,4.1119383397138734e-07,0.000450933709521842,0.00044575056343538404
matrix_only_minus_native,774,775,-1.0933226699394531e-07,3.9675071889412937e-07,0.0004503517185001789,0.00044575042380285904
matrix_only_minus_native,775,776,-9.202871000752842e-08,3.8318204080304103e-07,0.00044977124975377394,0.00044575030626938514
matrix_only_minus_native,776,777,-8.089344896014744e-08,3.944807055309929e-07,0.00044919228946651164,0.0004457502029571897
matrix_only_minus_native,777,778,-9.421726761856167e-08,4.0048809404342466e-07,0.00044861480038330554,0.0004457500826286229
matrix_only_minus_native,778,779,-1.2650965427016423e-07,4.1669957590258075e-07,0.0004480387524885209,0.00044574992105818367
matrix_only_minus_native,779,780,-3.7031546011042436e-08,4.089434465712576e-07,0.00044746429635514313,0.0004457498737637441
matrix_only_minus_native,780,781,-2.937293806225904e-08,5.68013061054084e-07,0.0004468913211063683,0.0004457498362504134
matrix_only_minus_native,781,782,-1.4183729369221074e-07,6.413008734416964e-07,0.0004463196674511253,0.0004457496551044444
matrix_only_minus_native,782,783,-2.1843995089689544e-07,7.872934282992459e-07,0.00044574937612621877,0.00044574937612621877
normalizer_only_minus_native,0,1,0.0,0.0,0.0,0.0
normalizer_only_minus_native,1,2,2.983097156505221e-09,0.0,1.4915485782526105e-09,3.809830340364267e-12
normalizer_only_minus_native,2,3,3.990059946399997e-09,0.0,2.324385700968406e-09,8.90569234087512e-12
normalizer_only_minus_native,3,4,-1.249849237685885e-09,0.0,1.4308269663048333e-09,7.309460875120476e-12
normalizer_only_minus_native,4,5,5.314367436644106e-09,0.0,2.207535060372688e-09,1.4096647895100178e-11
normalizer_only_minus_native,5,6,6.006420637291518e-09,0.0,2.840682656525826e-09,2.1767683191768784e-11
normalizer_only_minus_native,6,7,-4.359102061540748e-09,0.0,1.8121419825163157e-09,1.6200503036544328e-11
normalizer_only_minus_native,7,8,-4.731825140560319e-09,0.0,9.941460921317363e-10,1.0157303623312759e-11
normalizer_only_minus_native,8,9,-5.402615295811267e-09,0.0,2.8339482680473597e-10,3.257411802353287e-12
normalizer_only_minus_native,9,10,-2.6709969708893043e-09,0.0,-1.204435296466804e-11,-1.5382315408260587e-13
normalizer_only_minus_native,10,11,-1.5626201740848022e-09,0.0,-1.530057912483166e-10,-2.149506645889505e-12
normalizer_only_minus_native,11,12,-2.669063851039518e-09,0.0,-3.6267729623091675e-10,-5.558272739171137e-12
normalizer_only_minus_native,12,13,-2.985148000441864e-09,0.0,-5.644058119394512e-10,-9.370722292736736e-12
normalizer_only_minus_native,13,14,-5.074440923498202e-09,0.0,-8.865511770507905e-10,-1.5851489755697405e-11
normalizer_only_minus_native,14,15,-1.0303372737120346e-08,0.0,-1.5143392810554275e-09,-2.901033105470168e-11
normalizer_only_minus_native,15,16,-1.7274279819643508e-08,0.0,-2.4993355647171826e-09,-5.1071991105331955e-11
normalizer_only_minus_native,16,17,-1.8439277420218732e-08,0.0,-3.4369792032760972e-09,-7.462151526908512e-11
normalizer_only_minus_native,17,18,-2.5249442316036653e-08,0.0,-4.648782709540572e-09,-1.0686856803541547e-10
normalizer_only_minus_native,18,19,-2.8424501389787047e-08,0.0,-5.900136324290387e-09,-1.4317061323310006e-10
normalizer_only_minus_native,19,20,-2.733076989937223e-08,0.0,-6.971668003044479e-09,-1.7807581106116167e-10
normalizer_only_minus_native,20,21,-1.7617608949663244e-08,0.0,-7.478617571931088e-09,-2.005759502050483e-10
normalizer_only_minus_native,21,22,-8.49154071124321e-09,0.0,-7.524659532808912e-09,-2.1142082978518012e-10
normalizer_only_minus_native,22,23,-2.940426803212871e-09,0.0,-7.325345066304735e-09,-2.151761641443281e-10
normalizer_only_minus_native,23,24,3.6439595002400426e-09,0.0,-6.868290709365369e-09,-2.1052232059357453e-10
normalizer_only_minus_native,24,25,1.4491657982055235e-08,0.0,-6.013892761708545e-09,-1.9201445599324858e-10
normalizer_only_minus_native,25,26,2.5606392159804323e-08,0.0,-4.797727957034974e-09,-1.5931152858609106e-10
normalizer_only_minus_native,26,27,3.800615096341651e-08,0.0,-3.212399108129363e-09,-1.1077238303894354e-10
normalizer_only_minus_native,27,28,4.5824361498928465e-08,0.0,-1.461086229305869e-09,-5.224829427913708e-11
normalizer_only_minus_native,28,29,5.7185546513027886e-08,0.0,5.612114514642605e-10,2.0785609313491127e-11
normalizer_only_minus_native,29,30,6.66185889946077e-08,0.0,2.7631240362357083e-09,1.0586682131171296e-10
normalizer_only_minus_native,30,31,7.78240510023679e-09,0.0,2.92503632862284e-09,1.1580603599911627e-10
normalizer_only_minus_native,31,32,3.787044757888872e-08,0.0,4.017080430193649e-09,1.641718694332015e-10
normalizer_only_minus_native,32,33,1.1264584602062024e-07,0.0,7.3088612056611214e-09,3.080362960240319e-10
normalizer_only_minus_native,33,34,2.511629267702416e-07,0.0,1.448103960461937e-08,6.28806317441965e-10
normalizer_only_minus_native,34,35,3.6163280144426617e-07,0.0,2.4399661371466423e-08,1.0906617471281288e-09
normalizer_only_minus_native,35,36,4.579035906242929e-07,0.0,3.644143718404493e-08,1.675468376277928e-09
normalizer_only_minus_native,36,37,1.1591045004936604e-06,0.0,6.678368213835887e-08,3.155806180228963e-09
normalizer_only_minus_native,37,38,1.3870160537535604e-06,0.0,1.0152663928612731e-07,4.927218764843982e-09
normalizer_only_minus_native,38,39,1.473931015526979e-06,0.0,1.367164950871748e-07,6.809633854916753e-09
normalizer_only_minus_native,39,40,1.2735582816919392e-06,0.0,1.651375397522939e-07,8.436145070359842e-09
normalizer_only_minus_native,40,41,1.2354100157616153e-06,0.0,1.9124174648422858e-07,1.0013935639659478e-08
normalizer_only_minus_native,41,42,1.142422799596315e-06,0.0,2.1388891441546873e-07,1.1472968589335487e-08
normalizer_only_minus_native,42,43,9.562005580839841e-07,0.0,2.3115197589613187e-07,1.2694169812942108e-08
normalizer_only_minus_native,43,44,9.120770269867252e-07,0.0,2.466275452390999e-07,1.3859019144981349e-08
normalizer_only_minus_native,44,45,8.243983687550478e-07,0.0,2.594668968727876e-07,1.4911890624872854e-08
normalizer_only_minus_native,45,46,8.040126500937557e-07,0.0,2.713048480297652e-07,1.5938726704175222e-08
normalizer_only_minus_native,46,47,7.419456812510661e-07,0.0,2.8131848277915457e-07,1.68862946240361e-08
normalizer_only_minus_native,47,48,6.913715466632926e-07,0.0,2.898612549434075e-07,1.7769272333695478e-08
normalizer_only_minus_native,48,49,6.533523285704888e-07,0.0,2.972794401194704e-07,1.860369420926443e-08
normalizer_only_minus_native,49,50,2.49648267584501e-08,0.0,2.9183314785225e-07,1.863557776834291e-08
normalizer_only_minus_native,50,51,5.205651842811663e-08,0.0,2.8713164531452185e-07,1.8702061189068475e-08
normalizer_only_minus_native,51,52,6.565642945044819e-08,0.0,2.8287250654790504e-07,1.878591358938833e-08
normalizer_only_minus_native,52,53,6.949708395471417e-08,0.0,2.788465551782222e-07,1.8874671040160634e-08
normalizer_only_minus_native,53,54,7.413840467731278e-08,0.0,2.7505566350227944e-07,1.8969356103605477e-08
normalizer_only_minus_native,54,55,8.20815307437747e-08,0.0,2.7154704290667024e-07,1.9074185644785268e-08
normalizer_only_minus_native,55,56,8.738152645134691e-08,0.0,2.6825837296996805e-07,1.9185784018286347e-08
normalizer_only_minus_native,56,57,9.292421409527887e-08,0.0,2.6518233509497346e-07,1.9304461175496154e-08
normalizer_only_minus_native,57,58,9.086671424751024e-08,0.0,2.621768933562241e-07,1.9420510618979562e-08
normalizer_only_minus_native,58,59,9.023957721313498e-08,0.0,2.592627015571887e-07,1.9535759121167477e-08
normalizer_only_minus_native,59,60,1.5019827680436192e-06,0.0,2.799747026652959e-07,2.145400020423723e-08
normalizer_only_minus_native,60,61,1.7052043591588928e-06,0.0,3.0333912326355156e-07,2.3631783549267746e-08
normalizer_only_minus_native,61,62,2.99423290299472e-06,0.0,3.467406358398607e-07,2.7455835788086037e-08
normalizer_only_minus_native,62,63,7.3506908711454375e-06,0.0,4.5791444909867944e-07,3.68436913067903e-08
normalizer_only_minus_native,63,64,3.111350623421713e-05,0.0,9.369080707411552e-07,7.657997002226556e-08
normalizer_only_minus_native,64,65,0.00010003585027728592,0.0,2.4615071816110747e-06,2.043396766343804e-07
normalizer_only_minus_native,65,66,-0.001457720377581064,0.00893146557056497,-1.9662460769338546e-05,-1.6573721721281532e-06
normalizer_only_minus_native,66,67,-0.0008454393940285597,0.005184302453757091,-3.198748962395379e-05,-2.7371159703766333e-06
normalizer_only_minus_native,67,68,0.0005144177394958446,0.005616262695334878,-2.395211860748616e-05,-2.08013290588641e-06
normalizer_only_minus_native,68,69,-0.0006978833988275752,0.0030800965792792704,-3.371923861067587e-05,-2.9714271572626245e-06
normalizer_only_minus_native,69,70,4.7989082006784194e-05,0.004028954559625196,-3.255197688756929e-05,-2.910138419067497e-06
normalizer_only_minus_native,70,71,-9.234829143992408e-05,0.0018447058973084381,-3.339417850098273e-05,-3.0280800428732745e-06
normalizer_only_minus_native,71,72,-0.000911656483574919,0.003457792593759972,-4.5592266071454074e-05,-4.192392282432558e-06
normalizer_only_minus_native,72,73,-0.0010789212208431288,0.006528708247770069,-5.974745723270989e-05,-5.570324876101944e-06
normalizer_only_minus_native,73,74,-0.0014338968936065642,0.00620589240806601,-7.831704421073493e-05,-7.401610819405345e-06
normalizer_only_minus_native,74,75,-0.0002847159781507685,0.0016615864907832591,-8.106902999660205e-05,-7.765232758295217e-06
normalizer_only_minus_native,75,76,-0.0023262997330033876,0.013215744207305834,-0.00011061153924669134,-1.073624135727783e-05
normalizer_only_minus_native,76,77,8.739943068014005e-05,0.00047174404003518634,-0.00010803996820868053,-1.0624620117584165e-05
normalizer_only_minus_native,77,78,-2.1552340637301074e-07,1.2270069880238779e-06,-0.00010665760353172787,-1.0624895370976723e-05
normalizer_only_minus_native,78,79,-1.9075503794321867e-07,1.3803782339812216e-07,-0.00010530992190522431,-1.062513899171484e-05
normalizer_only_minus_native,79,80,-1.1754586886615576e-07,5.45090282542511e-07,-0.00010399501720476979,-1.0625289114152724e-05
normalizer_only_minus_native,80,81,-2.2380318821209795e-07,1.9587728826562843e-07,-0.00010271389110579995,-1.0625574941979306e-05
normalizer_only_minus_native,81,82,-2.287423574823905e-07,1.2523702708953746e-07,-0.00010146407221862534,-1.0625867077812616e-05
normalizer_only_minus_native,82,83,-3.7147310356618897e-07,3.340276055902781e-07,-0.00010024608909675718,-1.0626341500677964e-05
normalizer_only_minus_native,83,84,-4.527297158666678e-07,4.6242135941222286e-07,-9.905807291365133e-05,-1.0626919699548802e-05
normalizer_only_minus_native,84,85,-4.222073778907465e-07,4.281587995727124e-07,-9.78976509661718e-05,-1.0627458917145086e-05
normalizer_only_minus_native,85,86,3.6699009089416375e-07,1.1704917964246519e-06,-9.675503886085707e-05,-1.0626990219710993e-05
normalizer_only_minus_native,86,87,-2.3294105238826209e-07,7.471488211588485e-07,-9.564558946075974e-05,-1.0627287717862193e-05
normalizer_only_minus_native,87,88,2.840170587905013e-06,2.9972983384701374e-06,-9.452643309657036e-05,-1.0623660424646478e-05
normalizer_only_minus_native,88,89,1.2752189466199548e-05,6.847487410794131e-06,-9.33210553149662e-05,-1.0607374103489134e-05
normalizer_only_minus_native,89,90,5.259638943481466e-05,2.145097345911159e-05,-9.169975037330196e-05,-1.054020119233356e-05
normalizer_only_minus_native,90,91,6.907259683684242e-05,2.9020495763414597e-05,-8.993302128308063e-05,-1.0451985870702856e-05
normalizer_only_minus_native,91,92,0.00011621796656558862,0.0001222546606721513,-8.769224967602985e-05,-1.0303559348907723e-05
normalizer_only_minus_native,92,93,-0.00040017404608824595,0.0027315749396102707,-9.105226899229024e-05,-1.0814637313260527e-05
normalizer_only_minus_native,93,94,-0.00044314614695013067,0.004247161112371708,-9.479794854503322e-05,-1.1380596632481638e-05
normalizer_only_minus_native,94,95,-0.0016437514710226158,0.014697024566745879,-0.00011110272246584989,-1.3479896084617802e-05
normalizer_only_minus_native,95,96,-0.0001477639127598036,0.002943510548265744,-0.0001114846098647452,-1.36686111711565e-05
normalizer_only_minus_native,96,97,0.0008665893475155908,0.0035219637279598234,-0.00010140137319072115,-1.2561855938058687e-05
normalizer_only_minus_native,97,98,0.0004259465942508178,0.003731707458910734,-9.602027148213402e-05,-1.2017862841952918e-05
normalizer_only_minus_native,98,99,0.0029599829141680476,0.0086806926939939,-6.515155243516249e-05,-8.237552606744682e-06
normalizer_only_minus_native,99,100,-0.004150199265089614,0.01790146004041605,-0.00010600202956170698,-1.3537934809924262e-05
normalizer_only_minus_native,100,101,-0.0019367481612973326,0.010676994076633374,-0.0001241282288858221,-1.601143182307539e-05
normalizer_only_minus_native,101,102,0.0005226403575446972,0.0027250927906513353,-0.00011778736039140524,-1.5343947330681143e-05
normalizer_only_minus_native,102,103,0.00026923450750799226,0.005610676860525719,-0.0001140298665283043,-1.5000097384949352e-05
normalizer_only_minus_native,103,104,-4.577952357611848e-05,0.0003961564467827578,-0.00011337361323068711,-1.5058564209439923e-05
normalizer_only_minus_native,104,105,1.2543014262734753e-05,5.910708491405022e-06,-0.00011217440725455931,-1.5042545034136305e-05
normalizer_only_minus_native,105,106,5.789542776274e-06,7.812443549947912e-06,-0.00011106153980143823,-1.5035150982059328e-05
normalizer_only_minus_native,106,107,-3.3583204561451363e-07,4.937195069758136e-07,-0.00011002672010278568,-1.5035579886332142e-05
normalizer_only_minus_native,107,108,4.290950419029263e-08,3.000240598181001e-07,-0.00010900755686568403,-1.5035525084921933e-05
normalizer_only_minus_native,108,109,-1.6371532291580017e-07,1.8448599751187603e-07,-0.00010800898951208064,-1.503573417217981e-05
normalizer_only_minus_native,109,110,-1.661897226383518e-07,1.8938926812231102e-07,-0.00010702860042308571,-1.5035946419590586e-05
normalizer_only_minus_native,110,111,-9.962999332015535e-08,4.660867775725312e-07,-0.00010606527636515989,-1.5036073660961363e-05
normalizer_only_minus_native,111,112,-1.8159406720522646e-07,4.409643199979096e-07,-0.00010511988634464245,-1.5036305581864566e-05
normalizer_only_minus_native,112,113,-2.878558879137096e-07,3.8324616691732727e-07,-0.00010419216926095458,-1.5036673213905322e-05
normalizer_only_minus_native,113,114,-1.0723029933565408e-07,5.862505664694985e-07,-0.00010327914348058951,-1.5036810161924909e-05
normalizer_only_minus_native,114,115,2.6449437005949915e-06,2.597812247010064e-06,-0.00010235806446162268,-1.5033432200621468e-05
normalizer_only_minus_native,115,116,4.618388976535849e-05,2.1201661538582034e-05,-0.00010107753037345907,-1.497444894421616e-05
normalizer_only_minus_native,116,117,8.314821390595326e-05,3.9376072743076276e-05,-9.95029513625239e-05,-1.486825710014725e-05
normalizer_only_minus_native,117,118,0.00024051504690331945,0.00012103065443412698,-9.662144290264389e-05,-1.4561085903591288e-05
normalizer_only_minus_native,118,119,-0.0011058682641424606,0.008066913243953968,-0.00010510250862734823,-1.5973433622802603e-05
normalizer_only_minus_native,119,120,0.0017854361930310938,0.007964838027063253,-8.934801944686121e-05,-1.3693183056990223e-05
normalizer_only_minus_native,120,121,-0.004368354448570287,0.03347342986952505,-0.00012471170894374904,-1.92721797984593e-05
normalizer_only_minus_native,121,122,-0.00019519331325684941,0.006440848461067491,-0.0001252894270118892,-1.952146883199295e-05
normalizer_only_minus_native,122,123,-0.002539402728990141,0.009408549866072969,-0.00014491636442634653,-2.276463962252953e-05
normalizer_only_minus_native,123,124,0.00044412801060979745,0.0025139343998152267,-0.00014016600656315182,-2.219742632673158e-05
normalizer_only_minus_native,124,125,0.0028259552194170937,0.013232958229946419,-0.00011643703675530984,-1.858828811547092e-05
normalizer_only_minus_native,125,126,-0.004235607568891159,0.02223752053699157,-0.00014912886637543559,-2.399774861213906e-05
normalizer_only_minus_native,126,127,-0.002580489737680205,0.029440277627257865,-0.00016827344016523695,-2.7293393232420297e-05
normalizer_only_minus_native,127,128,0.004006485506121383,0.01735769151641295,-0.00013565813589737276,-2.217655350557307e-05
normalizer_only_minus_native,128,129,-0.0005503849049567613,0.01877253557864174,-0.00013887307209163154,-2.2879471647280295e-05
normalizer_only_minus_native,129,130,-0.0004396550848698026,0.008407313325940219,-0.00014118677988223286,-2.344097239424045e-05
normalizer_only_minus_native,130,131,-0.004089401768077418,0.018335583878290665,-0.0001713258255936465,-2.866370773022694e-05
normalizer_only_minus_native,131,132,0.0006466538233373782,0.006350509192044635,-0.00016512901007144175,-2.7837840778327346e-05
normalizer_only_minus_native,132,133,0.004084430481829293,0.03223359498706095,-0.00013317743494436858,-2.2621454466923396e-05
normalizer_only_minus_native,133,134,-0.006043762799203203,0.02415851542915691,-0.00017728628094630016,-3.0340180902687383e-05
normalizer_only_minus_native,134,135,4.317839934273643e-05,0.0003079088811714551,-0.00017565320924045545,-3.0285036075940597e-05
normalizer_only_minus_native,135,136,2.218352068129808e-06,1.0870644101078294e-05,-0.00017434533011318645,-3.0282202931536855e-05
normalizer_only_minus_native,136,137,-4.889742317109801e-07,1.095439452517666e-06,-0.00017307630561770124,-3.028282741969996e-05
normalizer_only_minus_native,137,138,-3.614085247152227e-07,1.0363384811452298e-06,-0.00017182474839238975,-3.0283288988697045e-05
normalizer_only_minus_native,138,139,5.0489871294665484e-08,1.3859224728671935e-06,-0.00017058823588689557,-3.028322450610279e-05
normalizer_only_minus_native,139,140,-4.453318053467866e-07,1.856429282022114e-06,-0.00016937292942917025,-3.0283793256812052e-05
normalizer_only_minus_native,140,141,3.8671366209340523e-07,3.5678970186539553e-06,-0.0001681689603292322,-3.0283299369631855e-05
normalizer_only_minus_native,141,142,2.077037605149862e-06,9.109516771258464e-06,-0.0001669700448508211,-3.028064670346947e-05
normalizer_only_minus_native,142,143,1.932760867861753e-05,1.878564588168242e-05,-0.00016566726405690892,-3.0255962656625767e-05
normalizer_only_minus_native,143,144,0.0001841252565908234,0.0005188742602907745,-0.00016323814933018853,-3.0020809072218578e-05
normalizer_only_minus_native,144,145,0.00012680984833255036,0.0005496527708462242,-0.0001612378183118248,-2.985885524293052e-05
normalizer_only_minus_native,145,146,0.0006207521607296736,0.0011051259739786234,-0.0001558817225649652,-2.9066068319904116e-05
normalizer_only_minus_native,146,147,-0.0031505016644263655,0.01784433891577808,-0.0001762532867953149,-3.3089697520959504e-05
normalizer_only_minus_native,147,148,-0.0038340846187204444,0.019392021681372443,-0.00020096836336237653,-3.798635731498305e-05
normalizer_only_minus_native,148,149,-0.0020282403411928654,0.03182822379986313,-0.00021323193368338655,-4.0576702578320045e-05
normalizer_only_minus_native,149,150,0.0022016449355582346,0.01388244313405523,-0.00019713275455510908,-3.7764895508641585e-05
normalizer_only_minus_native,150,151,0.0007900833323343831,0.0218314591313196,-0.0001905948996750462,-3.675584910719282e-05
normalizer_only_minus_native,151,152,0.002237311453385884,0.04984496566715756,-0.00017462183156280328,-3.389849092917765e-05
normalizer_only_minus_native,152,153,-0.008028971350050417,0.07096415999687714,-0.00022595744933069615,-4.415260504163028e-05
normalizer_only_minus_native,153,154,0.001220915726787147,0.020705350503212885,-0.00021656216896629455,-4.259332569707454e-05
normalizer_only_minus_native,154,155,0.004583382182816172,0.02409664943749797,-0.000185594786051569,-3.673970860535529e-05
normalizer_only_minus_native,155,156,-0.00511979400059857,0.05254542497706887,-0.00021722426819610104,-4.327839826129216e-05
normalizer_only_minus_native,156,157,0.015253290724693253,0.05839644288635434,-0.00011868595613948096,-2.3797822623114317e-05
normalizer_only_minus_native,157,158,0.0009703080165603265,0.036497638190417236,-0.00011179358922365938,-2.2558604211159875e-05
normalizer_only_minus_native,158,159,-0.007475036304638138,0.025105803260086178,-0.0001581032918363291,-3.210526615833503e-05
normalizer_only_minus_native,159,160,0.003945102153267158,0.017689796518698578,-0.0001324582578044323,-2.7066821518147087e-05
normalizer_only_minus_native,160,161,0.0004153959542521977,0.010737135067690116,-0.00012905543661153397,-2.6536303058054876e-05
normalizer_only_minus_native,161,162,0.0034901872341790473,0.013080618124293238,-0.00010671443247085135,-2.207884809741752e-05
normalizer_only_minus_native,162,163,-6.717667283234185e-05,0.000979452142137132,-0.0001064718695282838,-2.216464206016636e-05
normalizer_only_minus_native,163,164,2.1530397839339955e-05,3.735686772269457e-05,-0.00010569136789799343,-2.2137144744918164e-05
normalizer_only_minus_native,164,165,3.839080895855988e-07,7.847603347546738e-06,-0.00010504848743746263,-2.2136654440844615e-05
normalizer_only_minus_native,165,166,-3.1829608371698413e-07,1.475470211683527e-06,-0.00010441758267027139,-2.213706094925294e-05
normalizer_only_minus_native,166,167,-1.603620594914519e-07,1.398271171277195e-06,-0.00010379328793607508,-2.2137265753926615e-05
normalizer_only_minus_native,167,168,-2.959800272506872e-07,1.4835804271021682e-06,-0.0001031772325318559,-2.2137643761624258e-05
normalizer_only_minus_native,168,169,2.9914553414768144e-07,3.0947734056838863e-06,-0.00010256494627111034,-2.213726171113365e-05
normalizer_only_minus_native,169,170,1.918870707330677e-05,2.8517630134970196e-05,-0.00010184874831026078,-2.211275506097616e-05
normalizer_only_minus_native,170,171,0.00015828788644675341,0.00028853542328678234,-0.00010032748144033672,-2.191059939501607e-05
normalizer_only_minus_native,171,172,0.0005454910497027531,0.001630185886658776,-9.657272253834203e-05,-2.121393138773286e-05
normalizer_only_minus_native,172,173,-0.002150845519380113,0.018316659578149,-0.00010844713176864129,-2.396086053125791e-05
normalizer_only_minus_native,173,174,0.007404106482825544,0.046951214721266905,-6.527153628246778e-05,-1.4504785840548394e-05
normalizer_only_minus_native,174,175,-0.0015161228847995185,0.04001805930001543,-7.356211541685089e-05,-1.6441085821135257e-05
normalizer_only_minus_native,175,176,-0.001854532941540781,0.02627645902683952,-8.368126783800969e-05,-1.88095825536267e-05
normalizer_only_minus_native,176,177,0.0032590621823272393,0.0244595206958619,-6.479571162238682e-05,-1.464730645870047e-05
normalizer_only_minus_native,177,178,0.0012136415824713018,0.019179387404908012,-5.76134796330964e-05,-1.3097317209056397e-05
normalizer_only_minus_native,178,179,0.00477767654719153,0.023563293453531094,-3.060068618714878e-05,-6.995559166666196e-06
normalizer_only_minus_native,179,180,-0.013779561694926269,0.059472963740647845,-0.00010698380290236614,-2.459397767870486e-05
normalizer_only_minus_native,180,181,0.015336812708237012,0.07128460068264139,-2.165896029938611e-05,-5.006732840598832e-06
normalizer_only_minus_native,181,182,0.01663216218317864,0.07146896773306713,6.984555147796565e-05,1.6234853600242337e-05
normalizer_only_minus_native,182,183,0.007629088964554704,0.049617849505076486,0.00011115289253302979,2.5978262239520373e-05
normalizer_only_minus_native,183,184,0.0030786812514622714,0.051084507881211424,0.00012728076404894964,2.9910166775232096e-05
normalizer_only_minus_native,184,185,0.007094451642682069,0.032655520167750446,0.0001649411471766962,3.8970769128593606e-05
normalizer_only_minus_native,185,186,0.011202892893629142,0.035067504273594945,0.00022428497377052658,5.327842288801781e-05
normalizer_only_minus_native,186,187,0.027965302499775045,0.15216888214937133,0.0003726326610753635,8.899400717891824e-05
normalizer_only_minus_native,187,188,-0.011405772920579902,0.0416162436242241,0.0003099815675559207,7.442724738251992e-05
normalizer_only_minus_native,188,189,0.004322747678448831,0.03918283615547757,0.00033121313428022183,7.994799792970872e-05
normalizer_only_minus_native,189,190,-0.0006121031481374915,0.004910168030765193,0.00032624831174118117,7.916625699977576e-05
normalizer_only_minus_native,190,191,0.0024845760366735336,0.013104072659873262,0.0003375484568978951,8.233940647190033e-05
normalizer_only_minus_native,191,192,9.287165183826053e-05,0.00023376171993727698,0.0003362740985382094,8.245801649979081e-05
normalizer_only_minus_native,192,193,1.2955390748343428e-05,3.264604691849847e-05,0.000334598872072977,8.247456233727275e-05
normalizer_only_minus_native,193,194,8.511829479034575e-07,3.182491678998147e-06,0.00033287852315996115,8.247564941638884e-05
normalizer_only_minus_native,194,195,4.861621607574555e-07,2.5040146263157133e-06,0.0003311739469497088,8.247627031314588e-05
normalizer_only_minus_native,195,196,3.845932924874135e-06,9.833437225899463e-06,0.000329503906061827,8.248118210487623e-05
normalizer_only_minus_native,196,197,4.398973439399588e-05,0.00010538216713471956,0.0003280545955457466,8.253736311942794e-05
normalizer_only_minus_native,197,198,0.00039229493108361424,0.0009263061469176917,0.0003283790416848268,8.303837835708264e-05
normalizer_only_minus_native,198,199,0.0006587602744407764,0.0015327000338737917,0.00033003924888460554,8.387970693235825e-05
normalizer_only_minus_native,199,200,0.0008339336136075423,0.0016975510496856836,0.00033255872070822015,8.494475624731038e-05
normalizer_only_minus_native,200,201,-0.004355404312645537,0.03650334977881496,0.00030923552153730595,7.938229863218199e-05
normalizer_only_minus_native,201,202,0.012388075034414105,0.09717490261457921,0.0003690317567495672,9.520359497242986e-05
normalizer_only_minus_native,202,203,-0.0037683807472470975,0.0953011572880781,0.0003486504143653472,9.039084816879372e-05
normalizer_only_minus_native,203,204,-0.024444595812993304,0.0757287644706379,0.0002271148936430009,5.917169642806154e-05
normalizer_only_minus_native,204,205,0.006105941278574755,0.02557645090218223,0.00025579209552071674,6.696983343773555e-05
normalizer_only_minus_native,205,206,-0.006424268416278111,0.03849368233781123,0.0002233646173081011,5.8765148359474876e-05
normalizer_only_minus_native,206,207,-0.10092883798666996,0.6137952343511176,-0.0002652933662859958,-7.013502786871152e-05
normalizer_only_minus_native,207,208,0.010127723009004825,0.033855611984192256,-0.00021532694140478998,-5.720051572438866e-05
normalizer_only_minus_native,208,209,-0.024890814780827,0.11409962371053575,-0.0003333914765216426,-8.898955120437203e-05
normalizer_only_minus_native,209,210,0.005136964766740228,0.05813698078524486,-0.00030734216107753846,-8.242893208976128e-05
normalizer_only_minus_native,210,211,0.03358225126867947,0.09258706900511811,-0.00014672797420665215,-3.953972229579004e-05
normalizer_only_minus_native,211,212,0.02140844503071918,0.04872277751715363,-4.505262984379441e-05,-1.2198157761027351e-05
normalizer_only_minus_native,212,213,0.004389998824839212,0.06856634737181368,-2.4230792028381214e-05,-6.59151813798876e-06
normalizer_only_minus_native,213,214,0.005343745046005823,0.03541073007151636,8.532072147692633e-07,2.3318817874919839e-07
normalizer_only_minus_native,214,215,0.035242846496827164,0.2220794524620997,0.00016476945507343165,4.524320924749401e-05
normalizer_only_minus_native,215,216,-0.017403979552338925,0.05253033373503626,8.34326541131892e-05,2.3015904582948747e-05
normalizer_only_minus_native,216,217,-0.00646433157029744,0.03134790018449394,5.32586254292692e-05,1.4760053279886866e-05
normalizer_only_minus_native,217,218,0.004804889293340728,0.023518889401614753,7.505509638299164e-05,2.0896565787346334e-05
normalizer_only_minus_native,218,219,0.0071091633969591886,0.031213004572059614,0.00010717431236735772,2.9975957098916143e-05
normalizer_only_minus_native,219,220,-0.00021664065151708126,0.001127508275744493,0.00010570242616788287,2.969927682877935e-05
normalizer_only_minus_native,220,221,1.213563544430483e-09,5.979153921475322e-06,0.0001052241401379991,2.9699278378668968e-05
normalizer_only_minus_native,221,222,5.299368657705573e-07,2.0275370632962175e-06,0.00010475254462776387,2.969995518181811e-05
normalizer_only_minus_native,222,223,3.737849367286369e-07,2.2173519616235597e-06,0.00010428447844080854,2.9700432557216225e-05
normalizer_only_minus_native,223,224,7.436176636494815e-08,2.576067746166945e-06,0.00010381925470565479,2.9700527527543644e-05
normalizer_only_minus_native,224,225,-4.57282287311258e-06,2.7846680878242477e-05,0.00010333751213863799,2.9694687396160342e-05
normalizer_only_minus_native,225,226,8.325798021010054e-05,0.00039013332843292,0.00010324866465222846,2.980101942707999e-05
normalizer_only_minus_native,226,227,0.0006523300234952808,0.0023893089126886553,0.00010566752526387186,3.063413567675468e-05
normalizer_only_minus_native,227,228,-0.00792443952248216,0.046802798043617956,7.044775751059979e-05,2.051352325979151e-05
normalizer_only_minus_native,228,229,0.008214617272216968,0.039596583032519284,0.00010601181652678485,3.1004733058280625e-05
normalizer_only_minus_native,229,230,0.03634394862131309,0.1557369977851951,0.0002635680635041166,7.742101482240973e-05
normalizer_only_minus_native,230,231,0.016181635223780626,0.08130321861564108,0.00033247744515033524,9.808721561906442e-05
normalizer_only_minus_native,231,232,0.008978527984328268,0.05242667304057784,0.00036974490437092984,0.00010955404573953476
normalizer_only_minus_native,232,233,-0.0029530322517407875,0.017107993617088015,0.0003554840582073601,0.00010578261246783513
normalizer_only_minus_native,233,234,0.013104873103750445,0.06977248135412253,0.00040996862677805717,0.0001225193597267757
normalizer_only_minus_native,234,235,0.00033249405030180007,0.027976432334222433,0.0004096389477292222,0.00012294400091490064
normalizer_only_minus_native,235,236,0.00381675200734006,0.02899455342123133,0.0004240758674733358,0.00012781852455135025
normalizer_only_minus_native,236,237,-0.02086302686231469,0.14025832287219694,0.00033425686861347076,0.00010117353494430725
normalizer_only_minus_native,237,238,0.0002641605078496211,0.043954159346486193,0.00033396234608925294,0.00010151090468613308
normalizer_only_minus_native,238,239,-0.007355037832280625,0.033274905343300576,0.00030179079722578053,9.211749749292661e-05
normalizer_only_minus_native,239,240,-0.008287429277972705,0.030608073033494596,0.00026600238024578683,8.15332966270611e-05
normalizer_only_minus_native,240,241,-0.008578923476148918,0.04305584958146255,0.00022930144308232341,7.05768170917496e-05
normalizer_only_minus_native,241,242,0.016881357495113356,0.07097670375723597,0.0002981115920576581,9.213666063595562e-05
normalizer_only_minus_native,242,243,0.057546696007018346,0.23698437623509871,0.0005337024744237513,0.00016563180240737108
normalizer_only_minus_native,243,244,-0.011517293934269614,0.09039504105779607,0.00048431314487992614,0.00015092261475185438
normalizer_only_minus_native,244,245,0.0008637333888635692,0.026134282205413632,0.0004858617989370022,0.00015202572252818075
normalizer_only_minus_native,245,246,0.004702100581749528,0.0339494485771211,0.0005030009809809555,0.0001580309595419094
normalizer_only_minus_native,246,247,0.006178528574328055,0.03601362601234303,0.0005259788254884339,0.00016592180063300531
normalizer_only_minus_native,247,248,0.004197063788731129,0.02409624633424236,0.0005407815874369932,0.0001712820353567999
normalizer_only_minus_native,248,249,3.867210966586599e-06,1.7384487583983478e-05,0.0005386253048005657,0.00017128697432355154
normalizer_only_minus_native,249,250,7.84981457407749e-07,1.8254874188174425e-06,0.000536473943507193,0.00017128797685414846
normalizer_only_minus_native,250,251,8.324800303461072e-07,1.6354337892769433e-06,0.0005343399137722254,0.00017128904004703522
normalizer_only_minus_native,251,252,9.068841176785677e-07,1.7457378105444057e-06,0.0005322231160355012,0.00017129019826429923
normalizer_only_minus_native,252,253,6.771931968891207e-07,2.2272818987578828e-06,0.0005301221440084712,0.0001712910631342825
normalizer_only_minus_native,253,254,4.746021768772349e-06,2.3675482457661518e-05,0.0005280537340783935,0.0001712971244647662
normalizer_only_minus_native,254,255,0.00020751730836092433,0.0010843119288171323,0.0005267967284873447,0.00017156215295564866
normalizer_only_minus_native,255,256,0.004156411181804202,0.023116513106333548,0.0005409749099456137,0.00017687046864122235
normalizer_only_minus_native,256,257,0.01586577629741035,0.0729380011237096,0.0006006044873287451,0.00019713327361875797
normalizer_only_minus_native,257,258,-0.012879290030872959,0.11341810997943726,0.0005483568341574204,0.0001806846273468895
normalizer_only_minus_native,258,259,0.019606672833862006,0.08019570660236455,0.0006219410658165115,0.00020572507796484866
normalizer_only_minus_native,259,260,-0.02904910610322748,0.17290285210039688,0.0005078216536278809,0.0001686253255980192
normalizer_only_minus_native,260,261,-0.005504479484295971,0.06729274492946312,0.0004847860170841112,0.00016159533902803706
normalizer_only_minus_native,261,262,-0.013375723208289505,0.06418782876091303,0.0004318833101170364,0.0001445126784810518
normalizer_only_minus_native,262,263,-0.003188424907660194,0.05480658679778349,0.00041811787963119137,0.00014044061601916133
normalizer_only_minus_native,263,264,0.003913921043071648,0.06368049785320458,0.00043135955828058694,0.0001454392380409642
normalizer_only_minus_native,264,265,-0.0016500190089161733,0.1316863120453676,0.00042350529953644834,0.0001433319340704455
normalizer_only_minus_native,265,266,-0.00041024084607766136,0.023371328186844394,0.00042037091553038034,0.00014280799940112536
normalizer_only_minus_native,266,267,0.0009913167363676569,0.07348566075731128,0.00042250928939119406,0.0001440740488728593
normalizer_only_minus_native,267,268,0.012119328511483212,0.05699844430176481,0.0004661541372348211,0.00015955211849161182
normalizer_only_minus_native,268,269,-0.011633348428814552,0.0791035831472063,0.00042117457379225824,0.0001446947130908269
normalizer_only_minus_native,269,270,0.007466923829478653,0.0900135936655959,0.00044726994140591137,0.00015423101427790048
normalizer_only_minus_native,270,271,0.0057970434678008016,0.08390321492054469,0.00046701080312692593,0.00016163464578211614
normalizer_only_minus_native,271,272,0.006625809441815138,0.02910183136453934,0.0004896534451809269,0.00017009672680614574
normalizer_only_minus_native,272,273,-0.0032275435526360275,0.018993523218408057,0.00047603733896181707,0.00016597470438898602
normalizer_only_minus_native,273,274,0.002453902866601544,0.015505641076321915,0.0004832558262889693,0.00016910867995297265
normalizer_only_minus_native,274,275,-0.0007696630773267706,0.005308911412123348,0.00047869975754854854,0.00016812571305983506
normalizer_only_minus_native,275,276,-0.00931264541576545,0.052669759266610244,0.0004432238692394398,0.000156232168467542
normalizer_only_minus_native,276,277,-7.330515970527195e-07,9.79746682732632e-06,0.00044162113667324315,0.00015623123225860582
normalizer_only_minus_native,277,278,5.371015226673967e-07,1.441819407786361e-06,0.000440034503453277,0.00015623191821201917
normalizer_only_minus_native,278,279,7.057134174683092e-07,1.8399805641433713e-06,0.00043845984829185824,0.0001562328195062943
normalizer_only_minus_native,279,280,7.263369285798082e-07,1.5498629552557992e-06,0.0004368965143227036,0.0001562337471396641
normalizer_only_minus_native,280,281,8.65795771123383e-07,1.6492275140768992e-06,0.0004353448035805271,0.00015623485288138967
normalizer_only_minus_native,281,282,9.123866339671089e-06,3.537939122045559e-05,0.00043383338181726173,0.00015624650532882224
normalizer_only_minus_native,282,283,0.0001037367375698842,0.0006165771679918745,0.0004326669625796384,0.00015637899158370071
normalizer_only_minus_native,283,284,0.004511477556911545,0.01867114063945075,0.0004470289717146099,0.00016214077645842811
normalizer_only_minus_native,284,285,0.004449577580512734,0.05646690160653668,0.0004610730019209192,0.0001678235064463116
normalizer_only_minus_native,285,286,-0.01576030504313143,0.06705111980657803,0.0004043548968682885,0.00014769540294295083
normalizer_only_minus_native,286,287,0.022774283854347196,0.06978246633470749,0.000482298900204452,0.00017678133379141472
normalizer_only_minus_native,287,288,-0.0010458103749976261,0.030861454912738763,0.0004769929652211117,0.00017544568835719051
normalizer_only_minus_native,288,289,0.0016932709955462975,0.045025223951994944,0.00048120153972050657,0.0001776082311356659
normalizer_only_minus_native,289,290,0.005075205730477066,0.053111057187751526,0.000497042933481736,0.00018408997536360593
normalizer_only_minus_native,290,291,0.015925167532320008,0.10368463193253931,0.0005500605437870224,0.00020442863121586654
normalizer_only_minus_native,291,292,0.01947443117035342,0.08436760826940383,0.0006148700322341676,0.0002293001908204048
normalizer_only_minus_native,292,293,0.037301688953814666,0.13724251445440544,0.0007400810183146471,0.0002769396403144209
normalizer_only_minus_native,293,294,0.031704431503683905,0.383090670564601,0.0008454019383329097,0.0003174306128606328
normalizer_only_minus_native,294,295,-0.00843172587934998,0.15133142854553627,0.0008139540474255101,0.0003066621251475421
normalizer_only_minus_native,295,296,0.020573223466974825,0.1344626500070497,0.0008807083360050685,0.0003329369954757347
normalizer_only_minus_native,296,297,0.0058393016516154524,0.05836680854265205,0.000897403936394329,0.0003403945965633662
normalizer_only_minus_native,297,298,-0.0036943344064114215,0.029203235457582032,0.0008819954184654509,0.00033567641724483317
normalizer_only_minus_native,298,299,0.024189141898245503,0.08126463109298437,0.0009599457411403003,0.0003665693187751594
normalizer_only_minus_native,299,300,-0.0038882564027973394,0.02409380808381121,0.0009437850673271751,0.0003616034740717146
normalizer_only_minus_native,300,301,0.015598906169324224,0.11379746167871949,0.0009924731773005872,0.00038152544874518106
normalizer_only_minus_native,301,302,-0.007961447037942245,0.05533098890219125,0.0009628244348660083,0.0003713575725792267
normalizer_only_minus_native,302,303,0.008357524552785767,0.035423286515147284,0.0009872293857502317,0.0003820312948688636
normalizer_only_minus_native,303,304,-0.0018929449290144913,0.010702078202465376,0.0009777551281358742,0.00037961374068110564
normalizer_only_minus_native,304,305,6.591223309783306e-07,4.133834350749337e-06,0.0009745515346742188,0.00037961458247207753
normalizer_only_minus_native,305,306,9.613356482651265e-07,1.4758516326923309e-06,0.0009713698673571406,0.0003796158102315262
normalizer_only_minus_native,306,307,9.721912095019343e-07,1.6219984399677132e-06,0.0009682089628745751,0.00037961705185503774
normalizer_only_minus_native,307,308,1.0507821413073083e-06,1.518450655146805e-06,0.0009650688389111552,0.00037961839385010956
normalizer_only_minus_native,308,309,1.0168382280217835e-06,1.6253916107277934e-06,0.0009619489295238313,0.000379619692494079
normalizer_only_minus_native,309,310,9.092149517785487e-07,4.113287777115816e-06,0.0009588488014123084,0.00037962085368814253
normalizer_only_minus_native,310,311,0.0006745525700833049,0.0038125692379219556,0.0009579346656202538,0.0003804823512233703
normalizer_only_minus_native,311,312,-0.0004969820906918278,0.0027614694103731624,0.0009532714708884842,0.00037984763590958757
normalizer_only_minus_native,312,313,0.0359876314499506,0.19946332707389822,0.0010652023334413985,0.00042580885104362415
normalizer_only_minus_native,313,314,0.022321984584069424,0.1389857683330279,0.0011328990922013604,0.00045431713276018797
normalizer_only_minus_native,314,315,0.0017275382180107074,0.04595372358306175,0.001134786835457898,0.0004565234395520279
normalizer_only_minus_native,315,316,0.036272686007672486,0.12701013126030858,0.001245982718914273,0.0005028487090381996
normalizer_only_minus_native,316,317,0.05083911291715789,0.326497429154463,0.001402427924586966,0.0005677773334534715
normalizer_only_minus_native,317,318,7.265261890508027e-05,0.055721173090427845,0.0013982462412357652,0.0005678701209616518
normalizer_only_minus_native,318,319,0.04962034332584648,0.2734412477222951,0.0015494126897768645,0.00063124220694613
normalizer_only_minus_native,319,320,-0.017250368267453766,0.06102440897285937,0.0014906633742855185,0.0006092110852763294
normalizer_only_minus_native,320,321,0.01871300017014152,0.08118718449004836,0.001544315513836472,0.0006331101914961782
normalizer_only_minus_native,321,322,0.0013258513013216736,0.05480874609225833,0.0015436370535491589,0.0006348034881773042
normalizer_only_minus_native,322,323,0.0022297396340623388,0.03579573387068549,0.0015457612101451748,0.000637651176087984
normalizer_only_minus_native,323,324,0.013193641761870888,0.05320113637900932,0.0015817114587616124,0.0006545012932806673
normalizer_only_minus_native,324,325,0.00904129793812707,0.09024924346772398,0.0016046640325442757,0.0006660482893702293
normalizer_only_minus_native,325,326,0.010571946252296582,0.0625502186294549,0.0016321710332183623,0.0006795501364357422
normalizer_only_minus_native,326,327,0.012358979969886169,0.09745864629939122,0.001664974730272392,0.0006953342743283169
normalizer_only_minus_native,327,328,-0.0012717801394814795,0.0352800235125409,0.0016560212093280208,0.0006937100340480087
normalizer_only_minus_native,328,329,0.0016663021699338948,0.07581362038691122,0.001656052458448403,0.0006958381338818961
normalizer_only_minus_native,329,330,0.017204651758949564,0.07472234099576407,0.0017031694260256796,0.0007178108692062252
normalizer_only_minus_native,330,331,0.0030253501933123705,0.032229797118916235,0.0017071639298543405,0.0007216746625565603
normalizer_only_minus_native,331,332,8.13601960214536e-07,1.1253478493170893e-05,0.0017020243204329724,0.0007216757016395235
normalizer_only_minus_native,332,333,3.849953781895698e-06,1.8584053949540226e-05,0.0016969246977102965,0.0007216806185664479
normalizer_only_minus_native,333,334,1.5464051285083857e-06,3.827525220362506e-06,0.001691848714798375,0.0007216825935410692
normalizer_only_minus_native,334,335,1.5521608377120393e-06,3.0668091129403684e-06,0.0016868030534432686,0.0007216845758665325
normalizer_only_minus_native,335,336,1.4370728708231045e-06,2.830062992343571e-06,0.0016817870832629932,0.0007216864112086407
normalizer_only_minus_native,336,337,1.8896600488645388e-06,3.7125896586073995e-06,0.0016768022244403992,0.0007216888245675793
normalizer_only_minus_native,337,338,1.5488570658261247e-07,5.786511473956698e-06,0.001671841729355388,0.0007216890223781879
normalizer_only_minus_native,338,339,-1.950838535670412e-05,0.00011014849683383521,0.0016668524959786563,0.0007216641074543607
normalizer_only_minus_native,339,340,-0.00035339930627606376,0.00197118775660952,0.001660910578913201,0.0007212127673441741
normalizer_only_minus_native,340,341,-0.02011382722209746,0.17312864345083803,0.0015970550428398562,0.0006955246099724022
normalizer_only_minus_native,341,342,-0.018260673782008116,0.23389273417377063,0.0015389915082642772,0.0006722031875177303
normalizer_only_minus_native,342,343,0.0036541315266169906,0.06524793139782968,0.0015451580972390669,0.0006768700221621965
normalizer_only_minus_native,343,344,0.007609001421035095,0.028650260843082226,0.0015627855487617295,0.0006865877762120497
normalizer_only_minus_native,344,345,0.0012908172265823326,0.1047212733877189,0.001561997234784398,0.000688236329502704
normalizer_only_minus_native,345,346,-0.0007973559655662342,0.17131143590723868,0.0015551782948989912,0.0006872179949362081
normalizer_only_minus_native,346,347,-0.003648459206077278,0.084251047885804,0.0015401822214091462,0.0006825584046347046
normalizer_only_minus_native,347,348,-0.012921861363977914,0.06569750779870599,0.0014986246248994133,0.0006660553888441837
normalizer_only_minus_native,348,349,0.005600289442639884,0.05652802392389329,0.001510377246153684,0.0006732077380685003
normalizer_only_minus_native,349,350,-0.01319090538294553,0.10124968107096662,0.001468373581499115,0.0006563611156126312
normalizer_only_minus_native,350,351,-0.005171903679672065,0.042455928892376114,0.0014494554126638695,0.0006497558746424243
normalizer_only_minus_native,351,352,-0.0031286045454480133,0.0633792634273471,0.001436449560510142,0.000645760211110562
normalizer_only_minus_native,352,353,-0.005561399522670713,0.06707950644173045,0.0014166256254303099,0.0006386575297278409
normalizer_only_minus_native,353,354,0.0011705977715942657,0.10955701379503066,0.0014159306314929197,0.0006401525460389446
normalizer_only_minus_native,354,355,0.019102999073087233,0.042207142519941517,0.001465753359497411,0.0006645497351488901
normalizer_only_minus_native,355,356,0.01675985675167261,0.06342419364235782,0.0015087143240821727,0.0006859544053298257
normalizer_only_minus_native,356,357,-0.01862061664648907,0.22717271584536092,0.0014523296434923374,0.0006621732857302227
normalizer_only_minus_native,357,358,0.00523870146931758,0.04656964416009654,0.0014629061011063743,0.0006688638367766054
normalizer_only_minus_native,358,359,-0.0023866384301911153,0.018074005522003164,0.0014521831358381362,0.0006658157672616742
normalizer_only_minus_native,359,360,1.011934088598128e-05,4.3562401045447584e-05,0.00144817740307438,0.0006658286910686804
normalizer_only_minus_native,360,361,2.050770246155313e-06,8.703780576838942e-06,0.0014441715121247174,0.0006658313101877688
normalizer_only_minus_native,361,362,1.5546325743249575e-06,6.144779015175916e-06,0.001440186382623197,0.0006658332956699837
normalizer_only_minus_native,362,363,1.0656422023027749e-06,2.579320609940858e-06,0.001436221862677134,0.0006658346566434223
normalizer_only_minus_native,363,364,1.0597067701063587e-06,2.6159311951964905e-06,0.0014322791095015652,0.0006658360100364875
normalizer_only_minus_native,364,365,1.1483636882037045e-06,2.9458288959687403e-06,0.0014283582033486517,0.0006658374766567789
normalizer_only_minus_native,365,366,1.3389103835666257e-06,4.520593627510761e-06,0.0014244592435318077,0.0006658391866317261
normalizer_only_minus_native,366,367,0.00015913819748767332,0.0009071391040661712,0.0014210115022619324,0.0006660424282632556
normalizer_only_minus_native,367,368,0.00016614536754459757,0.0009416452998369421,0.0014176015399393314,0.0006662546190264035
normalizer_only_minus_native,368,369,-0.011289919407833856,0.06974610122947565,0.0013831638137936043,0.0006518358202935377
normalizer_only_minus_native,369,370,-0.007798201102400762,0.11661186069485958,0.0013583493140201062,0.0006418764319124384
normalizer_only_minus_native,370,371,-0.009785192324724065,0.09612614743967784,0.0013283128136461326,0.000629379379135013
normalizer_only_minus_native,371,372,-0.006603675349478164,0.06568341481182191,0.0013069902648205297,0.0006209455664281444
normalizer_only_minus_native,372,373,0.03985062247403216,0.18059075806693103,0.001410324399429676,0.0006718403588598585
normalizer_only_minus_native,373,374,0.03935384137166535,0.22863453712911494,0.001511777653366135,0.0007221006926678602
normalizer_only_minus_native,374,375,0.019824063101671265,0.08945513349494247,0.0015606104145616158,0.0007474187809203141
normalizer_only_minus_native,375,376,0.030384140902669485,0.1779340799430813,0.0016372687403278599,0.0007862235585737871
normalizer_only_minus_native,376,377,0.01911402779841547,0.12651129141660922,0.0016836261914103202,0.0008106348329012653
normalizer_only_minus_native,377,378,0.0009941250403696974,0.06464571899983464,0.0016818021142911653,0.0008119044689681488
normalizer_only_minus_native,378,379,0.01637647437610473,0.09162288618972059,0.00172057433661785,0.0008328195064855238
normalizer_only_minus_native,379,380,-0.0005160706657984639,0.03547552284983938,0.0017146884287167544,0.0008321604124040443
normalizer_only_minus_native,380,381,-0.005762318586458329,0.11684981027828854,0.001695063738388211,0.0008248011294072904
normalizer_only_minus_native,381,382,-0.013689893085299599,0.08474640633129692,0.0016547889823052585,0.0008073172301923484
normalizer_only_minus_native,382,383,-0.03125083984032652,0.11152596134524868,0.0015688735023506061,0.0007674055573439108
normalizer_only_minus_native,383,384,-0.026545896454868767,0.15219479648657702,0.0014956579555870143,0.0007335027521652791
normalizer_only_minus_native,384,385,-0.007471833103983517,0.030735790444297532,0.0014723657710167012,0.0007239601811512515
normalizer_only_minus_native,385,386,-0.003018880145731953,0.021133868824500156,0.001460730418900772,0.0007201046509523602
normalizer_only_minus_native,386,387,0.017509052513274795,0.08163235171569921,0.0015021989514443742,0.0007424661484150356
normalizer_only_minus_native,387,388,-0.002849093500361377,0.01610972969579034,0.0014909842801768334,0.0007388274593979711
normalizer_only_minus_native,388,389,0.002036593250644717,0.011538089064456273,0.0014923868739312495,0.0007414284724894713
normalizer_only_minus_native,389,390,6.271154635788515e-05,0.0003396919949854831,0.0014887210397579848,0.0007415085638641304
normalizer_only_minus_native,390,391,2.46415028780905e-06,7.554655694783658e-06,0.0014849198712427157,0.0007415117109270777
normalizer_only_minus_native,391,392,2.1199211423315122e-06,6.486689729745251e-06,0.001481137218308786,0.0007415144183614867
normalizer_only_minus_native,392,393,1.7988673486098506e-06,5.127377688547075e-06,0.0014773729985862408,0.0007415167157655079
normalizer_only_minus_native,393,394,1.3413493717783875e-06,3.5286924909860936e-06,0.0014736267253648847,0.0007415184288553826
normalizer_only_minus_native,394,395,-0.00024312690530950944,0.0013759347448013201,0.0014692805136416582,0.0007412079219520498
normalizer_only_minus_native,395,396,0.0005543315191356648,0.0031327824134092896,0.0014669700363828045,0.0007419158804694644
normalizer_only_minus_native,396,397,0.0029508353409531786,0.025260090391883715,0.00147070773236409,0.0007456845079802603
normalizer_only_minus_native,397,398,-0.005826080471966328,0.05395821921822333,0.0014523740936597427,0.0007382437921795372
normalizer_only_minus_native,398,399,-0.012045574444128022,0.03824982906481356,0.0014185446487028812,0.0007228599167719662
normalizer_only_minus_native,399,400,-0.0009548463840712996,0.055583516363066646,0.0014126111711209451,0.0007216404450170856
normalizer_only_minus_native,400,401,-0.007820935664525863,0.0816190387765816,0.0013895848697851678,0.0007116520214353158
normalizer_only_minus_native,401,402,-0.022021876909419667,0.059483785160865936,0.0013313474026727182,0.0006835270189967212
normalizer_only_minus_native,402,403,0.006722504481570456,0.10152969510814323,0.0013447249636625385,0.0006921125930472579
normalizer_only_minus_native,403,404,-0.026358787339902164,0.1562437151760283,0.0012761519134061904,0.0006584487522555567
normalizer_only_minus_native,404,405,-0.0005017062716653566,0.04594382848237831,0.0012717621401097175,0.0006578080035050263
normalizer_only_minus_native,405,406,0.009221873009835293,0.05769539547788775,0.0012913436939760365,0.0006695856190986856
normalizer_only_minus_native,406,407,-0.011949107867825385,0.07402687675598445,0.0012588118719568686,0.0006543249449379891
normalizer_only_minus_native,407,408,0.019028961759091672,0.12564980608370432,0.0013023661608959247,0.000678627578091363
normalizer_only_minus_native,408,409,0.020767246874421406,0.1284652719661143,0.0013499575562835172,0.000705150243320509
normalizer_only_minus_native,409,410,0.015618778355982844,0.20583706818043893,0.0013847595582340035,0.0007250975975427093
normalizer_only_minus_native,410,411,0.021844376332444137,0.11598092174035798,0.0014345396477089673,0.0007529959070349751
normalizer_only_minus_native,411,412,-0.009332676239884112,0.10943948896003647,0.001408405628564324,0.0007410767802918281
normalizer_only_minus_native,412,413,-0.011193305217169738,0.08936720872776648,0.001377893011504435,0.0007267813713299256
normalizer_only_minus_native,413,414,0.015673358626614516,0.13467268063723578,0.0014124231216858603,0.0007467984321557422
normalizer_only_minus_native,414,415,-0.0022742556927066743,0.08341397423482488,0.0014035395582776855,0.0007438938910411742
normalizer_only_minus_native,415,416,0.06093346200091908,0.33554693479340636,0.0015466403333801889,0.0008217144044523098
normalizer_only_minus_native,416,417,0.0013656201382869467,0.009975133603908979,0.0015462062321929147,0.0008234584914743876
normalizer_only_minus_native,417,418,2.0716442425765338e-05,0.00010978520804630667,0.001542556735088209,0.0008234849492552637
normalizer_only_minus_native,418,419,1.5818410005434075e-06,2.7850099354448983e-06,0.0015388789907109113,0.0008234869694864264
normalizer_only_minus_native,419,420,1.6019063312170019e-06,2.458822693205172e-06,0.0015352188071766743,0.0008234890153438099
normalizer_only_minus_native,420,421,1.8094161157300017e-06,3.071514331077782e-06,0.0015315765045850803,0.0008234913262200751
normalizer_only_minus_native,421,422,4.682126927670925e-05,0.0002559217413296291,0.0015280581272502265,0.000823551123498845
normalizer_only_minus_native,422,423,-0.00014861100069598823,0.0008964687816861483,0.001524094370446571,0.00082336132656309
normalizer_only_minus_native,423,424,0.007234595165901449,0.03322439537351355,0.0015375625327000023,0.0008326009117047267
normalizer_only_minus_native,424,425,0.01101035391075851,0.06133241138958151,0.001559851453589552,0.000846662666380025
normalizer_only_minus_native,425,426,0.017635468429169025,0.08271354689825584,0.0015975876436730718,0.000869185614565426
normalizer_only_minus_native,426,427,0.0755609899745802,0.3939334603797024,0.0017708040425744938,0.0009656875174703817
normalizer_only_minus_native,427,428,0.024918878116921818,0.11489132751668205,0.0018248883277949316,0.000997512393737204
normalizer_only_minus_native,428,429,0.01022144779243878,0.12981099042401253,0.001844460727479416,0.0010105666054772279
normalizer_only_minus_native,429,430,0.02704267932610921,0.0998929184141857,0.0019030612358483222,0.00104510387153867
normalizer_only_minus_native,430,431,-0.0021592376661797676,0.07960821148343608,0.001893635948372619,0.0010423462244554262
normalizer_only_minus_native,431,432,0.012819330435219777,0.0599492506148497,0.0019189269078329133,0.0010587182939767797
normalizer_only_minus_native,432,433,0.025812448873729202,0.15770300529557746,0.0019741082518650063,0.0010916843844923983
normalizer_only_minus_native,433,434,-0.0044323229107936755,0.08677867063467684,0.001959346889739065,0.001086023691119737
normalizer_only_minus_native,434,435,0.039032761836718055,0.1360799769016219,0.0020445731309964876,0.0011358739616647154
normalizer_only_minus_native,435,436,0.01531096526272382,0.09279882014431796,0.0020750006358857707,0.0011554281957167254
normalizer_only_minus_native,436,437,-0.007908489203483623,0.1639954441532758,0.002052155121379205,0.0011453279540775381
normalizer_only_minus_native,437,438,0.000332157441992581,0.09492296953884087,0.0020482281860381398,0.0011457521653699938
normalizer_only_minus_native,438,439,-0.019426420462664403,0.17872199501202693,0.0019993109909385892,0.0011209419221226574
normalizer_only_minus_native,439,440,0.018332827668240573,0.10312009212289909,0.0020364326197506387,0.0011443554951344585
normalizer_only_minus_native,440,441,0.001118726858246915,0.11477112006834041,0.002034351654305052,0.0011457842650683628
normalizer_only_minus_native,441,442,0.0022804893478672946,0.024195646202314864,0.0020349085269149216,0.0011486967674283466
normalizer_only_minus_native,442,443,0.004071737304741266,0.026755793408073856,0.0020395063345398116,0.001153896942785615
normalizer_only_minus_native,443,444,0.023210340568514197,0.11375921064657321,0.0020871883936253396,0.001183539778760729
normalizer_only_minus_native,444,445,0.004753727111410305,0.02651356989191742,0.0020931806154630586,0.0011896109500396691
normalizer_only_minus_native,445,446,-0.001165507057882442,0.006598945959410441,0.002085874140859145,0.0011881224352786443
normalizer_only_minus_native,446,447,1.3139658099844247e-06,3.17700146489263e-06,0.0020812106952773795,0.0011881241133958986
normalizer_only_minus_native,447,448,1.3415239907566255e-06,2.591957495586379e-06,0.0020765681301629,0.0011881258267087858
normalizer_only_minus_native,448,449,1.6147065076172174e-06,3.284896748969052e-06,0.0020719468530500823,0.0011881278889137765
normalizer_only_minus_native,449,450,1.1957030710419165e-05,4.2414996271687074e-05,0.002067369097889328,0.0011881431597065102
normalizer_only_minus_native,450,451,-2.243762212721668e-05,0.00012942358759267738,0.0020627353801065855,0.0011881145037395532
normalizer_only_minus_native,451,452,-0.007511270355817978,0.03045849835291568,0.0020415539514872837,0.0011785215658649453
normalizer_only_minus_native,452,453,-0.006346443379506861,0.0412252602060945,0.0020230374010877378,0.0011704162741925227
normalizer_only_minus_native,453,454,0.001171175813123401,0.02185769345787073,0.0020211610539776844,0.0011719120287431274
normalizer_only_minus_native,454,455,-0.004086686130162787,0.03532535942169992,0.0020077372140125407,0.001166692761654797
normalizer_only_minus_native,455,456,-0.004986378488124683,0.11402630537456193,0.001992399240981538,0.001160324462180819
normalizer_only_minus_native,456,457,0.03523923904137327,0.13029174169393826,0.002065149437481301,0.0012053298760267618
normalizer_only_minus_native,457,458,-0.007705350556704562,0.051318808212733,0.0020438164680616814,0.0011954890707180715
normalizer_only_minus_native,458,459,-0.007397058022156337,0.09612057878678687,0.0020232481140524915,0.0011860419978928398
normalizer_only_minus_native,459,460,-0.006802836017476633,0.08882148804087715,0.0020040609746361238,0.0011773538292881441
normalizer_only_minus_native,460,461,0.0044120216034614825,0.08775842443460746,0.0020092843165641617,0.0011829885950652343
normalizer_only_minus_native,461,462,0.00495481713307425,0.14291890136127303,0.00201565992872111,0.0011893165862952141
normalizer_only_minus_native,462,463,-0.021334201443222,0.10381958176339329,0.0019652282626909955,0.001162069841157
normalizer_only_minus_native,463,464,0.02150442512305815,0.1491206586752641,0.0020073386007521316,0.0011895339856308929
normalizer_only_minus_native,464,465,-0.0368111768324626,0.13279459111196207,0.001923857922401132,0.0011425209883991398
normalizer_only_minus_native,465,466,-0.007254577265568121,0.0659402641601772,0.001904161709551413,0.0011332558833345573
normalizer_only_minus_native,466,467,-0.024366561863526644,0.05141164989643002,0.0018479074834848645,0.0011021363918102577
normalizer_only_minus_native,467,468,-0.028551843661125634,0.15828951916845233,0.0017829507502698844,0.0010656717128049885
normalizer_only_minus_native,468,469,-0.007549614356948613,0.11310152155936092,0.0017630518907662202,0.0010560298043031384
normalizer_only_minus_native,469,470,-0.009843146790609854,0.09744877860897515,0.0017383578510186118,0.0010434587356050414
normalizer_only_minus_native,470,471,0.00769341768268267,0.06177441330303967,0.0017510012901516565,0.0010532843009724523
normalizer_only_minus_native,471,472,0.003943848429487911,0.024321644882798265,0.001755647152734996,0.0010583211444328455
normalizer_only_minus_native,472,473,-0.010851455111974707,0.06139452509647718,0.0017289936595749331,0.001044462325643606
normalizer_only_minus_native,473,474,-0.0005556680801807972,0.0031454349198101372,0.0017241736980986551,0.0010437526601516762
normalizer_only_minus_native,474,475,1.022894982546423e-06,1.9183129909027874e-06,0.0017205460121973578,0.0010437539665309641
normalizer_only_minus_native,475,476,1.0866318602050974e-06,2.2604792101085655e-06,0.001716933702574801,0.0010437553543111177
normalizer_only_minus_native,476,477,1.5924066703086601e-06,4.483165556431316e-06,0.0017133375992290894,0.001043757388036112
normalizer_only_minus_native,477,478,3.3962023332772657e-06,1.7169651061130404e-05,0.0017097603159719852,0.0010437617254592706
normalizer_only_minus_native,478,479,1.355403341735133e-06,0.0001225063501707267,0.001706193708638728,0.0010437634564980213
normalizer_only_minus_native,479,480,0.001909090879146029,0.011577879972139951,0.0017066164110772848,0.0010462016313117456
normalizer_only_minus_native,480,481,-0.0005228586688548718,0.006143362998751915,0.0017019813277510225,0.0010455338680054173
normalizer_only_minus_native,481,482,0.0041001804618720555,0.062135484373293165,0.0017069568446267923,0.001050770369233862
normalizer_only_minus_native,482,483,0.0010131395623103265,0.11546507305953373,0.0017055203699222034,0.0010520642894922404
normalizer_only_minus_native,483,484,0.005706089580841222,0.05115886507446003,0.0017137860087877385,0.001059351760221284
normalizer_only_minus_native,484,485,0.04723634650703762,0.14668981235921172,0.0018076469582686658,0.0011196791503963002
normalizer_only_minus_native,485,486,-0.010010139727883253,0.1403151265459684,0.0017833305247580652,0.0011068948084705234
normalizer_only_minus_native,486,487,-0.004465907937155158,0.05718998454982959,0.0017704984129266212,0.0011011912223438884
normalizer_only_minus_native,487,488,0.02673133663187687,0.10943748112181176,0.0018216476715720111,0.001135330860443348
normalizer_only_minus_native,488,489,0.03061219808548929,0.1492984654160428,0.0018805240527865659,0.001174426898866706
normalizer_only_minus_native,489,490,0.012926671328161391,0.06975271887788041,0.0019030672104914125,0.0011909360576510756
normalizer_only_minus_native,490,491,-0.005845262506661605,0.12924694346212484,0.0018872864982365186,0.0011834708437217505
normalizer_only_minus_native,491,492,0.0077185209653477665,0.08047325321336898,0.0018991386008119482,0.0011933284694757068
normalizer_only_minus_native,492,493,0.001962755277809652,0.07628568983839425,0.0018992676407247218,0.001195835181197047
normalizer_only_minus_native,493,494,0.017709415760863385,0.13720830497621148,0.0019312719891460552,0.0012184525704190948
normalizer_only_minus_native,494,495,-0.011021055874900789,0.06003538037851773,0.001905105670228789,0.0012043771478457861
normalizer_only_minus_native,495,496,-0.0038339494049102986,0.06514405309336864,0.0018935349946740735,0.0011994806607386213
normalizer_only_minus_native,496,497,-0.02174004130161586,0.19236323024676477,0.0018459825272771114,0.001171715601605012
normalizer_only_minus_native,497,498,0.006846355271557884,0.03860477650118508,0.0018560234364021733,0.0011804593503554053
normalizer_only_minus_native,498,499,-0.013118656996164251,0.054494194394918774,0.0018260140567777918,0.0011637049991470218
normalizer_only_minus_native,499,500,0.017444727181330274,0.09868475040414089,0.001857251483026897,0.0011859843442061921
normalizer_only_minus_native,500,501,-0.0004234714805227048,0.0023755724435620858,0.0018526991417822868,0.001185443512174873
normalizer_only_minus_native,501,502,-0.0747589828379817,0.4228396187309359,0.001700086229472,0.0010899658840293027
normalizer_only_minus_native,502,503,2.119690402994839e-06,9.668932179779354e-06,0.0016967105504678865,0.0010899685911690254
normalizer_only_minus_native,503,504,4.676255806021522e-07,1.4074671907329144e-06,0.0016933449891089836,0.0010899691883919894
normalizer_only_minus_native,504,505,7.765697902985931e-07,1.9177968452903696e-06,0.0016899933684766688,0.0010899701801797162
normalizer_only_minus_native,505,506,1.8381567891041244e-06,7.873431050843974e-06,0.0016866570933547567,0.0010899725277618223
normalizer_only_minus_native,506,507,0.00011254239405007303,0.0006176156049007125,0.0016835523306342349,0.0010901162600658455
normalizer_only_minus_native,507,508,-0.0003757550131738849,0.009112040022176034,0.001679498576020439,0.0010896363686058533
normalizer_only_minus_native,508,509,-0.0024591100165658334,0.033476328165928465,0.001671367714345417,0.0010864957427864843
normalizer_only_minus_native,509,510,0.00630626654962409,0.025073772616634626,0.001680455751277336,0.0010945497230542035
normalizer_only_minus_native,510,511,-0.0007976180909070006,0.20510072355672204,0.0016756062917035897,0.0010935310537171575
normalizer_only_minus_native,511,512,-0.006110799419587599,0.11022894460286255,0.0016603984680487241,0.0010857267121851173
normalizer_only_minus_native,512,513,-0.038117251167859974,0.20853646574961612,0.001582859190006017,0.0010370456762108387
normalizer_only_minus_native,513,514,0.08418355461287569,0.457066928769873,0.0017435609320738568,0.0011445597944903733
normalizer_only_minus_native,514,515,0.06105944443925666,0.3849670029258554,0.0018587374049033384,0.0012225412050130514
normalizer_only_minus_native,515,516,0.06533995862915619,0.4460413766864471,0.00198176302743096,0.0013059894280387937
normalizer_only_minus_native,516,517,0.01458515787070458,0.30792451953598765,0.0020061409671664984,0.0013246167050128732
normalizer_only_minus_native,517,518,-0.0015499458700299921,0.15895165330274685,0.0019992759346622586,0.0013226372083717111
normalizer_only_minus_native,518,519,0.0861406328243789,0.27582702069735426,0.0021613980095942747,0.001432650787968619
normalizer_only_minus_native,519,520,0.08516473757414572,0.5438346149677373,0.002321019816449182,0.001541418013478384
normalizer_only_minus_native,520,521,0.019818869743229835,0.09230025359326663,0.0023546049410687227,0.00156672946908915
normalizer_only_minus_native,521,522,0.015784791258271452,0.17103068182391815,0.0023803332673468887,0.0015868888448979256
normalizer_only_minus_native,522,523,0.14844586492072873,0.5826525210092484,0.0026596172666841383,0.0017764748792794436
normalizer_only_minus_native,523,524,-0.055277770348853505,0.4212718785232381,0.0025490497330667005,0.0017058774714265022
normalizer_only_minus_native,524,525,-0.0061925321980517934,0.07757870731328954,0.0025323991008169506,0.0016979687457584919
normalizer_only_minus_native,525,526,0.0021587762215925844,0.0899139792739731,0.0025316887911606303,0.0017007258035127606
normalizer_only_minus_native,526,527,-0.00016190102828792384,0.0009265811859014743,0.0025265776150326445,0.0017005190333616905
normalizer_only_minus_native,527,528,-3.7994830005975776e-05,0.00021749029440251572,0.002521720470250375,0.0017004705086745822
normalizer_only_minus_native,528,529,0.0005422638566504239,0.0030662348077400985,0.0025179785862927194,0.001701163055107086
normalizer_only_minus_native,529,530,0.004006633900978344,0.022665473584689344,0.002520787369905333,0.001706280084354823
normalizer_only_minus_native,530,531,1.503764293180794e-06,2.9953391345908087e-06,0.0025160429563354423,0.001706282004871162
normalizer_only_minus_native,531,532,1.194496188611575e-06,1.9418353726948073e-06,0.002511315797575768,0.0017062835304090787
normalizer_only_minus_native,532,533,1.0296403915785173e-06,1.721554028089412e-06,0.0025066060674497183,0.0017062848454031927
normalizer_only_minus_native,533,534,-1.2933077306721791e-06,1.2113854219436748e-05,0.0025019096266722276,0.0017062831936691819
normalizer_only_minus_native,534,535,1.3358920050377464e-05,5.1058350377069173e-05,0.002497258130024336,0.0017063002548697568
normalizer_only_minus_native,535,536,-0.008116606423829085,0.046306669265500575,0.0024774561439164003,0.0016959342185685704
normalizer_only_minus_native,536,537,0.0024800189194494502,0.06343669333710888,0.002477460916310317,0.0016991015479676122
normalizer_only_minus_native,537,538,0.0024432210820444847,0.011112618352699733,0.0024773972734956962,0.0017022218814057273
normalizer_only_minus_native,538,539,0.028162908377567755,0.1860130090075878,0.002525051282965218,0.0017381898359109227
normalizer_only_minus_native,539,540,-0.016289457445235245,0.09567515693554583,0.0024902096001352173,0.001717385931127736
normalizer_only_minus_native,540,541,-0.0025534430964034883,0.07624259574838817,0.002480886767054739,0.0017141248288334787
normalizer_only_minus_native,541,542,0.008525759856971902,0.07969530626867045,0.0024920396694346598,0.0017250134110262908
normalizer_only_minus_native,542,543,0.00018304223250216294,0.05506059433125187,0.0024877873721290754,0.001725247181438171
normalizer_only_minus_native,543,544,0.001121689228670776,0.037640844466914784,0.0024852761623065413,0.001726679734731492
normalizer_only_minus_native,544,545,0.032175827162341866,0.09427755816980717,0.002539754237535964,0.0017677727451559393
normalizer_only_minus_native,545,546,0.006936391947821054,0.15172981736830973,0.002547806687554801,0.0017766314832757615
normalizer_only_minus_native,546,547,-0.04072735441930854,0.2998092415840465,0.002468693047505691,0.0017246169821016769
normalizer_only_minus_native,547,548,0.02367364083767856,0.2748248474674716,0.002507388207706736,0.0017548515170156976
normalizer_only_minus_native,548,549,-0.04498362656903284,0.20712451212326663,0.0024208836270569376,0.0016974011637985423
normalizer_only_minus_native,549,550,0.05244466945448507,0.21028438083112522,0.0025118359649249885,0.0017643803074185744
normalizer_only_minus_native,550,551,-0.009013596937825392,0.059426208907298994,0.0024909186638310673,0.0017528686893626031
normalizer_only_minus_native,551,552,0.00667487804236414,0.033843763448676414,0.002498498300386381,0.0017613934378202841
normalizer_only_minus_native,552,553,-0.02589696499916542,0.29454854256298096,0.002447150265486649,0.0017283194084471481
normalizer_only_minus_native,553,554,0.0029971686397658646,0.025236957878161232,0.0024481430784366117,0.0017321472100305017
normalizer_only_minus_native,554,555,0.002296751949840388,0.012925082906268913,0.0024478703016283304,0.0017350804819970924
normalizer_only_minus_native,555,556,0.0007550136018223198,0.004276704570684027,0.002444825595333715,0.0017360447394706839
normalizer_only_minus_native,556,557,-0.0005660639263107316,0.003195034908024587,0.0024394200486162207,0.00173532179703606
normalizer_only_minus_native,557,558,-8.533311279435777e-05,0.0004778630040930193,0.0024348954013735493,0.0017352128147719546
normalizer_only_minus_native,558,559,5.118352722199892e-07,1.9039930498292723e-06,0.0024305405112731893,0.001735213468456849
normalizer_only_minus_native,559,560,7.483650051657189e-07,1.7166645181764533e-06,0.002426201596726282,0.0017352144242231392
normalizer_only_minus_native,560,561,9.255832412350108e-07,2.1711748786154573e-06,0.002421878466577467,0.0017352156063217869
normalizer_only_minus_native,561,562,1.2655894589606183e-06,4.470110771932076e-06,0.0024175713262267226,0.0017352172226557064
normalizer_only_minus_native,562,563,4.8551616112049814e-06,1.3241872955236134e-05,0.0024132858623464102,0.0017352234233729616
normalizer_only_minus_native,563,564,-0.0020519417274964826,0.009095056894251791,0.002405368792151654,0.0017326028081398885
normalizer_only_minus_native,564,565,0.003310168115390002,0.020771214675865127,0.002406970206883049,0.0017368303536256992
normalizer_only_minus_native,565,566,0.025285978410511327,0.11285141655078332,0.0024473924828611908,0.001769124068070797
normalizer_only_minus_native,566,567,0.036740801508326086,0.24721388482894216,0.002507874685727972,0.0018160471862168075
normalizer_only_minus_native,567,568,0.0010490072137357507,0.12787427570512253,0.002505306257080098,0.0018173869144591263
normalizer_only_minus_native,568,569,0.03098425221602065,0.12170739239523895,0.0025553571287126827,0.001856958117800149
normalizer_only_minus_native,569,570,0.05909371730242427,0.27105823555337166,0.0026545472342805972,0.0019324290211238065
normalizer_only_minus_native,570,571,-0.022166885206274065,0.19417579474360772,0.0026110771249276124,0.001904118822903789
normalizer_only_minus_native,571,572,0.0301474873048212,0.22870125712880857,0.002659217702165189,0.0019426213609686949
normalizer_only_minus_native,572,573,0.002808154956518525,0.08442600840924973,0.002659477627565456,0.0019462077657662915
normalizer_only_minus_native,573,574,-0.002049363211483867,0.13567612223934364,0.002651274072096729,0.001943590443657117
normalizer_only_minus_native,574,575,0.048863877441608944,0.26025984145638825,0.002731643817087185,0.0020059964174011895
normalizer_only_minus_native,575,576,0.009760299908411225,0.08747708935755018,0.002743846345023512,0.002018461679097756
normalizer_only_minus_native,576,577,0.015617270479172121,0.12997606043657434,0.0027661573053946536,0.0020384071075513605
normalizer_only_minus_native,577,578,-0.01604284049370444,0.14910478982988923,0.002733615786711091,0.0020179181669463734
normalizer_only_minus_native,578,579,0.0009052564104025497,0.08062042600181556,0.0027304579984963953,0.002019074305401549
normalizer_only_minus_native,579,580,0.043432875685909554,0.2821710069409672,0.002800634580716073,0.002074544133863758
normalizer_only_minus_native,580,581,-0.0531181902405929,0.2561306471627165,0.002704388754861841,0.0020067048104402676
normalizer_only_minus_native,581,582,-0.0024961449032107406,0.013908533176206344,0.0026954531300197922,0.0020035168859150946
normalizer_only_minus_native,582,583,-2.411512545872038e-06,1.3201700498840496e-05,0.0026908255748867463,0.002003513806077871
normalizer_only_minus_native,583,584,-5.328294985964346e-06,2.0963187566327506e-05,0.002686208873054772,0.0020035070011034314
normalizer_only_minus_native,584,585,-1.724267777865718e-07,5.534914981243495e-06,0.0026816167682687333,0.002003506780890433
normalizer_only_minus_native,585,586,8.74365846685167e-07,3.1408467823376537e-06,0.002677042122530812,0.0020035078975773383
normalizer_only_minus_native,586,587,8.699332531927215e-07,1.8204372120949054e-06,0.00267248305576884,0.002003509008603204
normalizer_only_minus_native,587,588,1.059960798998611e-06,1.8139998435708323e-06,0.0026679398192127686,0.0020035103623207
normalizer_only_minus_native,588,589,9.729374150790889e-07,1.9024792476834849e-06,0.0026634118618582736,0.00200351160489722
normalizer_only_minus_native,589,590,1.617131580120548e-06,3.0182473109689676e-05,0.002658900345366277,0.002003513670199366
normalizer_only_minus_native,590,591,1.7802938422159663e-06,1.2832766173097218e-05,0.0026544043723518533,0.002003515943882433
normalizer_only_minus_native,591,592,0.0792392768459666,0.4450999073164359,0.002783770710989717,0.0021047155311697476
normalizer_only_minus_native,592,593,0.009136482845882582,0.04429142401621994,0.0027944835476421495,0.0021163840916370302
normalizer_only_minus_native,593,594,-0.02136560920749233,0.07238629959077995,0.002753809990815324,0.0020890972344116254
normalizer_only_minus_native,594,595,-0.0019658066420788264,0.0832729876208027,0.002745877862020544,0.002086586625673338
normalizer_only_minus_native,595,596,0.011807822652721676,0.08183316610206995,0.002761082467374069,0.0021016668589462903
normalizer_only_minus_native,596,597,0.027256662182950985,0.14775508351009017,0.002802113589175706,0.002136477410904082
normalizer_only_minus_native,597,598,-0.026243828424544625,0.15520868480263691,0.0027535417797882136,0.002102960388650513
normalizer_only_minus_native,598,599,0.010783237777316896,0.08128611870166247,0.002766946948398445,0.002116732084406984
normalizer_only_minus_native,599,600,-0.05583856382483629,0.3232206189142969,0.00266927109710972,0.0020454184652181763
normalizer_only_minus_native,600,601,-0.01576664022629989,0.1637934465442151,0.002638595703892733,0.0020252822708040005
normalizer_only_minus_native,601,602,-0.05173871641836759,0.16349460541942615,0.0025482679428923,0.001959204727485523
normalizer_only_minus_native,602,603,-0.018551618227858595,0.1027874235104268,0.002513276423537821,0.0019355117284716556
normalizer_only_minus_native,603,604,0.004009682104022954,0.1170233092138058,0.002515753916386306,0.0019406326506990154
normalizer_only_minus_native,604,605,0.00800900287872988,0.09391581608000552,0.002524833666737288,0.0019508612622938174
normalizer_only_minus_native,605,606,0.02632382417499503,0.13551201901955873,0.002564105928302069,0.001984480450256774
normalizer_only_minus_native,606,607,-0.010394581686625845,0.03920095344212286,0.002542757184290656,0.00197120512243222
normalizer_only_minus_native,607,608,-0.029980393999596684,0.07687773231385105,0.0024892651593171576,0.00193291598577884
normalizer_only_minus_native,608,609,-0.011619281264481796,0.20402660874586406,0.002466098416420935,0.0019180765461051718
normalizer_only_minus_native,609,610,4.785939776650436e-05,0.000456844358832032,0.0024621340901608457,0.001918137669218539
normalizer_only_minus_native,610,611,-5.627329852371974e-08,3.178108119945111e-05,0.0024581043186985554,0.001918137597349703
normalizer_only_minus_native,611,612,-6.3295222497539735e-06,1.4152551719161194e-05,0.0024540774660172676,0.001918129513668669
normalizer_only_minus_native,612,613,8.543947396769564e-07,4.045493337822963e-06,0.002450075470794955,0.0019181306048496902
normalizer_only_minus_native,613,614,1.104625617532274e-06,3.3799209828586946e-06,0.0024460869189298455,0.0019181320156103768
normalizer_only_minus_native,614,615,8.316431071279663e-07,2.4711084950421805e-06,0.0024421108940911092,0.001918133077734396
normalizer_only_minus_native,615,616,6.713925970496397e-07,1.654703850011646e-06,0.002438147518276996,0.001918133935196206
normalizer_only_minus_native,616,617,7.136666179150754e-07,1.809460961907206e-06,0.002434197058225684,0.0019181348466478254
normalizer_only_minus_native,617,618,-2.39896665655526e-07,6.8586949230123264e-06,0.0024302578398520736,0.0019181345402663878
normalizer_only_minus_native,618,619,3.8791498692478395e-06,2.4940161920954663e-05,0.002426338003519307,0.0019181394944807802
normalizer_only_minus_native,619,620,-0.023792552288225764,0.1346059699017795,0.0023840494707906856,0.0018877530930909642
normalizer_only_minus_native,620,621,0.00041941717269718007,0.005937136478181294,0.002380885811695527,0.0018882887472067972
normalizer_only_minus_native,621,622,-0.04129714625615511,0.29561324246683623,0.0023106638951877288,0.0018355465425373783
normalizer_only_minus_native,622,623,0.010694088432684329,0.07525183649913007,0.0023241204353763264,0.001849204382170436
normalizer_only_minus_native,623,624,0.006145433135208743,0.0727152798387615,0.002330244333933751,0.0018570529557786213
normalizer_only_minus_native,624,625,-0.001644119434500664,0.040321485873443114,0.002323885351904255,0.0018549531863858997
normalizer_only_minus_native,625,626,-0.025355750991294213,0.1317629469599231,0.002279668680429497,0.0018225703626422287
normalizer_only_minus_native,626,627,0.02176821466932133,0.166623230979225,0.002310750890938097,0.001850371403088361
normalizer_only_minus_native,627,628,-0.03825202150964806,0.25728219209456804,0.002246160489026335,0.001801518246626486
normalizer_only_minus_native,628,629,0.16920290841907928,0.9309225175555709,0.002511592520711634,0.0020176139151055145
normalizer_only_minus_native,629,630,-0.012624145097617626,0.1506100149873032,0.00248756754036508,0.0020014911244316735
normalizer_only_minus_native,630,631,-0.0039426973371617146,0.02219805165237924,0.0024773769462644035,0.0019964557510764223
normalizer_only_minus_native,631,632,0.011734760381837534,0.11142066621114335,0.002492024704864994,0.0020114426736585903
normalizer_only_minus_native,632,633,0.03995076182255773,0.22602355100415414,0.002551201224798158,0.002062465357978587
normalizer_only_minus_native,633,634,-0.007783584460076923,0.042394479184901586,0.0025349003010049793,0.0020525246370844915
normalizer_only_minus_native,634,635,-0.014885959260044702,0.07959694476378708,0.0025074658764993895,0.0020335131948622126
normalizer_only_minus_native,635,636,0.004537102491799771,0.04484589094783617,0.00251065712903917,0.0020393077063459923
normalizer_only_minus_native,636,637,0.0005712018066776976,0.007217196342456695,0.0025076124582034376,0.00204003721056908
normalizer_only_minus_native,637,638,1.918801808156784e-05,8.804217743013048e-05,0.002503712106416413,0.002040061716339299
normalizer_only_minus_native,638,639,5.016361655545091e-06,2.7142163316456054e-05,0.002499801784437131,0.002040068122931452
normalizer_only_minus_native,639,640,-2.8374026013378134e-06,1.1410947632828327e-05,0.0024958914107073835,0.00204006449917334
normalizer_only_minus_native,640,641,8.486233363955874e-07,1.3558379969520416e-05,0.002491998988262187,0.0020400655829834764
normalizer_only_minus_native,641,642,2.125123922683348e-06,1.1547373082429435e-05,0.002488120680062281,0.0020400682970625602
normalizer_only_minus_native,642,643,1.120284929188375e-06,4.273653196633708e-06,0.0024842528722938007,0.0020400697278223677
normalizer_only_minus_native,643,644,1.4703086298123116e-06,4.882528623738471e-06,0.0024803976198657504,0.0020400716056111663
normalizer_only_minus_native,644,645,1.294477021807455e-07,2.30743483523667e-06,0.0024765522428546443,0.0020400717709339023
normalizer_only_minus_native,645,646,1.7146907818821154e-07,2.345301702602427e-06,0.0024727188360840926,0.0020400719899237854
normalizer_only_minus_native,646,647,1.4827846739530873e-05,7.830476676635847e-05,0.0024689199319274553,0.0020400909271482293
normalizer_only_minus_native,647,648,1.4174628006137395e-05,7.147852398081235e-05,0.002465131744730046,0.0020401090301214175
normalizer_only_minus_native,648,649,0.0024896772378766364,0.014060556927055476,0.0024651695652125522,0.002043288694537607
normalizer_only_minus_native,649,650,7.99713681363624e-05,0.035042533562198865,0.0024615000295247426,0.002043390829107385
normalizer_only_minus_native,650,651,0.00989770283303103,0.06049410648611745,0.0024729227680861964,0.002056031573466301
normalizer_only_minus_native,651,652,-0.006296648450281402,0.025524534712559787,0.002459472505481338,0.0020479898768503606
normalizer_only_minus_native,652,653,0.039711876925837865,0.17999786892321998,0.0025165205980086833,0.002098707471902516
normalizer_only_minus_native,653,654,-0.014105515308530691,0.09080993726832139,0.0024911046409650454,0.002080692765250498
normalizer_only_minus_native,654,655,0.02835628117181658,0.14439205007726935,0.002530593460096116,0.002116907683733022
normalizer_only_minus_native,655,656,0.035378909476412555,0.2237136769827232,0.002580667112560013,0.002162091476167776
normalizer_only_minus_native,656,657,-0.02760337368608068,0.14422270928969938,0.0025347248891222037,0.0021268381253554125
normalizer_only_minus_native,657,658,-0.002037282120760574,0.034531744305098894,0.0025277765502014094,0.0021242362324808777
normalizer_only_minus_native,658,659,0.022096547021208002,0.13942511652857595,0.002557471194315228,0.002152456599046916
normalizer_only_minus_native,659,660,0.013173274128607445,0.11482051714672753,0.002573555744215671,0.0021692807039365805
normalizer_only_minus_native,660,661,0.02635958452857933,0.13058604338085691,0.002609540659169322,0.002202945562849198
normalizer_only_minus_native,661,662,0.0025951655774629594,0.035082591822065266,0.0026095189445443884,0.0022062599505598786
normalizer_only_minus_native,662,663,0.015640739213759823,0.10535920803353116,0.0026291738770771417,0.002226235351854591
normalizer_only_minus_native,663,664,-0.001232825002777341,0.042054643651074176,0.0026233576137038666,0.0022246608627067275
normalizer_only_minus_native,664,665,0.012109286422246825,0.1081335212856089,0.002637622168303179,0.002240126107179584
normalizer_only_minus_native,665,666,-1.1661738834990915e-06,2.262597566572028e-05,0.0026336600236452415,0.002240124617813194
normalizer_only_minus_native,666,667,8.049531782645747e-07,1.1647765833689093e-05,0.0026297127146940164,0.0022401256458504585
normalizer_only_minus_native,667,668,1.67551632006056e-07,4.298956904907832e-06,0.002625776269839133,0.002240125859837217
normalizer_only_minus_native,668,669,8.535252338204436e-07,2.7592794939670897e-06,0.002621852618501906,0.0022401269499077586
normalizer_only_minus_native,669,670,4.664413761246991e-07,1.2634607891283355e-06,0.0026179401018196283,0.002240127545618328
normalizer_only_minus_native,670,671,2.925798517155636e-07,1.1808844924538414e-06,0.0026140389877779475,0.0022401279192835284
normalizer_only_minus_native,671,672,4.773780789855999e-07,1.2403283376174165e-06,0.0026101497591920855,0.00224012852896179
normalizer_only_minus_native,672,673,4.860856631161477e-07,1.4793418957614623e-06,0.002606272101430527,0.0022401291497608487
normalizer_only_minus_native,673,674,5.979527853312758e-07,1.2407100453743612e-06,0.002602406116046781,0.002240129913429796
normalizer_only_minus_native,674,675,5.264846259863331e-07,1.1366665021691337e-06,0.002598551479555787,0.002240130585823955
normalizer_only_minus_native,675,676,2.2454396525897865e-06,1.7795093643675376e-05,0.002594710790147646,0.002240133453562974
normalizer_only_minus_native,676,677,9.997359768277138e-05,0.0005738309586116819,0.0025910258016801947,0.0022402611337643576
normalizer_only_minus_native,677,678,0.005610177560808013,0.030604909133900418,0.0025954788278735983,0.002247426111492081
normalizer_only_minus_native,678,679,-0.001384365112134776,0.007878123082902536,0.0025896174965922896,0.002245658084528946
normalizer_only_minus_native,679,680,0.012736642844927032,0.04479148278996883,0.002604539592692782,0.0022619245504867072
normalizer_only_minus_native,680,681,-0.02338043790990336,0.09840546670162886,0.002566382503849028,0.0022320644765276986
normalizer_only_minus_native,681,682,0.02275914606291922,0.1165002018009331,0.0025959906615602747,0.0022611310743092046
normalizer_only_minus_native,682,683,-0.0022017765543150946,0.08108906379161916,0.0025889661121958896,0.002258319099144052
normalizer_only_minus_native,683,684,0.012613623202205328,0.11219149189465707,0.002603622043614032,0.0022744284518927175
normalizer_only_minus_native,684,685,0.062408446819511396,0.24236294266588207,0.0026909283571554875,0.002354132726247138
normalizer_only_minus_native,685,686,-0.025449810025244938,0.06970452147692897,0.0026499068726330384,0.002321629776023326
normalizer_only_minus_native,686,687,0.016185889407712803,0.0936615149465661,0.0026696099039795885,0.0023423014100050796
normalizer_only_minus_native,687,688,0.01994227799378698,0.06303728506586383,0.0026947155262031456,0.002367770475131244
normalizer_only_minus_native,688,689,0.03758301021050144,0.11626144535962814,0.0027453516578204145,0.0024157692110322675
normalizer_only_minus_native,689,690,-0.0006060922748787351,0.023951841515575337,0.0027404944927005605,0.0024149951468242486
normalizer_only_minus_native,690,691,0.007072277881905469,0.0507563127838369,0.0027467633543347214,0.00242402743019833
normalizer_only_minus_native,691,692,0.005471872495028975,0.031380149427338,0.0027507013733241636,0.0024310157731038586
normalizer_only_minus_native,692,693,3.5944612115887447e-06,4.500230195356288e-05,0.002746737294085906,0.0024310203637312043
normalizer_only_minus_native,693,694,-1.1994804816785003e-05,6.576973804195441e-05,0.0027427621757877755,0.002431005044695678
normalizer_only_minus_native,694,695,8.135251019743094e-06,4.4714875165511206e-05,0.002738827460788109,0.002431015434543724
normalizer_only_minus_native,695,696,2.6990940821664856e-06,1.3693518104636134e-05,0.002734896241870428,0.002431018881662603
normalizer_only_minus_native,696,697,1.3989714780363802e-06,4.671267001521714e-06,0.0027309744380391624,0.0024310206683439287
normalizer_only_minus_native,697,698,1.1540420607310756e-06,4.3721124405141594e-06,0.002727063520566414,0.0024310221422162923
normalizer_only_minus_native,698,699,1.1183677828116403e-06,4.5795164932600285e-06,0.0027231637420931896,0.0024310235705276365
normalizer_only_minus_native,699,700,1.0972655815203165e-06,4.214937774359363e-06,0.0027192750756981727,0.0024310249718885327
normalizer_only_minus_native,700,701,1.089772504222278e-06,3.724704362180676e-06,0.002715397493239979,0.002431026363679726
normalizer_only_minus_native,701,702,7.490091963176709e-07,2.342353885620691e-06,0.002711530472607438,0.002431027320268738
normalizer_only_minus_native,702,703,-5.288734553341751e-07,4.204515477888601e-06,0.0027076726356998096,0.0024310266448237115
normalizer_only_minus_native,703,704,-1.1323119078121881e-05,6.211030589307701e-05,0.002703810425820864,0.002431012183624378
normalizer_only_minus_native,704,705,0.000940989146384472,0.005336799687498716,0.002701309970105351,0.002432213957757691
normalizer_only_minus_native,705,706,0.000252663400602465,0.0015803218133355788,0.0026978416321882083,0.0024325366440930713
normalizer_only_minus_native,706,707,0.03036306699778636,0.17171433389894572,0.0027369720782498747,0.0024713145074363495
normalizer_only_minus_native,707,708,-0.004659244523643119,0.026350552184193823,0.002726525444631382,0.0024653640035747363
normalizer_only_minus_native,708,709,0.014090181407979617,0.09348001045963296,0.002742553168133989,0.002483359126701147
normalizer_only_minus_native,709,710,0.003801418032220964,0.02346408548839711,0.0027440445270974917,0.002488214066716755
normalizer_only_minus_native,710,711,0.003188546759965911,0.023421753470138428,0.0027446697060466733,0.0024922862848010025
normalizer_only_minus_native,711,712,0.02158621529776672,0.12283257100128135,0.0027711325509788645,0.0025198548867138588
normalizer_only_minus_native,712,713,0.011404651895747428,0.08552262374163079,0.0027832412737625514,0.0025344202148054906
normalizer_only_minus_native,713,714,0.03685961316157238,0.2070871203876496,0.002830967284809904,0.00258149507197225
normalizer_only_minus_native,714,715,-0.0056613272838411935,0.11250981618982436,0.0028190899497488537,0.002574264768927753
normalizer_only_minus_native,715,716,0.015964077521940692,0.07680085856871362,0.002837448870939066,0.0025946531182533474
normalizer_only_minus_native,716,717,0.0008286171740999257,0.060732564120417665,0.0028346471530913122,0.0025957113777349563
normalizer_only_minus_native,717,718,0.003470322639367294,0.01818763407510478,0.0028355324949942036,0.002600143462842705
normalizer_only_minus_native,718,719,-0.005389708578647387,0.030497870462684772,0.0028240926603994307,0.0025932600546962844
normalizer_only_minus_native,719,720,1.2099129584996044e-06,8.080709151807039e-06,0.0028201719899168735,0.0025932615999235617
normalizer_only_minus_native,720,721,-2.2509170240850047e-06,1.576265899736419e-05,0.0028162573950390084,0.0025932587251891763
normalizer_only_minus_native,721,722,2.167137732135267e-06,6.93356743839975e-06,0.0028123597631036805,0.002593261492925744
normalizer_only_minus_native,722,723,-2.1711722173302158e-06,1.6451593287197767e-05,0.002808466912570733,0.002593258720036577
normalizer_only_minus_native,723,724,-1.1277114011479614e-06,9.259008808176697e-06,0.0028045862570127604,0.002593257279792131
normalizer_only_minus_native,724,725,-3.010253150613121e-06,2.004446498051352e-05,0.0028007137101021904,0.002593253435279806
normalizer_only_minus_native,725,726,9.041395358323803e-07,3.15737148068198e-06,0.0027968572230903915,0.002593254589991857
normalizer_only_minus_native,726,727,2.821633357900093e-06,1.3519585015875346e-05,0.002793013982939452,0.002593258193610449
normalizer_only_minus_native,727,728,3.3921239944201187e-06,1.6458633202509873e-05,0.002789182084781561,0.002593262525825002
normalizer_only_minus_native,728,729,1.8297693498028192e-06,7.342417305694405e-06,0.0027853585562281563,0.00259326486269518
normalizer_only_minus_native,729,730,5.701280491914956e-09,3.2196195250649522e-06,0.0027815430043720635,0.002593264869976509
normalizer_only_minus_native,730,731,6.468262358240396e-07,1.6420508370984159e-06,0.002777738768834258,0.002593265696063656
normalizer_only_minus_native,731,732,-2.8730091950402856e-06,1.5636325427835518e-05,0.002773940118864272,0.002593262026830967
normalizer_only_minus_native,732,733,-2.8213527068882638e-05,0.00013726133706627933,0.0027701172625942405,0.0025932259942293466
normalizer_only_minus_native,733,734,0.011357119342540469,0.06434984660628963,0.0027818161755096987,0.002607730616633613
normalizer_only_minus_native,734,735,0.016094483227965983,0.09132384346776912,0.0027999286476899114,0.002628285512199342
normalizer_only_minus_native,735,736,0.01060768252786547,0.062359529430864404,0.00281053700894015,0.002641832999463538
normalizer_only_minus_native,736,737,-0.002301079158260793,0.012932195668962098,0.002803601301793337,0.0026388942010494116
normalizer_only_minus_native,737,738,-0.00010950397883561458,0.0003763381429180195,0.002799654004665114,0.0026387543492245903
normalizer_only_minus_native,738,739,0.0004737036473115644,0.002985723150458433,0.002796506575223499,0.0026393593347256265
normalizer_only_minus_native,739,740,-0.00487566885017983,0.02746366887090645,0.002786138770594575,0.0026331324268709906
normalizer_only_minus_native,740,741,0.0014048355852034162,0.008053274499801347,0.002784274663731699,0.0026349265974778915
normalizer_only_minus_native,741,742,0.02086787383070512,0.0976669785874447,0.0028086460911804505,0.0026615777773383066
normalizer_only_minus_native,742,743,-0.0013450514848371167,0.007589268514605315,0.0028030556502975203,0.0026598599593500097
normalizer_only_minus_native,743,744,0.02205403037668779,0.12475116027861385,0.0028289306163276147,0.002688026026242331
normalizer_only_minus_native,744,745,0.002817113461850096,0.01590582121887272,0.002828914754375295,0.002691623872298333
normalizer_only_minus_native,745,746,1.758169675571354e-05,7.382763596289302e-05,0.0028251462114026148,0.002691646326572606
normalizer_only_minus_native,746,747,5.991613206867398e-06,3.063546286720709e-05,0.0028213722427303314,0.002691653978696753
normalizer_only_minus_native,747,748,7.553840517204335e-06,4.1407088021535825e-05,0.0028176104534225603,0.00269166362600265
normalizer_only_minus_native,748,749,4.481101291820044e-07,2.5614359016660854e-06,0.0028138492219895914,0.0026916641983016653
normalizer_only_minus_native,749,750,-3.546722425475869e-07,2.207608048987641e-06,0.002810096950130615,0.002691663745335838
normalizer_only_minus_native,750,751,1.1726930054272933e-06,6.275443304676283e-06,0.0028063567047815806,0.002691665243028055
normalizer_only_minus_native,751,752,1.1159451432751203e-06,4.239424881190482e-06,0.002802626331430998,0.002691666668245352
normalizer_only_minus_native,752,753,1.636167284079224e-06,6.127201927824942e-06,0.0027989065569766188,0.0026916687578587405
normalizer_only_minus_native,753,754,1.1444285644519987e-06,4.5070338977101e-06,0.0027951959971246137,0.0026916702194533315
normalizer_only_minus_native,754,755,3.688455310879123e-07,1.4868273861388466e-06,0.0027914942393079335,0.002691670690520421
normalizer_only_minus_native,755,756,1.716165248132958e-07,1.241049130338832e-06,0.0027878020136164216,0.002691670909698614
normalizer_only_minus_native,756,757,3.1415686213292276e-07,9.673899207875716e-07,0.002784119731110802,0.0026916713109206604
normalizer_only_minus_native,757,758,3.603198870623231e-07,9.529562534354363e-07,0.0027804472252912454,0.002691671771099315
normalizer_only_minus_native,758,759,3.4728310268717046e-07,9.432089643975113e-07,0.002776784379517611,0.002691672214628182
normalizer_only_minus_native,759,760,3.846615082969178e-07,9.717847244333806e-07,0.002773131221993914,0.0026916727058944757
normalizer_only_minus_native,760,761,2.3996420023466654e-07,9.613460543053378e-07,0.002769487475268824,0.002691673012362165
normalizer_only_minus_native,761,762,1.6821816989500342e-07,9.818869720661525e-07,0.002765853198028537,0.002691673227200185
normalizer_only_minus_native,762,763,1.779105999099831e-07,9.789693575172364e-07,0.0027622284597750265,0.0026916734544167884
normalizer_only_minus_native,763,764,1.6902097276413946e-07,1.0314498117818315e-06,0.002758613198729473,0.002691673670280099
normalizer_only_minus_native,764,765,1.7327905383945278e-07,1.043488743211228e-06,0.0027550073949129034,0.0026916738915815724
normalizer_only_minus_native,765,766,2.2551121965627532e-07,9.378102939352403e-07,0.0027514110739159155,0.0026916741795907934
normalizer_only_minus_native,766,767,1.1903877091295876e-07,1.1081609815691302e-06,0.002747823991731893,0.002691674331619875
normalizer_only_minus_native,767,768,2.598190380502334e-07,9.41022919100417e-07,0.002744246434215365,0.002691674663444956
normalizer_only_minus_native,768,769,3.52898112070226e-07,1.0617012750216173e-06,0.002740678302178819,0.0026916751141449705
normalizer_only_minus_native,769,770,8.683245281174797e-07,3.499871634704417e-06,0.0027371201074026497,0.002691676223116271
normalizer_only_minus_native,770,771,7.234694224672063e-07,2.6687718836938804e-06,0.002733570954824206,0.0026916771470874364
normalizer_only_minus_native,771,772,5.454447373490631e-07,1.7427478718382693e-06,0.0027300307663396376,0.0026916778436962964
normalizer_only_minus_native,772,773,4.056329848847862e-07,1.2492198670217118e-06,0.0027264995565940294,0.002691678361746085
normalizer_only_minus_native,773,774,2.774602512534106e-07,1.2031368067963593e-06,0.002722977305823561,0.0026916787161014514
normalizer_only_minus_native,774,775,2.731678182711217e-07,1.2009491575530087e-06,0.002719464139193877,0.0026916790649747823
normalizer_only_minus_native,775,776,3.269510990164954e-07,1.2147869834074653e-06,0.0027159600964257132,0.00269167948253685
normalizer_only_minus_native,776,777,3.3085790980752836e-07,1.1502148939133338e-06,0.0027124650781007254,0.0026916799050884592
normalizer_only_minus_native,777,778,3.8397407974090686e-07,1.1486792450996008e-06,0.0027089791126713916,0.0026916803954768107
normalizer_only_minus_native,778,779,6.274288985768039e-07,2.0264080898911606e-06,0.0027055024096113503,0.002691681196790858
normalizer_only_minus_native,779,780,8.63455416199936e-07,4.65742351915822e-06,0.0027020349237726385,0.002691682299543624
normalizer_only_minus_native,780,781,1.1627998998681292e-06,5.314365573647665e-06,0.0026985767008227374,0.002691683784600968
normalizer_only_minus_native,781,782,1.244229113359335e-06,5.619548466600603e-06,0.002695127426562239,0.002691685373654752
normalizer_only_minus_native,782,783,7.851062774580878e-07,2.6751423482852344e-06,0.002691686376344762,0.002691686376344762
fp16_minus_native,0,1,0.0,0.0,0.0,0.0
fp16_minus_native,1,2,-1.0248133074159779e-10,0.0,-5.1240665370798894e-11,-1.3088292559591034e-13
fp16_minus_native,2,3,-1.155955505965479e-10,0.0,-7.26922937793819e-11,-2.7851453555318735e-13
fp16_minus_native,3,4,-3.558839203061469e-10,0.0,-1.4349020041107314e-10,-7.330278437347287e-13
fp16_minus_native,4,5,-4.891567332606286e-11,0.0,-1.2457529499407108e-10,-7.954999680336595e-13
fp16_minus_native,5,6,7.653176220842161e-11,0.0,-9.105745212698897e-11,-6.977582538466588e-13
fp16_minus_native,6,7,-3.094795258969193e-10,0.0,-1.222606055226933e-10,-1.0930066904966196e-12
fp16_minus_native,7,8,1.0112846733140397e-09,0.0,1.943255433189833e-11,1.9854461641786289e-13
fp16_minus_native,8,9,1.4420800344783368e-09,0.0,1.7750449657039148e-10,2.040281569774615e-12
fp16_minus_native,9,10,1.389484375042547e-09,0.0,2.9870248441760707e-10,3.814846544286169e-12
fp16_minus_native,10,11,1.2180325720283104e-09,0.0,3.82277946927671e-10,5.37044369885617e-12
fp16_minus_native,11,12,3.2251883329785226e-11,0.0,3.5310910829451384e-10,5.411633843594082e-12
fp16_minus_native,12,13,-1.7673317158143103e-09,0.0,1.8999827567075813e-10,3.154505215478743e-12
fp16_minus_native,13,14,-3.624762714715063e-09,0.0,-8.248465221394338e-11,-1.4748213678099712e-12
fp16_minus_native,14,15,-5.3946930722037365e-09,0.0,-4.366318802132629e-10,-8.364595406384347e-12
fp16_minus_native,15,16,-7.095786016570152e-09,0.0,-8.528290137355685e-10,-1.74269019409567e-11
fp16_minus_native,16,17,-8.720607916928749e-09,0.0,-1.3156395374528144e-09,-2.8564332230776304e-11
fp16_minus_native,17,18,-1.0380669214950713e-08,0.0,-1.8192522973138087e-09,-4.1821891892271465e-11
fp16_minus_native,18,19,-1.1168588748522142e-08,0.0,-2.3113226368510897e-09,-5.608573448297663e-11
fp16_minus_native,19,20,-1.279779301399981e-08,0.0,-2.8356461557085254e-09,-7.243029771924714e-11
fp16_minus_native,20,21,-1.3650825102760973e-08,0.0,-3.350654676996737e-09,-8.986430168190483e-11
fp16_minus_native,21,22,-1.3154928610640151e-08,0.0,-3.796303492162347e-09,-1.0666497679127923e-10
fp16_minus_native,22,23,-1.2348271416881826e-08,0.0,-4.168128184541455e-09,-1.224354383709495e-10
fp16_minus_native,23,24,-1.1998753266488084e-08,0.0,-4.494404229622565e-09,-1.3775951661678358e-10
fp16_minus_native,24,25,-1.1688259114482966e-08,0.0,-4.78215842501698e-09,-1.5268705060718328e-10
fp16_minus_native,25,26,-1.1356149324403107e-08,0.0,-5.035004228839524e-09,-1.6719043416325366e-10
fp16_minus_native,26,27,-1.1184427501187214e-08,0.0,-5.262760646333883e-09,-1.8147450504599595e-10
fp16_minus_native,27,28,-1.1119097851154096e-08,0.0,-5.4719155465060334e-09,-1.956751408712247e-10
fp16_minus_native,28,29,-1.1394677388161395e-08,0.0,-5.676148713459666e-09,-2.1022773012813578e-10
fp16_minus_native,29,30,-1.1572265850430503e-08,0.0,-5.8726859513586945e-09,-2.2500712457313005e-10
fp16_minus_native,30,31,2.004253041097417e-08,0.0,-5.036711229993118e-09,-1.9941002315426138e-10
fp16_minus_native,31,32,4.993756201223267e-08,0.0,-3.318765191173562e-09,-1.3563280474783395e-10
fp16_minus_native,32,33,1.2633039238130553e-07,0.0,6.099971595076224e-10,2.5708692546298264e-11
fp16_minus_native,33,34,2.402414194839839e-07,0.0,7.657980169051042e-09,3.3253042879659696e-10
fp16_minus_native,34,35,3.4288926744116934e-07,0.0,1.723601694825442e-08,7.704477563076689e-10
fp16_minus_native,35,36,3.1818445295875883e-07,0.0,2.5595695726323988e-08,1.1768135966125973e-09
fp16_minus_native,36,37,-1.1379958758504392e-07,0.0,2.1828255636827557e-08,1.0314756814337416e-09
fp16_minus_native,37,38,-1.2798855378027803e-07,0.0,1.7885708020587938e-08,8.680164812035015e-10
fp16_minus_native,38,39,-1.3996076241186818e-07,0.0,1.3838362624883935e-08,6.89267103921422e-10
fp16_minus_native,39,40,-1.2547843490802717e-07,0.0,1.0355442686561157e-08,5.290136749201102e-10
fp16_minus_native,40,41,-1.2571723270480358e-07,0.0,7.036596945308358e-09,3.684552678897097e-10
fp16_minus_native,41,42,-1.7172812235899176e-07,0.0,2.780294104729784e-09,1.4913454967899225e-10
fp16_minus_native,42,43,-2.444579543855606e-07,0.0,-2.9694326043467367e-09,-1.6307228861674288e-10
fp16_minus_native,43,44,-2.844132570913884e-07,0.0,-9.36588316087041e-09,-5.263076105725391e-10
fp16_minus_native,44,45,-3.0163312645279067e-07,0.0,-1.586071078957975e-08,-9.115351028494109e-10
fp16_minus_native,45,46,-3.1071448221395466e-07,0.0,-2.227057538576181e-08,-1.3083607506322394e-09
fp16_minus_native,46,47,-3.176598388702871e-07,0.0,-2.8555453332241075e-08,-1.71405658571562e-09
fp16_minus_native,47,48,-3.1208171311092065e-07,0.0,-3.4462250410963566e-08,-2.11262837768359e-09
fp16_minus_native,48,49,-2.814440026912548e-07,0.0,-3.950269433505114e-08,-2.4720715484259334e-09
fp16_minus_native,49,50,-9.273710605381e-09,0.0,-3.889811466045774e-08,-2.483915367845322e-09
fp16_minus_native,50,51,-6.3273382816411114e-09,0.0,-3.8259471986363296e-08,-2.491996259648184e-09
fp16_minus_native,51,52,-5.718289348174972e-09,0.0,-3.7633680012551985e-08,-2.4992993111784204e-09
fp16_minus_native,52,53,-7.227214806903436e-09,0.0,-3.705997312187937e-08,-2.50852947057421e-09
fp16_minus_native,53,54,-5.901642502232139e-09,0.0,-3.6482966999293306e-08,-2.5160666896064352e-09
fp16_minus_native,54,55,-4.81884561857292e-09,0.0,-3.590725570146203e-08,-2.5222210262840506e-09
fp16_minus_native,55,56,-3.759956136645765e-09,0.0,-3.533319678066174e-08,-2.527023013687174e-09
fp16_minus_native,56,57,-3.5634315559046183e-09,0.0,-3.4775832478473016e-08,-2.5315740118428633e-09
fp16_minus_native,57,58,-2.898555985549468e-09,0.0,-3.422622426307778e-08,-2.535275871339095e-09
fp16_minus_native,58,59,-2.6140089526517903e-09,0.0,-3.369042400357904e-08,-2.5386143246630438e-09
fp16_minus_native,59,60,-8.780841342280682e-08,0.0,-3.45923904938995e-08,-2.6507578922528355e-09
fp16_minus_native,60,61,-1.2759026904939313e-06,0.0,-5.494173967422789e-08,-4.280263244096937e-09
fp16_minus_native,61,62,-1.2248453837700136e-06,0.0,-7.381115328867605e-08,-5.8445613076601726e-09
fp16_minus_native,62,63,-5.308645394942984e-07,0.0,-8.106596894273354e-08,-6.522549225277412e-09
fp16_minus_native,63,64,5.705986376577585e-07,0.0,-7.088370946460087e-08,-5.793815332994197e-09
fp16_minus_native,64,65,3.902381998600792e-06,0.0,-9.756544725133285e-09,-8.099302773099151e-10
fp16_minus_native,65,66,-3.674600508294569e-05,0.000222435565706918,-5.663663710618085e-07,-4.7739694112489606e-08
fp16_minus_native,66,67,-3.840748580122088e-06,9.83675084978799e-06,-6.152377473164395e-07,-5.264486471290096e-08
fp16_minus_native,67,68,0.00011664691416804056,0.0005930000512628684,1.1092056632035166e-06,9.632948288357488e-08
fp16_minus_native,68,69,0.00046591153842433285,0.0029734230830981137,7.845471355393798e-06,6.913633761458136e-07
fp16_minus_native,69,70,0.0002565707679488974,0.001084609731005527,1.1398689878158135e-05,1.0190399635645842e-06
fp16_minus_native,70,71,0.0003347968861672123,0.0016319604333303837,1.5953594051243406e-05,1.4466221936631952e-06
fp16_minus_native,71,72,-0.0003968376067536979,0.0033668073997596432,1.0220382928952553e-05,9.398053268002347e-07
fp16_minus_native,72,73,-0.0006954072079242324,0.003232497009137724,5.542515474020758e-07,5.167351591360348e-08
fp16_minus_native,73,74,0.00036305075087834856,0.006656289982870158,5.452852889712158e-06,5.15339864417241e-07
fp16_minus_native,74,75,0.001285518798459829,0.005965153171549044,2.252039883064705e-05,2.1571263247746216e-06
fp16_minus_native,75,76,-0.0004580001961618282,0.0026240555040462675,1.6197759422851326e-05,1.5721963169051095e-06
fp16_minus_native,76,77,-6.7670201137986e-06,4.078235942475657e-05,1.5899515532764964e-05,1.5635538901952775e-06
fp16_minus_native,77,78,2.95431602223168e-07,2.1541139002014243e-06,1.569946317468109e-05,1.5639311974778098e-06
fp16_minus_native,78,79,-1.2713233938530599e-08,1.0492555348570583e-07,1.5500574865711224e-05,1.5639149609082845e-06
fp16_minus_native,79,80,-3.9103854769434383e-08,3.235834953552884e-07,1.530632888170522e-05,1.563865019842168e-06
fp16_minus_native,80,81,-7.330985996443127e-08,3.6945550663919153e-07,1.5116456798474722e-05,1.5637713929456608e-06
fp16_minus_native,81,82,-6.233633306236031e-08,2.5565173257092474e-07,1.4931349565163301e-05,1.5636917807706138e-06
fp16_minus_native,82,83,3.571058564173704e-09,6.823941564191676e-08,1.4751496812071749e-05,1.5636963415095214e-06
fp16_minus_native,83,84,3.6893320985305392e-09,7.233349701472536e-08,1.4575927675405396e-05,1.5637010533001957e-06
fp16_minus_native,84,85,1.5100821512379213e-08,7.114906289016184e-08,1.4404623830065479e-05,1.5637203391514249e-06
fp16_minus_native,85,86,-6.88358425888071e-08,9.755680706655176e-07,1.4236327787360191e-05,1.5636324261979264e-06
fp16_minus_native,86,87,-5.668063370895517e-07,3.402419358794562e-07,1.4066176820412493e-05,1.562908535601388e-06
fp16_minus_native,87,88,9.187672203119704e-08,1.0494535250522032e-06,1.3907377955658174e-05,1.5630258749654142e-06
fp16_minus_native,88,89,1.5530830258983252e-06,6.6104732857666055e-06,1.3768565653076602e-05,1.565009378191338e-06
fp16_minus_native,89,90,-3.596121831699154e-06,9.560441967071004e-06,1.3575624681023532e-05,1.5604166300027049e-06
fp16_minus_native,90,91,-4.692812500503376e-06,1.7887934426291782e-05,1.3374872624083677e-05,1.5544232551617046e-06
fp16_minus_native,91,92,-4.8632534974975064e-05,0.00023817814800636416,1.2700879063224342e-05,1.4923127379522853e-06
fp16_minus_native,92,93,0.00019145960215135853,0.0009139310226680863,1.4623015870623636e-05,1.7368333026411215e-06
fp16_minus_native,93,94,-0.0002729895684999072,0.002053348819581767,1.156330752625628e-05,1.3881876212874718e-06
fp16_minus_native,94,95,7.768033721316271e-05,0.0003548972776814673,1.2259276259802671e-05,1.4873962256465565e-06
fp16_minus_native,95,96,-0.00033630103431889517,0.0014394581486621948,8.628439691274561e-06,1.0578929889685286e-06
fp16_minus_native,96,97,-0.0003048706915816412,0.0020102618774705786,5.396489884337293e-06,6.685306753265867e-07
fp16_minus_native,97,98,0.00011539589779454337,0.0015794478640993707,6.518932822196539e-06,8.159073008624022e-07
fp16_minus_native,98,99,0.0008486394149361978,0.002825239319616652,1.5025200318297563e-05,1.899737971279002e-06
fp16_minus_native,99,100,-0.0004334742899436158,0.00449026361453859,1.0540205415678429e-05,1.3461309598567597e-06
fp16_minus_native,100,101,0.0002725361557794747,0.012029677603190738,1.3134224726211064e-05,1.6941975700476597e-06
fp16_minus_native,101,102,-7.556576573607485e-05,0.0016055866888360613,1.2264616976580812e-05,1.5976895678304505e-06
fp16_minus_native,102,103,-0.00012443325118715166,0.00296511662834002,1.0937453208000878e-05,1.4387709839388128e-06
fp16_minus_native,103,104,3.0232581891031037e-05,0.00016677715031208012,1.1122983291491547e-05,1.47738219963617e-06
fp16_minus_native,104,105,-1.043779720506955e-06,6.371153284345544e-06,1.1007109358043955e-05,1.4760491476304155e-06
fp16_minus_native,105,106,6.067783657536624e-07,8.967936982838649e-07,1.0908993027928e-05,1.4768240880719899e-06
fp16_minus_native,106,107,-2.0844967458442645e-07,3.2368270962420116e-07,1.0805091694259657e-05,1.4765578688196467e-06
fp16_minus_native,107,108,-9.172009424919656e-08,1.995371989002995e-07,1.0704195288810504e-05,1.4764407294911042e-06
fp16_minus_native,108,109,-1.43907683910165e-08,7.004589618321868e-08,1.0605859636909586e-05,1.476422350476558e-06
fp16_minus_native,109,110,-1.8693087172582055e-08,1.530019032714934e-07,1.0509272793963373e-05,1.4763984768020065e-06
fp16_minus_native,110,111,2.133820428721781e-08,7.50060279208817e-08,1.0414786896759084e-05,1.4764257286593337e-06
fp16_minus_native,111,112,1.123329247024157e-08,1.2348061032198052e-07,1.0321898025292216e-05,1.4764400751375837e-06
fp16_minus_native,112,113,2.9784801671255497e-08,1.701873284509097e-07,1.0230817377295565e-05,1.476478114475605e-06
fp16_minus_native,113,114,9.477383357699988e-09,1.6343131617456638e-07,1.0141156500155762e-05,1.4764902184134826e-06
fp16_minus_native,114,115,2.267610890091148e-07,6.857479786942577e-07,1.0054944366145793e-05,1.4767798238911447e-06
fp16_minus_native,115,116,1.4107036921197202e-06,1.0446806811054133e-06,9.980425049990399e-06,1.4785814888874666e-06
fp16_minus_native,116,117,-5.548640032982112e-05,2.4184374085462325e-05,9.420879533923634e-06,1.4077176315058305e-06
fp16_minus_native,117,118,-5.1754600865627374e-05,2.030195448365397e-05,8.902443259351162e-06,1.3416198015369568e-06
fp16_minus_native,118,119,-2.504084071162878e-05,0.00047115235866057267,8.617205578922762e-06,1.309639162058504e-06
fp16_minus_native,119,120,-4.860364023558581e-05,0.0010298990652614717,8.140365197135192e-06,1.2475655474536694e-06
fp16_minus_native,120,121,-0.004504405624748814,0.03155520395032011,-2.9153403314814793e-05,-4.50518748543115e-06
fp16_minus_native,121,122,-0.0005037077117543266,0.0041331090512015155,-3.304319272825342e-05,-5.148492353572053e-06
fp16_minus_native,122,123,-0.003442942039397737,0.012768974256748077,-6.0765947579224855e-05,-9.545608623556395e-06
fp16_minus_native,123,124,0.0037562669551210823,0.02086640903349763,-2.9983424170351394e-05,-4.748332818804052e-06
fp16_minus_native,124,125,-0.0016832740655159557,0.011460572651948431,-4.320974930111622e-05,-6.8981081259764086e-06
fp16_minus_native,125,126,-0.0016571759339315544,0.008455256733707554,-5.601900473469112e-05,-9.014552486042249e-06
fp16_minus_native,126,127,-0.0018165920427053403,0.00851711145532457,-6.988178456123169e-05,-1.133459340903758e-05
fp16_minus_native,127,128,-0.002524030333482972,0.012123436816524898,-8.905482009968278e-05,-1.4558131510548398e-05
fp16_minus_native,128,129,0.0011091006148133363,0.008437348640358193,-7.976679347245008e-05,-1.314165562956074e-05
fp16_minus_native,129,130,0.0018238931467453989,0.008395605050113702,-6.512325547077432e-05,-1.08122901803329e-05
fp16_minus_native,130,131,-0.0033644655872272933,0.013279880532750251,-9.030907479715997e-05,-1.5109181096331999e-05
fp16_minus_native,131,132,0.0005403969506119178,0.002521360878652721,-8.553099884709117e-05,-1.4419018962728013e-05
fp16_minus_native,132,133,-0.0008110361033781361,0.005463722338570451,-9.098592444506897e-05,-1.5454824969596645e-05
fp16_minus_native,133,134,-0.0018746900558619045,0.008051881797452247,-0.00010429714930638862,-1.7849065143111206e-05
fp16_minus_native,134,135,-0.0003756475531469602,0.002207988919499542,-0.00010630715229780026,-1.83288193616897e-05
fp16_minus_native,135,136,3.868285883833144e-07,1.867500323447864e-06,-0.0001055226377324607,-1.8328325327732636e-05
fp16_minus_native,136,137,2.888789134855836e-08,4.2261708323014215e-07,-0.00010475218864031607,-1.832828843387395e-05
fp16_minus_native,137,138,-1.161590830907335e-09,2.0349909581144678e-07,-0.00010399312322691402,-1.8328289917387147e-05
fp16_minus_native,138,139,-1.0500560767034437e-07,2.584064140641109e-07,-0.00010324572669727917,-1.8328424024165777e-05
fp16_minus_native,139,140,2.214995603691774e-08,2.818726766246479e-07,-0.00010250809900689833,-1.8328395735588462e-05
fp16_minus_native,140,141,-2.6982909701196956e-07,1.916422183119071e-06,-0.00010178300489406224,-1.832874034490776e-05
fp16_minus_native,141,142,-1.9127102746292152e-07,6.844244823968289e-07,-0.00010106757014852282,-1.8328984624636322e-05
fp16_minus_native,142,143,7.721697685250655e-06,7.016362632499964e-06,-0.00010030680603779712,-1.8319122941768824e-05
fp16_minus_native,143,144,3.458672532831441e-05,6.767726205195113e-05,-9.937004540331028e-05,-1.8274950878769707e-05
fp16_minus_native,144,145,0.00010191476092130683,0.0005317512594897401,-9.798187432520948e-05,-1.814479154170546e-05
fp16_minus_native,145,146,-0.000104930853319239,0.0007610276557867344,-9.802947007174392e-05,-1.827880284862658e-05
fp16_minus_native,146,147,0.00018019806989146437,0.0045668791841624755,-9.613676571825271e-05,-1.804866482833097e-05
fp16_minus_native,147,148,-0.0008638150593479127,0.007587910061478055,-0.00010132378121575042,-1.9151876909235072e-05
fp16_minus_native,148,149,0.001283382842296217,0.016554497250559085,-9.203044817204594e-05,-1.751281836224118e-05
fp16_minus_native,149,150,0.0037879744169851516,0.017775604194708323,-6.616374907099793e-05,-1.2675047714750562e-05
fp16_minus_native,150,151,0.002038307621081402,0.008408583140143143,-5.222685257992243e-05,-1.007184513354826e-05
fp16_minus_native,151,152,-0.003674970367740414,0.022995266215219468,-7.606069149545198e-05,-1.476529387906603e-05
fp16_minus_native,152,153,-0.002133992283300503,0.015646287745589283,-8.951122477522357e-05,-1.7490699094009204e-05
fp16_minus_native,153,154,-0.0011241736706595752,0.010359665428957965,-9.622981208616092e-05,-1.8926425365605086e-05
fp16_minus_native,154,155,-0.0017991892227227795,0.015049644053906415,-0.00010721664699349393,-2.1224240464867892e-05
fp16_minus_native,155,156,-0.003078672063123887,0.014596742356247224,-0.0001262644381225349,-2.5156133265792395e-05
fp16_minus_native,156,157,0.006598206143300695,0.0301023621327645,-8.343341531092199e-05,-1.6729305496570564e-05
fp16_minus_native,157,158,-0.0004441961669358447,0.014470801807055449,-8.571672386551013e-05,-1.7296605837484802e-05
fp16_minus_native,158,159,0.0002959763337213611,0.009618143922778263,-8.331613859766816e-05,-1.691860285699775e-05
fp16_minus_native,159,160,-0.00014483122987255328,0.017972223282067615,-8.370060791813624e-05,-1.710357249923601e-05
fp16_minus_native,160,161,0.00014163412457800348,0.007237652817187016,-8.230101330635895e-05,-1.6922686005522084e-05
fp16_minus_native,161,162,0.0002702159169631034,0.001969307449564066,-8.012498287259685e-05,-1.6577582663295898e-05
fp16_minus_native,162,163,0.0019216553661898271,0.010970047303962267,-6.784412183540407e-05,-1.41233612505375e-05
fp16_minus_native,163,164,2.3204529972426408e-06,1.0273386272249524e-05,-6.741628906203427e-05,-1.4120397709033997e-05
fp16_minus_native,164,165,1.5129151647577626e-07,1.628421717359712e-06,-6.700678857367965e-05,-1.412020448870644e-05
fp16_minus_native,165,166,-3.5436285596339705e-08,4.5909094005585254e-07,-6.660334669242612e-05,-1.4120249745776165e-05
fp16_minus_native,166,167,-7.416217276460549e-08,3.2952586317180114e-07,-6.620496834200899e-05,-1.4120344461194764e-05
fp16_minus_native,167,168,-3.1297893441687397e-07,4.005557406083206e-07,-6.581275411934477e-05,-1.4120744178863245e-05
fp16_minus_native,168,169,-6.341423740776646e-07,1.2332409888298705e-06,-6.542708186049705e-05,-1.4121554066952748e-05
fp16_minus_native,169,170,-4.5809197195257526e-07,1.253017938913602e-06,-6.504491133174088e-05,-1.4122139114171073e-05
fp16_minus_native,170,171,1.2314997683217868e-05,9.00177255310291e-05,-6.459251420299844e-05,-1.4106411147781269e-05
fp16_minus_native,171,172,0.00010050562516354173,0.0005105235849058082,-6.36326412997046e-05,-1.3978051473242902e-05
fp16_minus_native,172,173,-0.0002629233734853313,0.0071735521878610745,-6.478461084991055e-05,-1.4313841222266315e-05
fp16_minus_native,173,174,0.0050953509829928635,0.029085068709297016,-3.5128659161158964e-05,-7.80636870247977e-06
fp16_minus_native,174,175,0.006452523054302639,0.028277332675886304,1.9436363443484592e-06,4.344014818147897e-07
fp16_minus_native,175,176,-0.0031839512010526172,0.011024376789862844,-1.615803886813428e-05,-3.6319474339612176e-06
fp16_minus_native,176,177,0.0005899885979855992,0.004705970370877439,-1.2733481597774198e-05,-2.878449863098382e-06
fp16_minus_native,177,178,0.0012100043462627073,0.0070384425118661924,-5.864167958108578e-06,-1.3331058704257049e-06
fp16_minus_native,178,179,-0.0013511198529530775,0.006052784991956425,-1.3379562846348623e-05,-3.058674009573951e-06
fp16_minus_native,179,180,-0.00013903074789099897,0.009627597541058085,-1.407762498548556e-05,-3.2362356288472554e-06
fp16_minus_native,180,181,0.0031210925148529318,0.022341174521617702,3.2437570025720004e-06,7.498339942088532e-07
fp16_minus_native,181,182,0.004195792763702086,0.012130271521001839,2.6279740555866017e-05,6.108445442104234e-06
fp16_minus_native,182,183,6.959499147516987e-05,0.007867824374742712,2.6516435916080794e-05,6.197327934409688e-06
fp16_minus_native,183,184,0.002794976630075629,0.007192422906694985,4.1562415232165274e-05,9.766902174608442e-06
fp16_minus_native,184,185,-0.0017236145581727622,0.005978500610309118,3.2020918078625135e-05,7.565606442587037e-06
fp16_minus_native,185,186,-0.0017877355817830728,0.022728546027991278,2.223728098259451e-05,5.282419237244673e-06
fp16_minus_native,186,187,0.009315131847489989,0.045156037148780866,7.193190433290142e-05,1.7179139348981565e-05
fp16_minus_native,187,188,5.603740127414129e-07,0.005455463652403954,7.155226853332612e-05,1.7179855024604482e-05
fp16_minus_native,188,189,2.8576654585851606e-05,0.004246329247232839,7.132488433254583e-05,1.721635139061451e-05
fp16_minus_native,189,190,0.0019247573471158593,0.010754899205452249,8.107979203140539e-05,1.9674534464836556e-05
fp16_minus_native,190,191,4.1997022189532944e-05,0.0001502200559565022,8.087517019977253e-05,1.9728170508501346e-05
fp16_minus_native,191,192,1.4990558345661986e-06,2.021596756706851e-05,8.046175293745376e-05,1.9730085011482912e-05
fp16_minus_native,192,193,1.1376026195851532e-07,4.677302271694611e-06,8.004544209457556e-05,1.9730230299173794e-05
fp16_minus_native,193,194,-5.084730027967308e-08,3.301286669779386e-07,7.963257462346804e-05,1.9730165360092975e-05
fp16_minus_native,194,195,-8.567280800153341e-08,2.1342024668413745e-07,7.922376309817845e-05,1.9730055943990803e-05
fp16_minus_native,195,196,2.1926720272199182e-07,9.622689827041531e-07,7.882067893544653e-05,1.973033597873246e-05
fp16_minus_native,196,197,-1.0286699059620282e-06,1.947161406252354e-06,7.84153522915815e-05,1.9729022224063288e-05
fp16_minus_native,197,198,-5.745125378052015e-06,1.5530077491317225e-05,7.799029937405813e-05,1.972168489918711e-05
fp16_minus_native,198,199,-1.5691088306725118e-06,3.221965341595833e-06,7.75905033529288e-05,1.9719680928777565e-05
fp16_minus_native,199,200,-3.4079107787071305e-05,0.00015149652416971272,7.703215529722879e-05,1.9676157164043115e-05
fp16_minus_native,200,201,0.0008059787445989082,0.0034477686159338156,8.065875524400332e-05,2.0705504219724993e-05
fp16_minus_native,201,202,-0.0003579321964332051,0.004105526502941224,7.848751290896763e-05,2.0248374977792415e-05
fp16_minus_native,202,203,-0.0004543603791078587,0.01460557954598282,7.586264644583054e-05,1.9668093522993104e-05
fp16_minus_native,203,204,-0.0007476978487866949,0.03016772284656014,7.182558519469072e-05,1.8713179284440496e-05
fp16_minus_native,204,205,0.0012454209227748566,0.009223598852275623,7.755044049995982e-05,2.0303755175596124e-05
fp16_minus_native,205,206,0.0003418906133285894,0.011576835036462039,7.883364522242891e-05,2.0740397082784617e-05
fp16_minus_native,206,207,0.02433557006413527,0.15346849068221127,0.00019601594676307065,5.182030776494971e-05
fp16_minus_native,207,208,-0.003537704879175834,0.00863211275563159,0.00017806536586913358,4.730216615680688e-05
fp16_minus_native,208,209,-0.01274925111128965,0.06864662322722469,0.0001162121769832064,3.101959768772687e-05
fp16_minus_native,209,210,0.0016899232688576738,0.007669696208114051,0.00012370603932546575,3.317786495319005e-05
fp16_minus_native,210,211,0.0021246633442919436,0.01737314400844671,0.00013318924930161017,3.5891355814354725e-05
fp16_minus_native,211,212,-0.002745388522799212,0.012417747994195132,0.00011961105226339877,3.2385112490217806e-05
fp16_minus_native,212,213,-0.0010266012843452806,0.006427783792821738,0.00011422977368777118,3.107399973881898e-05
fp16_minus_native,213,214,0.003697723750284263,0.013564383026000543,0.00013097507264382954,3.5796507721302075e-05
fp16_minus_native,214,215,0.005437121428263162,0.034672589669563325,0.00015565482313508228,4.2740468676938304e-05
fp16_minus_native,215,216,-0.0011386280577309965,0.01080921287401522,0.00014966277276070225,4.128628214088338e-05
fp16_minus_native,216,217,0.000886303218066729,0.009002199090481314,0.00015305742919068395,4.241821473100692e-05
fp16_minus_native,217,218,0.0007516030386830045,0.00439551184957514,0.00015580305125257536,4.337811644069148e-05
fp16_minus_native,218,219,-0.0007266708992008409,0.003148336244476873,0.0001517734898349798,4.245005654388324e-05
fp16_minus_native,219,220,2.1936861849604658e-05,0.0001560118301627638,0.00015118332334413718,4.247807297025566e-05
fp16_minus_native,220,221,-3.6201224884107645e-07,6.708496699221527e-07,0.00015049759784371646,4.247761063021882e-05
fp16_minus_native,221,222,-3.6287101614288816e-08,3.1113006864068766e-07,0.00014981951728089966,4.24775642865386e-05
fp16_minus_native,222,223,-2.334118378919145e-08,2.4877287600579045e-07,0.00014914757621155127,4.247753447659762e-05
fp16_minus_native,223,224,3.2981782581282e-09,3.0155011997391394e-07,0.00014848175354175986,4.247753868883041e-05
fp16_minus_native,224,225,-2.7852897491562915e-07,1.1675681912744543e-06,0.00014782059673057463,4.247718296855593e-05
fp16_minus_native,225,226,-3.0777792873892154e-06,3.581601672400879e-05,0.00014715290480129162,4.24732522159539e-05
fp16_minus_native,226,227,6.475065329923077e-05,0.0004422601142465419,0.00014678989928806666,4.2555947814037205e-05
fp16_minus_native,227,228,-0.0021775732152130084,0.012296730972552482,0.00013659532422446546,3.977488368221983e-05
fp16_minus_native,228,229,-0.0009789803444744303,0.00689000979175527,0.00013172381475416465,3.8524589500260156e-05
fp16_minus_native,229,230,0.005939104947147961,0.02868614248911149,0.00015697329793848552,4.610965328972116e-05
fp16_minus_native,230,231,-0.0021735268411023517,0.011696950780420469,0.0001468845527478325,4.333375694093143e-05
fp16_minus_native,231,232,0.0026241853115209126,0.011512615261154035,0.00015756257325978538,4.668520689178826e-05
fp16_minus_native,232,233,-0.0013337977738646573,0.005648302020084089,0.00015116188507470192,4.498176145901092e-05
fp16_minus_native,233,234,0.0053759950688528815,0.04075581978053443,0.00017349023201392497,5.184765554439137e-05
fp16_minus_native,234,235,-0.0030389125333750103,0.012373093455002716,0.0001598204330122699,4.796654119780769e-05
fp16_minus_native,235,236,-0.00034276092328344894,0.012669726891015707,0.00015769085099406774,4.75287877836526e-05
fp16_minus_native,236,237,-0.010742460802468318,0.06982706130524514,0.00011169864992460619,3.38091699005513e-05
fp16_minus_native,237,238,-0.0005421701431872926,0.008774391238531987,0.00010895130205438809,3.311674315318565e-05
fp16_minus_native,238,239,0.0009662806265772676,0.006709150854687335,0.0001125384540398395,3.435081802748613e-05
fp16_minus_native,239,240,-0.004811111611445924,0.01483986980878055,9.20232454336488e-05,2.8206358753608828e-05
fp16_minus_native,240,241,-0.00019055337071185617,0.008193725831177808,9.085072835420686e-05,2.7962995572623057e-05
fp16_minus_native,241,242,0.004311503970595652,0.0223356737402768,0.00010829144423123769,3.346938633966733e-05
fp16_minus_native,242,243,0.0038965245556811436,0.039283101794388965,0.000123880880903871,3.8445790625339275e-05
fp16_minus_native,243,244,0.00888880080042431,0.0515775411309483,0.00015980268385272527,4.979802664120686e-05
fp16_minus_native,244,245,0.00013751975474371664,0.0034657530679229965,0.0001597117331216681,4.997365851188849e-05
fp16_minus_native,245,246,0.00046465904596397966,0.002991376715365472,0.0001609513563446043,5.056709279792166e-05
fp16_minus_native,246,247,-0.00023774160144862823,0.0015354488863019876,0.00015933721481507706,5.026346367729762e-05
fp16_minus_native,247,248,0.0006056375455985035,0.0034458595646357833,0.00016113681292307476,5.103694713272355e-05
fp16_minus_native,248,249,-8.307473926933022e-07,4.062079709401276e-06,0.00016048634079329253,5.103588615265625e-05
fp16_minus_native,249,250,1.736960490707032e-08,3.1175844923662645e-07,0.000159844464908539,5.1035908336059704e-05
fp16_minus_native,250,251,1.6177600246087376e-08,2.480487556227148e-07,0.00015920769882364538,5.103592899710727e-05
fp16_minus_native,251,252,4.3669431905469506e-08,2.8028757693113974e-07,0.00015857609553240833,5.1035984769050954e-05
fp16_minus_native,252,253,8.109169014676252e-08,4.77490862837284e-07,0.00015794963306662866,5.1036088334427904e-05
fp16_minus_native,253,254,3.502793747962979e-07,4.282703242563133e-06,0.00015732916317020413,5.103653568995127e-05
fp16_minus_native,254,255,-2.3278236616398634e-05,0.00013663361250926292,0.00015662089885731548,5.1006806141271324e-05
fp16_minus_native,255,256,-8.704601012701353e-05,0.001744459176083647,0.00015566907499409545,5.0895636268823036e-05
fp16_minus_native,256,257,0.0010750974717093295,0.004400867151464689,0.0001592466173937656,5.2268685402551414e-05
fp16_minus_native,257,258,-0.006734966787409479,0.04577905190940763,0.00013252486001080725,4.3667195252603155e-05
fp16_minus_native,258,259,-0.0014173219735137093,0.014866845463632742,0.00012654089540260454,4.185707778962271e-05
fp16_minus_native,259,260,0.0009193022522932014,0.01285687911033084,0.00012958997754449142,4.303115474018872e-05
fp16_minus_native,260,261,-0.008266294959997852,0.03362729964848053,9.742183602134066e-05,3.2473945340446886e-05
fp16_minus_native,261,262,-0.0030823416616276656,0.012746311673731334,8.528533412191702e-05,2.8537365951394965e-05
fp16_minus_native,262,263,0.0050776279928822065,0.02089044108437857,0.00010426762560009305,3.5022203745625126e-05
fp16_minus_native,263,264,0.0005464280257337762,0.012306324825140186,0.00010594247560059936,3.5720068401734645e-05
fp16_minus_native,264,265,-0.006633820169352127,0.03512638226135599,8.050940901587211e-05,2.724775656348162e-05
fp16_minus_native,265,266,0.00401529982622952,0.010425692456858543,9.530185419336697e-05,3.2375853404132336e-05
fp16_minus_native,266,267,0.008762709578143438,0.04905737365857534,0.00012776405540666316,4.3567053376218475e-05
fp16_minus_native,267,268,-0.0001610729436932381,0.026068778579479375,0.00012668630541002178,4.336134080445189e-05
fp16_minus_native,268,269,0.0020467868309542695,0.0071671358082230656,0.0001338242255793312,4.5975372517037155e-05
fp16_minus_native,269,270,0.009270955473784932,0.022528614891180108,0.00016766545242453715,5.78156732498404e-05
fp16_minus_native,270,271,-0.0007110873911917177,0.030931029789083915,0.00016442282200528898,5.690751566211151e-05
fp16_minus_native,271,272,0.0011150140227148247,0.005935248040859215,0.00016791764259613284,5.833154378818408e-05
fp16_minus_native,272,273,0.00030254228571975996,0.004146166272692447,0.0001684107731570253,5.8717932403407285e-05
fp16_minus_native,273,274,0.0004839147226617943,0.004311521165456346,0.00016956224742529087,5.9335958869131164e-05
fp16_minus_native,274,275,0.00028259029499811165,0.0016919761542120988,0.0001699732585073738,5.9696866014722606e-05
fp16_minus_native,275,276,-0.001928475351975952,0.01090549846586653,0.00016237018383170963,5.723393453071757e-05
fp16_minus_native,276,277,6.872689095977807e-07,3.831882053311692e-06,0.00016178649099805582,5.723481226878859e-05
fp16_minus_native,277,278,8.400708064476721e-08,3.378157824909114e-07,0.0001612048273868421,5.7234919557525036e-05
fp16_minus_native,278,279,8.75473300188402e-08,3.040444457195843e-07,0.00016062734609631585,5.723503136765278e-05
fp16_minus_native,279,280,6.636673820523392e-08,1.8686160653414064e-07,0.0001600539140271797,5.723511612721624e-05
fp16_minus_native,280,281,8.663163773657399e-08,2.2303752690730505e-07,0.00015948463544216394,5.723522676787748e-05
fp16_minus_native,281,282,7.646549241552582e-07,3.510972408854642e-06,0.00015892179863181638,5.723620333866183e-05
fp16_minus_native,282,283,1.6435112411817736e-05,9.9474131772373e-05,0.00015841831210807077,5.72571932651137e-05
fp16_minus_native,283,284,0.0007241434911096638,0.0036656929230495143,0.00016041030217497782,5.8182025309953636e-05
fp16_minus_native,284,285,0.0021184706224024407,0.014369908028402743,0.00016728068926349522,6.088760720318791e-05
fp16_minus_native,285,286,0.0007978548510429633,0.025674544459082935,0.00016948549402496184,6.190657891588645e-05
fp16_minus_native,286,287,-0.003312938084004432,0.017662482042452222,0.00015735161396214172,5.767549579455258e-05
fp16_minus_native,287,288,-0.000728361548309046,0.007807818685109216,0.00015427622103758896,5.6745276703480996e-05
fp16_minus_native,288,289,-0.007915153594105568,0.04011948723356951,0.00012635431856304518,4.663652370973187e-05
fp16_minus_native,289,290,0.008086005045376517,0.025827853383849856,0.0001538013900348158,5.696347779067252e-05
fp16_minus_native,290,291,0.009111570359511309,0.030969017395520777,0.00018458410127013023,6.860022154483768e-05
fp16_minus_native,291,292,-0.00971295996148792,0.08366435621693269,0.0001506884024250684,5.619541955060022e-05
fp16_minus_native,292,293,0.014339053159502622,0.1071015194583951,0.00019911285552089625,7.450838654868786e-05
fp16_minus_native,293,294,0.02633991624853789,0.15056108396384474,0.00028802715277605613,0.00010814812632970689
fp16_minus_native,294,295,-0.0002752267690665721,0.015242748008505082,0.0002861178174477759,0.00010779662343179296
fp16_minus_native,295,296,0.003972631671225512,0.0371007127337509,0.00029857225614297097,0.00011287022709874765
fp16_minus_native,296,297,-0.0037449963268120596,0.013261900352541142,0.0002849575471094524,0.00010808734545530951
fp16_minus_native,297,298,-0.00030550730625272414,0.005750844606142053,0.00028297612142702896,0.00010769717009611064
fp16_minus_native,298,299,0.0031001140450725257,0.009941431181758427,0.0002923979873923985,0.0001116564472928827
fp16_minus_native,299,300,-0.0010602924829060476,0.011617641116028489,0.00028788901915807036,0.00011030230619083156
fp16_minus_native,300,301,0.00038433566163815304,0.011493717344113929,0.00028820943989720687,0.00011079315633340902
fp16_minus_native,301,302,-0.00016123773418835996,0.003961306431665412,0.00028672120422142686,0.00011058723330124
fp16_minus_native,302,303,3.7018646058269894e-05,0.0002831283873174517,0.0002858971033694033,0.00011063451126555452
fp16_minus_native,303,304,0.00042655386235235655,0.0024161461760345347,0.00028635979007658394,0.0001111792799275626
fp16_minus_native,304,305,1.526909900161936e-07,8.408388143769537e-07,0.00028542140614515267,0.00011117947493521273
fp16_minus_native,305,306,6.647975944604257e-08,1.5680962773160839e-07,0.0002844888737059836,0.00011117955983912002
fp16_minus_native,306,307,6.206315818548699e-08,1.4867441174045e-07,0.0002835624020103882,0.00011117963910241274
fp16_minus_native,307,308,6.74828215635016e-08,2.03071453927087e-07,0.00028264196396107387,0.00011117972528737004
fp16_minus_native,308,309,8.94973626112696e-08,3.291940962827993e-07,0.0002817275546840562,0.00011117983958796087
fp16_minus_native,309,310,1.0939480198588658e-09,5.446706413899185e-07,0.0002808187596494237,0.00011117984098508474
fp16_minus_native,310,311,0.00011213547725087976,0.0006351064824232832,0.0002802763696738658,0.00011132305359970913
fp16_minus_native,311,312,-3.601063310492913e-05,0.00021770069975153054,0.00027926262928034394,0.00011127706300825966
fp16_minus_native,312,313,0.006405366973389257,0.03680286473499492,0.00029883484763212957,0.00011945760831271592
fp16_minus_native,313,314,0.005318210569857106,0.03278239186064431,0.00031482012063284616,0.00012624970354880422
fp16_minus_native,314,315,-0.0007006114614355901,0.010290522502105486,0.0003115965283088194,0.00012535492518170896
fp16_minus_native,315,316,0.003050358739542655,0.01968689690536501,0.00032026349733171123,0.00012925065792697413
fp16_minus_native,316,317,0.005535086049487042,0.07119190315711148,0.0003367140416602769,0.00013631973334138925
fp16_minus_native,317,318,0.0020060365749051635,0.007644365852455541,0.00034196348358872,0.0001388817213042311
fp16_minus_native,318,319,0.01956535834200906,0.11388521547686796,0.0004022249094771851,0.00016386940756477913
fp16_minus_native,319,320,-0.0006714627480347139,0.012950214412146659,0.0003988696355474603,0.00016301185616243588
fp16_minus_native,320,321,0.0010322780536379604,0.013812675248415469,0.00040084287049478275,0.00016433021893847417
fp16_minus_native,321,322,0.0008421939617851222,0.007924727788533741,0.00040221352605779623,0.00016540581786795707
fp16_minus_native,322,323,-0.0017039821279000425,0.0058889341335391235,0.0003956927964789794,0.0001632295954823887
fp16_minus_native,323,324,-0.0032354981712415212,0.030999561050804095,0.0003844854169489778,0.00015909741390992185
fp16_minus_native,324,325,0.00267796221032009,0.02305820053320605,0.000391542268620889,0.00016251754444672914
fp16_minus_native,325,326,-0.010367382937973494,0.038414437578147116,0.0003585394305638509,0.0001492769532104922
fp16_minus_native,326,327,0.0031637108525171004,0.013476514144631585,0.0003671179364413838,0.0001533174523835664
fp16_minus_native,327,328,0.00024614388522121457,0.003664777610508321,0.00036674911311449307,0.00015363181239023464
fp16_minus_native,328,329,-0.0005850137334804413,0.008949813832828432,0.0003638562169242349,0.0001528846684138867
fp16_minus_native,329,330,0.0006241119287238488,0.006330412640293866,0.000364644870596355,0.00015368174622834883
fp16_minus_native,330,331,0.003327213414599211,0.019143835548202932,0.0003735952287353364,0.00015793106093409497
fp16_minus_native,331,332,-5.256318700941141e-07,9.725375950355783e-07,0.00037246835867327184,0.0001579303896290246
fp16_minus_native,332,333,-4.6987530081945813e-07,2.8522607747280286e-06,0.000371348424036713,0.00015792978953285493
fp16_minus_native,333,334,1.2995823085779624e-07,4.196791956745876e-07,0.0003702369915043602,0.00015792995550760702
fp16_minus_native,334,335,1.2393719200452378e-07,2.6819013676084193e-07,0.0003691321764168606,0.00015793011379265428
fp16_minus_native,335,336,1.1081238262356624e-07,2.3197153183048153e-07,0.00036803389854771104,0.00015793025531549284
fp16_minus_native,336,337,1.4351004964646556e-07,2.8038631983253786e-07,0.00036694223567382956,0.00015793043859780402
fp16_minus_native,337,338,-2.8702108036018465e-07,1.0446674946054553e-06,0.00036585575858284075,0.0001579300720319287
fp16_minus_native,338,339,6.519214774487839e-05,0.0003707361979862656,0.00036496884527653406,0.00015801333147987874
fp16_minus_native,339,340,-0.00013507409987563568,0.0007587922216088998,0.00036349813073196895,0.00015784082305091883
fp16_minus_native,340,341,0.0036259386087378045,0.014743385356475356,0.00037306540486101836,0.00016247165141456866
fp16_minus_native,341,342,0.0012573850572398604,0.005125840077263854,0.0003756511348387342,0.0001640775071709414
fp16_minus_native,342,343,-0.00015056618169041267,0.0034739456361942067,0.0003741169735660545,0.00016388521319687956
fp16_minus_native,343,344,0.005007254558897251,0.027940497376493848,0.00038758539677922663,0.00017028017431935371
fp16_minus_native,344,345,0.002151265351470904,0.009636175994701844,0.0003926975125899271,0.00017302763964690274
fp16_minus_native,345,346,-0.004161181444028722,0.024827588499401417,0.00037953601271530665,0.00016771323167240882
fp16_minus_native,346,347,-0.0062443724955389916,0.02807967487992317,0.00036044693920448735,0.00015973829872791456
fp16_minus_native,347,348,0.002961123343449343,0.012075639015444898,0.0003679201472626623,0.00016352006545007213
fp16_minus_native,348,349,0.0011017045292080353,0.02505785739678081,0.00037002268130835095,0.00016492709550014622
fp16_minus_native,349,350,0.0036620631275778156,0.015576942202693608,0.0003794285111548352,0.00016960405990318304
fp16_minus_native,350,351,0.0016109819347710644,0.011437056722802048,0.000382937210367417,0.00017166150809573867
fp16_minus_native,351,352,-0.002312295377175726,0.012172975469259169,0.00037528029960735143,0.00016870838500866882
fp16_minus_native,352,353,-0.0009603699334067182,0.020260618236121575,0.00037149658789909624,0.00016748185891236395
fp16_minus_native,353,354,-0.009520837980560274,0.032339308195419574,0.00034355213996559516,0.00015532242343272118
fp16_minus_native,354,355,0.003664156708034328,0.02429020399816693,0.00035290595565029575,0.00016000206162944443
fp16_minus_native,355,356,0.0009771044789180089,0.00457640545831512,0.0003546593222886883,0.0001612499600699528
fp16_minus_native,356,357,-4.892663184841095e-05,0.02205786317204778,0.00035352882941995696,0.00016118747395009532
fp16_minus_native,357,358,0.0028833844719756596,0.018206786503572363,0.0003605954652930176,0.00016486995731149464
fp16_minus_native,358,359,-0.0007041726636223884,0.004127361103083369,0.00035762953735732003,0.00016397063079345834
fp16_minus_native,359,360,-8.516894217811932e-07,3.967417778631246e-06,0.0003566337561718225,0.0001639695430675046
fp16_minus_native,360,361,-6.364626511619335e-08,1.524858737116406e-06,0.0003556456747246289,0.00016396946178236403
fp16_minus_native,361,362,3.0598037107831154e-08,2.0696172875482866e-07,0.0003546633126343317,0.00016396950086031682
fp16_minus_native,362,363,1.0588982058459132e-07,1.4337767155718462e-07,0.00035368657042272357,0.00016396963609635845
fp16_minus_native,363,364,1.1218247665784022e-07,1.7658737858687883e-07,0.0003527152122140806,0.00016396977936899786
fp16_minus_native,364,365,1.2848714991736396e-07,2.4469298789133927e-07,0.0003517492211865076,0.00016396994346497482
fp16_minus_native,365,366,1.222519364455193e-07,2.6452642190566964e-07,0.000350788491762327,0.00016397009959771608
fp16_minus_native,366,367,2.9233943091949183e-05,0.00016669753506578746,0.00034991232132998266,0.00016400743541264832
fp16_minus_native,367,368,-0.0007474519670061307,0.004227579237075577,0.00034693035315515634,0.00016305283519935828
fp16_minus_native,368,369,-0.0003877780537088273,0.007367358104270401,0.0003449392734617579,0.0001625575886428974
fp16_minus_native,369,370,-0.0031030877956706566,0.013555847390535404,0.00033562028138302177,0.0001585945135526412
fp16_minus_native,370,371,-0.001530292486451726,0.021190925624733754,0.00033059086691446444,0.00015664011701822006
fp16_minus_native,371,372,-0.001176626528183475,0.012229965393024983,0.00032653920725022267,0.00015513740114569965
fp16_minus_native,372,373,0.006252044908095275,0.03062272527661742,0.00034242528151522285,0.00016312213282909083
fp16_minus_native,373,374,0.005198051499630301,0.03348477105693405,0.0003554082393176695,0.00016976076820537472
fp16_minus_native,374,375,-0.0013124949332415066,0.01677588141399639,0.00035096049752417836,0.00016808452946560267
fp16_minus_native,375,376,-0.0036887883029901214,0.021308915447062742,0.00034021648475685316,0.00016337343329320153
fp16_minus_native,376,377,0.02217480364796829,0.12583820877710827,0.00039813316158234766,0.0001916937444655748
fp16_minus_native,377,378,0.0005145154966542109,0.019616030680885344,0.00039844105135767015,0.0001923508523795649
fp16_minus_native,378,379,-0.0004606445668185575,0.005457143836941763,0.0003961743346870204,0.0001917625451422487
fp16_minus_native,379,380,-0.002037361515901774,0.012772431583474441,0.0003897702929749446,0.00018916055086906636
fp16_minus_native,380,381,-0.0003048489565842602,0.021945289364585324,0.0003879471453383063,0.00018877121631404178
fp16_minus_native,381,382,-0.0035831308707320467,0.018990803853034366,0.00037755165314964044,0.00018419505939101233
fp16_minus_native,382,383,-0.0036150787351065324,0.013202566561572239,0.00036712703072599507,0.00017957810059777282
fp16_minus_native,383,384,0.004608425739103814,0.025339547510460372,0.0003781720794457289,0.0001854637017971391
fp16_minus_native,384,385,-0.0004929496395482021,0.008460371085703437,0.0003759094256301603,0.000184834136484817
fp16_minus_native,385,386,-0.00015832364221680148,0.006603499277820725,0.0003745254021383289,0.0001846319351537611
fp16_minus_native,386,387,0.0015352044828895854,0.011709846552318041,0.00037752457288962415,0.00018659260499142343
fp16_minus_native,387,388,0.0005590094275857486,0.003172117778265666,0.0003779923173604904,0.0001873065378491319
fp16_minus_native,388,389,-0.00014199266446561474,0.0008007658380177101,0.00037665559504217134,0.0001871251934500698
fp16_minus_native,389,390,5.809191071465785e-06,3.209545050533231e-05,0.00037570470682686194,0.00018713261259575498
fp16_minus_native,390,391,1.5899896360550024e-07,3.354808622725394e-07,0.00037474423187068985,0.00018713281565956543
fp16_minus_native,391,392,9.905271795295266e-08,1.5340077646026454e-07,0.0003737885043728512,0.00018713294216367519
fp16_minus_native,392,393,1.3509420087982767e-07,2.914770802567635e-07,0.0003728377323367902,0.00018713311469777593
fp16_minus_native,393,394,1.8021636880895372e-07,5.121084633751885e-07,0.00037189190107798817,0.00018713334485916645
fp16_minus_native,394,395,-0.00019597486221369542,0.0011071299840749796,0.0003704542637025662,0.00018688305767881693
fp16_minus_native,395,396,-0.0005312340919075559,0.003018144486446688,0.000368177272905571,0.00018620459779132326
fp16_minus_native,396,397,-0.00017024936470966322,0.006675963974655857,0.00036682103452366857,0.00018598716565248588
fp16_minus_native,397,398,-0.0013699560780908078,0.009812769459785571,0.000362457272934185,0.00018423754103168025
fp16_minus_native,398,399,-0.0006829042687803303,0.011913217023953836,0.0003598373191955522,0.00018336537721459173
fp16_minus_native,399,400,-0.0012782422089146347,0.007349570955141607,0.0003557421203752767,0.00018173288397204429
fp16_minus_native,400,401,0.0026020494484032615,0.04405473098621535,0.00036134388428557085,0.00018505606334420676
fp16_minus_native,401,402,-0.005125947880629981,0.019123562175437654,0.00034769390477085556,0.0001785095143267994
fp16_minus_native,402,403,1.3362163814640508e-05,0.0299230970533344,0.00034686429747319745,0.00017852657967011313
fp16_minus_native,403,404,0.0029352535125437406,0.01457494881661468,0.0003532712014708969,0.0001822753070169123
fp16_minus_native,404,405,-0.0041670708259682245,0.011793848898640978,0.00034210986313154096,0.00017695337748183153
fp16_minus_native,405,406,0.0007727594873094093,0.019847745426272836,0.00034317057649158495,0.00017794029892156257
fp16_minus_native,406,407,0.0035113371178831653,0.0240519047491132,0.000350954769467977,0.00018242476522792675
fp16_minus_native,407,408,0.003151532577871353,0.026730231610322987,0.0003578189307630833,0.00018644971104896294
fp16_minus_native,408,409,-0.0008914369934856772,0.033418075508369914,0.00035476451530037245,0.00018531122191296596
fp16_minus_native,409,410,-0.0035020426335892283,0.05000221905690723,0.00034535766859576373,0.00018083862595691332
fp16_minus_native,410,411,-0.0013441636772850484,0.028532602952275454,0.000341246911063207,0.00017912194182244964
fp16_minus_native,411,412,8.919661524952986e-05,0.018154588716677602,0.0003406351385005524,0.0001792358583170212
fp16_minus_native,412,413,-0.0008431258678322435,0.019774849718445803,0.0003377688890905456,0.00017815906921378715
fp16_minus_native,413,414,0.0005710092947809915,0.005298216735090844,0.00033833227171298637,0.0001788883275723836
fp16_minus_native,414,415,0.0008183075410548191,0.009420367724784476,0.00033948883862706307,0.00017993342021740892
fp16_minus_native,415,416,0.006096581246464138,0.040990304098710344,0.0003533280030689791,0.00018771960316308467
fp16_minus_native,416,417,0.00015547336379126084,0.0013460516651617135,0.00035285353151195823,0.0001879181642918092
fp16_minus_native,417,418,4.305894429134561e-06,2.2347329014529415e-05,0.0003520196854902289,0.00018792366351841084
fp16_minus_native,418,419,1.229421745002008e-07,1.6399371762175181e-07,0.00035117983646083584,0.00018792382053268227
fp16_minus_native,419,420,1.0004314974303512e-07,1.2863455293611985e-07,0.00035034393219104753,0.00018792394830171132
fp16_minus_native,420,421,9.380580445142173e-08,1.703406691621533e-07,0.00034951198414737383,0.00018792406810478208
fp16_minus_native,421,422,2.9164800191355757e-06,1.6496275824323887e-05,0.0003486906677868804,0.0001879277928557644
fp16_minus_native,422,423,-6.93932800356276e-06,4.24438089407676e-05,0.000347849934936312,0.0001879189303678927
fp16_minus_native,423,424,0.00033111244989288233,0.0016846996691320553,0.00034781045973573786,0.00018834180705996532
fp16_minus_native,424,425,0.003561611318155798,0.01685085322738422,0.0003553723441084909,0.00019289048051865726
fp16_minus_native,425,426,-0.004662032687887578,0.02582603487054896,0.0003435943980239931,0.00018693641578316868
fp16_minus_native,426,427,0.0018815333028110411,0.02494629678080026,0.0003471961284801689,0.00018933939573567322
fp16_minus_native,427,428,0.004077748945931538,0.020885288559763647,0.0003559123733807561,0.00019454724879561125
fp16_minus_native,428,429,0.0006499729955951714,0.020952841473870613,0.00035659782937659404,0.00019537735479254002
fp16_minus_native,429,430,0.006335449113460031,0.053111335454256066,0.0003705021346884159,0.00020346860525672904
fp16_minus_native,430,431,-0.001973916445873751,0.015649579043701657,0.00036506264842261045,0.00020094763917004484
fp16_minus_native,431,432,0.002033495733069628,0.021391686259518105,0.00036892476204447854,0.00020354469630040194
fp16_minus_native,432,433,0.002181354503652159,0.016535016204609503,0.00037311051202509665,0.00020633058966394233
fp16_minus_native,433,434,-0.0022944119615651857,0.012963013921132947,0.00036696414687857533,0.00020340030618812475
fp16_minus_native,434,435,0.004245772479414787,0.030543104663659188,0.0003758809476430264,0.0002088227486905702
fp16_minus_native,435,436,0.0006111953458701741,0.03018889754677735,0.00037642065956556566,0.00020960333023063425
fp16_minus_native,436,437,-0.0012452144220634295,0.02790526516252423,0.000372709824138497,0.0002080130180696337
fp16_minus_native,437,438,-0.0015098113117475557,0.01769702630902292,0.00036841183067757,0.00020608477884645677
fp16_minus_native,438,439,-0.00014879105322607958,0.017724283200170485,0.00036723369198986234,0.0002058947519585563
fp16_minus_native,439,440,-0.0046181122762430065,0.10215247326220389,0.00035590336024387864,0.00019999677970281813
fp16_minus_native,440,441,0.0028848931802248345,0.01918539855067429,0.00036163803103748623,0.00020368118989467615
fp16_minus_native,441,442,-0.005753552395501083,0.03760928565998976,0.0003478027585792541,0.0001963331025441
fp16_minus_native,442,443,-0.0005289149034507213,0.0025150037323580818,0.00034582371193810297,0.00019565760458311574
fp16_minus_native,443,444,-0.0018173189497467455,0.017348062625394536,0.00034095176900638037,0.00019333663529863714
fp16_minus_native,444,445,0.00013880805883360265,0.0008551714896284652,0.00034049751347790217,0.000193513912512984
fp16_minus_native,445,446,-7.983522796814441e-05,0.000451770791358332,0.0003395550633849738,0.0001934119518131524
fp16_minus_native,446,447,2.9570719384789446e-08,2.8092887795763154e-07,0.00033879549852442446,0.00019341198957907756
fp16_minus_native,447,448,7.362499058930826e-08,2.45171761996872e-07,0.0003380394229138579,0.00019341208360843976
fp16_minus_native,448,449,9.074812867351653e-08,3.681073465390793e-07,0.0003372867532595479,0.00019341219950643295
fp16_minus_native,449,450,4.942655251508229e-07,1.9403781147707184e-06,0.00033653832550902706,0.00019341283075231442
fp16_minus_native,450,451,-4.638673628058249e-06,2.1016071569704905e-05,0.00033578183548876737,0.00019340690652035005
fp16_minus_native,451,452,-0.0009129365597601575,0.0037729244292648892,0.000333019184171845,0.00019224095944530515
fp16_minus_native,452,453,-0.00028560045885167644,0.004434083335998066,0.0003316535778958549,0.0001918762079014333
fp16_minus_native,453,454,-0.0012327125526328316,0.006434347981239433,0.0003282078375202411,0.00019030186236805805
fp16_minus_native,454,455,-0.005643572302335664,0.012632969945823596,0.00031508304600407427,0.0001830942349065821
fp16_minus_native,455,456,0.00017188807924030857,0.016412879474349412,0.0003147690219541536,0.0001833137599119975
fp16_minus_native,456,457,0.006078657176400905,0.03118211962249323,0.00032738146868160835,0.00019107705132502556
fp16_minus_native,457,458,-0.0022470585631465165,0.0108704904064676,0.00032176042057717994,0.0001882072447309686
fp16_minus_native,458,459,-0.009177756933568888,0.0490023309520395,0.00030106430433721036,0.00017648597150801988
fp16_minus_native,459,460,-0.0007379599316141314,0.01822476909797397,0.0002988055559981858,0.00017554349394529432
fp16_minus_native,460,461,-0.0007667530873072868,0.012367072358730094,0.000296494148962816,0.00017456424351450597
fp16_minus_native,461,462,-0.001689092562813795,0.017475340191409155,0.0002921963422273688,0.00017240703717630188
fp16_minus_native,462,463,0.0010996929252688552,0.02417420925943529,0.00029394039532249075,0.00017381149812811396
fp16_minus_native,463,464,-0.00620600592532858,0.031837793260890784,0.0002799318903210876,0.00016588556463471857
fp16_minus_native,464,465,-0.0022160371883106758,0.012763538633677856,0.0002745642148831698,0.000163055376654756
fp16_minus_native,465,466,-0.0012041752877787462,0.03351057110251764,0.00027139095414784384,0.00016151747718121996
fp16_minus_native,466,467,-0.005419714114717129,0.014416530457759487,0.0002592044336577689,0.00015459574778822231
fp16_minus_native,467,468,-0.003127185852521356,0.020876958855193837,0.000251968556977899,0.00015060189612472124
fp16_minus_native,468,469,-0.01606601489341679,0.0522838838075704,0.0002171754152926224,0.00013008335858523615
fp16_minus_native,469,470,0.002378398195243721,0.01800208659231103,0.00022177376163294395,0.00013312090417303148
fp16_minus_native,470,471,-0.0015550447274917064,0.012357623535343632,0.00021800132322715904,0.000131134895581088
fp16_minus_native,471,472,0.0009105223681338615,0.003733896099137432,0.00021946852883077505,0.000132297759397351
fp16_minus_native,472,473,0.004765794782848702,0.026962150394768222,0.00022908021224307508,0.00013838434277263666
fp16_minus_native,473,474,-0.0015739852379149774,0.00890378538885629,0.00022527627669421843,0.00013637414451220885
fp16_minus_native,474,475,6.823386950125033e-08,2.1040345502964334e-07,0.000224802154498798,0.00013637423165635892
fp16_minus_native,475,476,7.995530582758925e-08,2.3668365591109346e-07,0.00022433004903830856,0.0001363743337704149
fp16_minus_native,476,477,1.3432366542931733e-07,5.245939390043112e-07,0.00022386003703543035,0.0001363745053204346
fp16_minus_native,477,478,-1.1902075272283922e-07,7.866412002206227e-07,0.00022339146160072707,0.00013637435331436467
fp16_minus_native,478,479,-6.83897657519343e-06,3.7369960955210656e-05,0.00022291081350432648,0.00013636561898923677
fp16_minus_native,479,480,-0.00019516895267573307,0.0011317512912889685,0.00022203981399145125,0.00013611636106755632
fp16_minus_native,480,481,-0.0016413709847454615,0.006398738051829329,0.0002181657790668423,0.00013402010182777925
fp16_minus_native,481,482,0.0011523293543845453,0.010821386879690835,0.00022010387777082096,0.00013549178682699322
fp16_minus_native,482,483,0.0002792787954319239,0.019877885477947072,0.00022022639312829732,0.00013584846472665084
fp16_minus_native,483,484,-0.0014912510058005062,0.013803257207407018,0.00021669028279993198,0.00013394392959791454
fp16_minus_native,484,485,-0.004226934898314621,0.013787894907594167,0.0002075281690244381,0.00012854554530887928
fp16_minus_native,485,486,0.0014099770996307635,0.020396767361945185,0.0002100023437787721,0.00013034628234544473
fp16_minus_native,486,487,0.010438711261874956,0.06088745334733305,0.0002310058528508382,0.00014367796978078954
fp16_minus_native,487,488,0.00017301402295334645,0.01580374532713018,0.00023088701713383514,0.00014389893277306712
fp16_minus_native,488,489,0.013844067772132427,0.03467659541480691,0.00025872583258373005,0.00016157973452547128
fp16_minus_native,489,490,0.0003799525217252017,0.014869571696078047,0.0002589732339901412,0.00016206498678821097
fp16_minus_native,490,491,-0.00027507576790782766,0.041310712307325505,0.0002578855578151963,0.0001617136767397974
fp16_minus_native,491,492,0.00019167098803406788,0.02351286694251888,0.00025775097535629156,0.00016195846727368513
fp16_minus_native,492,493,-5.530808796707027e-06,0.01632493414896989,0.00025721693522616376,0.00016195140366091792
fp16_minus_native,493,494,0.008197250964420187,0.08400739750870753,0.00027328987860509907,0.00017242043426681856
fp16_minus_native,494,495,0.0029866342361313286,0.02412361542360736,0.0002787713823576773,0.00017623478195025576
fp16_minus_native,495,496,-0.0034869109275221556,0.01895997804214874,0.000271179280926468,0.00017178151128930796
fp16_minus_native,496,497,-0.007556228343449593,0.028048420485131485,0.0002554299698110232,0.00016213115580597512
fp16_minus_native,497,498,0.0024027926039258147,0.00879177195745311,0.0002597419429718963,0.00016519985644955853
fp16_minus_native,498,499,0.0004090255343171933,0.012322155748590018,0.00026004110848561434,0.00016572223899657924
fp16_minus_native,499,500,0.0008374542710801314,0.0047453917017312615,0.00026119593481080335,0.00016679178468122818
fp16_minus_native,500,501,0.0018463864483994033,0.01045023125967738,0.00026435998773213787,0.00016914987720791964
fp16_minus_native,501,502,-0.025198021602522012,0.14251400840999917,0.00021363811205434073,0.0001369684958509311
fp16_minus_native,502,503,1.6057200801245543e-07,1.1222463438285936e-06,0.00021321370342601806,0.00013696870092373827
fp16_minus_native,503,504,-4.164262387480894e-08,2.053649602763147e-07,0.0002127905777394111,0.0001369686477403106
fp16_minus_native,504,505,-7.408205102885316e-08,3.5893515055642144e-07,0.00021236906356160827,0.00013696855312721862
fp16_minus_native,505,506,-2.523659348134163e-07,2.033975052460169e-06,0.00021194886310805798,0.00013696823082078843
fp16_minus_native,506,507,1.0975071273586741e-05,5.760605942039741e-05,0.0002115524650965501,0.0001369822475146244
fp16_minus_native,507,508,-0.00046583446901870754,0.003363984633592245,0.0002102190262498666,0.00013638731204972188
fp16_minus_native,508,509,-0.003205526643383758,0.01500805353514355,0.00020350832748830744,0.0001322934082906111
fp16_minus_native,509,510,0.001339773451407034,0.008117465204106182,0.0002057362983195206,0.00013400448549547318
fp16_minus_native,510,511,-0.004446918212491446,0.03236075829516073,0.00019663129927683772,0.00012832515189075872
fp16_minus_native,511,512,-0.005286637999230408,0.03798361202441722,0.0001859217889281907,0.00012157337922252061
fp16_minus_native,512,513,0.003831126502720936,0.048626507826119346,0.00019302745113831298,0.00012646626109061887
fp16_minus_native,513,514,-0.004485993436461062,0.022754361311219003,0.00018392429766049325,0.00012073702298530465
fp16_minus_native,514,515,-0.007363469959536423,0.021709705802364962,0.0001692691631804992,0.0001113328467917715
fp16_minus_native,515,516,-0.002434115110437278,0.027330721742943105,0.00016422384482077482,0.00010822414294702402
fp16_minus_native,516,517,0.011393230340891958,0.050970300534976955,0.00018594339316907498,0.00012277488412313123
fp16_minus_native,517,518,0.0015661664165410251,0.03305173575569502,0.0001886079163802178,0.00012477509666022072
fp16_minus_native,518,519,0.00695702878580441,0.07780128658550063,0.00020164918973170946,0.0001336601908949645
fp16_minus_native,519,520,-0.028284058862094473,0.19860080896989096,0.00014686898193973601,9.753751035589109e-05
fp16_minus_native,520,521,0.005293785157779871,0.035548127982875835,0.00015674789974365178,0.00010429841094053969
fp16_minus_native,521,522,0.0035007551995489246,0.018557848366731564,0.0001631540439961523,0.00010876936266410154
fp16_minus_native,522,523,-0.005221785587961264,0.030606889918342026,0.0001528577923098093,0.00010210041555303992
fp16_minus_native,523,524,0.009279261801504082,0.0452813056626425,0.00017027459385407322,0.00011395132462264924
fp16_minus_native,524,525,-0.006255332052276434,0.019054322078365153,0.0001580353430995389,0.0001059623947985414
fp16_minus_native,525,526,-0.006129772906644976,0.029304343209442717,0.0001460813350201767,9.813382148226428e-05
fp16_minus_native,526,527,-0.00012439166291761645,0.0007000613453124902,0.00014556810352503853,9.797495601238225e-05
fp16_minus_native,527,528,-0.00016566038208072595,0.0009345478495983146,0.00014497865563563376,9.776338464318599e-05
fp16_minus_native,528,529,-0.0002709835940500725,0.0015329361999394336,0.0001441923375832978,9.741730087045278e-05
fp16_minus_native,529,530,0.006677926734451302,0.03777710526027023,0.00015652013833210535,0.00010594594293233184
fp16_minus_native,530,531,4.81158188109769e-07,2.832980764586631e-06,0.00015622627961243683,0.00010594655743831924
fp16_minus_native,531,532,-6.023044098065611e-09,4.2019295798454487e-07,0.00015593260987060122,0.00010594654974605345
fp16_minus_native,532,533,-7.004401528973878e-08,6.815413909402021e-07,0.00015563992196462393,0.00010594646029009521
fp16_minus_native,533,534,-7.103011681682901e-07,3.4422141230392184e-06,0.00015534713128459993,0.00010594555313662372
fp16_minus_native,534,535,1.5331610708760868e-06,7.340877132280811e-06,0.00015505962853653695,0.00010594751119673981
fp16_minus_native,535,536,-0.0004216233585477697,0.010699991621117903,0.00015398372744123033,0.00010540903947445652
fp16_minus_native,536,537,-0.003050803045379885,0.01588665776111567,0.00014801578186800668,0.0001015127392887862
fp16_minus_native,537,538,0.0022346977215264405,0.014398372310013318,0.00015189437283391453,0.000104366759367364
fp16_minus_native,538,539,0.0009259677383242845,0.027059594783341658,0.00015333050152684653,0.00010554934907148185
fp16_minus_native,539,540,-0.009343624265712423,0.03333804242831675,0.00013574354825418125,9.361624017529742e-05
fp16_minus_native,540,541,-0.0006346486332418871,0.022707062879865302,0.00013431953313126799,9.280570552237035e-05
fp16_minus_native,541,542,-0.00021540121599971664,0.010372789313521404,0.00013367429189670897,9.253060818392882e-05
fp16_minus_native,542,543,0.0019723833032838775,0.01795791378242809,0.00013706049633756932,9.50496162340998e-05
fp16_minus_native,543,544,0.00177079346724235,0.010038869578171886,0.0001400636819458502,9.731116600069285e-05
fp16_minus_native,544,545,-0.00015010077988213306,0.01358952573637437,0.0001395312700892851,9.711946640952793e-05
fp16_minus_native,545,546,0.0046098940105020626,0.030776448079560776,0.00014771874763582862,0.00010300694279586518
fp16_minus_native,546,547,0.0005253708191048925,0.024303382798476224,0.00014840915361657647,0.00010367791446777436
fp16_minus_native,547,548,-0.010069793763808121,0.027553360552736834,0.00012976279792784525,9.081738603379209e-05
fp16_minus_native,548,549,-0.01679151086831692,0.04529952111191846,9.894080582175276e-05,6.937228913938987e-05
fp16_minus_native,549,550,0.0030713676791051738,0.026173540278991533,0.00010434521831863175,7.329485322509254e-05
fp16_minus_native,550,551,-0.007480324593102815,0.020803540181103967,9.05799373541645e-05,6.374143739737502e-05
fp16_minus_native,551,552,0.0021296552966965773,0.022709954155625784,9.427391445442245e-05,6.646130367668097e-05
fp16_minus_native,552,553,-0.007125328892166669,0.04252100272982246,8.12185748402795e-05,5.7361266777362146e-05
fp16_minus_native,553,554,2.133104805676332e-05,0.0071037801912789845,8.111047461142832e-05,5.738850949518684e-05
fp16_minus_native,554,555,0.0010855995354789752,0.006137608389124883,8.292036481118967e-05,5.877497122632218e-05
fp16_minus_native,555,556,0.00038205045147368335,0.0021608532153744625,8.345836856417984e-05,5.9262902837399726e-05
fp16_minus_native,556,557,0.00016392652306737864,0.0009278083157308269,8.36028356279198e-05,5.947225982726862e-05
fp16_minus_native,557,558,-5.556146667613915e-06,3.1352208637309944e-05,8.34430525055264e-05,5.946516385451307e-05
fp16_minus_native,558,559,8.535597429861133e-08,1.9255945691997793e-07,8.329393319151704e-05,5.946527286597449e-05
fp16_minus_native,559,560,1.2616560968430273e-07,2.1324863143365222e-07,8.314541932083534e-05,5.946543399702145e-05
fp16_minus_native,560,561,1.4023359112953578e-07,2.422412331978738e-07,8.299745998798376e-05,5.946561309483894e-05
fp16_minus_native,561,562,1.5243663819872866e-07,5.149322822312365e-07,8.285004891440763e-05,5.946580777764635e-05
fp16_minus_native,562,563,6.270480650544216e-07,2.2908231986265717e-06,8.270400450792569e-05,5.9466608605315656e-05
fp16_minus_native,563,564,-0.0018938774779851501,0.026310360463139386,7.919942741130673e-05,5.704786342270369e-05
fp16_minus_native,564,565,0.00032070549944538556,0.0063543946310043505,7.962687178658831e-05,5.745744899032235e-05
fp16_minus_native,565,566,0.004204674046734297,0.01964665081927742,8.69149410002768e-05,6.282740307299703e-05
fp16_minus_native,566,567,-0.014730713307652512,0.07413507666011554,6.0781557845686385e-05,4.4014231543428076e-05
fp16_minus_native,567,568,-0.002293327774150963,0.022268092927919717,5.6636999162593684e-05,4.108533272586617e-05
fp16_minus_native,568,569,0.0019613299694896404,0.016277577214411962,5.9984438477755434e-05,4.3590224130067486e-05
fp16_minus_native,569,570,0.011594595814902157,0.06849974721255701,8.022059878727191e-05,5.839813704820561e-05
fp16_minus_native,570,571,-0.015648057735802547,0.04889986976775722,5.267545284228096e-05,3.8413388982046524e-05
fp16_minus_native,571,572,-0.008594651003853572,0.051338509604460014,3.755774924665889e-05,2.7436823204455794e-05
fp16_minus_native,572,573,0.004885644916102019,0.05144679514608009,4.601863435460883e-05,3.3676471884024085e-05
fp16_minus_native,573,574,-0.027985203948335785,0.11868878204736719,-2.8162481936322377e-06,-2.0645293271327005e-06
fp16_minus_native,574,575,-0.004141418046534383,0.04156991252372063,-1.0013816538572672e-05,-7.3536966917998544e-06
fp16_minus_native,575,576,-0.002591806474237064,0.02142448885273973,-1.4496095458188139e-05,-1.0663794360046446e-05
fp16_minus_native,576,577,-0.0038454062482093454,0.035591094967224075,-2.1135454475087867e-05,-1.5574913450990676e-05
fp16_minus_native,577,578,0.013074814444196203,0.053832290963749495,1.521898290779458e-06,1.1234447152880291e-06
fp16_minus_native,578,579,-0.00897920765371648,0.04138291148608968,-1.3988860866400657e-05,-1.0344253437606616e-05
fp16_minus_native,579,580,-0.009841295707619152,0.08542934900252173,-3.09324933608019e-05,-2.2912958045038447e-05
fp16_minus_native,580,581,-0.0068105041708077085,0.03240145313092126,-4.260129142869679e-05,-3.161091994900745e-05
fp16_minus_native,581,582,-0.0004031847527571548,0.0022275479965953807,-4.322085064060135e-05,-3.2125843004891426e-05
fp16_minus_native,582,583,-1.380809027839529e-07,2.695533930911148e-06,-4.314695223624836e-05,-3.21260193534263e-05
fp16_minus_native,583,584,-1.2083621323705026e-06,5.031948486344568e-06,-4.307513958196089e-05,-3.212756260008321e-05
fp16_minus_native,584,585,-1.491030696106631e-08,5.268862196882475e-07,-4.300153235243094e-05,-3.212758164262081e-05
fp16_minus_native,585,586,-5.07492088989902e-08,3.702416705769631e-07,-4.292823750065015e-05,-3.212764645642527e-05
fp16_minus_native,586,587,1.0204210052430966e-08,2.405292231178304e-07,-4.2855088536918156e-05,-3.2127633424228555e-05
fp16_minus_native,587,588,5.370637812820083e-08,2.143943547162451e-07,-4.278211439590619e-05,-3.212756483370733e-05
fp16_minus_native,588,589,2.146594555499952e-08,2.2275564661803365e-07,-4.270944278242321e-05,-3.21275374187066e-05
fp16_minus_native,589,590,-2.6804660925730045e-07,4.401010108169084e-06,-4.263750821263816e-05,-3.212787975154089e-05
fp16_minus_native,590,591,2.9831613046406784e-07,1.7925864621201915e-06,-4.2564858763665066e-05,-3.2127498760314244e-05
fp16_minus_native,591,592,-0.007880441842261708,0.03943750229607974,-5.58045158303848e-05,-4.219192001479923e-05
fp16_minus_native,592,593,0.005612918873366559,0.03067509436193037,-4.624511719767492e-05,-3.502344124932468e-05
fp16_minus_native,593,594,0.00040335190166473385,0.02382327820597351,-4.548821985952271e-05,-3.450830472101722e-05
fp16_minus_native,594,595,0.0004311542471984492,0.01567044195141469,-4.46871400829547e-05,-3.395766072714948e-05
fp16_minus_native,595,596,-0.00011602323511696841,0.01575918258618246,-4.4806831517575536e-05,-3.4105838549776525e-05
fp16_minus_native,596,597,-0.0020304638831469208,0.02374672926529523,-4.81328902305225e-05,-3.669902358572405e-05
fp16_minus_native,597,598,5.507028171754247e-05,0.0681563243971552,-4.796030967542541e-05,-3.662869116973741e-05
fp16_minus_native,598,599,0.002256702292960475,0.026781641926716282,-4.4112792809589165e-05,-3.374656819022211e-05
fp16_minus_native,599,600,-7.896580897724615e-05,0.035374143456348844,-4.417088116986859e-05,-3.38474185209721e-05
fp16_minus_native,600,601,0.003873994879849365,0.03268163590030334,-3.765147058580998e-05,-2.8899787767652362e-05
fp16_minus_native,601,602,0.0009443316018689588,0.026809817449446348,-3.60202694687755e-05,-2.769374485338806e-05
fp16_minus_native,602,603,0.001911311690638677,0.04015446542631974,-3.2790863233108045e-05,-2.525273375423263e-05
fp16_minus_native,603,604,0.0007539498534126249,0.019577862280937542,-3.148831237773434e-05,-2.4289834835442577e-05
fp16_minus_native,604,605,0.005507035715689709,0.026314647955427664,-2.233372720737492e-05,-1.7256583602122383e-05
fp16_minus_native,605,606,0.009269093171238946,0.05164886493037387,-7.001339586176393e-06,-5.418661288918128e-06
fp16_minus_native,606,607,-0.01524167187301652,0.0558850891740449,-3.2099643595122555e-05,-2.488439803606563e-05
fp16_minus_native,607,608,-0.011400116336872533,0.030116572118359226,-5.079703947222351e-05,-3.944393358762694e-05
fp16_minus_native,608,609,-0.011795779167979832,0.04919822165275408,-7.008272441230167e-05,-5.45087856540124e-05
fp16_minus_native,609,610,1.696991381715134e-05,0.00011811300842142497,-6.994001516930257e-05,-5.44871127117172e-05
fp16_minus_native,610,611,1.2527745097029974e-06,4.843336180320356e-06,-6.982349669192289e-05,-5.448551274427188e-05
fp16_minus_native,611,612,-1.0628022614617954e-06,2.965995769510672e-06,-6.971114261605614e-05,-5.448687009071055e-05
fp16_minus_native,612,613,7.483488685688058e-09,1.0072391290902012e-06,-6.95974091313828e-05,-5.448686053325372e-05
fp16_minus_native,613,614,1.0432713942189738e-07,7.92196990862301e-07,-6.948388838827067e-05,-5.4486727292973425e-05
fp16_minus_native,614,615,3.414453126108144e-08,2.581512303548801e-07,-6.937085093636907e-05,-5.448668368565387e-05
fp16_minus_native,615,616,-1.1520661297999216e-08,1.7383225570070008e-07,-6.92582546209875e-05,-5.448669839914214e-05
fp16_minus_native,616,617,-8.491581180206746e-11,1.9432241170280403e-07,-6.91460047511249e-05,-5.44866985075914e-05
fp16_minus_native,617,618,-7.898039760016278e-08,5.823461152092291e-07,-6.903424581204154e-05,-5.448679937655386e-05
fp16_minus_native,618,619,5.94129275560002e-07,4.044269902637802e-06,-6.892176055341862e-05,-5.4486040590761336e-05
fp16_minus_native,619,620,-0.02049576037502833,0.11595266443445913,-0.00010186827444773303,-8.066197976704276e-05
fp16_minus_native,620,621,-0.0006705889165933731,0.004298476385548732,-0.00010278408868629276,-8.15184151649908e-05
fp16_minus_native,621,622,-0.01570719069691045,0.0811124355443515,-0.00012787155911752132,-0.0001015786842542762
fp16_minus_native,622,623,0.00551804188892678,0.025584593435737935,-0.00011880909772419185,-9.453137660558304e-05
fp16_minus_native,623,624,0.0020891419814994556,0.016019683971505508,-0.00011527071458441032,-9.186325146956838e-05
fp16_minus_native,624,625,-0.00863785462939506,0.026312873921158553,-0.0001289068488481074,-0.00010289499429127345
fp16_minus_native,625,626,0.0023363166956438973,0.03402406498421196,-0.0001249687920677687,-9.991119263655582e-05
fp16_minus_native,626,627,0.004261291738423551,0.02161769776407988,-0.000117973161237639,-9.446892987994848e-05
fp16_minus_native,627,628,-0.007466949497626463,0.0567810677033103,-0.00012967535285609254,-0.00010400526384882008
fp16_minus_native,628,629,0.008393841147159046,0.0435870660614531,-0.00011612445222013839,-9.32851602126016e-05
fp16_minus_native,629,630,0.0009426275190187643,0.029340627879827927,-0.00011444389353563222,-9.208129364935925e-05
fp16_minus_native,630,631,-0.002529869889277425,0.006229501339227506,-0.00011827182696786962,-9.53122896765335e-05
fp16_minus_native,631,632,-0.0030809549477355406,0.042202675442839316,-0.00012295961671591977,-9.924709803890332e-05
fp16_minus_native,632,633,-0.012404156880011338,0.04605819238951548,-0.00014236119217136278,-0.00011508893313470325
fp16_minus_native,633,634,-0.0077880496552751935,0.03103509328964746,-0.00015442063769676307,-0.00012503535670465874
fp16_minus_native,634,635,-0.01660120726594539,0.05426189914552351,-0.00018032108907983183,-0.0001462374094070156
fp16_minus_native,635,636,-0.0010468992074221114,0.004502701839156879,-0.00018168363329106187,-0.00014757444543182037
fp16_minus_native,636,637,-0.0008669039987735741,0.004300533844356919,-0.00018275933245194488,-0.00014868160251837662
fp16_minus_native,637,638,2.429525026701133e-06,1.5039212306630843e-05,-0.0001824690677850505,-0.00014867849967670782
fp16_minus_native,638,639,4.970080197331557e-07,2.4881336232860486e-06,-0.000182182735898032,-0.00014867786492827898
fp16_minus_native,639,640,-1.962492922641642e-07,1.800677534746472e-06,-0.00018189838201271053,-0.00014867811556594474
fp16_minus_native,640,641,-6.277759249150992e-08,7.605813136013433e-07,-0.00018161470712281942,-0.00014867819574166955
fp16_minus_native,641,642,9.91278184074524e-08,8.332741378748469e-07,-0.00018133166376621315,-0.00014867806914164604
fp16_minus_native,642,643,-2.2502661480913776e-08,2.5557181160048237e-07,-0.00018104968995423065,-0.00014867809788067727
fp16_minus_native,643,644,2.666681407629724e-07,1.3000739713180987e-06,-0.00018076814281433158,-0.00014867775730833914
fp16_minus_native,644,645,-5.8738265523367094e-09,2.7784382196658344e-07,-0.00018048789123450556,-0.0001486777648100333
fp16_minus_native,645,646,6.753523277987689e-09,3.030253719231829e-07,-0.00018020848775964832,-0.00014867775618484396
fp16_minus_native,646,647,-7.156076535582681e-08,8.973393162977167e-07,-0.0001799300690162259,-0.00014867784757790313
fp16_minus_native,647,648,-5.373569876739244e-06,3.115481063340855e-05,-0.00017966069170273908,-0.00014868471037468063
fp16_minus_native,648,649,-0.0009110109901014501,0.005143891270757418,-0.0001807875796817818,-0.00014984819822921636
fp16_minus_native,649,650,0.0015372198057111207,0.005117195588235025,-0.00017814449139656193,-0.00014788495454376148
fp16_minus_native,650,651,0.0024239446099237763,0.03494796204574822,-0.0001741474267247949,-0.00014478923984398656
fp16_minus_native,651,652,-0.0036704791635942657,0.009557277619864591,-0.0001795098987138585,-0.00014947695269659737
fp16_minus_native,652,653,0.003352525099034072,0.02427252993360642,-0.00017410096303583714,-0.00014519531144623456
fp16_minus_native,653,654,0.0037806223196346915,0.020357952295527882,-0.00016805398553939902,-0.00014036693045053252
fp16_minus_native,654,655,-0.0062443410106836645,0.027534074874871084,-0.00017733075962358873,-0.00014834182318448355
fp16_minus_native,655,656,0.0011494545020367072,0.04711124363508691,-0.00017530822111496024,-0.00014687380977192072
fp16_minus_native,656,657,-0.011242689785368576,0.04085191452062344,-0.000192153550740917,-0.00016123228970214875
fp16_minus_native,657,658,-0.0035373083254032003,0.01140168783445581,-0.00019723737258690836,-0.00016574992485592045
fp16_minus_native,658,659,0.0003244841493991392,0.02275741697622504,-0.0001964456859071116,-0.0001653355134262919
fp16_minus_native,659,660,-0.00042513766568617016,0.052899871574836825,-0.0001967921889067768,-0.0001658784734080111
fp16_minus_native,660,661,0.002407083242763574,0.024240927634203706,-0.00019285289173329666,-0.00016280429302133984
fp16_minus_native,661,662,-0.00925888147711248,0.0375867691267156,-0.00020654779896196618,-0.00017462917357959336
fp16_minus_native,662,663,-0.005590300971867082,0.026605227599610305,-0.00021466809032381402,-0.0001817687661362563
fp16_minus_native,663,664,-0.00048748237244336377,0.012044785212551977,-0.00021507895520652423,-0.0001823913489873973
fp16_minus_native,664,665,-0.004444410531866064,0.017996440795546458,-0.00022143885231428292,-0.00018806747993486354
fp16_minus_native,665,666,-7.128559862421047e-07,5.067118111683656e-06,-0.00022110743189937595,-0.00018806839035119335
fp16_minus_native,666,667,3.113216200638208e-07,2.148279993768351e-06,-0.00022077546975017145,-0.00018806799275014605
fp16_minus_native,667,668,-3.71212922602139e-08,4.5745304502477597e-07,-0.00022044502312074335,-0.00018806804015920376
fp16_minus_native,668,669,5.326888175532185e-08,3.543241270763108e-07,-0.00022011542926124783,-0.00018806797212742631
fp16_minus_native,669,670,2.1565463107907385e-08,2.332975586457229e-07,-0.00021978686658255474,-0.0001880679445853278
fp16_minus_native,670,671,-1.7625843779656692e-09,1.3834546536835558e-07,-0.0002194593179923936,-0.00018806794683639348
fp16_minus_native,671,672,3.304968511847803e-08,1.819841396298032e-07,-0.00021913269244525448,-0.00018806790462734484
fp16_minus_native,672,673,5.054948447751143e-09,1.4167143608241767e-07,-0.00021880707915046437,-0.00018806789817147192
fp16_minus_native,673,674,-2.1007583918973382e-10,1.1067148053895737e-07,-0.00021848243987884032,-0.00018806789843976802
fp16_minus_native,674,675,1.784521418247279e-08,1.3220909547158918e-07,-0.00021815873575277656,-0.0001880678756489453
fp16_minus_native,675,676,-2.2102965996800052e-07,1.4581143493156251e-06,-0.00021783634269642623,-0.0001880681579345902
fp16_minus_native,676,677,1.408873379671046e-06,7.678131991495431e-06,-0.0002175124945190613,-0.00018806635860715775
fp16_minus_native,677,678,5.7825532186297915e-05,0.00026177832063854116,-0.00021710639123483512,-0.0001879925073527691
fp16_minus_native,678,679,-0.0005353019541898398,0.004588004022615781,-0.00021757501503889254,-0.00018867616246667692
fp16_minus_native,679,680,0.0013868675564268408,0.010418052080587731,-0.00021521554066909003,-0.0001869049395338202
fp16_minus_native,680,681,-0.009985416614464743,0.03850922354411417,-0.00022956238512400286,-0.0001996577066021021
fp16_minus_native,681,682,0.002988218284502123,0.019172810434068373,-0.00022484423164947773,-0.0001958413358683829
fp16_minus_native,682,683,0.002827159883207373,0.02285851581456981,-0.00022037570439492892,-0.00019223065913376303
fp16_minus_native,683,684,-0.0007257941666034471,0.02385763146055543,-0.0002211146202753507,-0.00019315759932099602
fp16_minus_native,684,685,0.013313146918917187,0.0538517438484095,-0.00020135657423273385,-0.00017615485740667008
fp16_minus_native,685,686,-0.004393361063041851,0.014036114713713885,-0.000207467367948199,-0.00018176579107594446
fp16_minus_native,686,687,-0.008403191206671365,0.02449594142794057,-0.00021939709697108578,-0.00019249783603976492
fp16_minus_native,687,688,-0.0009177233104263829,0.018237333847118967,-0.00022041210600227078,-0.00019366989646176538
fp16_minus_native,688,689,0.0009765847181923333,0.0268305120802898,-0.00021867481017615376,-0.00019242266182805867
fp16_minus_native,689,690,-0.0013756931847057991,0.010484830283834828,-0.0002203516484001098,-0.0001941796135326638
fp16_minus_native,690,691,-0.0008207827986401293,0.005794638584588894,-0.0002212205791529897,-0.00019522786742620163
fp16_minus_native,691,692,0.00025731107508130297,0.0013268496911696798,-0.00022052905942143724,-0.00019489924536351797
fp16_minus_native,692,693,-1.6596846205728074e-08,4.422587368841311e-06,-0.00022021085961974142,-0.00019489926656000102
fp16_minus_native,693,694,1.0276787700996642e-06,7.006988909820767e-06,-0.00021989207210044764,-0.00019489795407115026
fp16_minus_native,694,695,7.184844363131624e-07,3.3788882848042843e-06,-0.00021957464683924368,-0.0001948970364665062
fp16_minus_native,695,696,3.651834029123892e-07,1.8940569809927256e-06,-0.00021925864133602225,-0.0001948965700764642
fp16_minus_native,696,697,2.4100423505541254e-07,9.597924535654817e-07,-0.0002189437207541412,-0.00019489626228050627
fp16_minus_native,697,698,2.1351692485073245e-07,1.2053607340403774e-06,-0.0002186297419035982,-0.00019489598958966992
fp16_minus_native,698,699,2.510393564045749e-07,1.284893532003964e-06,-0.00021831660773870555,-0.0001948956689774651
fp16_minus_native,699,700,1.616964278223607e-07,8.468838112165534e-07,-0.00021800449587561048,-0.00019489546246861727
fp16_minus_native,700,701,2.144365056181761e-07,9.566172905403423e-07,-0.00021769319925309802,-0.0001948951886033483
fp16_minus_native,701,702,1.6490686765833812e-07,7.016577989315032e-07,-0.00021738286007058982,-0.00019489497799432193
fp16_minus_native,702,703,-6.940931010628791e-09,9.064993773902291e-07,-0.00021707364823682094,-0.0001948949868588571
fp16_minus_native,703,704,-2.8946025612405693e-06,1.7820505394792953e-05,-0.00021676941663784983,-0.00019489868366928006
fp16_minus_native,704,705,-0.00011330215882890734,0.0006526387042023211,-0.00021662265457003573,-0.00019504338629869116
fp16_minus_native,705,706,-0.000648592938384671,0.0037314197707455613,-0.00021723451049611883,-0.00019587172977044687
fp16_minus_native,706,707,-0.0005341602334107318,0.003200559676842926,-0.00021768277884536157,-0.00019655392674798293
fp16_minus_native,707,708,-0.0011461806541390855,0.006560340525615254,-0.00021899421652233007,-0.00019801775900103407
fp16_minus_native,708,709,-0.004202923488992804,0.02643918307429176,-0.0002246132987119922,-0.00020338547737778093
fp16_minus_native,709,710,0.0004163966253157094,0.004968323683968532,-0.00022371046783307999,-0.00020285368092143907
fp16_minus_native,710,711,-0.0008585750856237981,0.015316970492410292,-0.0002246033857202681,-0.00020395020082645033
fp16_minus_native,711,712,0.0024760791035557945,0.014055199620687105,-0.0002208102923364533,-0.0002007879031207596
fp16_minus_native,712,713,0.0003059303243418171,0.008207373931544215,-0.00022007152569314582,-0.0002003971875085734
fp16_minus_native,713,714,0.009704999567109828,0.04294920907813698,-0.00020617086589930418,-0.00018800255204610877
fp16_minus_native,714,715,-0.003901131782866935,0.01855585877203843,-0.00021133864340555262,-0.0001929848404022607
fp16_minus_native,715,716,0.00745268866801071,0.047795650762302154,-0.0002006346946465913,-0.0001834667194980324
fp16_minus_native,716,717,-0.00039931770575564484,0.012485595393052475,-0.0002009117978698954,-0.00018397670379657088
fp16_minus_native,717,718,-0.0003663556874664518,0.001994969058341267,-0.00020114222111445885,-0.00018444459100917172
fp16_minus_native,718,719,-0.001027361614478652,0.005813531589946064,-0.0002022913440537693,-0.00018575667480799505
fp16_minus_native,719,720,5.658273765021754e-07,2.214505528720384e-06,-0.00020200959798233833,-0.00018575595216766742
fp16_minus_native,720,721,2.49884121709825e-08,6.684837249920143e-07,-0.00020172938357679806,-0.00018575592025398644
fp16_minus_native,721,722,4.5587648620683463e-07,1.4966527965756422e-06,-0.00020144934859056129,-0.00018575533803625192
fp16_minus_native,722,723,4.6750426076202103e-07,1.9830111271992545e-06,-0.00020117007216891348,-0.00018575474096823045
fp16_minus_native,723,724,4.6310017917170075e-07,2.3207804065884534e-06,-0.00020089157331207912,-0.00018575414952483435
fp16_minus_native,724,725,3.951928902280335e-07,1.8034185951747708e-06,-0.00020061393639317934,-0.00018575364480849938
fp16_minus_native,725,726,5.911304024720336e-07,3.0595138629947036e-06,-0.00020033679442789612,-0.0001857528898526853
fp16_minus_native,726,727,2.5865282677603347e-07,1.165523650399926e-06,-0.0002000608722170919,-0.00018575255951701892
fp16_minus_native,727,728,3.5774527312661066e-07,1.7591211259879198e-06,-0.00019978557191834164,-0.0001857521026265041
fp16_minus_native,728,729,1.8589780994497509e-07,7.020694246065064e-07,-0.00019951126263202033,-0.00018575186520912237
fp16_minus_native,729,730,2.732463330737208e-07,1.2217539360070593e-06,-0.00019923758522247904,-0.00018575151623551688
fp16_minus_native,730,731,6.921345325648808e-07,3.5467719886897166e-06,-0.00019896408355386748,-0.00018575063228336799
fp16_minus_native,731,732,1.905932586057072e-06,1.199858977927713e-05,-0.00019868967096351242,-0.00018574819814213422
fp16_minus_native,732,733,2.674153394178521e-08,7.340776591529084e-06,-0.00019841857081003708,-0.00018574816398947276
fp16_minus_native,733,734,0.0024482210151801896,0.013834391526441978,-0.00019481279480732555,-0.0001826214449407113
fp16_minus_native,734,735,0.0034476547195356777,0.01948712845628568,-0.00018985705669257317,-0.00017821830992214722
fp16_minus_native,735,736,-0.0001873001246461452,0.0008643203379709032,-0.00018985358260011876,-0.0001784575182550286
fp16_minus_native,736,737,0.005829290559512521,0.03291198489223826,-0.0001816864942119062,-0.0001710127027256384
fp16_minus_native,737,738,-1.4968786353681428e-05,0.00011710723280179419,-0.0001814605894587108,-0.0001710318199495895
fp16_minus_native,738,739,-2.5157922576010274e-06,0.00013006981003055936,-0.00018121844494287706,-0.00017103503296652127
fp16_minus_native,739,740,0.00011594036605295192,0.0006469485554257032,-0.0001808168789820719,-0.00017088696097922505
fp16_minus_native,740,741,-0.000747557538596882,0.004139809956081046,-0.00018158171118128224,-0.000171841696022133
fp16_minus_native,741,742,0.0027545373493519784,0.021529100636674105,-0.00017762467740697858,-0.0001683237683728967
fp16_minus_native,742,743,-0.000756880185202198,0.004273452620624286,-0.0001784042945103369,-0.00016929040973330818
fp16_minus_native,743,744,0.0026894284270974804,0.01521726373169378,-0.00017454968063720805,-0.00016585563524148506
fp16_minus_native,744,745,0.001679981403937858,0.009503608891659299,-0.0001720603771679798,-0.00016371006512151334
fp16_minus_native,745,746,1.7480366301106123e-06,9.13842033856916e-06,-0.00017182739001811643,-0.00016370783263539574
fp16_minus_native,746,747,3.412502362688496e-07,1.1656421740550112e-06,-0.0001715969099106809,-0.00016370739681133924
fp16_minus_native,747,748,4.872802828235284e-07,2.4934857301392256e-06,-0.00017136685083288207,-0.00016370677448658465
fp16_minus_native,748,749,-4.815763708242576e-08,5.7418480935698e-07,-0.00017113812093542434,-0.00016370683599059108
fp16_minus_native,749,750,-9.355117789276081e-09,2.703840177901645e-07,-0.00017090994924766752,-0.00016370684793837886
fp16_minus_native,750,751,-5.214827710973355e-09,2.358496961709754e-07,-0.0001706823796945118,-0.0001637068545984398
fp16_minus_native,751,752,-1.9251695273524082e-08,4.3797030643694353e-07,-0.00017045543404557665,-0.00016370687918553466
fp16_minus_native,752,753,4.245729692468339e-08,2.7951680517575797e-07,-0.00017022900922307663,-0.0001637068249616561
fp16_minus_native,753,754,-2.2812223649967484e-08,6.412188606331222e-07,-0.00017000327156127372,-0.00016370685409604135
fp16_minus_native,754,755,2.165895599896671e-08,1.64864025761099e-07,-0.00016977807297780713,-0.00016370682643453946
fp16_minus_native,755,756,3.0266017368651526e-08,1.1707215773439718e-07,-0.00016955345877278703,-0.00016370678778062197
fp16_minus_native,756,757,4.9530915482825063e-08,8.128771518848812e-08,-0.0001693294125512702,-0.00016370672452274782
fp16_minus_native,757,758,5.50070499930912e-08,9.231560692225832e-08,-0.00016910595025628174,-0.00016370665427108757
fp16_minus_native,758,759,4.615144739196515e-08,8.471716868192385e-08,-0.00016888308846220573,-0.00016370659532926454
fp16_minus_native,759,760,5.484353311101696e-08,9.846460224816354e-08,-0.00016866080170958032,-0.0001637065252864381
fp16_minus_native,760,761,3.2525887095314444e-08,1.245710130406305e-07,-0.0001684391284801497,-0.0001637064837463524
fp16_minus_native,761,762,1.6538418212594304e-08,1.3311918530748437e-07,-0.00016821805805114924,-0.00016370646262449007
fp16_minus_native,762,763,2.059426022402716e-08,1.2817671016251977e-07,-0.00016799756178337543,-0.0001637064363227528
fp16_minus_native,763,764,2.63398375850878e-08,1.0734090571103329e-07,-0.0001677776352105732,-0.00016370640268311356
fp16_minus_native,764,765,3.854795618253263e-08,8.751273837142841e-08,-0.00016755826765087805,-0.00016370635345200728
fp16_minus_native,765,766,4.307168563230894e-08,8.654740965450288e-08,-0.00016733946694678342,-0.00016370629844346884
fp16_minus_native,766,767,3.1510505683232936e-08,1.0797229392002105e-07,-0.00016712125185232125,-0.00016370625820016652
fp16_minus_native,767,768,3.602701446101565e-08,8.600194065847425e-08,-0.0001669035991454635,-0.00016370621218865386
fp16_minus_native,768,769,4.501262828745474e-08,9.419997647338209e-08,-0.00016668650082066018,-0.00016370615470126138
fp16_minus_native,769,770,5.411458817736334e-08,1.1053219853339182e-07,-0.00016646995456688244,-0.00016370608558939907
fp16_minus_native,770,771,4.3179772779121916e-08,9.514790551165609e-08,-0.00016625398422402947,-0.00016370603044281828
fp16_minus_native,771,772,4.66717273312127e-08,1.1075447444286842e-07,-0.0001660385688665795,-0.0001637059708365254
fp16_minus_native,772,773,4.7781390666276905e-08,1.1572724016464814e-07,-0.00016582370942252095,-0.00016370590981303792
fp16_minus_native,773,774,4.9284316600074835e-08,1.1791476751718226e-07,-0.00016560940322905956,-0.00016370584687010485
fp16_minus_native,774,775,5.454495367916096e-08,1.2022311146391035e-07,-0.00016539564329592056,-0.00016370577720860592
fp16_minus_native,775,776,6.317585516348142e-08,1.170250499919451e-07,-0.00016518242316814854,-0.00016370569652424428
fp16_minus_native,776,777,6.82001757939394e-08,1.1193856168464629e-07,-0.00016496974540322715,-0.00016370560942312578
fp16_minus_native,777,778,5.9149083177501504e-08,1.0641618051307337e-07,-0.00016475762600157365,-0.0001637055338815125
fp16_minus_native,778,779,5.602781727924283e-08,1.0590173868009715e-07,-0.0001645460552007792,-0.0001637054623261903
fp16_minus_native,779,780,6.7385683143607865e-09,1.499891725694646e-07,-0.00016433509008056239,-0.00016370545372010046
fp16_minus_native,780,781,4.852281425151202e-08,1.4209037282598963e-07,-0.00016412461170297625,-0.00016370539174971193
fp16_minus_native,781,782,6.595686800872392e-08,1.6062716892496948e-07,-0.0001639146493390747,-0.00016370530751360973
fp16_minus_native,782,783,7.009482769392388e-08,1.9068145260470692e-07,-0.000163705217992757,-0.000163705217992757
pair_minus_native,0,1,0.0,0.0,0.0,0.0
pair_minus_native,1,2,2.8926994555702036e-12,0.0,1.4463497277851018e-12,3.694379892171396e-15
pair_minus_native,2,3,-4.120251063652379e-12,0.0,-4.0918386936072515e-13,-1.5677542887384106e-15
pair_minus_native,3,4,4.99671249522786e-12,0.0,9.422902217864212e-13,4.813743150888486e-15
pair_minus_native,4,5,-4.0241481809883e-12,0.0,-5.099745876852306e-14,-3.2565427055251e-16
pair_minus_native,5,6,-5.182187462741977e-12,0.0,-9.061957927640987e-13,-6.944029063326427e-15
pair_minus_native,6,7,-3.3190710887977173e-12,0.0,-1.2508922636260443e-12,-1.1182944885545734e-14
pair_minus_native,7,8,-1.5312716048259333e-11,0.0,-3.0086202367052053e-12,-3.073941493440823e-14
pair_minus_native,8,9,-1.5464880962313894e-11,0.0,-4.3926492062172815e-12,-5.049022076111818e-14
pair_minus_native,9,10,-1.3877261806706959e-11,0.0,-5.34111046626625e-12,-6.821341591655491e-14
pair_minus_native,10,11,-4.603971472114175e-12,0.0,-5.2740978304342425e-12,-7.409332839690507e-14
pair_minus_native,11,12,-6.3616953273275376e-12,0.0,-5.3647309551753505e-12,-8.221809892989043e-14
pair_minus_native,12,13,-1.4418322436217303e-11,0.0,-6.061161069101655e-12,-1.0063230382927396e-13
pair_minus_native,13,14,-2.3259790928223904e-11,0.0,-7.28963463046753e-12,-1.3033829479763144e-13
pair_minus_native,14,15,-2.1400838880379988e-11,0.0,-8.230381580461694e-12,-1.5767014521957267e-13
pair_minus_native,15,16,-1.4142500672971074e-11,0.0,-8.59988902374353e-12,-1.7573208733064685e-13
pair_minus_native,16,17,-8.920587310369245e-12,0.0,-8.61875362883916e-12,-1.871249191446561e-13
pair_minus_native,17,18,-3.692593028782376e-12,0.0,-8.345078039947117e-12,-1.918408744815429e-13
pair_minus_native,18,19,-4.430344136121872e-12,0.0,-8.139039413429998e-12,-1.9749904068348654e-13
pair_minus_native,19,20,1.1593253560179318e-12,0.0,-7.674121174957602e-12,-1.9601842081628614e-13
pair_minus_native,20,21,1.8557477634973096e-11,0.0,-6.4249974221037595e-12,-1.7231793852385561e-13
pair_minus_native,21,22,3.087467306336645e-11,0.0,-4.729557854582386e-12,-1.328866830150862e-13
pair_minus_native,22,23,2.853168458965603e-11,0.0,-3.283416878745933e-12,-9.64477499503914e-14
pair_minus_native,23,24,2.677620063768575e-11,0.0,-2.0309328155612796e-12,-6.225081427007754e-14
pair_minus_native,24,25,9.931916545684723e-12,0.0,-1.5524188411114398e-12,-4.9566374237274574e-14
pair_minus_native,25,26,-6.287692397383897e-12,0.0,-1.7345447471219189e-12,-5.759663272690919e-14
pair_minus_native,26,27,-7.564903175047823e-12,0.0,-1.9504839481562114e-12,-6.72580671778004e-14
pair_minus_native,27,28,8.18764868975276e-12,0.0,-1.5884077825166054e-12,-5.68013000133652e-14
pair_minus_native,28,29,1.248408601404758e-11,0.0,-1.10314937573853e-12,-4.0857384286612226e-14
pair_minus_native,29,30,3.137151801610596e-11,0.0,-2.0660462677047138e-14,-7.915886083159823e-16
pair_minus_native,30,31,6.609257406518305e-11,0.0,2.1120245220926333e-12,8.361782909945291e-14
pair_minus_native,31,32,1.3921024657970128e-10,0.0,6.396343961392904e-12,2.614086931859169e-13
pair_minus_native,32,33,1.5481405414764391e-10,0.0,1.0893850330673237e-11,4.591277917141978e-13
pair_minus_native,33,34,4.268988239080826e-12,0.0,1.0699001445626402e-11,4.645798839735602e-13
pair_minus_native,34,35,-2.0956270166449034e-10,0.0,4.4058099281944945e-12,1.969391411070336e-13
pair_minus_native,35,36,-3.8772486778268153e-10,0.0,-6.486708897107617e-12,-2.982394895221893e-13
pair_minus_native,36,37,-1.7810972514019884e-09,0.0,-5.4449155991834125e-11,-2.572948622858062e-12
pair_minus_native,37,38,-1.1708640855912639e-09,0.0,-8.38284962444507e-11,-4.068305054009101e-12
pair_minus_native,38,39,-8.777886794709457e-10,0.0,-1.0418644966051467e-10,-5.189363393052455e-12
pair_minus_native,39,40,-5.785049368256349e-10,0.0,-1.1604441183964267e-10,-5.928194729994517e-12
pair_minus_native,40,41,2.255552241292244e-10,0.0,-1.0771271340137762e-10,-5.64012930965068e-12
pair_minus_native,41,42,4.394295806408894e-10,0.0,-9.468551592418079e-11,-5.0789165629828776e-12
pair_minus_native,42,43,-6.126210321910457e-11,0.0,-9.390822725662087e-11,-5.15715679697918e-12
pair_minus_native,43,44,4.046680681247649e-10,0.0,-8.257694781613483e-11,-4.640339340881141e-12
pair_minus_native,44,45,1.108065459591405e-10,0.0,-7.827953684335094e-11,-4.498823956514422e-12
pair_minus_native,45,46,3.7027134396766526e-10,0.0,-6.852843073876363e-11,-4.02593590547015e-12
pair_minus_native,46,47,-2.301291166363715e-10,0.0,-7.196674320467019e-11,-4.319842823268836e-12
pair_minus_native,47,48,4.5037732484404236e-10,0.0,-6.108457512032201e-11,-3.7446482832381304e-12
pair_minus_native,48,49,4.0295087153584784e-10,0.0,-5.161446396407364e-11,-3.230023926231939e-12
pair_minus_native,49,50,1.4331590086687516e-10,0.0,-4.771585666745466e-11,-3.046989570080119e-12
pair_minus_native,50,51,1.7625522039496817e-10,0.0,-4.332426692113265e-11,-2.82188711746841e-12
pair_minus_native,51,52,1.8267619521214798e-10,0.0,-3.897810418780033e-11,-2.5885841861629848e-12
pair_minus_native,52,53,1.5446353855466644e-10,0.0,-3.532826187190473e-11,-2.391312744841572e-12
pair_minus_native,53,54,1.2361220657090485e-10,0.0,-3.238491986370455e-11,-2.2334427492210037e-12
pair_minus_native,54,55,1.1915944184705772e-10,0.0,-2.9629567832599784e-11,-2.0812595540140334e-12
pair_minus_native,55,56,8.385950294890137e-11,0.0,-2.760297728293012e-11,-1.974159294820034e-12
pair_minus_native,56,57,8.312526761825143e-11,0.0,-2.5660376495190093e-11,-1.8679967563548343e-12
pair_minus_native,57,58,5.617733009548022e-11,0.0,-2.424938155397164e-11,-1.7962504854793808e-12
pair_minus_native,58,59,3.899378358879544e-11,0.0,-2.31774635007044e-11,-1.7464499955830903e-12
pair_minus_native,59,60,2.060662376981515e-09,0.0,1.1553200507332589e-11,8.853027208683977e-13
pair_minus_native,60,61,3.930176128931397e-09,0.0,7.579292064543201e-11,5.904684750154984e-12
pair_minus_native,61,62,4.826680960348748e-09,0.0,1.5242014709225968e-10,1.2069028249961815e-11
pair_minus_native,62,63,8.006808011528851e-09,0.0,2.77092970337285e-10,2.229483669380454e-11
pair_minus_native,63,64,1.0670672082697605e-08,0.0,4.3949264396791496e-10,3.5922770388182064e-11
pair_minus_native,64,65,9.180224314021476e-09,0.0,5.739654388918159e-10,4.764719479944832e-11
pair_minus_native,65,66,-1.5268119498980078e-07,1.1013023762972945e-06,-1.7480824463914045e-09,-1.473479456728387e-10
pair_minus_native,66,67,-2.031591349783995e-06,1.1380845807508404e-05,-3.2044250615609364e-08,-2.7419729134684896e-09
pair_minus_native,67,68,1.9509503455494544e-06,1.4868591795520798e-05,-2.8825653778878443e-09,-2.503377339672713e-10
pair_minus_native,68,69,-4.532343465205729e-08,1.2057965878074295e-06,-3.497650439832329e-09,-3.0822206941051177e-10
pair_minus_native,69,70,1.8705595344169624e-06,8.011377385378176e-06,2.327459505812188e-08,2.0807428532165155e-09
pair_minus_native,70,71,-3.386189625188081e-07,2.941150203665902e-06,1.8177502697883428e-08,1.6482792995526481e-09
pair_minus_native,71,72,2.8903462092615844e-07,5.8561572848531515e-06,2.1939407117720582e-08,2.017416746457065e-09
pair_minus_native,72,73,-3.1241973476967163e-06,1.2315444550997025e-05,-2.1158356646860742e-08,-1.972618180358664e-09
pair_minus_native,73,74,2.811817205484188e-07,4.901801339801343e-06,-1.707267992800561e-08,-1.6135099804245404e-09
pair_minus_native,74,75,7.182257328860192e-07,6.410918769662248e-06,-7.268701090485278e-09,-6.962357366365209e-10
pair_minus_native,75,76,-2.178483678863944e-06,1.2332683495294986e-05,-3.5837319219083415e-08,-3.478462657280127e-09
pair_minus_native,76,77,9.757651830568432e-09,4.19833186832208e-08,-3.52451767379191e-08,-3.4660007775476e-09
pair_minus_native,77,78,-1.0065036318070112e-09,1.2432848410029033e-09,-3.4806219390404845e-08,-3.46728622279895e-09
pair_minus_native,78,79,-3.382392962378416e-10,5.939530160204803e-10,-3.4369915844909064e-08,-3.467718201465921e-09
pair_minus_native,79,80,-1.182316420258995e-10,2.553805689554403e-10,-3.394176979237304e-08,-3.4678691997316007e-09
pair_minus_native,80,81,-1.1156116683586129e-10,2.9889227932251505e-10,-3.352411289576147e-08,-3.468011678871876e-09
pair_minus_native,81,82,-2.118290071043207e-10,3.1990198874762175e-10,-3.311786553126565e-08,-3.468282214002277e-09
pair_minus_native,82,83,-3.6705404006402636e-10,3.995798032111692e-10,-3.272327744101021e-08,-3.4687509931083625e-09
pair_minus_native,83,84,-3.568598686949406e-10,4.4407273263803134e-10,-3.23379629461017e-08,-3.4692067528384964e-09
pair_minus_native,84,85,-2.584383478433198e-10,5.60661187758256e-10,-3.196055677435748e-08,-3.4695368145854224e-09
pair_minus_native,85,86,-1.6801245147567706e-10,4.650531700171251e-10,-3.1590876026417e-08,-3.469751389874664e-09
pair_minus_native,86,87,-1.0753956015319667e-11,3.760566001910304e-10,-3.1227886117561804e-08,-3.469765124173534e-09
pair_minus_native,87,88,-4.4609695736826e-10,2.4946492325499132e-09,-3.0878093058923245e-08,-3.4703348520884357e-09
pair_minus_native,88,89,-1.668901744205766e-10,1.8186349301757946e-08,-3.053302336359175e-08,-3.4705479940736475e-09
pair_minus_native,89,90,-1.941808739969647e-09,1.4563483224544237e-08,-3.021534320110706e-08,-3.473027954150237e-09
pair_minus_native,90,91,-1.075838532933667e-08,1.4003924508359595e-08,-3.000153047724145e-08,-3.4867679098709734e-09
pair_minus_native,91,92,-8.524091183482668e-08,3.6962706341909665e-07,-3.0601958535476076e-08,-3.5956324205157074e-09
pair_minus_native,92,93,-2.823886884453877e-06,1.607671750928551e-05,-6.063728031954491e-08,-7.2021290800992045e-09
pair_minus_native,93,94,-5.111985229399819e-07,2.545061362302054e-06,-6.543048502827296e-08,-7.855000756906334e-09
pair_minus_native,94,95,-1.2623096751833905e-06,4.661892742529717e-06,-7.802921334569525e-08,-9.467145935940038e-09
pair_minus_native,95,96,5.033925398976257e-07,3.529014255041554e-06,-7.197273674941067e-08,-8.82424358613464e-09
pair_minus_native,96,97,-7.867848292453505e-07,2.098503157037645e-06,-7.934193357926571e-08,-9.829077339960119e-09
pair_minus_native,97,98,-2.390644990607374e-06,8.719571285121965e-06,-1.0292665865098109e-07,-1.288226379028882e-08
pair_minus_native,98,99,-3.681204218223882e-06,2.34660947535991e-05,-1.3907087642444473e-07,-1.7583674030676922e-08
pair_minus_native,99,100,2.5242589083614147e-06,1.9165721344635537e-05,-1.1243757857658612e-07,-1.4359844007226836e-08
pair_minus_native,100,101,-8.633228292315936e-07,9.45513252592825e-06,-1.1987208600881393e-07,-1.5462427441749943e-08
pair_minus_native,101,102,1.9753629227303878e-06,6.541001055798688e-06,-9.933056631529236e-08,-1.2939614002758392e-08
pair_minus_native,102,103,-1.989988827084827e-06,1.8271758205126293e-05,-1.1768647175965677e-07,-1.5481106757656e-08
pair_minus_native,103,104,2.722364633674407e-07,1.6143560894742398e-06,-1.1393721276805005e-07,-1.5133422896394897e-08
pair_minus_native,104,105,-1.6639524789443378e-08,1.6660275584026908e-08,-1.1301056812063475e-07,-1.5154673885908875e-08
pair_minus_native,105,106,-4.783920710420138e-09,5.356579862544727e-09,-1.1198956201299121e-07,-1.5160783618616944e-08
pair_minus_native,106,107,-2.418014653685064e-10,5.273914075305819e-10,-1.1094519041908819e-07,-1.516109243274896e-08
pair_minus_native,107,108,2.4329858325053573e-10,3.869461491749742e-10,-1.0991566737277023e-07,-1.5160781706588997e-08
pair_minus_native,108,109,1.189693332031169e-10,3.6901844101866575e-10,-1.089061752928989e-07,-1.5160629766188993e-08
pair_minus_native,109,110,1.117234660919716e-10,4.2902954239056317e-10,-1.0791510348599901e-07,-1.5160487079769974e-08
pair_minus_native,110,111,1.4848589748039804e-10,5.284151444796144e-10,-1.0694155763569738e-07,-1.516029744260844e-08
pair_minus_native,111,112,-1.6182381301665157e-11,1.8355466138910426e-10,-1.0598686678521172e-07,-1.5160318109762083e-08
pair_minus_native,112,113,-7.452374710928689e-11,3.5042530582652695e-10,-1.0504958941319314e-07,-1.5160413286961462e-08
pair_minus_native,113,114,1.0243316391839059e-10,6.643077355325843e-10,-1.0412720325023602e-07,-1.5160282465551604e-08
pair_minus_native,114,115,5.146184373795631e-10,6.6858144111832e-10,-1.0321727436599586e-07,-1.5159625226167976e-08
pair_minus_native,115,116,1.986447748054954e-08,9.899717656504978e-09,-1.0215622478111186e-07,-1.5134255523127684e-08
pair_minus_native,116,117,1.4526697402458594e-09,6.627121068654099e-09,-1.0127067867409172e-07,-1.5132400261645888e-08
pair_minus_native,117,118,-3.106112412006143e-08,2.0084371089963666e-08,-1.0067568244905757e-07,-1.5172069641109567e-08
pair_minus_native,118,119,-4.0953445864039197e-07,2.891435660207271e-06,-1.0327113434982508e-07,-1.56951021553374e-08
pair_minus_native,119,120,-1.728055836338575e-07,2.7079343080316116e-06,-1.0385058809385867e-07,-1.5915798941587536e-08
pair_minus_native,120,121,-1.4366318068358795e-06,7.315345753430145e-06,-1.1486530890990841e-07,-1.7750577749807047e-08
pair_minus_native,121,122,4.369342793593551e-06,2.485208435480166e-05,-7.81095047910276e-08,-1.2170318754157556e-08
pair_minus_native,122,123,4.060664224579713e-06,1.482934248431904e-05,-4.4460937885574415e-08,-6.9842852617185865e-09
pair_minus_native,123,124,9.654866106152719e-06,5.148454104115437e-05,3.37594415018312e-08,5.346322792116307e-09
pair_minus_native,124,125,-1.467939240964292e-06,1.4819623996276928e-05,2.1745852042102213e-08,3.4715600322640826e-09
pair_minus_native,125,126,-1.4909916144388233e-08,1.235327828505185e-05,2.1454933246971297e-08,3.452517993765496e-09
pair_minus_native,126,127,-4.054162794738724e-07,2.6589185556156333e-05,1.8093742595626098e-08,2.9347449676175153e-09
pair_minus_native,127,128,-5.490314079043611e-06,4.633492861030965e-05,-2.4940693510930416e-08,-4.077150407917105e-09
pair_minus_native,128,129,1.71721404182945e-06,1.7821301009783276e-05,-1.14356180431756e-08,-1.88402902627031e-09
pair_minus_native,129,130,1.3841742919570547e-06,1.4187557918159778e-05,-7.001571970199986e-10,-1.1624576706590015e-10
pair_minus_native,130,131,-3.7314542480254117e-06,2.3721713604369283e-05,-2.917919605830542e-08,-4.8818322907254274e-09
pair_minus_native,131,132,3.414389855673482e-06,1.3810999669274431e-05,-3.091551727003974e-09,-5.211811340543098e-10
pair_minus_native,132,133,5.414556702913808e-07,7.120278177411646e-06,1.0027882881718672e-09,1.7033313196278204e-10
pair_minus_native,133,134,-4.0339294479400577e-07,6.9454518089876645e-06,-2.0150903169190327e-09,-3.448558141342917e-10
pair_minus_native,134,135,-2.218782989755774e-07,1.1183763202509285e-06,-3.643706677353519e-09,-6.282252891988825e-10
pair_minus_native,135,136,-1.274644910720953e-09,4.094534615550366e-09,-3.6262871055400486e-09,-6.298531881908642e-10
pair_minus_native,136,137,-2.542985613428616e-10,1.1369692667740991e-09,-3.601674050472954e-09,-6.301779628541439e-10
pair_minus_native,137,138,-3.175972187055056e-10,1.2570213700740004e-09,-3.5778763922717472e-09,-6.305835787145608e-10
pair_minus_native,138,139,3.4436981555734336e-12,1.1012006292344884e-09,-3.552111499534828e-09,-6.305791806326195e-10
pair_minus_native,139,140,-9.697048651658842e-11,9.781691079694264e-10,-3.527431920870422e-09,-6.307030254429873e-10
pair_minus_native,140,141,-8.681731168393248e-10,3.137022327535734e-09,-3.508571929352467e-09,-6.318118033699846e-10
pair_minus_native,141,142,-9.448423239052886e-10,1.5612708875509665e-09,-3.4905174955112557e-09,-6.330184985473796e-10
pair_minus_native,142,143,-5.830421716659898e-10,6.773994355001058e-09,-3.470185500239576e-09,-6.337631245648269e-10
pair_minus_native,143,144,1.2847728219770097e-07,5.12192900743535e-07,-2.553883641226124e-09,-4.696797501105515e-10
pair_minus_native,144,145,3.4375730088928264e-07,1.4442225885106028e-06,-1.6553064446397696e-10,-3.065382304888462e-11
pair_minus_native,145,146,5.79918503766323e-07,2.193828411590425e-06,3.8076476734181054e-09,7.09982835656505e-10
pair_minus_native,146,147,-1.1034575207621744e-06,1.060474040658024e-05,-3.724768438388646e-09,-6.992860286630025e-10
pair_minus_native,147,148,6.65075472999452e-06,3.867171956666421e-05,4.12379308753472e-08,7.794653600959624e-09
pair_minus_native,148,149,-6.341107810698281e-06,4.929988457073832e-05,-1.5966043029992766e-09,-3.0382380733958134e-10
pair_minus_native,149,150,-2.8791288232032e-06,2.725360960334059e-05,-2.078015242900062e-08,-3.980872112835368e-09
pair_minus_native,150,151,-1.6169438835804718e-05,5.9178551964984706e-05,-1.2772491192155505e-07,-2.4631496424207934e-08
pair_minus_native,151,152,-4.670005727608599e-05,0.00019094646506433605,-4.3412183537000523e-07,-8.42739705954544e-08
pair_minus_native,152,153,2.1625219657198786e-05,6.835453282234818e-05,-2.8994313280419616e-07,-5.66555546858774e-08
pair_minus_native,153,154,7.060294104228972e-06,3.4299036836816574e-05,-2.4221431957670804e-07,-4.763857626412904e-08
pair_minus_native,154,155,8.621658094777372e-06,4.953327263613731e-05,-1.85028045935714e-07,-3.6627518671820775e-08
pair_minus_native,155,156,-2.2404364310602462e-05,0.0001452246104988657,-3.274596886579368e-07,-6.524101076709852e-08
pair_minus_native,156,157,9.756024364437777e-06,8.941727019530023e-05,-2.63233675580894e-07,-5.2781209535377205e-08
pair_minus_native,157,158,-7.026401457696033e-06,4.8033568047794105e-05,-3.0603853496136957e-07,-6.175490232936958e-08
pair_minus_native,158,159,-2.89735072098754e-07,1.546544499371355e-05,-3.0593599745908893e-07,-6.212493434992994e-08
pair_minus_native,159,160,8.542843256852933e-06,5.2583913511787246e-05,-2.506311271196389e-07,-5.1214534277320846e-08
pair_minus_native,160,161,1.5660949925832887e-06,5.980399084590052e-06,-2.393471139537821e-07,-4.921441295856822e-08
pair_minus_native,161,162,-2.1587596185558597e-06,1.4043789254646453e-05,-2.5119533929083205e-07,-5.197144950844801e-08
pair_minus_native,162,163,-3.3066038796015743e-06,1.9079745080345852e-05,-2.6994017696145005e-07,-5.6194442968986404e-08
pair_minus_native,163,164,-2.10168206847405e-08,2.794416299222296e-08,-2.6842235161829935e-07,-5.622128437471404e-08
pair_minus_native,164,165,-4.111685595493728e-09,1.3823421618876077e-08,-2.668204687939188e-07,-5.6226535569599745e-08
pair_minus_native,165,166,-5.35955746917062e-10,9.94930582943759e-10,-2.6521634522134646e-07,-5.622722005969797e-08
pair_minus_native,166,167,-6.315785209445654e-10,1.0082294369532232e-09,-2.6363200530098485e-07,-5.622802667339012e-08
pair_minus_native,167,168,-1.1669055459660969e-09,1.4604200734215392e-09,-2.6206971304053845e-07,-5.622951697421515e-08
pair_minus_native,168,169,-1.3980440507132897e-09,1.7601260475871673e-09,-2.6052727712935595e-07,-5.623130247108705e-08
pair_minus_native,169,170,-5.2873618092620265e-09,5.811670355103776e-09,-2.5902586586276705e-07,-5.6238055168161436e-08
pair_minus_native,170,171,-7.356442237190922e-09,4.684358689792299e-08,-2.575541148474129e-07,-5.624745036897523e-08
pair_minus_native,171,172,1.3092729684411238e-07,8.842589213977178e-07,-2.552955019887412e-07,-5.608023798475541e-08
pair_minus_native,172,173,2.5469608652528134e-05,0.00013813180457496286,-1.0659663404355697e-07,-2.3552002157771846e-08
pair_minus_native,173,174,4.947572500536722e-06,3.427893876126173e-05,-7.754968499424499e-08,-1.7233263332054446e-08
pair_minus_native,174,175,5.495251469111138e-05,0.00027082295418809674,2.3690782572635849e-07,5.294874776770464e-08
pair_minus_native,175,176,-3.253469751563639e-06,5.6240024435303116e-05,2.1707613494630183e-07,4.8793613985375635e-08
pair_minus_native,176,177,4.1849706238139694e-06,3.061232721329007e-05,2.394936179342548e-07,5.4138404054103576e-08
pair_minus_native,177,178,9.642746305805136e-06,4.237973613537612e-05,2.9232088022566427e-07,6.645353343571934e-08
pair_minus_native,178,179,-1.2344286061764062e-05,4.8885107207185556e-05,2.217253107173418e-07,5.068816170932846e-08
pair_minus_native,179,180,-1.838570387982246e-05,0.0001287654445188176,1.1835070410323175e-07,2.7207058414536034e-08
pair_minus_native,180,181,-1.4696570182914384e-05,0.0001341754615767088,3.650031246225046e-08,8.437492408259686e-09
pair_minus_native,181,182,2.495618070925759e-06,7.112323789302985e-05,5.001194849776426e-08,1.1624744095265767e-08
pair_minus_native,182,183,2.7328393379323277e-06,7.085011347665105e-05,6.467220745642304e-08,1.5114960363378564e-08
pair_minus_native,183,184,-1.0359200948858387e-05,3.08040406270677e-05,8.020722911233907e-09,1.8848186662414292e-09
pair_minus_native,184,185,3.411695686951271e-06,5.438103635998622e-05,2.6418965960098997e-08,6.2420289944039775e-09
pair_minus_native,185,186,7.95207978239874e-05,0.00024875857647493595,4.53808099605407e-07,1.078011577606714e-07
pair_minus_native,186,187,6.91812388150718e-05,0.00028795547579784617,8.213344670677941e-07,1.961552303214272e-07
pair_minus_native,187,188,-9.803822034055402e-07,2.350657028050562e-05,8.117508677567659e-07,1.949031457704623e-07
pair_minus_native,188,189,1.9634451205026403e-07,1.127168748143059e-05,8.084947494726043e-07,1.951539050451114e-07
pair_minus_native,189,190,-3.34187683668136e-06,1.845767066749607e-05,7.866506884928466e-07,1.9088586310809817e-07
pair_minus_native,190,191,1.474068719790065e-06,9.106080340597589e-06,7.902497357771253e-07,1.9276845406568447e-07
pair_minus_native,191,192,-2.1250495705322327e-08,6.134908322404756e-08,7.860231720714875e-07,1.9274131422442606e-07
pair_minus_native,192,193,-6.847603449730739e-09,1.977213751158576e-08,7.81915033338217e-07,1.927325688815784e-07
pair_minus_native,193,194,-9.24941099816812e-10,1.64000692516322e-09,7.778797757380208e-07,1.9273138760303453e-07
pair_minus_native,194,195,-2.953636592687023e-10,1.0209909436550343e-09,7.738891339975222e-07,1.927310103825247e-07
pair_minus_native,195,196,5.686426652855196e-10,2.3618507381689816e-09,7.699436212866433e-07,1.9273173661836794e-07
pair_minus_native,196,197,7.707211925773238e-09,2.0273480004796036e-08,7.660744009345577e-07,1.9274157980090404e-07
pair_minus_native,197,198,3.29366969111696e-08,8.743123398953541e-08,7.62371685257672e-07,1.9278364454791705e-07
pair_minus_native,198,199,-4.486685859200746e-08,3.670881227921471e-07,7.5831521016295e-07,1.9272634332366161e-07
pair_minus_native,199,200,-8.968794773468071e-06,5.1390635234602056e-05,7.096796602447947e-07,1.8127194386840223e-07
pair_minus_native,200,201,-9.926783489439843e-05,0.0005280360039312436,2.122790903211965e-07,5.449309981425351e-08
pair_minus_native,201,202,1.154517862959406e-05,4.2560479151967275e-05,2.683825533869037e-07,6.923790010747708e-08
pair_minus_native,202,203,2.158172829133102e-05,0.00014350034641369858,3.733744043127368e-07,9.680077148848731e-08
pair_minus_native,203,204,-8.942221059274939e-05,0.0005406043136950161,-6.68000319473716e-08,-1.740383974107766e-08
pair_minus_native,204,205,-8.155263520923858e-06,3.349471211054713e-05,-1.0625595140579348e-07,-2.781924653663814e-08
pair_minus_native,205,206,-5.215622684474365e-06,0.0001541770268034823,-1.310587025371943e-07,-3.4480322762020464e-08
pair_minus_native,206,207,-0.00017851552158445463,0.0011213702019474382,-9.928193927880029e-07,-2.624694946451042e-07
pair_minus_native,207,208,-5.01040779399254e-06,2.7151719765040512e-05,-1.012134721639948e-06,-2.6886848288775125e-07
pair_minus_native,208,209,-4.064495489411338e-06,7.25369645437861e-05,-1.0267393186149308e-06,-2.7405940943872355e-07
pair_minus_native,209,210,-2.2685500325843117e-05,8.207549204750513e-05,-1.1298762757922079e-06,-3.0303195136189484e-07
pair_minus_native,210,211,-1.84850391576103e-05,0.00011788129512155539,-1.2121282325780758e-06,-3.2663991963470496e-07
pair_minus_native,211,212,4.990600049348566e-06,6.557970880250346e-05,-1.1828700803048368e-06,-3.2026622863936834e-07
pair_minus_native,212,213,-3.209821384569936e-06,4.700245314748669e-05,-1.1923862836112458e-06,-3.24365617380837e-07
pair_minus_native,213,214,1.6809216988604427e-05,5.58171934151236e-05,-1.1082666421522941e-06,-3.02897907305991e-07
pair_minus_native,214,215,5.8809168304450447e-05,0.0002289119861858141,-8.295808982146067e-07,-2.2779041266429177e-07
pair_minus_native,215,216,-3.891296414811969e-05,0.00015278480430916391,-1.005892857704908e-06,-2.7748768488411255e-07
pair_minus_native,216,217,-1.779451765667751e-05,0.00016187811585786834,-1.0832597922623853e-06,-3.0021376107399436e-07
pair_minus_native,217,218,6.900397936863279e-07,4.625585121890049e-06,-1.0751253904919786e-06,-2.993324841982776e-07
pair_minus_native,218,219,2.850756899916397e-07,6.1906693810066565e-06,-1.0689144266541539e-06,-2.9896840285729206e-07
pair_minus_native,219,220,1.9470073891437084e-07,1.0596619632759843e-06,-1.0631707213561151e-06,-2.987197429097642e-07
pair_minus_native,220,221,-3.677094232406237e-09,1.3365022511815456e-08,-1.0583766325456006e-06,-2.9872443907098054e-07
pair_minus_native,221,222,-4.692834671323673e-10,1.7581662554743073e-09,-1.0536112841263282e-06,-2.9872503841129615e-07
pair_minus_native,222,223,-4.127920226859825e-10,1.3801297595489221e-09,-1.0488884209330383e-06,-2.987255656041731e-07
pair_minus_native,223,224,-4.4856438454360056e-10,1.4404060855771804e-09,-1.0442078858591608e-06,-2.987261384833359e-07
pair_minus_native,224,225,-3.598412470469961e-10,2.2094005179090476e-09,-1.0395685612164404e-06,-2.987265980507013e-07
pair_minus_native,225,226,1.8673875494681663e-08,1.1905546781905431e-07,-1.0348860725584267e-06,-2.9870274891213845e-07
pair_minus_native,226,227,7.690744694326037e-07,4.047732383408087e-06,-1.026939109818378e-06,-2.977205337532207e-07
pair_minus_native,227,228,6.272522354032382e-06,4.772149405552473e-05,-9.949239279593835e-07,-2.8970964952074e-07
pair_minus_native,228,229,-4.093656625148937e-05,0.00027987690436482405,-1.1693415800272002e-06,-3.41991343328517e-07
pair_minus_native,229,230,0.000163464780241574,0.0009170704548967846,-4.535410503680643e-07,-1.3322406332650676e-07
pair_minus_native,230,231,3.328717506920215e-05,0.0004492862775434435,-3.074773442227388e-07,-9.071170691628692e-08
pair_minus_native,231,232,9.959349633083958e-06,8.209531636318934e-05,-2.63223779665382e-07,-7.799223101196505e-08
pair_minus_native,232,233,-4.291149264497636e-06,1.715922275288533e-05,-2.805110135058636e-07,-8.347262598578061e-08
pair_minus_native,233,234,5.031442568322391e-05,0.0002622120206708841,-6.429333531471079e-08,-1.9214100208994032e-08
pair_minus_native,234,235,6.726309767880519e-06,2.2836996053720084e-05,-3.539715189685867e-08,-1.0623666278112117e-08
pair_minus_native,235,236,-2.3638127754272167e-05,9.056469951541615e-05,-1.354087222459065e-07,-4.081284604091179e-08
pair_minus_native,236,237,1.4832430836080726e-05,0.00020218680119090285,-7.225328107153263e-08,-2.1869767067628648e-08
pair_minus_native,237,238,-2.553816501572652e-06,3.555550443314975e-05,-8.268001729212558e-08,-2.5131346252268054e-08
pair_minus_native,238,239,-1.1153489213202576e-05,6.61791395690606e-05,-1.2900139468087211e-07,-3.937590463439136e-08
pair_minus_native,239,240,1.5015947722234137e-06,8.183973484179839e-05,-1.2220724398543814e-07,-3.745815907599636e-08
pair_minus_native,240,241,9.541403334181082e-06,8.681353382438763e-05,-8.210927478142756e-08,-2.5272458776914485e-08
pair_minus_native,241,242,8.712926152629696e-06,0.00015781920261854148,-4.5766153180555105e-08,-1.4144839169469138e-08
pair_minus_native,242,243,-5.2077159498539874e-05,0.00038169041567064115,-2.598871134495235e-07,-8.065462141536936e-08
pair_minus_native,243,244,-0.00010112201997293667,0.000532434850613796,-6.73256510414635e-07,-2.0980151793252992e-07
pair_minus_native,244,245,2.697684038631074e-05,0.00016968637721042655,-5.603989720606536e-07,-1.7534833736252893e-07
pair_minus_native,245,246,-9.010405465039456e-06,6.91870336507036e-05,-5.947485919508118e-07,-1.8685587946347343e-07
pair_minus_native,246,247,-5.382157309507298e-06,3.4251009623165615e-05,-6.141308134793805e-07,-1.9372964358800382e-07
pair_minus_native,247,248,2.6675452847061746e-06,1.532987425100821e-05,-6.00898248567342e-07,-1.903228169153267e-07
pair_minus_native,248,249,-1.6607128815501933e-09,6.386473590552143e-09,-5.984916721188043e-07,-1.9032493787686115e-07
pair_minus_native,249,250,-3.0701233522943004e-11,1.5847023834996148e-09,-5.960978282352636e-07,-1.9032497708661034e-07
pair_minus_native,250,251,-8.480734952428618e-11,9.827649806626007e-10,-5.937232743671929e-07,-1.9032508539740157e-07
pair_minus_native,251,252,-1.6263595669650198e-10,9.535658063426157e-10,-5.913678750084211e-07,-1.9032529310615852e-07
pair_minus_native,252,253,-3.0558174243309973e-09,1.690120560674929e-08,-5.890425309072981e-07,-1.9032919581040412e-07
pair_minus_native,253,254,-6.016866011667572e-09,2.639034472160765e-08,-5.867471542738508e-07,-1.9033688018589798e-07
pair_minus_native,254,255,-1.161812243208182e-07,6.376573472645611e-07,-5.849017976858e-07,-1.904852597827318e-07
pair_minus_native,255,256,-3.768486606344237e-05,0.00021394799718349076,-7.298235330989113e-07,-2.386140797871281e-07
pair_minus_native,256,257,-4.3893689285144436e-06,6.073760028086356e-05,-7.440630093456637e-07,-2.4421991494487304e-07
pair_minus_native,257,258,1.754188617530102e-05,0.00014244069285970865,-6.731872373121497e-07,-2.2181648432507615e-07
pair_minus_native,258,259,1.4041748253118455e-05,7.800556784250232e-05,-6.163728145691744e-07,-2.0388321707971413e-07
pair_minus_native,259,260,-4.481336209712593e-06,5.69271159885114e-05,-6.31238058396649e-07,-2.0960650725814652e-07
pair_minus_native,260,261,-1.884383290346126e-05,0.00010697002189284862,-7.010181152742911e-07,-2.3367270509143037e-07
pair_minus_native,261,262,3.648679047972886e-05,9.694329452095176e-05,-5.590799145300041e-07,-1.8707399438935005e-07
pair_minus_native,262,263,4.308018530563352e-05,0.0003300169582344759,-3.9315114943432544e-07,-1.3205460064013743e-07
pair_minus_native,263,264,1.3884780574082894e-05,8.39287663019006e-05,-3.390680747240331e-07,-1.1432180297208779e-07
pair_minus_native,264,265,-4.014788704638267e-06,0.00022309928629191098,-3.5293871861050216e-07,-1.1944924703931426e-07
pair_minus_native,265,266,-1.825003536934997e-05,7.987467423127463e-05,-4.2022103684636473e-07,-1.427570827600677e-07
pair_minus_native,266,267,-2.4439041224488193e-05,0.0001858979838933232,-5.101791648899672e-07,-1.7396914051803478e-07
pair_minus_native,267,268,3.6791145891911596e-06,8.294452749900946e-05,-4.94547471777724e-07,-1.6927039902481486e-07
pair_minus_native,268,269,-1.0898606994743351e-05,6.137827849535142e-05,-5.332242729783399e-07,-1.8318943733227767e-07
pair_minus_native,269,270,-4.3133621562045494e-05,0.00015034679900248753,-6.91003522197107e-07,-2.3827707661969208e-07
pair_minus_native,270,271,2.8518775079348797e-05,0.00017068453874045957,-5.832183613057939e-07,-2.0185463079676904e-07
pair_minus_native,271,272,-1.1808650373941788e-05,4.8400626019521944e-05,-6.244883319404851e-07,-2.16935921184945e-07
pair_minus_native,272,273,5.413279389116944e-06,4.6734686269608934e-05,-6.023719666618866e-07,-2.1002240983230527e-07
pair_minus_native,273,274,1.923027765422746e-06,1.384303364514999e-05,-5.931551793185118e-07,-2.075664356746772e-07
pair_minus_native,274,275,-1.7136485783400014e-07,1.5512821974351434e-05,-5.916213963312953e-07,-2.0778529245352005e-07
pair_minus_native,275,276,9.55718244533564e-06,5.412095119241046e-05,-5.548503679194586e-07,-1.955794400329126e-07
pair_minus_native,276,277,-2.889442248004519e-10,2.4637017592403625e-09,-5.528483411191168e-07,-1.9557980905491103e-07
pair_minus_native,277,278,1.6227400768808103e-10,1.6272767602178904e-09,-5.508590943021143e-07,-1.955796018084135e-07
pair_minus_native,278,279,2.336825443943868e-10,1.2432309194420884e-09,-5.48883851374349e-07,-1.955793033632738e-07
pair_minus_native,279,280,2.0504847790216583e-10,9.448165112429938e-10,-5.46922819589162e-07,-1.9557904148782295e-07
pair_minus_native,280,281,3.891155889939002e-11,1.863329460517802e-09,-5.449763365601652e-07,-1.955789917923454e-07
pair_minus_native,281,282,1.627419192665032e-09,4.162706806776374e-08,-5.430380253695523e-07,-1.9557691335148628e-07
pair_minus_native,282,283,1.7650953357510668e-06,1.0078074901496319e-05,-5.348820770970414e-07,-1.9332264089203412e-07
pair_minus_native,283,284,-1.027942519446781e-05,7.117478566058068e-05,-5.691938486370796e-07,-2.0645089784537755e-07
pair_minus_native,284,285,9.55030615694957e-06,6.574584962505542e-05,-5.336868310736173e-07,-1.942538274022745e-07
pair_minus_native,285,286,1.313269978848391e-05,0.00015181474149992966,-4.859022624737661e-07,-1.7748154159322744e-07
pair_minus_native,286,287,-7.919515528634879e-06,6.395662517827443e-05,-5.118033539934914e-07,-1.8759586538458752e-07
pair_minus_native,287,288,4.48234593698483e-06,3.173081556384559e-05,-4.944625578442608e-07,-1.8187128564386606e-07
pair_minus_native,288,289,-1.1963039140096668e-05,8.460037185924741e-05,-5.341462138382141e-07,-1.971497519786001e-07
pair_minus_native,289,290,8.490534335902044e-06,6.455552939218339e-05,-5.030266257356611e-07,-1.863061576798745e-07
pair_minus_native,290,291,1.285176690495163e-05,0.00012201118674533203,-4.571338644618217e-07,-1.6989266227125176e-07
pair_minus_native,291,292,1.9991705373266106e-05,0.00013193571020075656,-3.8710359309973996e-07,-1.4436047150079702e-07
pair_minus_native,292,293,6.125158000710246e-05,0.0003267767797588804,-1.7673265931065379e-07,-6.613367711113865e-08
pair_minus_native,293,294,6.876568815936113e-05,0.0002715327612422632,5.776537068482846e-08,2.168967941422678e-08
pair_minus_native,294,295,2.5887929954766742e-05,9.129672775450979e-05,1.4532525063086886e-07,5.475216977791356e-08
pair_minus_native,295,296,-2.6757690672905242e-06,3.2376490233577646e-05,1.3579452658383748e-07,5.133484019005861e-08
pair_minus_native,296,297,3.7021268761518063e-06,8.726970982747687e-05,1.478023796126858e-07,5.6062971577225654e-08
pair_minus_native,297,298,-1.950226192975299e-05,9.158965523010271e-05,8.186256649400912e-08,3.1155868218665025e-08
pair_minus_native,298,299,-6.568303432252654e-06,4.071020232222051e-05,5.962120863866897e-08,2.2767230374153285e-08
pair_minus_native,299,300,-5.502580933150971e-06,2.3589526656983433e-05,4.108053483270366e-08,1.5739668518277263e-08
pair_minus_native,300,301,-1.5551239644052323e-06,2.0320375270778816e-05,3.5777529851846804e-08,1.3753558729764864e-08
pair_minus_native,301,302,-3.2563049403974086e-06,2.2635521156993346e-05,2.4876594519895454e-08,9.594804016613571e-09
pair_minus_native,302,303,5.682939887370266e-06,2.012409336507818e-05,4.355007073392297e-08,1.6852709364468277e-08
pair_minus_native,303,304,3.7038219055409404e-06,2.0962592899487966e-05,5.5590438611577466e-08,2.158300554012714e-08
pair_minus_native,304,305,-1.1073322736525468e-09,5.102958214897677e-09,5.5404544280806065e-08,2.158159132266392e-08
pair_minus_native,305,306,1.1003674715600081e-10,8.273330778391596e-10,5.5223843275794224e-08,2.158173185490809e-08
pair_minus_native,306,307,9.647216996930511e-11,6.619407129495771e-10,5.504427529173605e-08,2.158185506329881e-08
pair_minus_native,307,308,9.170952376316867e-11,6.718090421748808e-10,5.486585787041182e-08,2.158197218912751e-08
pair_minus_native,308,309,-3.689896461170048e-10,2.816272710406577e-09,5.468710431857826e-08,2.158150093798299e-08
pair_minus_native,309,310,-3.2908137108863335e-10,3.3853603184831494e-09,5.450963275183721e-08,2.158108065526122e-08
pair_minus_native,310,311,3.897557972435728e-06,2.2060673447125908e-05,6.686670136818427e-08,2.6558804757988897e-08
pair_minus_native,311,312,-2.6671733871040345e-06,1.5352758901294045e-05,5.810375236667078e-08,2.3152453050320924e-08
pair_minus_native,312,313,-2.5974935304337327e-06,3.7010266813455234e-05,4.961941599989673e-08,1.9835092219626665e-08
pair_minus_native,313,314,8.755058521901886e-05,0.0003488844220680066,3.282849121878552e-07,1.3164937730138764e-07
pair_minus_native,314,315,-8.914280778107087e-07,5.4275272751390536e-05,3.24412807457701e-07,1.305108995519487e-07
pair_minus_native,315,316,1.2985076960444069e-05,5.827077144365418e-05,3.6447820034689835e-07,1.4709465045928465e-07
pair_minus_native,316,317,8.780964650547345e-05,0.0003820527074453299,6.403304662936696e-07,2.5923979286729665e-07
pair_minus_native,317,318,-8.9623643248437e-06,4.940620027133129e-05,6.101333128624201e-07,2.477936059901016e-07
pair_minus_native,318,319,4.5582143458553005e-05,0.0003034686652038654,7.511114010934249e-07,3.060083485936176e-07
pair_minus_native,319,320,-1.179027645765082e-05,7.202452146065768e-05,7.119195640348496e-07,2.9095052425434466e-07
pair_minus_native,320,321,-3.2225426803041494e-05,0.00012593663032456985,6.093110083741755e-07,2.497941681840489e-07
pair_minus_native,321,322,-5.519999885751581e-06,5.281443687852986e-05,5.902758813737849e-07,2.427443599008413e-07
pair_minus_native,322,323,-8.235447967133787e-06,6.461353324032105e-05,5.62951658932585e-07,2.322265464051404e-07
pair_minus_native,323,324,-9.546130193245717e-06,5.018001113069792e-05,5.317507890184542e-07,2.2003480924901556e-07
pair_minus_native,324,325,2.5311699304771956e-05,0.00012685205342308746,6.07996784451542e-07,2.523613728566426e-07
pair_minus_native,325,326,-1.4919308251042544e-05,0.000165461709295865,5.60367014404014e-07,2.3330733933040688e-07
pair_minus_native,326,327,3.767898366982738e-05,0.00018786615392810905,6.738796035643299e-07,2.8142864669927955e-07
pair_minus_native,327,328,-1.890909314255841e-05,6.040939984947471e-05,6.141754183627367e-07,2.572791024559102e-07
pair_minus_native,328,329,4.248696295132028e-06,4.6631248714054216e-05,6.252225942799684e-07,2.627052790780455e-07
pair_minus_native,329,330,-1.7432652009781546e-06,2.1228970349809836e-05,6.180453585367625e-07,2.604788867396317e-07
pair_minus_native,330,331,2.6167165802104402e-05,0.00011905514510808549,6.952330335928576e-07,2.938980001522808e-07
pair_minus_native,331,332,-2.0031762978141618e-09,8.673862290430117e-09,6.931329245269218e-07,2.9389544181728995e-07
pair_minus_native,332,333,1.197976109421411e-09,6.398025129823666e-09,6.910550417989413e-07,2.9389697179954974e-07
pair_minus_native,333,334,-4.474963091835461e-11,1.2707660300475458e-09,6.889858807467564e-07,2.938969146480417e-07
pair_minus_native,334,335,1.4450094965219822e-10,1.1296778561219642e-09,6.869296378219889e-07,2.938970991958701e-07
pair_minus_native,335,336,8.958546306055042e-11,8.708517352088237e-10,6.848854709994917e-07,2.938972136089773e-07
pair_minus_native,336,337,1.2125246338829223e-10,7.597235459035259e-10,6.828535296981974e-07,2.938973684652523e-07
pair_minus_native,337,338,-1.2232890534248825e-10,4.076580725917426e-09,6.808328910632757e-07,2.9389721223421097e-07
pair_minus_native,338,339,1.8683544432281703e-06,1.0584321054634317e-05,6.843359044914909e-07,2.962833609484233e-07
pair_minus_native,339,340,-5.438288117242858e-06,3.076970676033358e-05,6.663281867805073e-07,2.893379099685473e-07
pair_minus_native,340,341,-4.0066542141449727e-05,0.00017440471674174258,5.468769541464015e-07,2.3816735806375855e-07
pair_minus_native,341,342,1.535962564307287e-05,7.558738214870346e-05,5.901890848157772e-07,2.577837381953969e-07
pair_minus_native,342,343,-2.1907173023771545e-05,0.00010392031960423504,5.245991078228112e-07,2.2980522858649325e-07
pair_minus_native,343,344,-4.000141023342667e-06,2.0323122576603705e-05,5.114457934880276e-07,2.2469649164735827e-07
pair_minus_native,344,345,1.4471874998416127e-05,0.00010361719003500582,5.519108056762251e-07,2.431790906236241e-07
pair_minus_native,345,346,-3.1349050332461996e-06,3.3611758666290835e-05,5.412552685695128e-07,2.3917538049176427e-07
pair_minus_native,346,347,3.4543170938825535e-06,9.817072720079382e-05,5.496502594205589e-07,2.435870242898263e-07
pair_minus_native,347,348,-2.070256589572691e-05,0.00021019468696014998,4.885806727678364e-07,2.1714696567459396e-07
pair_minus_native,348,349,2.580609050150826e-06,3.842662520214862e-05,4.945750234193635e-07,2.204427626735094e-07
pair_minus_native,349,350,9.135867839796563e-06,5.7208397099246475e-05,5.192644314661556e-07,2.3211053769240668e-07
pair_minus_native,350,351,-1.2021689566351762e-05,4.677413064973213e-05,4.835352177971587e-07,2.167571665987263e-07
pair_minus_native,351,352,-3.3218210982287126e-06,2.5813612710523585e-05,4.727245464448125e-07,2.1251473863163985e-07
pair_minus_native,352,353,7.60605122240963e-06,8.268335190423071e-05,4.929322707393305e-07,2.2222872486715668e-07
pair_minus_native,353,354,-5.4039345120696604e-05,0.00023841767874576453,3.388862894075905e-07,1.5321295842948535e-07
pair_minus_native,354,355,-7.359798121772358e-05,0.0004218180944538676,1.3061342319031963e-07,5.9218090973899706e-08
pair_minus_native,355,356,-8.96654664426306e-06,5.4672703421751024e-05,1.0505960277612458e-07,4.776656269259304e-08
pair_minus_native,356,357,1.7783449613868786e-05,8.95374688188019e-05,1.545789025270846e-07,7.047850345104624e-08
pair_minus_native,357,358,-1.090131624204145e-05,5.14187409436814e-05,1.2369651385510518e-07,5.655600505763429e-08
pair_minus_native,358,359,-3.906340935047523e-06,2.117271603883814e-05,1.1247078279966623e-07,5.1567063888991285e-08
pair_minus_native,359,360,-6.187278576589783e-09,2.5078904233442963e-08,1.1214117707362095e-07,5.155916187292917e-08
pair_minus_native,360,361,4.881952130003479e-10,2.536952294787999e-09,1.1183188903522598e-07,5.155978536617699e-08
pair_minus_native,361,362,7.150882393599089e-11,6.631596248447086e-10,1.1152315870315065e-07,5.155987669289979e-08
pair_minus_native,362,363,1.9109485323831232e-10,5.362882031536586e-10,1.112164588027376e-07,5.156012074762931e-08
pair_minus_native,363,364,1.7117514266259108e-10,5.218557586402429e-10,1.1091138934213293e-07,5.156033936211543e-08
pair_minus_native,364,365,1.543950895224815e-10,5.257477688139339e-10,1.1060794552226259e-07,5.156053654613773e-08
pair_minus_native,365,366,3.1087713783863677e-10,8.120376110146566e-10,1.1030658741192277e-07,5.156093357951945e-08
pair_minus_native,366,367,8.732303452027185e-07,4.928401735940172e-06,1.1238539874105306e-07,5.267617029114492e-08
pair_minus_native,367,368,-1.5181419660201943e-05,8.590122994303548e-05,7.08261458634907e-08,3.328738400736217e-08
pair_minus_native,368,369,3.1678191406291337e-06,1.7937506621897304e-05,7.921908080865488e-08,3.733313003626264e-08
pair_minus_native,369,370,-3.100440960041202e-05,0.00012233760186236093,-4.790726437887717e-09,-2.263817090700454e-09
pair_minus_native,370,371,-2.9501269245698566e-05,0.00010723128493696312,-8.429605937390016e-08,-3.99410447352707e-08
pair_minus_native,371,372,-2.7065841007615426e-05,0.0001044123775409131,-1.568270941810008e-07,-7.450789148829157e-08
pair_minus_native,372,373,7.021892750367578e-05,0.0003455643609437799,3.184785112156373e-08,1.5171453982558457e-08
pair_minus_native,373,374,-3.1665854737681894e-05,0.0001481643980653916,-5.290536435652031e-08,-2.5270250663267684e-08
pair_minus_native,374,375,6.843472891067568e-06,7.457012855188791e-05,-3.45150223420562e-08,-1.653018311401159e-08
pair_minus_native,375,376,-1.2214930316471593e-06,9.520588989362367e-05,-3.767187874978225e-08,-1.8090199757238987e-08
pair_minus_native,376,377,1.8329109233599647e-05,9.05184811555636e-05,1.1046373537617152e-08,5.31862429588974e-09
pair_minus_native,377,378,-2.3167674158056274e-05,9.607761802882847e-05,-5.027299294808101e-08,-2.426972073355635e-08
pair_minus_native,378,379,-9.489736118689497e-07,3.513028352915418e-05,-5.264423468665856e-08,-2.5481692140796418e-08
pair_minus_native,379,380,1.4506775530611518e-05,5.4347968064273336e-05,-1.4329972146400383e-08,-6.954520326477836e-09
pair_minus_native,380,381,-4.15946095034283e-06,7.965092091121416e-05,-2.5209581013057907e-08,-1.2266730991028176e-08
pair_minus_native,381,382,-6.122449826377872e-05,0.0001792358577061111,-1.854171430098263e-07,-9.045893822446188e-08
pair_minus_native,382,383,-4.6168428065895934e-07,2.739321271055722e-05,-1.8613846712901473e-07,-9.104857332108894e-08
pair_minus_native,383,384,-0.0001167315765121674,0.0006358356568172057,-4.89642212037969e-07,-2.401310465167051e-07
pair_minus_native,384,385,-1.100196177375606e-05,6.263745483802585e-05,-5.169469381723018e-07,-2.541820832647972e-07
pair_minus_native,385,386,7.886970723831441e-06,3.3862794568065235e-05,-4.951751307577845e-07,-2.441093237196741e-07
pair_minus_native,386,387,-2.9721816008511625e-05,0.00012709412565666995,-5.706961666176136e-07,-2.820682202822688e-07
pair_minus_native,387,388,9.453439666476234e-07,5.313094371101592e-06,-5.667888466865173e-07,-2.808608844372525e-07
pair_minus_native,388,389,7.007131485372952e-07,3.960477494522214e-06,-5.635304868016232e-07,-2.799659762015727e-07
pair_minus_native,389,390,-1.096441295370439e-08,7.005726121912079e-08,-5.621136507148339e-07,-2.799799792832506e-07
pair_minus_native,390,391,5.622026583107179e-10,1.5134671330610004e-09,-5.606745820361304e-07,-2.7997926127219284e-07
pair_minus_native,391,392,5.001695215419179e-10,1.253338261211367e-09,-5.592430137923606e-07,-2.7997862248608603e-07
pair_minus_native,392,393,7.224903654912249e-10,2.450114100957688e-09,-5.578181651812716e-07,-2.799776997653126e-07
pair_minus_native,393,394,7.602217989984723e-10,1.945664145518651e-09,-5.564004535391898e-07,-2.7997672885624616e-07
pair_minus_native,394,395,4.0001357031191075e-07,2.2602609382265798e-06,-5.539791522129846e-07,-2.794658558417994e-07
pair_minus_native,395,396,-6.729942181294199e-06,3.808575664976449e-05,-5.695750184480379e-07,-2.8806092887027207e-07
pair_minus_native,396,397,-3.525329944821712e-06,1.5108646563954865e-05,-5.770202449628334e-07,-2.925632659645528e-07
pair_minus_native,397,398,1.3005216022022348e-05,7.499587909928184e-05,-5.428940231864886e-07,-2.7595379467205937e-07
pair_minus_native,398,399,9.691948050154734e-06,7.290107609851039e-05,-5.172427899199692e-07,-2.635758278136241e-07
pair_minus_native,399,400,-1.471191132636474e-05,5.211937118150941e-05,-5.52729461261081e-07,-2.8236498659569914e-07
pair_minus_native,400,401,-1.1052251362835337e-05,0.0002210871225552322,-5.789128076490468e-07,-2.9648025014976726e-07
pair_minus_native,401,402,-1.1252241251329108e-05,5.403484363032638e-05,-6.054633759169077e-07,-3.108509286316691e-07
pair_minus_native,402,403,-1.1453165983837006e-05,8.426678623407617e-05,-6.323807521152205e-07,-3.2547821596734853e-07
pair_minus_native,403,404,2.7655293247278384e-05,0.00014546960762256014,-5.623617570672166e-07,-2.9015855664770815e-07
pair_minus_native,404,405,-3.472860787625494e-05,0.0001454722392561034,-6.467228585960751e-07,-3.34511823411763e-07
pair_minus_native,405,406,-2.1556083231776785e-05,0.0001026384261549584,-6.982237462147469e-07,-3.6204194248172064e-07
pair_minus_native,406,407,1.59474807526507e-05,0.00011401809191308721,-6.573252093624976e-07,-3.416747895409151e-07
pair_minus_native,407,408,5.571915894499277e-06,0.00019689867629802616,-6.420574615589148e-07,-3.3455867728740386e-07
pair_minus_native,408,409,1.2592512258653516e-05,6.395502218713732e-05,-6.096991003848012e-07,-3.184762861524696e-07
pair_minus_native,409,410,-9.57622835319012e-05,0.0005549434779884469,-8.417785746080119e-07,-4.4077805311530637e-07
pair_minus_native,410,411,-1.1909278245450312e-05,0.00018155056334136552,-8.687067976514238e-07,-4.55987859303621e-07
pair_minus_native,411,412,1.823999393790365e-05,9.541345461893058e-05,-8.223264560602708e-07,-4.3269284788867377e-07
pair_minus_native,412,413,-1.2739454988426419e-05,7.750669855679955e-05,-8.511814888262905e-07,-4.4896290534515705e-07
pair_minus_native,413,414,1.17220159999348e-05,5.2805870414411405e-05,-8.208114465829063e-07,-4.3399225911280104e-07
pair_minus_native,414,415,6.8276645225095375e-06,2.4026454362731135e-05,-8.0238138400678e-07,-4.2527238105084766e-07
pair_minus_native,415,416,3.6262328373789666e-05,0.00016485979054174814,-7.13283524012077e-07,-3.789603397050115e-07
pair_minus_native,416,417,-8.265495907035298e-06,4.641593202385722e-05,-7.313943450744829e-07,-3.895165286028855e-07
pair_minus_native,417,418,-1.277482663266046e-09,1.826285698498687e-08,-7.296476540160829e-07,-3.8951816012608255e-07
pair_minus_native,418,419,5.963672327164743e-10,1.2769679228441871e-09,-7.279048281897132e-07,-3.895173984821071e-07
pair_minus_native,419,420,3.529770758307826e-10,7.59576615472122e-10,-7.261708810343192e-07,-3.8951694768124403e-07
pair_minus_native,420,421,3.1584586979860665e-10,8.599773601932532e-10,-7.244452593552119e-07,-3.895165443020999e-07
pair_minus_native,421,422,8.861516252475198e-09,4.985771205410407e-08,-7.227075655741511e-07,-3.8950522691225e-07
pair_minus_native,422,423,-9.30338820350429e-09,8.079704359801404e-08,-7.210210308758755e-07,-3.895171086340937e-07
pair_minus_native,423,424,-4.969746373339587e-06,3.297812419180457e-05,-7.310416095137614e-07,-3.9586416658216455e-07
pair_minus_native,424,425,-6.283543265766257e-06,2.5368664442202113e-05,-7.441063192931791e-07,-4.0388912605313046e-07
pair_minus_native,425,426,1.5586623792447397e-05,8.74726669910456e-05,-7.057712720825203e-07,-3.8398283768474286e-07
pair_minus_native,426,427,1.4314564894321484e-05,0.00013306774507920355,-6.705948407794665e-07,-3.6570114561025825e-07
pair_minus_native,427,428,-3.990733454795204e-06,7.107716854920649e-05,-6.783521739897837e-07,-3.7079786777474764e-07
pair_minus_native,428,429,4.274415342864401e-06,0.0001384670425198565,-6.668072613630838e-07,-3.653388443483563e-07
pair_minus_native,429,430,2.9373990421447033e-05,0.00019213248562254478,-5.969449411705025e-07,-3.27824169480608e-07
pair_minus_native,430,431,-2.885318927767467e-05,0.00011666050339769588,-6.625046728097232e-07,-3.64673708787983e-07
pair_minus_native,431,432,-1.2776042945320654e-05,0.00013929101271107857,-6.905452706627577e-07,-3.809904941587629e-07
pair_minus_native,432,433,-1.928896849054014e-05,0.0001709637555136759,-7.334977492306037e-07,-4.056251921032585e-07
pair_minus_native,433,434,-2.6127562614421298e-05,0.00013878134036894772,-7.920094194268956e-07,-4.3899372673214903e-07
pair_minus_native,434,435,-1.1249191028561957e-05,0.00015354993084398965,-8.160489173789303e-07,-4.5336050965496126e-07
pair_minus_native,435,436,-1.2822493472026673e-05,0.00013590145074303663,-8.435866342473882e-07,-4.697366188146376e-07
pair_minus_native,436,437,4.898034693773783e-07,0.00012539979698170526,-8.405353983123201e-07,-4.6911107159959627e-07
pair_minus_native,437,438,-4.247070954797392e-05,0.00019298174944068388,-9.355814580147438e-07,-5.233520799622706e-07
pair_minus_native,438,439,-3.22714462036996e-05,0.00017533850967151312,-1.006961559941133e-06,-5.645672092134832e-07
pair_minus_native,439,440,-2.071029886966219e-05,0.00010078369688885528,-1.051741872008681e-06,-5.910171439129241e-07
pair_minus_native,440,441,8.299946467320258e-06,6.273073031536205e-05,-1.0305362295158716e-06,-5.804169568537667e-07
pair_minus_native,441,442,-2.4064387937062335e-05,0.00013345329532901332,-1.0826490161845288e-06,-6.111505302088911e-07
pair_minus_native,442,443,5.499215310355791e-06,2.8292207047159053e-05,-1.0677915346347762e-06,-6.041272667218466e-07
pair_minus_native,443,444,-2.6006769060392495e-05,0.00017075262878133164,-1.1239604029360323e-06,-6.373415311667923e-07
pair_minus_native,444,445,2.8384760063494697e-06,1.602817618950329e-05,-1.1150560514544919e-06,-6.337164021676231e-07
pair_minus_native,445,446,-6.321682491824186e-06,3.576178010290477e-05,-1.1267301017692221e-06,-6.41790070739557e-07
pair_minus_native,446,447,7.380001450176949e-10,2.9967215402948736e-09,-1.12420780176494e-06,-6.417891282106362e-07
pair_minus_native,447,448,2.3811694569802085e-10,1.3112045297039515e-09,-1.1216978778392462e-06,-6.417888241021485e-07
pair_minus_native,448,449,2.397472955566253e-10,1.63303757623606e-09,-1.1191991303445142e-06,-6.417885179114774e-07
pair_minus_native,449,450,2.146506344810444e-09,1.2930450571800662e-08,-1.1167072511518713e-06,-6.41785776524064e-07
pair_minus_native,450,451,1.340510741933864e-08,1.2485661498411572e-07,-1.1142014587825338e-06,-6.417686563357889e-07
pair_minus_native,451,452,5.927038021101128e-07,5.926340742618823e-06,-1.1104251197097625e-06,-6.410116910712806e-07
pair_minus_native,452,453,-6.726602581060217e-06,2.811992923594138e-05,-1.1228228624500506e-06,-6.496024989653549e-07
pair_minus_native,453,454,-3.2916020447002724e-06,1.603749399681829e-05,-1.1275999091069894e-06,-6.538063329943463e-07
pair_minus_native,454,455,3.824230519371709e-06,3.8943533351188196e-05,-1.116716765308135e-06,-6.489222582569624e-07
pair_minus_native,455,456,1.5174170875053808e-05,0.0001015312022724895,-1.0809911345178676e-06,-6.295427296809038e-07
pair_minus_native,456,457,-5.011022259345595e-06,3.8630399249452185e-05,-1.0895907649879499e-06,-6.35942502681345e-07
pair_minus_native,457,458,4.799426390925847e-06,5.1665361653415495e-05,-1.0767326489270029e-06,-6.298129670607501e-07
pair_minus_native,458,459,3.4545201726583966e-06,0.00018715267725195165,-1.0668606384224596e-06,-6.254010639028211e-07
pair_minus_native,459,460,2.3297454991645415e-05,9.531454252209992e-05,-1.0138947348788338e-06,-5.956469706823289e-07
pair_minus_native,460,461,-7.8963931571582e-06,6.085991310713153e-05,-1.0288242325410449e-06,-6.0573176398649e-07
pair_minus_native,461,462,7.24141361124035e-06,9.384460546061489e-05,-1.0109232848272326e-06,-5.964834707409725e-07
pair_minus_native,462,463,3.1348678364004616e-05,0.00022889286319060685,-9.410321365576173e-07,-5.564468444778758e-07
pair_minus_native,463,464,3.232806327968285e-05,0.00011578769403235803,-8.693314998846849e-07,-5.151594073390726e-07
pair_minus_native,464,465,-1.2742879163660669e-05,3.8379063504146345e-05,-8.948660109895794e-07,-5.314338379440031e-07
pair_minus_native,465,466,1.0337780533020093e-05,7.805228989555556e-05,-8.70761619264237e-07,-5.182310530997885e-07
pair_minus_native,466,467,-1.4506324063749813e-05,7.585429923595089e-05,-8.99959825783478e-07,-5.367576483280769e-07
pair_minus_native,467,468,-7.748224806609144e-06,4.856206628201174e-05,-9.145928706143019e-07,-5.466532100223413e-07
pair_minus_native,468,469,-6.049222597297557e-06,4.8261460231727495e-05,-9.255409084110683e-07,-5.543789093803206e-07
pair_minus_native,469,470,0.0001097457572587386,0.0006536676769790762,-6.900700612469197e-07,-4.142182998544729e-07
pair_minus_native,470,471,-1.9792614594116312e-06,2.959961709275359e-05,-6.928071979733841e-07,-4.167460922675146e-07
pair_minus_native,471,472,1.9150648585390046e-06,2.7545405423175095e-05,-6.872820453112815e-07,-4.1430028785047876e-07
pair_minus_native,472,473,0.00010669354128221447,0.000603548790599974,-4.602612771769774e-07,-2.780377830200643e-07
pair_minus_native,473,474,-7.82561875840982e-06,4.427100181901158e-05,-4.7580000604033786e-07,-2.88032187564649e-07
pair_minus_native,474,475,4.0054179635354394e-10,1.0835715853178577e-09,-4.7479747857120805e-07,-2.8803167601701637e-07
pair_minus_native,475,476,2.561220478135722e-10,1.0918632995780512e-09,-4.7379946680520163e-07,-2.88031348913507e-07
pair_minus_native,476,477,3.005252760397736e-10,1.0028667790663716e-09,-4.7280554648637304e-07,-2.8803096510089393e-07
pair_minus_native,477,478,-1.7449480279890027e-09,7.782093535708656e-09,-4.7182006406281985e-07,-2.8803319364243665e-07
pair_minus_native,478,479,1.92477928494503e-08,1.0732280705385047e-07,-4.707948702070532e-07,-2.8800861153151787e-07
pair_minus_native,479,480,-2.38986855491749e-06,1.2992854409506823e-05,-4.74792940383534e-07,-2.910608063653848e-07
pair_minus_native,480,481,2.8378032259953225e-06,1.6171012186938465e-05,-4.6790604606673785e-07,-2.874365366003843e-07
pair_minus_native,481,482,7.097852335463579e-06,9.378414941997632e-05,-4.5220945191418537e-07,-2.783715910889366e-07
pair_minus_native,482,483,-1.940960441140801e-08,0.00011627664278449044,-4.5131338597732634e-07,-2.7839637985574537e-07
pair_minus_native,483,484,-2.234474393246906e-06,3.899683685582849e-05,-4.549976029344949e-07,-2.812501147130211e-07
pair_minus_native,484,485,-5.7212077169740704e-05,0.0002550558339479406,-5.720225092578068e-07,-3.543179016475559e-07
pair_minus_native,485,486,-2.0218422358788136e-05,6.625697224642597e-05,-6.124472003062231e-07,-3.801396415693798e-07
pair_minus_native,486,487,1.069868406547158e-05,0.000189916011024546,-5.892210580767e-07,-3.6647593267350305e-07
pair_minus_native,487,488,5.803298573095064e-06,6.26372731161894e-05,-5.761216326029876e-07,-3.5906431252906505e-07
pair_minus_native,488,489,2.9270850702522385e-06,7.417318566752298e-05,-5.689576107157579e-07,-3.5532601742018594e-07
pair_minus_native,489,490,1.0707988651943333e-05,5.248145595881313e-05,-5.459434346695148e-07,-3.416504252721102e-07
pair_minus_native,490,491,-1.3640603574816258e-06,0.000144957283305102,-5.476096605815559e-07,-3.433925202369655e-07
pair_minus_native,491,492,-4.299389945397836e-05,0.00016630011303234428,-6.338826073161022e-07,-3.9830171494191867e-07
pair_minus_native,492,493,2.9162452750078628e-05,8.877708715851675e-05,-5.734437932037396e-07,-3.610572031282805e-07
pair_minus_native,493,494,2.0259619741607635e-05,0.00043716082279364417,-5.312715998134332e-07,-3.351828484135836e-07
pair_minus_native,494,495,-6.218298051207355e-06,8.710485986082582e-05,-5.427605421394816e-07,-3.4312448066289065e-07
pair_minus_native,495,496,-7.076973192402583e-06,4.634124296604924e-05,-5.55934357966625e-07,-3.5216276060210215e-07
pair_minus_native,496,497,-6.669698659985382e-05,0.0002887686952428932,-6.890149459784703e-07,-4.3734409725581063e-07
pair_minus_native,497,498,-8.476400891811814e-06,4.410158505182337e-05,-7.046522671548425e-07,-4.4816964117894195e-07
pair_minus_native,498,499,2.5180098231646155e-05,0.00011273266894498421,-6.527790196622552e-07,-4.1601115046164155e-07
pair_minus_native,499,500,5.408398742762037e-06,3.057868300444103e-05,-6.406566641374067e-07,-4.0910387237382295e-07
pair_minus_native,500,501,6.505360218082192e-06,3.6794451713597876e-05,-6.263931573864693e-07,-4.0079562177601674e-07
pair_minus_native,501,502,2.172062480832956e-05,0.00012297299554009123,-5.818771853432103e-07,-3.730553602072689e-07
pair_minus_native,502,503,3.6526949253919004e-10,1.2470425987984334e-09,-5.807196456715689e-07,-3.730548937072786e-07
pair_minus_native,503,504,5.5039239343630296e-11,1.6806719862671712e-09,-5.795673149475391e-07,-3.730548234145079e-07
pair_minus_native,504,505,1.3703257206795398e-10,2.59830677378069e-09,-5.784193855465103e-07,-3.730546484048374e-07
pair_minus_native,505,506,2.0263763857916728e-09,9.526884319045843e-09,-5.772722595347861e-07,-3.730520604401045e-07
pair_minus_native,506,507,3.3446045374899666e-08,1.2154029045582412e-07,-5.760676869412761e-07,-3.7300934518419794e-07
pair_minus_native,507,508,1.1445281631557168e-06,1.5951326853852774e-05,-5.726806872363607e-07,-3.7154762339217273e-07
pair_minus_native,508,509,-3.4421128685814324e-06,1.5561025876907197e-05,-5.783180785553098e-07,-3.759436806955973e-07
pair_minus_native,509,510,-3.0393587516520545e-06,2.7090585575971183e-05,-5.831436485025583e-07,-3.7982536492503796e-07
pair_minus_native,510,511,1.1688240284379967e-05,6.023842753699446e-05,-5.591291985360563e-07,-3.6489785498330116e-07
pair_minus_native,511,512,-3.699472840333894e-05,0.0001976214735516013,-6.30292478232937e-07,-4.121452731229422e-07
pair_minus_native,512,513,-6.449610632410974e-07,8.246456276749991e-05,-6.303210719658964e-07,-4.129689781845528e-07
pair_minus_native,513,514,1.2063905892949206e-05,0.0001143580059457429,-6.056241323454388e-07,-3.975616909649496e-07
pair_minus_native,514,515,3.3996891001189785e-05,0.00016362350931645278,-5.384347825715842e-07,-3.541429285113229e-07
pair_minus_native,515,516,3.964596508311871e-05,0.00018012232737889684,-4.605580386458276e-07,-3.035095120577868e-07
pair_minus_native,516,517,-8.24987829873197e-06,0.00014209180978089295,-4.756244221276192e-07,-3.1404575509575876e-07
pair_minus_native,517,518,3.911253529362448e-06,0.0001393176989921649,-4.6715554577339116e-07,-3.0905053986030217e-07
pair_minus_native,518,519,-6.673608000255836e-05,0.0004228855115913675,-5.948413347074664e-07,-3.942818042313858e-07
pair_minus_native,519,520,-7.55681387338589e-05,0.0004850098099701991,-7.390207527827576e-07,-4.90792837097106e-07
pair_minus_native,520,521,-3.3966153627349265e-05,0.00017731363122257447,-8.027964396821174e-07,-5.341723436454447e-07
pair_minus_native,521,522,1.4909464016425282e-05,0.0001807046677481592,-7.726963238658196e-07,-5.151308825772131e-07
pair_minus_native,522,523,1.981051221113139e-05,0.00016468649432102022,-7.333402846019627e-07,-4.898301006983736e-07
pair_minus_native,523,524,-0.00015237772136498316,0.0008443588559826979,-1.022737958419484e-06,-6.844376631057595e-07
pair_minus_native,524,525,-3.998855032952385e-05,0.00021829469464195939,-1.096958553412064e-06,-7.355086086096215e-07
pair_minus_native,525,526,2.4014968641589797e-05,0.00022619726435708966,-1.0492172469576878e-06,-7.048381505743854e-07
pair_minus_native,526,527,2.9624589121071193e-07,1.6848286716813843e-06,-1.046664185974446e-06,-7.044598033314598e-07
pair_minus_native,527,528,4.8917819636168615e-08,2.7679069288820267e-07,-1.0445892200547285e-06,-7.043973284660239e-07
pair_minus_native,528,529,6.299144941241534e-07,3.559261673816966e-06,-1.041423806606375e-06,-7.035928399677809e-07
pair_minus_native,529,530,-1.1895801093487092e-05,6.730006944359735e-05,-1.0619037637514331e-06,-7.187854339569088e-07
pair_minus_native,530,531,1.0594864090363122e-09,4.454152115190593e-09,-1.0599019497209993e-06,-7.187840808452754e-07
pair_minus_native,531,532,4.970303757698723e-11,2.388509926296766e-09,-1.0579095593962652e-06,-7.187840173675773e-07
pair_minus_native,532,533,-6.413186162037911e-10,4.281756186996205e-09,-1.0559259416837323e-06,-7.187848364207271e-07
pair_minus_native,533,534,-6.831066665220943e-10,9.684315965994382e-09,-1.0539498315057975e-06,-7.187857088430343e-07
pair_minus_native,534,535,9.41608373295682e-09,3.9439192869033214e-08,-1.0519622316642296e-06,-7.187736831933115e-07
pair_minus_native,535,536,8.704484790843843e-07,6.305059447544651e-06,-1.0483756445173103e-06,-7.176619993119775e-07
pair_minus_native,536,537,1.1415055557985995e-05,5.69550902038518e-05,-1.0251662754251253e-06,-7.030833842953925e-07
pair_minus_native,537,538,-8.153962806564003e-08,3.295634035676778e-05,-1.0234123225489926e-06,-7.03187521751415e-07
pair_minus_native,538,539,2.090611544658314e-05,0.0002602041417438223,-9.827267422723098e-07,-6.764875020239783e-07
pair_minus_native,539,540,6.406047112603892e-06,0.00011183681330871286,-9.690438277262427e-07,-6.683060880870638e-07
pair_minus_native,540,541,-5.4740403960526306e-05,0.00025280741265747516,-1.0684363603192187e-06,-7.382172042563184e-07
pair_minus_native,541,542,-3.787684493933284e-05,0.0001469215388412099,-1.1363485532694283e-06,-7.865912080102557e-07
pair_minus_native,542,543,-7.26953412444047e-06,7.353690403432155e-05,-1.1476435543213087e-06,-7.958754150657351e-07
pair_minus_native,543,544,-3.637727542962602e-06,2.9584140579383712e-05,-1.1522209145945464e-06,-8.00521299539506e-07
pair_minus_native,544,545,8.265449250686314e-06,6.698941975648985e-05,-1.1349407858509119e-06,-7.899651702282847e-07
pair_minus_native,545,546,7.380465242658239e-06,8.150173001061479e-05,-1.1193448041137156e-06,-7.805392886923227e-07
pair_minus_native,546,547,1.0571821709632926e-05,0.00013290667893001043,-1.0979715563737764e-06,-7.670376006851286e-07
pair_minus_native,547,548,-8.009269626917288e-05,0.0002654072976663102,-1.2421225138788843e-06,-8.69327123378836e-07
pair_minus_native,548,549,-9.980525488045772e-07,0.00011269413801332912,-1.241677941993503e-06,-8.70601775420732e-07
pair_minus_native,549,550,1.7603957639985866e-05,0.0002072839867199447,-1.207413150026268e-06,-8.481190708996773e-07
pair_minus_native,550,551,-1.1852230671641708e-05,7.98256507492157e-05,-1.226732238087276e-06,-8.632560193947498e-07
pair_minus_native,551,552,4.464261551869232e-06,8.185987320186938e-05,-1.2164224667286593e-06,-8.575545359313154e-07
pair_minus_native,552,553,2.5141957621245504e-05,0.0002859258306484224,-1.1687581266057402e-06,-8.254447560829814e-07
pair_minus_native,553,554,7.713513183652512e-06,4.6927909673713296e-05,-1.1527251459013028e-06,-8.15593525963374e-07
pair_minus_native,554,555,-6.944272355456655e-08,4.1309204837370836e-07,-1.1507732856808585e-06,-8.156822139883479e-07
pair_minus_native,555,556,-1.5158565667257645e-06,8.578320754898313e-06,-1.1514299102870544e-06,-8.17618173843681e-07
pair_minus_native,556,557,-1.3828889976067104e-07,7.84281142234645e-07,-1.1496109856721057e-06,-8.177947880196205e-07
pair_minus_native,557,558,2.0199035628782417e-08,1.1271190254622198e-07,-1.147514551942176e-06,-8.177689910392517e-07
pair_minus_native,558,559,2.990243600379478e-10,1.615188996205155e-09,-1.145461218174193e-06,-8.177686091435171e-07
pair_minus_native,559,560,2.2777889235697467e-10,1.410077530331363e-09,-1.143415344965146e-06,-8.177683182381632e-07
pair_minus_native,560,561,3.36604354139371e-10,1.4271120534878493e-09,-1.1413765714369477e-06,-8.177678883475448e-07
pair_minus_native,561,562,-1.8600783551057086e-11,2.6258590725932435e-09,-1.1393456853681693e-06,-8.177679121033348e-07
pair_minus_native,562,563,2.203776046132689e-09,8.14347144951511e-09,-1.1373180664313767e-06,-8.177650975745404e-07
pair_minus_native,563,564,-9.469111777893955e-06,8.401113573457091e-05,-1.1520907503169488e-06,-8.298584714926681e-07
pair_minus_native,564,565,5.507660939694225e-06,2.1366825930345856e-05,-1.1403035791841853e-06,-8.228244217612576e-07
pair_minus_native,565,566,6.03672526472936e-06,3.930253468274656e-05,-1.127623316209073e-06,-8.151146832366991e-07
pair_minus_native,566,567,-3.634341091831708e-05,0.00033437178955054596,-1.189732289052297e-06,-8.615302782792496e-07
pair_minus_native,567,568,-2.0194566581416132e-05,6.500649926021414e-05,-1.2231915043557546e-06,-8.873215510524503e-07
pair_minus_native,568,569,-7.667049339051729e-06,6.459509341652609e-05,-1.2345163863147985e-06,-8.971134403743554e-07
pair_minus_native,569,570,3.8138773665919374e-06,0.0001701477624184141,-1.225659555169348e-06,-8.922425880543146e-07
pair_minus_native,570,571,1.6247392834344605e-05,0.00012072022951300247,-1.1950587628934918e-06,-8.71492405634973e-07
pair_minus_native,571,572,-1.4922632502893306e-05,0.00020194099704248553,-1.2190580176837012e-06,-8.905506846935851e-07
pair_minus_native,572,573,1.0820946693885141e-05,0.00013102840341260475,-1.1980457930561816e-06,-8.76730829401267e-07
pair_minus_native,573,574,-5.455569056204283e-05,0.0004097250274993861,-1.29100336234013e-06,-9.46406040847043e-07
pair_minus_native,574,575,-2.8482466954661162e-05,7.503850138617697e-05,-1.338292864239819e-06,-9.827821161403524e-07
pair_minus_native,575,576,-1.371912778004889e-05,0.00012128822022123852,-1.3597873693019873e-06,-1.0003033521301975e-06
pair_minus_native,576,577,-2.6831383980324632e-05,0.00020491217133340977,-1.4039322507768966e-06,-1.0345707646210336e-06
pair_minus_native,577,578,1.144506631376096e-05,0.00010165662257809707,-1.3817021494541667e-06,-1.0199538216915815e-06
pair_minus_native,578,579,-2.307453956550977e-05,7.239606357838502e-05,-1.4191681898964044e-06,-1.049423220881249e-06
pair_minus_native,579,580,-6.274836097016013e-06,0.00015065650050182094,-1.4275400311155759e-06,-1.0574370600856117e-06
pair_minus_native,580,581,6.095267553058894e-05,0.00034353793190269205,-1.3201730508028315e-06,-9.795920083224076e-07
pair_minus_native,581,582,-1.808541271402524e-06,1.0269847570319433e-05,-1.321012171456783e-06,-9.81901767289716e-07
pair_minus_native,582,583,-2.7765646229644156e-10,6.053086959037841e-09,-1.3187467606248886e-06,-9.819021218956705e-07
pair_minus_native,583,584,-2.142005024540965e-09,8.629983882348864e-09,-1.3164923004269425e-06,-9.819048575342713e-07
pair_minus_native,584,585,-1.6507107398906376e-10,2.565773576422971e-09,-1.3142421684109547e-06,-9.819050683530122e-07
pair_minus_native,585,586,-2.4192388615998822e-11,1.7052140869875066e-09,-1.3119994756191076e-06,-9.8190509925006e-07
pair_minus_native,586,587,3.1838815113888915e-10,1.4370744092314935e-09,-1.3097638404167737e-06,-9.81904692624069e-07
pair_minus_native,587,588,2.118798550100256e-10,1.382650152422447e-09,-1.3075359905523657e-06,-9.819044220239988e-07
pair_minus_native,588,589,3.7631760781984607e-10,1.5628154576520359e-09,-1.3053154263619409e-06,-9.81903941414027e-07
pair_minus_native,589,590,-1.3504550017652084e-09,1.2875642444110452e-08,-1.3031053162409913e-06,-9.819056661330586e-07
pair_minus_native,590,591,2.5485497710274206e-10,7.78584175019771e-09,-1.30089996908157e-06,-9.819053406477752e-07
pair_minus_native,591,592,-1.4871272374765822e-05,7.663300315247174e-05,-1.3238228954425233e-06,-1.0008980256730189e-06
pair_minus_native,592,593,6.332726698475497e-06,3.0114706379915942e-05,-1.3109113446939263e-06,-9.928102521117475e-07
pair_minus_native,593,594,1.53708963529818e-06,3.4211222714262995e-05,-1.3061167302494952e-06,-9.90847174672031e-07
pair_minus_native,594,595,4.237973891948546e-05,0.00014557427928117573,-1.2326951241154866e-06,-9.367223484657913e-07
pair_minus_native,595,596,-1.526395889965984e-05,7.571929251479227e-05,-1.2562375130006282e-06,-9.562165488484987e-07
pair_minus_native,596,597,-3.7674237683221444e-07,3.841325281521769e-05,-1.2547643218177666e-06,-9.566977013093317e-07
pair_minus_native,597,598,3.5120616840640906e-05,0.00012714456577521345,-1.1939359252250265e-06,-9.118437845269039e-07
pair_minus_native,598,599,-2.2633639922961804e-05,7.193384649561016e-05,-1.2297284193781762e-06,-9.407500934962038e-07
pair_minus_native,599,600,-1.8614123324668947e-06,0.00019615131565445826,-1.2307812258999908e-06,-9.431273761685753e-07
pair_minus_native,600,601,7.657431662939088e-07,8.756779986464778e-05,-1.227459221919635e-06,-9.421494155475103e-07
pair_minus_native,601,602,-5.255393731605329e-05,0.00023148722424789293,-1.3127191523085614e-06,-1.0092681094377446e-06
pair_minus_native,602,603,3.899985680467591e-05,0.00013417728508296312,-1.245865792512567e-06,-9.594598631993332e-07
pair_minus_native,603,604,-6.13358038433457e-06,6.682690364633408e-05,-1.253958035214259e-06,-9.67293299194652e-07
pair_minus_native,604,605,4.049095349068042e-05,0.00014469636055123062,-1.1849581814524498e-06,-9.155807149153667e-07
pair_minus_native,605,606,1.680522132262275e-05,7.623201032683892e-05,-1.15527141659424e-06,-8.941181078622087e-07
pair_minus_native,606,607,-2.9923803705038005e-05,0.0001078910733484186,-1.2026660332144108e-06,-9.323349708316058e-07
pair_minus_native,607,608,-4.746255803291827e-06,9.384089231239714e-05,-1.2084943058625645e-06,-9.383966002100118e-07
pair_minus_native,608,609,-2.2921406691677547e-05,0.00010898362970451971,-1.2441476923745758e-06,-9.676704274024478e-07
pair_minus_native,609,610,1.8263814749369924e-07,7.825441984837593e-07,-1.241808699194464e-06,-9.674371730633755e-07
pair_minus_native,610,611,1.1787321152954243e-08,6.282251052653381e-08,-1.2397569872135352e-06,-9.674221190133716e-07
pair_minus_native,611,612,7.309471508349964e-10,1.1412676448199082e-08,-1.2377300461443126e-06,-9.674211854921064e-07
pair_minus_native,612,613,1.5147828711587094e-09,7.338970703192085e-09,-1.2357084395716936e-06,-9.674192509035097e-07
pair_minus_native,613,614,8.647410424156926e-10,4.746202765303973e-09,-1.2336944767368172e-06,-9.674181465088195e-07
pair_minus_native,614,615,3.7136904888131746e-10,2.1496507364564334e-09,-1.2316878656054584e-06,-9.674176722188466e-07
pair_minus_native,615,616,1.9307439959610197e-10,1.0335841419637134e-09,-1.229688058884671e-06,-9.674174256359609e-07
pair_minus_native,616,617,2.833643467323548e-10,1.1813404309075239e-09,-1.227694588182513e-06,-9.674170637402433e-07
pair_minus_native,617,618,4.6442968030780387e-10,3.0538729472765885e-09,-1.225707275855874e-06,-9.67416470598889e-07
pair_minus_native,618,619,2.382080825775361e-09,7.925059873844141e-09,-1.2237232865882138e-06,-9.674134283500695e-07
pair_minus_native,619,620,-0.00011544252802046375,0.0006530953630276174,-1.4079471651912386e-06,-1.1148496071756934e-06
pair_minus_native,620,621,1.9309902796185083e-06,9.708493671589797e-06,-1.4025704543300315e-06,-1.1123834637789906e-06
pair_minus_native,621,622,-0.00011691903538075781,0.0006285833973000923,-1.5882882436008156e-06,-1.2617053480456032e-06
pair_minus_native,622,623,1.9048244141009727e-05,9.383335039706199e-05,-1.555163793545261e-06,-1.2373780886062549e-06
pair_minus_native,623,624,-1.2891749576618673e-05,8.184989612101311e-05,-1.5733313989668532e-06,-1.2538426474525112e-06
pair_minus_native,624,625,-2.100051935419766e-05,7.415493562297084e-05,-1.6044148996952224e-06,-1.2806632341117676e-06
pair_minus_native,625,626,-1.3260043657564416e-05,0.00013458736621892135,-1.6230341149633842e-06,-1.297598155768938e-06
pair_minus_native,626,627,1.0359615546728835e-05,5.424675962513518e-05,-1.6039230309734443e-06,-1.2843674845726048e-06
pair_minus_native,627,628,2.414618851039103e-05,0.00023967384668641508,-1.5629196686464309e-06,-1.2535294404980312e-06
pair_minus_native,628,629,0.00010183164136912638,0.0006139382046646459,-1.3985403983161085e-06,-1.123476258672838e-06
pair_minus_native,629,630,2.322170043192354e-06,0.00013730885887646736,-1.3926345087264125e-06,-1.1205105242626308e-06
pair_minus_native,630,631,1.932833489160175e-08,2.3421664399100987e-05,-1.390396849703246e-06,-1.120485839288312e-06
pair_minus_native,631,632,3.0242552114306625e-05,0.0001825536276148301,-1.3403447152665215e-06,-1.0818618902278946e-06
pair_minus_native,632,633,-9.62659835371163e-06,0.00021831531482014086,-1.3534351633525326e-06,-1.09415639642676e-06
pair_minus_native,633,634,-1.6144751430289068e-06,1.5851366901088665e-05,-1.3538468983362494e-06,-1.096218305932544e-06
pair_minus_native,634,635,-1.256016528453254e-05,0.0001211309377470027,-1.371494643826322e-06,-1.1122593854785625e-06
pair_minus_native,635,636,3.7077166121145983e-06,2.0564016532775283e-05,-1.3635084626062892e-06,-1.107524115220434e-06
pair_minus_native,636,637,-3.1288798454003627e-07,6.707107607775676e-06,-1.3618591368950392e-06,-1.1079237167332566e-06
pair_minus_native,637,638,2.0676800318382178e-08,8.885300999583758e-08,-1.3596921526674319e-06,-1.1078973095808705e-06
pair_minus_native,638,639,2.017109315888351e-09,6.000512555367986e-09,-1.3575611522574424e-06,-1.107894733451476e-06
pair_minus_native,639,640,-4.900569328253769e-12,4.4905060871172576e-09,-1.3554399706141803e-06,-1.1078947397101856e-06
pair_minus_native,640,641,1.0526525761141437e-09,3.453305613261592e-09,-1.3533237574734774e-06,-1.1078933953263079e-06
pair_minus_native,641,642,9.53137386073504e-10,3.502783413727157e-09,-1.3512142919051603e-06,-1.1078921780371814e-06
pair_minus_native,642,643,2.1884914698780615e-10,1.307685648040028e-09,-1.3491125296329174e-06,-1.1078918985363549e-06
pair_minus_native,643,644,1.3002821930836276e-09,5.753461705056663e-09,-1.34701561532884e-06,-1.1078902378949846e-06
pair_minus_native,644,645,5.906947265581312e-10,1.7148689613787203e-09,-1.344926303220227e-06,-1.1078894834955893e-06
pair_minus_native,645,646,5.421648496469887e-10,1.1550411863737733e-09,-1.3428435346938028e-06,-1.1078887910756023e-06
pair_minus_native,646,647,-1.1128360553769494e-08,6.932639771979344e-08,-1.340785242307188e-06,-1.1079030035411886e-06
pair_minus_native,647,648,1.3606955819372229e-08,7.18625272515727e-08,-1.3386951308903258e-06,-1.1078856255644076e-06
pair_minus_native,648,649,-2.9780844159710494e-06,1.682868196230993e-05,-1.341221154442068e-06,-1.1116890539372952e-06
pair_minus_native,649,650,-3.5879295748667272e-06,2.7444422863922528e-05,-1.3446776289350293e-06,-1.1162713394735235e-06
pair_minus_native,650,651,7.565958321962816e-06,8.690107014493829e-05,-1.3309900161072291e-06,-1.1066085574531367e-06
pair_minus_native,651,652,-7.589633389498696e-06,7.270288020945835e-05,-1.3405891623854366e-06,-1.1163015758305295e-06
pair_minus_native,652,653,-3.1463964972987726e-06,5.039575137911232e-05,-1.3433545641234356e-06,-1.1203199621616902e-06
pair_minus_native,653,654,1.694980520674381e-05,7.71750417993139e-05,-1.315383371813241e-06,-1.0986727013612512e-06
pair_minus_native,654,655,1.9009371241612776e-05,0.0002435969377616597,-1.2843532120980867e-06,-1.074395088025858e-06
pair_minus_native,655,656,9.522055768968329e-05,0.00045970468340712913,-1.1372420674307373e-06,-9.527851803761988e-07
pair_minus_native,656,657,-4.204886849416343e-05,0.00018979540536093845,-1.1995124272887779e-06,-1.0064874389894342e-06
pair_minus_native,657,658,-3.276368335055366e-06,5.005732012483096e-05,-1.202668743258028e-06,-1.0106718174505521e-06
pair_minus_native,658,659,4.827118149175017e-06,4.9915693249521135e-05,-1.1935188390206485e-06,-1.0045069155997538e-06
pair_minus_native,659,660,-5.0148561384769734e-05,0.0001975730249405732,-1.2676931459081472e-06,-1.0685536095777485e-06
pair_minus_native,660,661,1.312827335842168e-05,9.958787951066634e-05,-1.24591407404078e-06,-1.0517869769360862e-06
pair_minus_native,661,662,2.726171305964559e-05,0.00020252900796632967,-1.2028511931741841e-06,-1.016969974305632e-06
pair_minus_native,662,663,1.895696938703078e-06,6.29750245077317e-05,-1.1981776665801006e-06,-1.0145489054183992e-06
pair_minus_native,663,664,3.4992414704745318e-06,1.6303383576654024e-05,-1.1911032401688736e-06,-1.010079886937589e-06
pair_minus_native,664,665,-2.966433808163701e-05,0.0002036962903028889,-1.233920134667322e-06,-1.0479653761861674e-06
pair_minus_native,665,666,1.4145200496372565e-10,6.878878990156102e-09,-1.2320671893419884e-06,-1.047965195532266e-06
pair_minus_native,666,667,2.2318043386432133e-09,8.299582023804528e-09,-1.2302166661130819e-06,-1.04796234520744e-06
pair_minus_native,667,668,5.001809147364239e-10,1.8345227935996634e-09,-1.2283742756235193e-06,-1.0479617064067827e-06
pair_minus_native,668,669,3.7746141371672963e-10,1.0869660322103442e-09,-1.2265375764650183e-06,-1.0479612243360117e-06
pair_minus_native,669,670,3.9883392440751986e-11,1.2470109876883924e-09,-1.2247068638383652e-06,-1.0479611733993674e-06
pair_minus_native,670,671,2.61860668376448e-10,7.646571018144961e-10,-1.2228812770656278e-06,-1.0479608389668407e-06
pair_minus_native,671,672,3.0490959360987034e-10,6.588724404604174e-10,-1.2210610595259564e-06,-1.0479604495548438e-06
pair_minus_native,672,673,3.6017211381839774e-10,6.142493637042728e-10,-1.2192461691371903e-06,-1.0479599895649157e-06
pair_minus_native,673,674,2.844728597956453e-10,9.117730582390749e-10,-1.2174367764932777e-06,-1.0479596262534727e-06
pair_minus_native,674,675,3.8239376949802214e-10,8.570581880832848e-10,-1.21563259994474e-06,-1.0479591378833966e-06
pair_minus_native,675,676,-4.998799873525657e-10,3.474718563904651e-09,-1.2138350663353358e-06,-1.0479597762997279e-06
pair_minus_native,676,677,-6.842573391707155e-07,3.873833864840966e-06,-1.2130528244931428e-06,-1.0488336681760634e-06
pair_minus_native,677,678,-8.220663795836683e-06,4.707579336643141e-05,-1.2233885338904044e-06,-1.0593326002269403e-06
pair_minus_native,678,679,1.8021558148197713e-06,7.199820658950753e-06,-1.2189326511971643e-06,-1.057030996376596e-06
pair_minus_native,679,680,5.545686633853073e-06,2.581588756332016e-05,-1.2089846816603257e-06,-1.0499483825402574e-06
pair_minus_native,680,681,-1.2405921649119384e-05,9.130355988411229e-05,-1.225426586164671e-06,-1.0657924714918785e-06
pair_minus_native,681,682,-5.546771969373197e-06,7.173295908619539e-05,-1.231762869717763e-06,-1.0728764714527641e-06
pair_minus_native,682,683,-7.782228770080368e-06,4.989560934284622e-05,-1.2413535957797872e-06,-1.082815460942011e-06
pair_minus_native,683,684,4.702200780732158e-06,5.3143962011841874e-05,-1.2326641887965826e-06,-1.076810095960233e-06
pair_minus_native,684,685,1.4173631653735167e-05,5.4282142399708554e-05,-1.2101732459607695e-06,-1.058708395253036e-06
pair_minus_native,685,686,-9.884760677952504e-06,4.033992997770137e-05,-1.222818417144431e-06,-1.0713326106782626e-06
pair_minus_native,686,687,-6.02644182305422e-06,6.511088191819316e-05,-1.2298105909521598e-06,-1.0790292158162627e-06
pair_minus_native,687,688,-5.517452947673661e-06,5.880278917051824e-05,-1.2360426292613485e-06,-1.086075771304991e-06
pair_minus_native,688,689,1.3612575445821188e-05,0.0001232043548804214,-1.2144916596313304e-06,-1.06869061747891e-06
pair_minus_native,689,690,-3.049042588145751e-05,0.00018010789903378992,-1.2569205498078897e-06,-1.107631135846033e-06
pair_minus_native,690,691,-2.361203609139316e-06,2.3366451048257524e-05,-1.2585186439603233e-06,-1.1106467215537463e-06
pair_minus_native,691,692,2.2088820583444456e-06,1.2571822696895042e-05,-1.2535079493038136e-06,-1.1078256716708034e-06
pair_minus_native,692,693,2.4518807487328745e-09,3.673082483604138e-08,-1.2516955974566958e-06,-1.1078225402777652e-06
pair_minus_native,693,694,-2.451948215077598e-09,9.794305210939076e-09,-1.249895534561535e-06,-1.1078256717569671e-06
pair_minus_native,694,695,3.4289088842025017e-09,1.0989652856278856e-08,-1.2480921900385912e-06,-1.1078212925629897e-06
pair_minus_native,695,696,5.290169614105095e-10,1.439976878285829e-09,-1.2462981940515225e-06,-1.1078206169346867e-06
pair_minus_native,696,697,2.893401653595398e-10,1.3441747713651763e-09,-1.2445096896982702e-06,-1.107820247407017e-06
pair_minus_native,697,698,4.022744714414693e-10,1.7014003674485284e-09,-1.2427261482023248e-06,-1.1078197336465169e-06
pair_minus_native,698,699,5.1548334535228e-10,1.5500324566029728e-09,-1.2409475478710695e-06,-1.1078190753025255e-06
pair_minus_native,699,700,4.1344732714571564e-10,1.7650480123341017e-09,-1.2391741750207861e-06,-1.1078185472727334e-06
pair_minus_native,700,701,9.240410905617505e-10,2.507969750978401e-09,-1.2374051333430239e-06,-1.1078173671436267e-06
pair_minus_native,701,702,4.2582806414514144e-10,1.2331699708930398e-09,-1.2356418413752076e-06,-1.1078168233019102e-06
pair_minus_native,702,703,1.973693046102931e-10,8.596416401001704e-10,-1.2338838908621495e-06,-1.1078165712338328e-06
pair_minus_native,703,704,-5.431553758745143e-09,3.573552172748141e-08,-1.2321389301560364e-06,-1.1078235080840993e-06
pair_minus_native,704,705,-1.3482040193126186e-06,7.629452008855834e-06,-1.2323035614881736e-06,-1.109545352297781e-06
pair_minus_native,705,706,-1.7345527495561918e-06,9.842523051083441e-06,-1.233014962604417e-06,-1.1117606176228844e-06
pair_minus_native,706,707,-5.2261365416539114e-08,1.1342329473728839e-06,-1.2313448726508274e-06,-1.1118273626617306e-06
pair_minus_native,707,708,-2.2254046275330563e-06,1.2298030273185498e-05,-1.2327489118526383e-06,-1.1146695141656039e-06
pair_minus_native,708,709,1.4719415854204305e-06,5.717726125377846e-06,-1.2289341156646653e-06,-1.1127896398547225e-06
pair_minus_native,709,710,-7.908160998735931e-07,1.1387954195785692e-05,-1.2283170480367904e-06,-1.113799622102326e-06
pair_minus_native,710,711,3.163553761309456e-06,2.7530399572482424e-05,-1.222140014549665e-06,-1.1097593235565924e-06
pair_minus_native,711,712,1.7216674900458488e-06,9.472269898103517e-06,-1.2180054534477052e-06,-1.107560514501617e-06
pair_minus_native,712,713,-5.562518536024956e-06,8.243317820378436e-05,-1.2240987396785287e-06,-1.1146646250201672e-06
pair_minus_native,713,714,2.5027731607239413e-05,0.00012595484213268987,-1.1873314702850862e-06,-1.0827007276929138e-06
pair_minus_native,714,715,-3.125638748244279e-05,0.0001582946982786634,-1.2293860940783137e-06,-1.1226194856526108e-06
pair_minus_native,715,716,-3.273621607952836e-05,0.0001729932446450855,-1.2733900465719588e-06,-1.1644281907350224e-06
pair_minus_native,716,717,1.0761990243601968e-05,6.652917683865619e-05,-1.2566043000026788e-06,-1.1506836310369358e-06
pair_minus_native,717,718,-5.120775146528647e-06,2.065088653978216e-05,-1.2619861535493724e-06,-1.157223573752809e-06
pair_minus_native,718,719,-1.4291799346033547e-05,8.086415833031601e-05,-1.2801082859450388e-06,-1.1754761910529795e-06
pair_minus_native,719,720,2.3387364436847182e-09,1.2122061902669751e-08,-1.2783271095250542e-06,-1.1754732041609695e-06
pair_minus_native,720,721,-1.1441306405869217e-09,5.151085245401411e-09,-1.2765557045612756e-06,-1.17547466537507e-06
pair_minus_native,721,722,9.642868386178095e-11,4.635314118346084e-09,-1.2747874883102434e-06,-1.1754745422222168e-06
pair_minus_native,722,723,2.442031879913234e-10,2.180996171063728e-09,-1.2730239589997344e-06,-1.175474230340751e-06
pair_minus_native,723,724,-2.809142350774005e-10,3.0528851676336546e-09,-1.2712660266174627e-06,-1.1754745891073346e-06
pair_minus_native,724,725,2.338346389462995e-10,1.0143775797626227e-09,-1.2695122337053846e-06,-1.1754742904679488e-06
pair_minus_native,725,726,1.1505741134060762e-09,4.6129366427933214e-09,-1.2677620094521908e-06,-1.1754728210246368e-06
pair_minus_native,726,727,1.3453886965875487e-09,5.449257745805607e-09,-1.2660163321507481e-06,-1.175471102775982e-06
pair_minus_native,727,728,6.738178699353727e-10,1.8418119390173033e-09,-1.2642763731534672e-06,-1.1754702422167613e-06
pair_minus_native,728,729,3.5146240340422157e-10,6.468573864961359e-10,-1.2625416298948157e-06,-1.1754697933503456e-06
pair_minus_native,729,730,-2.4833753462141957e-10,3.810316135283801e-09,-1.2608124610011717e-06,-1.175470110511948e-06
pair_minus_native,730,731,7.842340328856331e-10,1.9791903322108405e-09,-1.2590866105291687e-06,-1.1754691089359161e-06
pair_minus_native,731,732,4.818958729155423e-09,3.2012750869679945e-08,-1.2573599635766301e-06,-1.1754629544547806e-06
pair_minus_native,732,733,-9.808243878459028e-11,2.7172953231074435e-08,-1.2556447359079565e-06,-1.1754630797197089e-06
pair_minus_native,733,734,6.301610782662963e-06,3.557469011563403e-05,-1.2453487474630366e-06,-1.1674150455145197e-06
pair_minus_native,734,735,1.1104254581127347e-05,6.266918979841751e-05,-1.228546566063594e-06,-1.1532333666114197e-06
pair_minus_native,735,736,-5.538223682407443e-07,2.456663424619242e-06,-1.2276298212295955e-06,-1.1539406748722635e-06
pair_minus_native,736,737,-1.5412543101641055e-06,8.726050190028871e-06,-1.2280553632769966e-06,-1.1559090711815408e-06
pair_minus_native,737,738,1.2453605594111156e-06,6.843333169147879e-06,-1.2247038511866333e-06,-1.1543185723828038e-06
pair_minus_native,738,739,3.253038039514916e-08,3.4826283742235545e-07,-1.2230025870031668e-06,-1.1542770265585445e-06
pair_minus_native,739,740,-9.68501956516739e-06,5.4907524914004964e-05,-1.234437745081767e-06,-1.1666461447771488e-06
pair_minus_native,740,741,-2.6372122036153655e-06,1.5606564484907388e-05,-1.2363308280217585e-06,-1.1700142318826603e-06
pair_minus_native,741,742,4.108030352451312e-05,0.00016758836824327095,-1.1793003235035173e-06,-1.1175489655678288e-06
pair_minus_native,742,743,-2.9301810084690035e-06,1.6630468580400198e-05,-1.1816568250983564e-06,-1.1212912146207903e-06
pair_minus_native,743,744,3.360222176480889e-05,0.0001900474873716523,-1.134904300111922e-06,-1.0783764997232055e-06
pair_minus_native,744,745,-5.53885718989502e-06,3.1354665024365496e-05,-1.1408156462727047e-06,-1.0854503914088954e-06
pair_minus_native,745,746,1.1321657987791925e-08,5.077110325927368e-08,-1.1392712262938034e-06,-1.0854359320755777e-06
pair_minus_native,746,747,3.5424340095843273e-09,1.633130176797271e-08,-1.1377413552626074e-06,-1.0854314078942118e-06
pair_minus_native,747,748,6.415363259113278e-09,3.507043988388479e-08,-1.1362117339811614e-06,-1.0854232145822589e-06
pair_minus_native,748,749,2.036957114933969e-09,9.021067307927568e-09,-1.1346920428047978e-06,-1.0854206131044618e-06
pair_minus_native,749,750,6.707208449437183e-10,3.5925680693330443e-09,-1.1331782257865983e-06,-1.085419756500573e-06
pair_minus_native,750,751,7.787171058565354e-10,4.4216608540979025e-09,-1.1316682964352099e-06,-1.0854187619704249e-06
pair_minus_native,751,752,8.783945621464795e-10,2.66703121744635e-09,-1.1301622503035646e-06,-1.0854176401382894e-06
pair_minus_native,752,753,6.571513149357638e-10,2.0244361557636945e-09,-1.1286604981101803e-06,-1.0854168008645794e-06
pair_minus_native,753,754,7.429738949562769e-10,1.7115663371428528e-09,-1.127162615521314e-06,-1.0854158519834877e-06
pair_minus_native,754,755,1.5034439264744122e-10,8.160267948437524e-10,-1.1256694857730836e-06,-1.085415659972769e-06
pair_minus_native,755,756,5.214596780407588e-11,9.83618766363803e-10,-1.1241804359956485e-06,-1.085415593375109e-06
pair_minus_native,756,757,2.6376482806382944e-10,5.164963621334697e-10,-1.1226950407501748e-06,-1.0854152565107055e-06
pair_minus_native,757,758,2.382386025697283e-10,4.0979111943762147e-10,-1.1212135984291289e-06,-1.0854149522468451e-06
pair_minus_native,758,759,1.3429572035912186e-10,6.000226660004894e-10,-1.1197361967240572e-06,-1.0854147807325152e-06
pair_minus_native,759,760,6.702982424898468e-11,7.974412531398349e-10,-1.1182627714259675e-06,-1.0854146951260987e-06
pair_minus_native,760,761,-4.968122508914138e-11,9.674135146821252e-10,-1.1167933718330622e-06,-1.0854147585759392e-06
pair_minus_native,761,762,-4.8086166782385844e-12,8.809472472815597e-10,-1.115327770044064e-06,-1.0854147647172118e-06
pair_minus_native,762,763,8.703151100224973e-12,8.270311318215952e-10,-1.1138659922286054e-06,-1.0854147536020766e-06
pair_minus_native,763,764,-4.5228843088733157e-11,8.710027409253804e-10,-1.1124081116482578e-06,-1.0854148113656053e-06
pair_minus_native,764,765,6.759697160322184e-11,4.74414702838073e-10,-1.1109538950356827e-06,-1.0854147250348624e-06
pair_minus_native,765,766,1.346734422963441e-10,3.2194725558930604e-10,-1.1095033877661293e-06,-1.0854145530381292e-06
pair_minus_native,766,767,1.7254600773711927e-11,5.988440650704053e-10,-1.1080568158725612e-06,-1.085414531001602e-06
pair_minus_native,767,768,4.921244045550298e-11,3.6528733998854766e-10,-1.1066139694815286e-06,-1.0854144681504648e-06
pair_minus_native,768,769,1.4535777658549243e-10,3.79414419509707e-10,-1.1051747505904257e-06,-1.085414282508349e-06
pair_minus_native,769,770,1.0907499541470957e-10,3.4470008874179196e-10,-1.1037393170507037e-06,-1.0854141432043958e-06
pair_minus_native,770,771,4.448024002153195e-11,3.779711281005749e-10,-1.102307690854477e-06,-1.085414086396937e-06
pair_minus_native,771,772,1.2790048212151443e-10,2.56954538923716e-10,-1.1008796654770985e-06,-1.085413923050217e-06
pair_minus_native,772,773,1.610987820105134e-10,2.705796301973134e-10,-1.0994552919140203e-06,-1.085413717304646e-06
pair_minus_native,773,774,1.89384300198863e-10,2.7437806178535213e-10,-1.0980345623581881e-06,-1.0854134754345307e-06
pair_minus_native,774,775,2.1405219018435182e-10,4.3731640123265905e-10,-1.0966174673716742e-06,-1.0854132020600862e-06
pair_minus_native,775,776,2.730571042986709e-10,3.9797001364232704e-10,-1.095203948654566e-06,-1.0854128533281522e-06
pair_minus_native,776,777,2.70123929168979e-10,4.3344818857875537e-10,-1.093794072113274e-06,-1.085412508342291e-06
pair_minus_native,777,778,2.36439055547202e-10,3.0639643402663557e-10,-1.0923878632300237e-06,-1.085412206376703e-06
pair_minus_native,778,779,2.341199688388249e-10,2.904572311020556e-10,-1.0909852676161612e-06,-1.0854119073729112e-06
pair_minus_native,779,780,-9.127883883402893e-11,1.2864878996465115e-09,-1.0895866855792672e-06,-1.0854120239486952e-06
pair_minus_native,780,781,2.0997985094050253e-10,7.216015084772516e-10,-1.0881912993239148e-06,-1.0854117557751948e-06
pair_minus_native,781,782,2.2771066187141166e-10,7.593110337025474e-10,-1.0867994591576927e-06,-1.0854114649569805e-06
pair_minus_native,782,783,2.8317472927352624e-10,8.603742859087913e-10,-1.0854111033034309e-06,-1.0854111033034309e-06
joint_minus_matrix_only,0,1,0.0,0.0,0.0,0.0
joint_minus_matrix_only,1,2,2.9786341388198183e-09,0.0,1.4893170694099092e-09,3.804130445491466e-12
joint_minus_matrix_only,2,3,4.007771713349345e-09,0.0,2.3288019507230546e-09,8.922612838019366e-12
joint_minus_matrix_only,3,4,-1.179545777115359e-09,0.0,1.4517150187634512e-09,7.416168678229636e-12
joint_minus_matrix_only,4,5,5.29095449985636e-09,0.0,2.219562914982033e-09,1.4173454118659214e-11
joint_minus_matrix_only,5,6,5.974913615866619e-09,0.0,2.845454698462797e-09,2.1804250562933313e-11
joint_minus_matrix_only,6,7,-4.42655415801049e-09,0.0,1.8065962903951849e-09,1.6150924690633835e-11
joint_minus_matrix_only,7,8,-4.82403175141518e-09,0.0,9.777677851688892e-10,9.989964599426709e-12
joint_minus_matrix_only,8,9,-5.414544876378205e-09,0.0,2.675108227747676e-10,3.074837043388134e-12
joint_minus_matrix_only,9,10,-2.7150079340875066e-09,0.0,-3.0741052911459785e-11,-3.926060397376728e-13
joint_minus_matrix_only,10,11,-1.4848485172105939e-09,0.0,-1.6293264057501742e-10,-2.2889642992658898e-12
joint_minus_matrix_only,11,12,-3.5952003213069246e-09,0.0,-4.489549473026764e-10,-6.880535590845614e-12
joint_minus_matrix_only,12,13,-4.705270190097475e-09,0.0,-7.763638121330455e-10,-1.2889820635669976e-11
joint_minus_matrix_only,13,14,-7.56455894543246e-09,0.0,-1.2612348930830037e-09,-2.25508154574228e-11
joint_minus_matrix_only,14,15,-1.155239349538978e-08,0.0,-1.947312133236789e-09,-3.73048301386358e-11
joint_minus_matrix_only,15,16,-1.8436934136639167e-08,0.0,-2.9779135084494374e-09,-6.085136160305364e-11
joint_minus_matrix_only,16,17,-1.956932310266123e-08,0.0,-3.95387877869719e-09,-8.584411141488152e-11
joint_minus_matrix_only,17,18,-2.6366905929094756e-08,0.0,-5.199046953719277e-09,-1.195183207751558e-10
joint_minus_matrix_only,18,19,-3.0364685374433736e-08,0.0,-6.523554239020038e-09,-1.5829825101070335e-10
joint_minus_matrix_only,19,20,-3.0095944172581734e-08,0.0,-7.702173735698123e-09,-1.96734961320514e-10
joint_minus_matrix_only,20,21,-2.113923638893267e-08,0.0,-8.342033862042624e-09,-2.2373270894367194e-10
joint_minus_matrix_only,21,22,-1.2688190696451707e-08,0.0,-8.539586445424856e-09,-2.399372947628951e-10
joint_minus_matrix_only,22,23,-7.696961912137418e-09,0.0,-8.502950596151489e-09,-2.497673866047053e-10
joint_minus_matrix_only,23,24,-1.0984442578458787e-09,0.0,-8.194429498722089e-09,-2.511702528343935e-10
joint_minus_matrix_only,24,25,9.34715760987084e-09,0.0,-7.492766014378372e-09,-2.3923263136584837e-10
joint_minus_matrix_only,25,26,2.0356187758640656e-08,0.0,-6.4216524077237936e-09,-2.132349458503431e-10
joint_minus_matrix_only,26,27,3.2764184040766446e-08,0.0,-4.970325131853785e-09,-1.7139052178806153e-10
joint_minus_matrix_only,27,28,4.0714354248477185e-08,0.0,-3.3387294396991074e-09,-1.1939262364185825e-10
joint_minus_matrix_only,28,29,5.0993058669834115e-08,0.0,-1.4652195048876168e-09,-5.426738906991173e-11
joint_minus_matrix_only,29,30,6.009303570265015e-08,0.0,5.86722335363642e-10,2.2479782964124214e-11
joint_minus_matrix_only,30,31,1.6677819144959833e-09,0.0,6.215952250130724e-10,2.460977263781002e-11
joint_minus_matrix_only,31,32,2.7729362109219988e-08,0.0,1.4687129401445385e-09,6.002402820514078e-11
joint_minus_matrix_only,32,33,7.179829753290227e-08,0.0,3.599912473258409e-09,1.5172044906453065e-10
joint_minus_matrix_only,33,34,1.9034134661661834e-07,0.0,9.092307595121936e-09,3.9481284576519264e-10
joint_minus_matrix_only,34,35,2.5999926180645056e-07,0.0,1.6261077715445612e-08,7.268680971144271e-10
joint_minus_matrix_only,35,36,4.93350463511656e-07,0.0,2.951356065422923e-08,1.3569453174358267e-09
joint_minus_matrix_only,36,37,1.2416310068853308e-06,0.0,6.227349163344819e-08,2.942680958413261e-09
joint_minus_matrix_only,37,38,1.4543228115811125e-06,0.0,9.89063684741762e-08,4.800053642424899e-09
joint_minus_matrix_only,38,39,1.444063225640213e-06,0.0,1.33397569939972e-07,6.644323406971786e-09
joint_minus_matrix_only,39,40,1.2601510079597968e-06,0.0,1.6156640589046765e-07,8.25371166745684e-09
joint_minus_matrix_only,40,41,1.2700575846128523e-06,0.0,1.8860277610320873e-07,9.875752005404289e-09
joint_minus_matrix_only,41,42,1.100727927216171e-06,0.0,2.103200416058983e-07,1.1281534798783817e-08
joint_minus_matrix_only,42,43,9.041155770590488e-07,0.0,2.2645482150015761e-07,1.2436216250966511e-08
joint_minus_matrix_only,43,44,8.275160942131392e-07,0.0,2.401153049709072e-07,1.3493069500280864e-08
joint_minus_matrix_only,44,45,6.995709383037971e-07,0.0,2.5032543015608253e-07,1.4386518974487502e-08
joint_minus_matrix_only,45,46,6.492445355277862e-07,0.0,2.589975846206848e-07,1.5215694626502553e-08
joint_minus_matrix_only,46,47,5.713610604804692e-07,0.0,2.656436160219568e-07,1.5945402238865863e-08
joint_minus_matrix_only,47,48,5.59614342851946e-07,0.0,2.7176800616424824e-07,1.6660107657578437e-08
joint_minus_matrix_only,48,49,5.207222882596676e-07,0.0,2.7684870579884864e-07,1.732514250848478e-08
joint_minus_matrix_only,49,50,1.556847823968376e-08,0.0,2.7162310124766536e-07,1.734502562245628e-08
joint_minus_matrix_only,50,51,4.19758920697811e-08,0.0,2.67120214793197e-07,1.7398634680016663e-08
joint_minus_matrix_only,51,52,5.841936444313427e-08,0.0,2.631067369018497e-07,1.747324434086358e-08
joint_minus_matrix_only,52,53,6.699745743265929e-08,0.0,2.594065618175253e-07,1.7558809420598777e-08
joint_minus_matrix_only,53,54,6.785922525504376e-08,0.0,2.558593889182201e-07,1.7645475097808283e-08
joint_minus_matrix_only,54,55,7.581585349963847e-08,0.0,2.525858700924277e-07,1.7742302496913822e-08
joint_minus_matrix_only,55,56,8.122603448062381e-08,0.0,2.495258730279312e-07,1.7846039450273496e-08
joint_minus_matrix_only,56,57,8.58461093732895e-08,0.0,2.4665429822697257e-07,1.7955676882423292e-08
joint_minus_matrix_only,57,58,8.440360371094613e-08,0.0,2.4385687245945486e-07,1.8063472034033694e-08
joint_minus_matrix_only,58,59,8.384646420320398e-08,0.0,2.411448316415523e-07,1.8170555640934338e-08
joint_minus_matrix_only,59,60,1.5879066225782238e-06,0.0,2.635908614904968e-07,2.019853344754765e-08
joint_minus_matrix_only,60,61,2.1452567296873686e-06,0.0,2.944378429363472e-07,2.293832492862986e-08
joint_minus_matrix_only,61,62,3.4689715905879465e-06,0.0,3.456400001565343e-07,2.7368684559010375e-08
joint_minus_matrix_only,62,63,8.081363715442753e-06,0.0,4.684292654785377e-07,3.768971101551453e-08
joint_minus_matrix_only,63,64,2.9450175339748455e-05,0.0,9.212690478890053e-07,7.530168462949723e-08
joint_minus_matrix_only,64,65,0.00010292928425472878,0.0,2.4906231279942325e-06,2.067567092204663e-07
joint_minus_matrix_only,65,66,-0.0014481691829948374,0.00885005577699101,-1.948907090416988e-05,-1.6427569344511012e-06
joint_minus_matrix_only,66,67,-0.0009157606446769816,0.005640572222565176,-3.286625857242079e-05,-2.812310759070489e-06
joint_minus_matrix_only,67,68,0.0003744903384662606,0.005390749900113729,-2.6875720380675474e-05,-2.334034464732991e-06
joint_minus_matrix_only,68,69,-0.00074571075040696,0.0034656870820381704,-3.7293619366563656e-05,-3.286410902034345e-06
joint_minus_matrix_only,69,70,-3.8650265864762596e-05,0.003065465372078194,-3.731300003082363e-05,-3.3357726719765697e-06
joint_minus_matrix_only,70,71,-3.9343194040382184e-05,0.002021253749693452,-3.734159431264841e-05,-3.3860194076603283e-06
joint_minus_matrix_only,71,72,-0.0008124316322808019,0.0033827896163918223,-4.810673372887276e-05,-4.423607699206691e-06
joint_minus_matrix_only,72,73,-0.0009319919308489722,0.006788046661967254,-6.0214750127778235e-05,-5.613891135795416e-06
joint_minus_matrix_only,73,74,-0.0013561605500305046,0.006228036206190788,-7.772753120754481e-05,-7.345896946817773e-06
joint_minus_matrix_only,74,75,-0.0002801692483069645,0.00152124931833203,-8.042675410220373e-05,-7.703712078755146e-06
joint_minus_matrix_only,75,76,-0.003057204936234906,0.01734800206757487,-0.00011959488807763404,-1.1608188370242894e-05
joint_minus_matrix_only,76,77,9.3249990620257e-05,0.0005063597149413592,-0.00011683066887376533,-1.1489095151059937e-05
joint_minus_matrix_only,77,78,-2.726686585729339e-07,1.3361810110147344e-06,-0.00011533633553767311,-1.1489443386894638e-05
joint_minus_matrix_only,78,79,-2.080182317390468e-07,1.2861745389536565e-07,-0.00011387901506544611,-1.148970905513441e-05
joint_minus_matrix_only,79,80,-1.4527488535663948e-07,4.523822801040245e-07,-0.00011245734331319498,-1.148989459138646e-05
joint_minus_matrix_only,80,81,-2.411029867170264e-07,2.192681034301432e-07,-0.00011107195763015204,-1.1490202513464003e-05
joint_minus_matrix_only,81,82,-2.425430258178239e-07,1.340579784057382e-07,-0.00010972037940326994,-1.1490512274671947e-05
joint_minus_matrix_only,82,83,-3.872330044619494e-07,3.252126671768406e-07,-0.00010840311257918791,-1.1491006825124644e-05
joint_minus_matrix_only,83,84,-4.729630319101969e-07,4.6873964061251416e-07,-0.0001071182298464822,-1.1491610864756713e-05
joint_minus_matrix_only,84,85,-4.6009660244225375e-07,4.695972875378834e-07,-0.00010586342827890527,-1.1492198472167238e-05
joint_minus_matrix_only,85,86,-2.927715447157967e-08,1.0912135414491802e-06,-0.00010463279861466765,-1.1492235863169115e-05
joint_minus_matrix_only,86,87,-4.200421737295448e-07,5.326183369413704e-07,-0.00010343495083948446,-1.1492772315498273e-05
joint_minus_matrix_only,87,88,3.1255623318224703e-06,1.5607097214317947e-06,-0.00010222403591708325,-1.1488780537296711e-05
joint_minus_matrix_only,88,89,1.3463162731576972e-05,6.3853682005138565e-06,-0.00010092417975249156,-1.1471586204306192e-05
joint_minus_matrix_only,89,90,4.8238010822755454e-05,2.0016645131144946e-05,-9.926682207943325e-05,-1.1409979549360143e-05
joint_minus_matrix_only,90,91,6.670389787009277e-05,2.4090926614274945e-05,-9.744296801405386e-05,-1.1324789386052237e-05
joint_minus_matrix_only,91,92,0.00010078250282905441,7.174377937061846e-05,-9.528834333097658e-05,-1.1196076100191372e-05
joint_minus_matrix_only,92,93,0.00012249067298447978,7.322374471325866e-05,-9.294663347812223e-05,-1.1039638459087313e-05
joint_minus_matrix_only,93,94,-0.0001417749596041366,0.003076455108880974,-9.346608375605853e-05,-1.1220704818734996e-05
joint_minus_matrix_only,94,95,-0.0014382335483922168,0.013452713386242713,-0.0001076215307522286,-1.3057529273897468e-05
joint_minus_matrix_only,95,96,-4.239200988987593e-05,0.0022458405824168277,-0.00010694205657657914,-1.311166977184112e-05
joint_minus_matrix_only,96,97,0.0011379026705777013,0.004540868804032094,-9.410860578117415e-05,-1.1658409656160782e-05
joint_minus_matrix_only,97,98,5.993003479989715e-05,0.0058913817084457,-9.253678291810201e-05,-1.1581870658970623e-05
joint_minus_matrix_only,98,99,0.002776236605461884,0.0081001978715783,-6.355927394456681e-05,-8.036230038968218e-06
joint_minus_matrix_only,99,100,-0.003217689142731191,0.014521653057261897,-9.510057263243304e-05,-1.2145667002865012e-05
joint_minus_matrix_only,100,101,-0.002023339361810906,0.009109000899607199,-0.00011419204579261595,-1.4729753033274855e-05
joint_minus_matrix_only,101,102,0.0008192490903771164,0.004032045836437294,-0.0001050406621046774,-1.3683457898693608e-05
joint_minus_matrix_only,102,103,0.0011680893539973095,0.010033033071492831,-9.26801765114542e-05,-1.2191645186053364e-05
joint_minus_matrix_only,103,104,-3.7443963972734644e-05,0.00035684357680235065,-9.214905908319731e-05,-1.2239466340552387e-05
joint_minus_matrix_only,104,105,1.2825732459273955e-05,6.11745052431813e-06,-9.114929916374519e-05,-1.2223086094755102e-05
joint_minus_matrix_only,105,106,5.25513127949777e-06,7.266254933028118e-06,-9.023982340484667e-05,-1.2216374560553954e-05
joint_minus_matrix_only,106,107,-4.771203989680421e-07,4.696211992354527e-07,-8.940091963843662e-05,-1.22169839097225e-05
joint_minus_matrix_only,107,108,-6.243903153006835e-08,3.01166369031824e-07,-8.857371148466896e-05,-1.2217063653057787e-05
joint_minus_matrix_only,108,109,-1.8470482604911456e-07,1.9646038866859702e-07,-8.776280316669994e-05,-1.2217299546833071e-05
joint_minus_matrix_only,109,110,-1.842329431053683e-07,1.9216334932875757e-07,-8.696663434648544e-05,-1.2217534837948147e-05
joint_minus_matrix_only,110,111,-1.4731390481329408e-07,3.9394877493981196e-07,-8.618447830647039e-05,-1.2217722978311894e-05
joint_minus_matrix_only,111,112,-1.9899182721706232e-07,3.768123940291781e-07,-8.541675074861991e-05,-1.221797711857654e-05
joint_minus_matrix_only,112,113,-2.9656457462132574e-07,3.735600916921854e-07,-8.466347476477922e-05,-1.2218355872822544e-05
joint_minus_matrix_only,113,114,-1.8175765530680023e-07,4.734256937888418e-07,-8.392240707083646e-05,-1.221858800265052e-05
joint_minus_matrix_only,114,115,2.0948622788002333e-06,3.0915851111334586e-06,-8.31744308156222e-05,-1.2215912571898535e-05
joint_minus_matrix_only,115,116,4.125187280257987e-05,1.9466262445857198e-05,-8.210179026718943e-05,-1.2163228187731768e-05
joint_minus_matrix_only,116,117,8.334847769002208e-05,4.014821210148571e-05,-8.068768541285432e-05,-1.2056780578932254e-05
joint_minus_matrix_only,117,118,0.0002464353986427185,0.00012480921591175834,-7.791545588695961e-05,-1.1742048269043724e-05
joint_minus_matrix_only,118,119,-0.0011630393439250823,0.008360862026485933,-8.703414402173377e-05,-1.3227411415819053e-05
joint_minus_matrix_only,119,120,0.0015307852414731457,0.00916903946995589,-7.355231580927645e-05,-1.1272385564640068e-05
joint_minus_matrix_only,120,121,-0.0029490851576494228,0.035739318123285735,-9.731705003936031e-05,-1.503877784771724e-05
joint_minus_matrix_only,121,122,-0.0011081216133601436,0.008005621254051364,-0.00010560233334526836,-1.6454003407564163e-05
joint_minus_matrix_only,122,123,-0.0028822474793735345,0.011501412752550804,-0.00012817668412598598,-2.0135034671131898e-05
joint_minus_matrix_only,123,124,0.0013257661675961368,0.003919442747577852,-0.00011645133854758176,-1.8441846717624696e-05
joint_minus_matrix_only,124,125,0.004470722189465535,0.013420055777980031,-7.975395032347682e-05,-1.2732112120606134e-05
joint_minus_matrix_only,125,126,-0.0034003326103545614,0.023725830731539763,-0.00010610774921261243,-1.707481021812154e-05
joint_minus_matrix_only,126,127,-0.0007295125422009116,0.02320654062167941,-0.00011101644837000061,-1.800649928862079e-05
joint_minus_matrix_only,127,128,0.0019085819394677708,0.020397071552421132,-9.523833596501802e-05,-1.5568974461714314e-05
joint_minus_matrix_only,128,129,0.0019013864272776815,0.023973849405084086,-7.976062462205129e-05,-1.314063930554868e-05
joint_minus_matrix_only,129,130,-0.00048018597217007225,0.008437714732237525,-8.284081960318991e-05,-1.375390363782208e-05
joint_minus_matrix_only,130,131,-0.0030379642980261773,0.018891738832050115,-0.00010539901409496845,-1.7633806955863176e-05
joint_minus_matrix_only,131,132,0.0011560394456287208,0.007503885970856033,-9.584266212736475e-05,-1.6157383653655358e-05
joint_minus_matrix_only,132,133,0.004400457071635692,0.03412017771476662,-6.203589721185303e-05,-1.053738739358423e-05
joint_minus_matrix_only,133,134,-0.005111035135219814,0.02046462625558341,-9.971499600295722e-05,-1.706489075912678e-05
joint_minus_matrix_only,134,135,0.00022354267542158473,0.0007392815485784439,-9.732049473314583e-05,-1.6779395643645832e-05
joint_minus_matrix_only,135,136,1.3886081237660742e-06,1.004912235855316e-05,-9.659469250625676e-05,-1.677762219776618e-05
joint_minus_matrix_only,136,137,-7.5096801614077e-07,1.000692176596969e-06,-9.589510327640192e-05,-1.677858128846368e-05
joint_minus_matrix_only,137,138,-6.820214487660371e-07,1.0785294411404799e-06,-9.520515340808571e-05,-1.6779452324796714e-05
joint_minus_matrix_only,138,139,-1.6388089218372575e-07,1.3372860700379005e-06,-9.45214032461008e-05,-1.6779661623509594e-05
joint_minus_matrix_only,139,140,-5.218529079927114e-07,1.7082514565634763e-06,-9.384997788654288e-05,-1.678032810231929e-05
joint_minus_matrix_only,140,141,2.932907937223704e-07,3.4132615697056753e-06,-9.318229512994527e-05,-1.6779953529147232e-05
joint_minus_matrix_only,141,142,1.2841888787158146e-06,7.891035160047143e-06,-9.251703820030682e-05,-1.6778313441179523e-05
joint_minus_matrix_only,142,143,2.2401844181782703e-05,2.0955890722216432e-05,-9.17134096521803e-05,-1.674970316763957e-05
joint_minus_matrix_only,143,144,0.0002100263700123776,0.0007448294786648763,-8.961799451562088e-05,-1.6481470255746368e-05
joint_minus_matrix_only,144,145,0.00016283639363001926,0.0001662743560649742,-8.787692976978884e-05,-1.627350551292386e-05
joint_minus_matrix_only,145,146,0.0010084969554314776,0.0034785945482406037,-8.036751959717747e-05,-1.4985514509818532e-05
joint_minus_matrix_only,146,147,-0.002180607256618022,0.019107113874019196,-9.465486474697911e-05,-1.7770453534873473e-05
joint_minus_matrix_only,147,148,-0.002432647916443898,0.010366433442079883,-0.00011045211509628258,-2.0877283568646005e-05
joint_minus_matrix_only,148,149,-0.0025775039175206325,0.038860169101246886,-0.00012700950974342589,-2.4169114880932897e-05
joint_minus_matrix_only,149,150,0.006098862327017375,0.017184473107648514,-8.550369749835391e-05,-1.638001867784558e-05
joint_minus_matrix_only,150,151,-0.0016225424134606254,0.02956047897895829,-9.568276184247493e-05,-1.8452231211000912e-05
joint_minus_matrix_only,151,152,0.004874530190648806,0.04362981460107637,-6.298399241819016e-05,-1.222677758309694e-05
joint_minus_matrix_only,152,153,-0.005689494984632027,0.06437232394475735,-9.975857406664657e-05,-1.9493054702678064e-05
joint_minus_matrix_only,153,154,0.001974176359580102,0.02077788600858547,-8.629146410790147e-05,-1.6971756670008718e-05
joint_minus_matrix_only,154,155,0.004822875112633345,0.028911517982593882,-5.461942167731278e-05,-1.0812273767539565e-05
joint_minus_matrix_only,155,156,-0.005061510461929813,0.0583504427437138,-8.671487706354681e-05,-1.7276527231051472e-05
joint_minus_matrix_only,156,157,0.01337886710919213,0.0633636987156803,-9.46838934529738e-07,-1.8985148495679294e-07
joint_minus_matrix_only,157,158,-0.0006061107332359537,0.036581999336777166,-4.776990164285597e-06,-9.639392668673362e-07
joint_minus_matrix_only,158,159,-0.007547560775034036,0.028183364954298004,-5.221588189302619e-05,-1.0603225058737119e-05
joint_minus_matrix_only,159,160,0.002197690688086002,0.017643367113536347,-3.8153965830657244e-05,-7.796468113544263e-06
joint_minus_matrix_only,160,161,0.0005860978055492252,0.010861068281464166,-3.427662563575113e-05,-7.047939626252786e-06
joint_minus_matrix_only,161,162,0.0026257840119255998,0.010864402808806545,-1.785649824339711e-05,-3.6944479124269888e-06
joint_minus_matrix_only,162,163,-0.0021927556862207593,0.013014877254901134,-3.1199438046939193e-05,-6.494902173245323e-06
joint_minus_matrix_only,163,164,2.326091248836163e-05,3.884086727928272e-05,-3.086736273879711e-05,-6.46519474988854e-06
joint_minus_matrix_only,164,165,-7.426846799371797e-07,7.753001716694393e-06,-3.068478893237981e-05,-6.466143261612605e-06
joint_minus_matrix_only,165,166,-4.658310448904363e-07,1.3198357618761555e-06,-3.050274701739498e-05,-6.466738192704428e-06
joint_minus_matrix_only,166,167,-3.813842730742435e-07,1.1958557884179288e-06,-3.032237957581221e-05,-6.467225273512949e-06
joint_minus_matrix_only,167,168,-5.4618417880128e-07,1.4895343621036555e-06,-3.014514031749664e-05,-6.467922826742574e-06
joint_minus_matrix_only,168,169,-1.5495540078212565e-07,2.707204485290323e-06,-2.9967683602013137e-05,-6.4681207263604345e-06
joint_minus_matrix_only,169,170,1.006400514142197e-05,1.6114921854031382e-05,-2.973220307999294e-05,-6.4552675908030645e-06
joint_minus_matrix_only,170,171,0.00012050554453303354,0.00019070969753998943,-2.8853619760618527e-05,-6.301365235077609e-06
joint_minus_matrix_only,171,172,0.0003768839467187653,0.000877193765956745,-2.649468042062209e-05,-5.820031969791825e-06
joint_minus_matrix_only,172,173,-0.002350622864708625,0.015731371828680278,-3.992894738182444e-05,-8.822104593940777e-06
joint_minus_matrix_only,173,174,0.007426292803985798,0.04035352328214859,2.980373028334304e-06,6.623051174076231e-07
joint_minus_matrix_only,174,175,0.0005468700962295123,0.03249523684435819,6.088314303769589e-06,1.3607343590800486e-06
joint_minus_matrix_only,175,176,-0.0007326190363504204,0.023529641204074143,1.8911134477798833e-06,4.250778631025025e-07
joint_minus_matrix_only,176,177,0.0032825639678992604,0.02300714298575027,2.0425988331686557e-05,4.617369009844854e-06
joint_minus_matrix_only,177,178,0.0007560126498289282,0.017226975172362283,2.455849766594072e-05,5.582902406816664e-06
joint_minus_matrix_only,178,179,0.0082861914372888,0.027792152069840988,7.071287163031424e-05,1.61655223778113e-05
joint_minus_matrix_only,179,180,-0.010569844173708957,0.03339664730875027,1.1598665822873842e-05,2.666359959281343e-06
joint_minus_matrix_only,180,181,0.019738720230212982,0.06032333539393707,0.00012058828772558167,2.7875453484457576e-05
joint_minus_matrix_only,181,182,0.01349688719000262,0.061949499018675934,0.00019408443554029065,4.511285730310715e-05
joint_minus_matrix_only,182,183,0.00631372236134746,0.04862488744605408,0.00022752507994360855,5.317635968030698e-05
joint_minus_matrix_only,183,184,-0.0019513709248521287,0.05053287020635727,0.00021568325383058818,5.068418736248815e-05
joint_minus_matrix_only,184,185,0.008864442324743961,0.034562487821521284,0.0002624333028625524,6.200531421401302e-05
joint_minus_matrix_only,185,186,0.009222297510850885,0.029287702049509996,0.0003106046158087262,7.378347195456332e-05
joint_minus_matrix_only,186,187,0.0309785305833213,0.17171976797669858,0.00047460421991307153,0.00011334736797413075
joint_minus_matrix_only,187,188,-0.011755577845537737,0.04379462614540235,0.0004095500599904609,9.833385859285652e-05
joint_minus_matrix_only,188,189,0.002981809982656159,0.02899149545910197,0.0004231599008511259,0.00010214204503303039
joint_minus_matrix_only,189,190,3.624836602993757e-05,0.0008929619429989037,0.00042112352435206706,0.00010218833924251946
joint_minus_matrix_only,190,191,0.0014181788690571819,0.007127089799620642,0.0004263437094028791,0.00010399955108039579
joint_minus_matrix_only,191,192,8.438879135473905e-05,0.0002152646133090501,0.0004245626942047118,0.00010410732731456534
joint_minus_matrix_only,192,193,6.768884657135413e-06,2.016639757551636e-05,0.00042239795944021665,0.0001041159721225566
joint_minus_matrix_only,193,194,-1.071909384106544e-07,2.302580242408397e-06,0.0004202200978403268,0.00010411583522480638
joint_minus_matrix_only,194,195,-1.3670609442701501e-07,1.9853745451769735e-06,0.0004180644219227127,0.0001041156606320932
joint_minus_matrix_only,195,196,1.671723357076888e-06,5.693379866064271e-06,0.0004159399693790104,0.00010411779565553773
joint_minus_matrix_only,196,197,4.972257348423847e-05,0.00011974860790503271,0.0004140809978262451,0.00010418129830366576
joint_minus_matrix_only,197,198,0.00033851819009229016,0.0007985184215370468,0.0004136993674841545,0.00010461363315691262
joint_minus_matrix_only,198,199,0.0005427179606246524,0.0012631549238817455,0.0004143477021230515,0.00010530675954340644
joint_minus_matrix_only,199,200,0.0007754932934444989,0.001577025291597831,0.0004161534300796586,0.00010629717243414013
joint_minus_matrix_only,200,201,-0.0033414065406244444,0.03607866321083594,0.00039745910186720035,0.00010202973113066063
joint_minus_matrix_only,201,202,0.014017521906351792,0.10194170828695234,0.0004648851553547479,0.00011993205795869614
joint_minus_matrix_only,202,203,0.00441488638088026,0.07048407514477735,0.0004843432894706371,0.00012557048245535036
joint_minus_matrix_only,203,204,-0.02115448477300839,0.07479523289525591,0.0003782706028898576,9.855326052302803e-05
joint_minus_matrix_only,204,205,0.008481790742595658,0.033677435269827645,0.0004177999694250078,0.00010938568803592157
joint_minus_matrix_only,205,206,-0.008040806961983945,0.050488587193512936,0.00037673877072884776,9.911645819941589e-05
joint_minus_matrix_only,206,207,-0.04635633643914493,0.29914964438762365,0.0001509751223719697,3.991296338569314e-05
joint_minus_matrix_only,207,208,0.009311935151057132,0.032387447732725505,0.00019501819943295603,5.1805600871079e-05
joint_minus_matrix_only,208,209,-0.01713337846411762,0.08024787865158615,0.00011210721061213989,2.9923891466075653e-05
joint_minus_matrix_only,209,210,-0.00028303695066464723,0.05434765008945978,0.00011022557174891703,2.9562413879019895e-05
joint_minus_matrix_only,210,211,0.039383400420764034,0.11869044524245098,0.0002963543625025431,7.986049870758186e-05
joint_minus_matrix_only,211,212,0.022034930747527423,0.05236277344124389,0.00039889481714888687,0.00010800217271464115
joint_minus_matrix_only,212,213,0.004536899933130271,0.06488947713850597,0.0004183220712145272,0.00011379642550280242
joint_minus_matrix_only,213,214,0.014413454312199129,0.06080604656713004,0.00048371988542473567,0.0001322044131301321
joint_minus_matrix_only,214,215,0.040853266289225754,0.23751696847926446,0.0006714852175354381,0.0001843797212900628
joint_minus_matrix_only,215,216,-0.015131237546817791,0.05123156475831696,0.0005983244639967658,0.00016505502455083193
joint_minus_matrix_only,216,217,-0.0034422364757207913,0.020004160975196042,0.0005797043675003714,0.00016065880938388326
joint_minus_matrix_only,217,218,0.005173868980751827,0.02624559998948954,0.0006007785171024422,0.00016726656031715507
joint_minus_matrix_only,218,219,0.006060996157438757,0.028949570095379996,0.0006257110177432472,0.00017500729615041016
joint_minus_matrix_only,219,220,-0.00027578866525618663,0.0014714326856746058,0.0006216132919114318,0.00017465507563284164
joint_minus_matrix_only,220,221,-6.572117924618499e-07,5.377322656498615e-06,0.0006187975882747625,0.00017465423628189338
joint_minus_matrix_only,221,222,3.670665554165073e-07,1.932886351308171e-06,0.0006160118652039546,0.0001746547050769833
joint_minus_matrix_only,222,223,2.3491765517481368e-07,2.0134687157316874e-06,0.0006132505336005967,0.00017465500509953138
joint_minus_matrix_only,223,224,5.272356300889614e-08,2.2218985455001365e-06,0.0006105130433772148,0.00017465507243486094
joint_minus_matrix_only,224,225,-6.500013646068048e-06,3.791676991240564e-05,0.0006077707631237779,0.00017464677101257988
joint_minus_matrix_only,225,226,7.936945061491077e-05,0.0003794899201963268,0.0006054327042188715,0.0001747481368498914
joint_minus_matrix_only,226,227,0.0005723450257794682,0.0021274343089530945,0.0006052869435209005,0.00017547910112291753
joint_minus_matrix_only,227,228,-0.00947656457961045,0.0560132391792718,0.0005610682964896227,0.00016337620893950702
joint_minus_matrix_only,228,229,0.011226791694861378,0.07062608218780046,0.0006076435078362242,0.00017771438479501322
joint_minus_matrix_only,229,230,0.029293250729166366,0.1246030168921955,0.0007323635392333118,0.00021512594383609417
joint_minus_matrix_only,230,231,0.012332974313626576,0.06956556921920691,0.0007825826334947546,0.00023087686888542566
joint_minus_matrix_only,231,232,0.011871667214157276,0.061507944661438364,0.0008303804118596792,0.00024603864055101606
joint_minus_matrix_only,232,233,-0.0014719248396783174,0.023502921494173917,0.0008204992734410612,0.0002441587876267781
joint_minus_matrix_only,233,234,0.024218436622855097,0.1357004778877179,0.0009204904586949674,0.000275089102598496
joint_minus_matrix_only,234,235,-0.0009202047087124958,0.032172331017735444,0.000912657713301744,0.0002739138730854532
joint_minus_matrix_only,235,236,0.012214044215931476,0.07026294763991708,0.0009605449442450906,0.0002895129078439864
joint_minus_matrix_only,236,237,-0.01707196870912589,0.08388438787908803,0.0008844583887456348,0.0002677096272448473
joint_minus_matrix_only,237,238,-0.0007771954136688401,0.04147595705681208,0.0008774766500800278,0.0002667170405096381
joint_minus_matrix_only,238,239,-0.008628419467932563,0.032538934250318625,0.0008377030261552888,0.0002556973477025722
joint_minus_matrix_only,239,240,-0.007031134809469941,0.041236336947967925,0.0008049162018401839,0.0002467176097594433
joint_minus_matrix_only,240,241,-0.004547382842647371,0.04346001996305122,0.0007827074921120195,0.000240909968836522
joint_minus_matrix_only,241,242,0.0036567993880913343,0.04775084252908482,0.0007945839049053226,0.00024558021071147904
joint_minus_matrix_only,242,243,0.05407327560782458,0.23332886066264155,0.0010138377802259779,0.0003146393111046138
joint_minus_matrix_only,243,244,0.004984703641295359,0.034156076110136525,0.0010301118206401966,0.0003210054715660383
joint_minus_matrix_only,244,245,0.0011905725374744757,0.027743189537186283,0.001030766762341561,0.0003225259984338218
joint_minus_matrix_only,245,246,0.006998577982276622,0.036622176442578674,0.001055026157544549,0.00033146415677644833
joint_minus_matrix_only,246,247,0.007331512967183184,0.04319466769732424,0.0010804370353163653,0.00034082751944207186
joint_minus_matrix_only,247,248,0.005377642595863052,0.030808963343005334,0.0010977644770927635,0.00034769551764879354
joint_minus_matrix_only,248,249,5.9500702818590025e-06,2.9416559855275906e-05,0.0010933796802782615,0.0003477031167168418
joint_minus_matrix_only,249,250,5.382622738987197e-07,1.7520568604850726e-06,0.001089008314606244,0.0003477038041526961
joint_minus_matrix_only,250,251,6.694286765868126e-07,1.555786752554823e-06,0.0010846723031085164,0.00034770465910630605
joint_minus_matrix_only,251,252,6.536002596211953e-07,1.6395301938111896e-06,0.001080370641589275,0.0003477054938448241
joint_minus_matrix_only,252,253,4.874522765191273e-07,1.9646861693076167e-06,0.0010761023285880385,0.0003477061163892385
joint_minus_matrix_only,253,254,2.206300881154623e-06,2.1984548066291208e-05,0.0010718743914710823,0.0003477089341425989
joint_minus_matrix_only,254,255,0.00023173718257172267,0.0012374022740734817,0.0010685797357499085,0.000348004894784453
joint_minus_matrix_only,255,256,0.005927900705339277,0.03362514248202867,0.001087561458287367,0.0003555756491974022
joint_minus_matrix_only,256,257,0.007598465600790048,0.04052353046675981,0.001112895715651191,0.00036527994753813035
joint_minus_matrix_only,257,258,-0.02130271297149324,0.17554896446152532,0.0010260135114374528,0.000338073417561766
joint_minus_matrix_only,258,259,0.0159365743858442,0.052881705234598196,0.0010835832445432701,0.0003584266415539042
joint_minus_matrix_only,259,260,-0.03252444998446986,0.19035587367349346,0.0009543215782778352,0.00031688839125445356
joint_minus_matrix_only,260,261,-0.010669863767361511,0.07881707262692417,0.0009097844696738529,0.0003032614898912843
joint_minus_matrix_only,261,262,-0.012569322801903485,0.06684319834664107,0.0008583374953548555,0.00028720871492078176
joint_minus_matrix_only,262,263,-0.0031389147739549943,0.04911004720503879,0.0008431388175247799,0.0002831998837918482
joint_minus_matrix_only,263,264,0.04445735697922552,0.23551018279242075,0.001008344189349404,0.0003399781174817914
joint_minus_matrix_only,264,265,0.011937382225479356,0.09571177746949472,0.001049585842315932,0.00035522381636490677
joint_minus_matrix_only,265,266,0.001034143596715243,0.024459993722757527,0.0010495277887610423,0.0003565445616991536
joint_minus_matrix_only,266,267,0.00041946050957256814,0.06934226083619376,0.001047167986217265,0.0003570802711622092
joint_minus_matrix_only,267,268,0.00886995700056632,0.044698032495061206,0.0010763574974648363,0.00036840844102244716
joint_minus_matrix_only,268,269,0.02059794243319291,0.17409965840573907,0.0011489284451812977,0.00039471488091158245
joint_minus_matrix_only,269,270,0.02293480097099846,0.12166224751280134,0.0012296168619435831,0.00042400581446330456
joint_minus_matrix_only,270,271,0.0038715744240860085,0.10826635244634929,0.0012393657828370977,0.0004289503539576673
joint_minus_matrix_only,271,272,0.004624428119639729,0.025958915053639824,0.0012518108649576959,0.00043485639242464016
joint_minus_matrix_only,272,273,-0.007237425662211324,0.025067154760232607,0.0012207147604625713,0.00042561319234518766
joint_minus_matrix_only,273,274,0.004086058588945383,0.022447165505143852,0.0012311722196906105,0.00043083165797602464
joint_minus_matrix_only,274,275,-0.000671222400514155,0.00967395668237548,0.0012242544210716844,0.0004299744135309236
joint_minus_matrix_only,275,276,-0.020016403639858498,0.1132008049365858,0.0011472955150538212,0.00040441067963582967
joint_minus_matrix_only,276,277,-2.806276545059769e-07,7.2484690825856754e-06,0.0011431526408924191,0.0004044103212352492
joint_minus_matrix_only,277,278,5.180719776315834e-07,1.3542901910982251e-06,0.0011390424446013588,0.0004044109828852845
joint_minus_matrix_only,278,279,5.848395685741419e-07,1.3966578403710579e-06,0.0011349619513933561,0.000404411729806828
joint_minus_matrix_only,279,280,6.733230063123292e-07,1.400041827177477e-06,0.001130910920577688,0.0004044125897340391
joint_minus_matrix_only,280,281,6.75123625699689e-07,1.5406542359022464e-06,0.0011268887291294605,0.00040441345196089195
joint_minus_matrix_only,281,282,9.472517185157673e-06,4.239554025126878e-05,0.0011229262602927782,0.0004044255496839891
joint_minus_matrix_only,282,283,0.00013805258304580472,0.0007856804255077989,0.0011194461412919058,0.0004046018620505866
joint_minus_matrix_only,283,284,0.005827346680023735,0.028045504875313893,0.001136023255864905,0.0004120441949752656
joint_minus_matrix_only,284,285,-0.0043796113772100465,0.03360926233857351,0.0011166701518892036,0.00040645082156886723
joint_minus_matrix_only,285,286,-0.024441504979639466,0.09624372707355515,0.0010273059031775647,0.0003752356172525971
joint_minus_matrix_only,286,287,0.020575388987040297,0.058350179654099193,0.0010954176909262153,0.0004015132532513714
joint_minus_matrix_only,287,288,-0.0016495049662449662,0.040199615368958545,0.0010858867094777043,0.00039940660578490275
joint_minus_matrix_only,288,289,-0.0041595959936475205,0.10445278313653614,0.0010677362502973403,0.0003940942226512533
joint_minus_matrix_only,289,290,0.005542659108900641,0.06755653674407401,0.0010831670187752827,0.00040117296991677134
joint_minus_matrix_only,290,291,0.024411791007675557,0.10621690581496562,0.0011633341115206443,0.00043235022535441576
joint_minus_matrix_only,291,292,0.008004196288847947,0.03394678594415627,0.0011867617217169708,0.0004425726982648218
joint_minus_matrix_only,292,293,0.01986026826996873,0.07889304994414517,0.0012504938259772158,0.0004679370255572468
joint_minus_matrix_only,293,294,0.0005421944265849056,0.22742560819062532,0.0012480846443466297,0.00046862948331789154
joint_minus_matrix_only,294,295,-0.005288021604091989,0.1393923566281171,0.0012259283519790408,0.0004618759435936361
joint_minus_matrix_only,295,296,0.030738438109600016,0.14887009751704075,0.0013256327768358686,0.0005011332081014267
joint_minus_matrix_only,296,297,0.03498543568165061,0.16444919125376123,0.0014389654465490499,0.0005458144797255017
joint_minus_matrix_only,297,298,-0.003090857584388562,0.04132889026536919,0.0014237646981230844,0.0005418670243175979
joint_minus_matrix_only,298,299,0.01711714717380172,0.05235560767678036,0.001476250927138732,0.0005637280041053395
joint_minus_matrix_only,299,300,-0.003528285300154738,0.020486086587606017,0.0014595691397144206,0.0005592218926108891
joint_minus_matrix_only,300,301,0.011267712388496602,0.0912843495054404,0.0014921543332319692,0.0005736123298886625
joint_minus_matrix_only,301,302,-0.006736165223361869,0.05440960476819861,0.00146490824198497,0.0005650093091691711
joint_minus_matrix_only,302,303,0.007637284707563734,0.03490101947795833,0.0014852791214093224,0.000574763184913186
joint_minus_matrix_only,303,304,-0.002375086776354624,0.013427474092851692,0.001472580549377204,0.0005717298684682886
joint_minus_matrix_only,304,305,4.589351174210487e-07,5.313517303040405e-06,0.0014677539211337292,0.0005717304545923211
joint_minus_matrix_only,305,306,7.198092103860458e-07,1.1245020619073063e-06,0.001462959692009797,0.0005717313738888861
joint_minus_matrix_only,306,307,8.693806092586104e-07,1.3890863293875098e-06,0.0014581971828521402,0.000571732484208949
joint_minus_matrix_only,307,308,9.474876016278182e-07,1.2776180956759583e-06,0.0014534658526727555,0.0005717336942825142
joint_minus_matrix_only,308,309,7.946503155283878e-07,1.5402284601276e-06,0.0014487646513706286,0.0005717347091615891
joint_minus_matrix_only,309,310,5.331703534207102e-07,3.4802659739179974e-06,0.0014440929369157344,0.000571735390094352
joint_minus_matrix_only,310,311,0.0009806550214936107,0.005545112912449437,0.0014426027828468532,0.000572987823071994
joint_minus_matrix_only,311,312,-0.0010427810755494222,0.00590445914599119,0.0014346368089417365,0.0005716560464748681
joint_minus_matrix_only,312,313,0.01365111331913223,0.0735518434073226,0.0014736670853321215,0.0005890904185299541
joint_minus_matrix_only,313,314,0.012640273184881836,0.09911140779481087,0.001509229525139605,0.0006052338070163933
joint_minus_matrix_only,314,315,-0.002094267019739754,0.04597835432774621,0.001497789853568559,0.0006025591364930984
joint_minus_matrix_only,315,316,0.03249459909578387,0.11108786585966544,0.0015958810220565824,0.0006440592630522095
joint_minus_matrix_only,316,317,0.05818727775952078,0.37148069947623114,0.0017744027783261854,0.0007183725168957864
joint_minus_matrix_only,317,318,0.004643682453137672,0.044819265667656566,0.0017834256703853411,0.0007243031458269968
joint_minus_matrix_only,318,319,0.04766887565883976,0.2664718718440807,0.0019272672063993046,0.0007851829359404575
joint_minus_matrix_only,319,320,-0.02001306313146879,0.06170960924166382,0.0018587036740934666,0.0007596234683396032
joint_minus_matrix_only,320,321,0.030187220226141696,0.14271025099144455,0.0019469545044736793,0.0007981767508761827
joint_minus_matrix_only,321,322,0.0029162940829184966,0.058856684749433515,0.001949964875835309,0.0008019012643920428
joint_minus_matrix_only,322,323,-0.0006667263308970535,0.034851833818010505,0.0019418636646689551,0.0008010497620537324
joint_minus_matrix_only,323,324,0.016427027152842225,0.06248091398664383,0.001986570959385539,0.000822029362504361
joint_minus_matrix_only,324,325,0.013509912055793622,0.0998733138591075,0.0020220273935283336,0.0008392834008897936
joint_minus_matrix_only,325,326,-0.0012348870514264257,0.07394427788037108,0.0020120368584211103,0.0008377062782187509
joint_minus_matrix_only,326,327,0.0077671824863746585,0.10330679850905904,0.002029636692145739,0.00084762605150914
joint_minus_matrix_only,327,328,-0.0023538881849038875,0.0384189926425443,0.002016272287032783,0.0008446198086165426
joint_minus_matrix_only,328,329,0.0023869331120127558,0.09101089904391987,0.0020173989156801386,0.0008476682544811821
joint_minus_matrix_only,329,330,0.016126211745470263,0.07897295780251506,0.0020601528939522295,0.0008682636717806332
joint_minus_matrix_only,330,331,0.01347864628265771,0.085205803404111,0.002094649852830494,0.0008854777794213198
joint_minus_matrix_only,331,332,3.983002173841751e-07,8.044905394285572e-06,0.0020883418662262375,0.0008854782881061442
joint_minus_matrix_only,332,333,3.532182977936188e-07,3.4595454445721574e-06,0.002082071630046272,0.0008854787392150813
joint_minus_matrix_only,333,334,1.3571882336731605e-06,3.347388425940461e-06,0.0020758419460887496,0.0008854804725333874
joint_minus_matrix_only,334,335,1.336110342302297e-06,2.688484098272315e-06,0.0020696493913551785,0.0008854821789322922
joint_minus_matrix_only,335,336,1.2954693292228922e-06,2.48711203101858e-06,0.0020634935761110534,0.0008854838334269654
joint_minus_matrix_only,336,337,1.6339864444732245e-06,3.1029404848506886e-06,0.0020573752983969094,0.0008854859202551193
joint_minus_matrix_only,337,338,1.9061377586225754e-07,3.8668887363967155e-06,0.0020512889531761366,0.0008854861636954459
joint_minus_matrix_only,338,339,-0.0004990558788813261,0.002821969537607516,0.0020437658120786217,0.000884848799865457
joint_minus_matrix_only,339,340,-0.0004878530727990127,0.0027313417840275104,0.002036319874181923,0.0008842257435783574
joint_minus_matrix_only,340,341,0.0022517816571400165,0.019772599080981928,0.0020369517269178705,0.0008871015822209372
joint_minus_matrix_only,341,342,-0.012784649728596241,0.23514819911446946,0.0019936137109660746,0.0008707738047897797
joint_minus_matrix_only,342,343,0.008402188913191777,0.06708144145960437,0.002012297603683934,0.0008815045696852993
joint_minus_matrix_only,343,344,0.005006427519138274,0.02950939630183828,0.0020210014697172314,0.0008878984745628706
joint_minus_matrix_only,344,345,0.01419163204911875,0.1168487096703107,0.0020562786598024535,0.0009060231642807745
joint_minus_matrix_only,345,346,0.000500401379892209,0.15891469520017845,0.002051781904658204,0.000906662246502859
joint_minus_matrix_only,346,347,-0.008009427913750785,0.07891502256218762,0.002022787063682962,0.000896433092079167
joint_minus_matrix_only,347,348,-0.02105813679796794,0.08265165690276204,0.0019564625698276434,0.000869538919923397
joint_minus_matrix_only,348,349,-0.007325778775902157,0.07506991392801035,0.0019298658897539188,0.0008601828806182857
joint_minus_matrix_only,349,350,-0.02450309664927814,0.11515952029933374,0.0018543431396423988,0.0008288890151658232
joint_minus_matrix_only,350,351,-0.005101412259410042,0.04432035314091946,0.0018345261726935313,0.0008223738015522726
joint_minus_matrix_only,351,352,0.12052595148419097,0.6843249059412506,0.0021717177218739223,0.0009763022197951731
joint_minus_matrix_only,352,353,0.0030832991591346467,0.07083634691524193,0.002174300105548882,0.000980240022041833
joint_minus_matrix_only,353,354,0.007639430919172983,0.1350040518840655,0.0021897383281862383,0.0009899966387968433
joint_minus_matrix_only,354,355,0.012695178450195015,0.038381320059151874,0.002219331117262319,0.0010062101489503488
joint_minus_matrix_only,355,356,0.019111075192466107,0.059234540483553144,0.002266779836574689,0.0010306176523890028
joint_minus_matrix_only,356,357,-0.022768888764093335,0.22034531230372595,0.002196651913323518,0.0010015386118218338
joint_minus_matrix_only,357,358,0.005875026260116907,0.03663996326229357,0.002206926702001712,0.0010090418382076793
joint_minus_matrix_only,358,359,-0.0018968157859098134,0.01687597744550799,0.002195495664430928,0.001006619340396811
joint_minus_matrix_only,359,360,4.8390205592230995e-06,3.0085448973710068e-05,0.0021894105070868397,0.0010066255204996964
joint_minus_matrix_only,360,361,3.9313502645622973e-07,6.7073372144365445e-06,0.0021833467470534313,0.0010066260225878529
joint_minus_matrix_only,361,362,1.0814698731735094e-06,3.975003765911472e-06,0.002177318389934149,0.0010066274037754304
joint_minus_matrix_only,362,363,8.948454593763216e-07,2.1533093699164263e-06,0.002171322732786835,0.0010066285466176514
joint_minus_matrix_only,363,364,9.496872966478061e-07,2.154715146509314e-06,0.0021653601694750493,0.0010066297595005338
joint_minus_matrix_only,364,365,9.302308745290925e-07,2.390948684132731e-06,0.0021594302244377873,0.0010066309475348562
joint_minus_matrix_only,365,366,1.0713469770564e-06,4.060140487597975e-06,0.002153533069034889,0.0010066323157940861
joint_minus_matrix_only,366,367,-0.00015138264438755962,0.0008512279241714386,0.0021472526447476347,0.0010064389790835017
joint_minus_matrix_only,367,368,0.00038147392996086364,0.00216374298487534,0.0021424543330226704,0.0010069261743963509
joint_minus_matrix_only,368,369,-0.011242346795589536,0.07205680141178047,0.0021061811592323937,0.0009925681325118178
joint_minus_matrix_only,369,370,-0.0034368968853716823,0.18106224249937897,0.00209119986721995,0.0009881787367450594
joint_minus_matrix_only,370,371,-0.00830338420496887,0.07693731921825706,0.0020631821203946437,0.0009775741592163638
joint_minus_matrix_only,371,372,-0.0045362921822076005,0.07855611494148655,0.0020454415980758205,0.0009717806826107345
joint_minus_matrix_only,372,373,0.053755311258778575,0.22059523166966818,0.0021840739564155057,0.0010404336982669012
joint_minus_matrix_only,373,374,0.047841367127335895,0.24280185128653417,0.002306152280401924,0.0011015337839978539
joint_minus_matrix_only,374,375,0.02035304930271974,0.0879864234225177,0.002354277339128105,0.0011275274612682496
joint_minus_matrix_only,375,376,0.03639427885765578,0.151674251273033,0.002444809258060359,0.0011740080217505684
joint_minus_matrix_only,376,377,-0.0014667767490723004,0.05774609789925948,0.002434433698359742,0.0011721347436546908
joint_minus_matrix_only,377,378,-0.000910543221939313,0.06366290905432402,0.0024255845530679458,0.001170971853205215
joint_minus_matrix_only,378,379,0.013899227459563158,0.07535375094222749,0.0024558580172011784,0.0011887231015571477
joint_minus_matrix_only,379,380,0.010987442191674567,0.06527987564592733,0.0024783095545024246,0.0012027555947776772
joint_minus_matrix_only,380,381,-0.011609711341322094,0.1181082309415997,0.0024413331217049846,0.001187928377228096
joint_minus_matrix_only,381,382,-0.007109501630768166,0.08402725137639838,0.0024163309364890863,0.0011788485539448671
joint_minus_matrix_only,382,383,-0.02276312723205309,0.11826384587561148,0.002350588225866261,0.001149776871656166
joint_minus_matrix_only,383,384,-0.016208090094458012,0.14116483528526644,0.002302258334407083,0.0011290768843069219
joint_minus_matrix_only,384,385,-0.009563349532618635,0.0351002031440639,0.0022714385737135096,0.0011168631556573451
joint_minus_matrix_only,385,386,-0.002709394349283365,0.021630059441825375,0.0022585348614777667,0.0011134028819034711
joint_minus_matrix_only,386,387,0.011344408802170056,0.06740097190214017,0.002282012571918832,0.0011278912711782734
joint_minus_matrix_only,387,388,-0.003780540469935636,0.02136764488834973,0.002266387435213022,0.001123062994716031
joint_minus_matrix_only,388,389,0.0018802697924836561,0.010650158891252851,0.0022653948448718144,0.0011254643609899565
joint_minus_matrix_only,389,390,5.7107445221394596e-05,0.00031248690360308776,0.002259732569488096,0.0011255372951473276
joint_minus_matrix_only,390,391,2.1193793381914093e-06,6.677393652561861e-06,0.002253958622710219,0.0011255400018897774
joint_minus_matrix_only,391,392,1.6371192637219608e-06,4.255606669686564e-06,0.002248212904589182,0.0011255420927189775
joint_minus_matrix_only,392,393,1.64669461337153e-06,4.422966429831388e-06,0.002242496451128684,0.0011255441957772323
joint_minus_matrix_only,393,394,6.572467612303402e-07,2.6536987608755295e-06,0.0022368065039094767,0.0011255450351728403
joint_minus_matrix_only,394,395,-0.00034766172827109353,0.0019659738959570384,0.0022302635463596525,0.0011251010227484837
joint_minus_matrix_only,395,396,3.6457106962035366e-05,0.0001937508011670088,0.002224723631108649,0.0011251475835492018
joint_minus_matrix_only,396,397,0.004788135125033264,0.023181617828056958,0.0022311805870127406,0.0011312626986514152
joint_minus_matrix_only,397,398,-0.005262428371041014,0.04677484744251282,0.00221235242380155,0.001124541845048553
joint_minus_matrix_only,398,399,-0.0070415135398075365,0.023703979133878398,0.0021891597772762147,0.0011155488520219793
joint_minus_matrix_only,399,400,-0.0017158470115144582,0.06309164437035307,0.002179397260304238,0.0011133574765283462
joint_minus_matrix_only,400,401,0.0074848803562552,0.08808268447442964,0.0021926278914662103,0.001122916710699809
joint_minus_matrix_only,401,402,-0.01858029693706375,0.06105448045663999,0.0021409539491066827,0.0010991870849819752
joint_minus_matrix_only,402,403,0.0056478694153798605,0.10884588321698159,0.0021496559725961944,0.0011064002004550018
joint_minus_matrix_only,403,404,-0.033652555502952375,0.16002384746546128,0.0020610366372606783,0.00106342120236694
joint_minus_matrix_only,404,405,0.014065828905629667,0.1289650318607945,0.002090678099651713,0.0010813852239577825
joint_minus_matrix_only,405,406,0.0041035847126342445,0.09365540079786608,0.002095635997713246,0.00108662607288835
joint_minus_matrix_only,406,407,0.012028333256154006,0.10434178843976306,0.002120040659281897,0.001101987928898764
joint_minus_matrix_only,407,408,0.037411370824350844,0.1583123622995583,0.002206539017529615,0.0011497674574100676
joint_minus_matrix_only,408,409,0.030337499974669377,0.11474285863242342,0.002275318873170543,0.0011885126681056859
joint_minus_matrix_only,409,410,0.00884039256749147,0.20974727154634404,0.0022913312480347405,0.0011998030800692767
joint_minus_matrix_only,410,411,0.00865870826496912,0.13287283751341858,0.0023068236495357975,0.0012108614558866064
joint_minus_matrix_only,411,412,-0.0006731144749032515,0.13580508275625316,0.0022995907900104596,0.001210001794999118
joint_minus_matrix_only,412,413,-0.00436277470270412,0.09998963522692712,0.00228345915443488,0.0012044299243698664
joint_minus_matrix_only,413,414,0.01615237294206746,0.17339080856657074,0.002316958946192447,0.0012250587531592249
joint_minus_matrix_only,414,415,5.3003228042010006e-05,0.07378488463940437,0.0023115036312089513,0.0012251264456599167
joint_minus_matrix_only,415,416,0.06984153327141907,0.37793708478995647,0.0024738354332286875,0.0013143238061598137
joint_minus_matrix_only,416,417,0.003693008616718308,0.019363927547009,0.002476759109927703,0.0013190402922603477
joint_minus_matrix_only,417,418,1.7401975463053514e-05,7.882017426609779e-05,0.0024708754804194143,0.001319062517005511
joint_minus_matrix_only,418,419,1.3809291016100996e-06,2.0377408181992844e-06,0.0024649816986740264,0.0013190642806442108
joint_minus_matrix_only,419,420,1.3823648761532744e-06,1.8898588367347313e-06,0.002459115985974507,0.0013190660461165936
joint_minus_matrix_only,420,421,1.5800971496656312e-06,2.4851389793284266e-06,0.0024532786085663724,0.0013190680641206164
joint_minus_matrix_only,421,422,2.4080442753369107e-05,0.00012908655568028249,0.0024475222148085214,0.001319098818198207
joint_minus_matrix_only,422,423,-0.00010667235000137243,0.0006417155933949113,0.0024414839297853307,0.0013189625827575925
joint_minus_matrix_only,423,424,0.006434898004636075,0.029048771153583737,0.002450902359207148,0.0013271808432999115
joint_minus_matrix_only,424,425,0.012704754892753923,0.08371118480479936,0.0024750290710507878,0.0013434065839036844
joint_minus_matrix_only,425,426,0.030578362874911794,0.12380653378462927,0.002540999338196001,0.0013824594100529967
joint_minus_matrix_only,426,427,0.0941724125697809,0.48028064134054743,0.0027555928118062705,0.001502730690474173
joint_minus_matrix_only,427,428,0.018631904420598353,0.10266324912465745,0.0027926869978081212,0.001526526226132664
joint_minus_matrix_only,428,429,0.00919694404833429,0.167881665064027,0.0028076153359212356,0.0015382720039721711
joint_minus_matrix_only,429,430,0.04621798657654153,0.20042899875554526,0.0029085696876436085,0.0015972988067519177
joint_minus_matrix_only,430,431,-0.0077513809672901494,0.0644310387030783,0.0028838366234790287,0.0015873992142011
joint_minus_matrix_only,431,432,0.025981489697349626,0.08003881296213634,0.0029373034130018775,0.0016205811933803463
joint_minus_matrix_only,432,433,0.009063446409983762,0.07296240405278477,0.0029514515492535674,0.0016321564761517173
joint_minus_matrix_only,433,434,-0.006159160454385127,0.15397814834907506,0.0029304593556967965,0.0016242903708459894
joint_minus_matrix_only,434,435,0.04713179019089436,0.17091323831531277,0.0030320716104903548,0.001684484228050197
joint_minus_matrix_only,435,436,0.030795568975631793,0.1283304214121881,0.0030957493567406787,0.0017238144566269935
joint_minus_matrix_only,436,437,-0.010064053295221267,0.1925601683804986,0.003065635391862047,0.0017109612595705165
joint_minus_matrix_only,437,438,-0.017257935219976005,0.1283547432402488,0.0030192345457162985,0.0016889204738489638
joint_minus_matrix_only,438,439,-0.012998788169871964,0.15120577964776055,0.002982747022446165,0.0016723192118184758
joint_minus_matrix_only,439,440,0.037213762854853574,0.14749639155057714,0.003060544785701637,0.0017198463674440872
joint_minus_matrix_only,440,441,0.007214702541330855,0.13113610437950982,0.0030699646445579393,0.0017290605469349313
joint_minus_matrix_only,441,442,-0.0129989464109376,0.0822711436609253,0.00303360964216994,0.0017124590828085742
joint_minus_matrix_only,442,443,-0.0010484130014372674,0.004007407822741692,0.0030243951441031067,0.0017111201134580795
joint_minus_matrix_only,443,444,0.009814784209042443,0.0590980124907593,0.0030396888131682853,0.0017236549591912115
joint_minus_matrix_only,444,445,0.004651673840639411,0.026020227912167546,0.003043311251432265,0.0017295957942367278
joint_minus_matrix_only,445,446,0.0016097231916775635,0.009100986457444137,0.0030400969284283307,0.0017316516348391258
joint_minus_matrix_only,446,447,6.013936643449138e-07,4.271517103334053e-06,0.00303329716213132,0.0017316524029025542
joint_minus_matrix_only,447,448,1.058626136277852e-06,2.0867458563949462e-06,0.003026528772542045,0.0017316537549154998
joint_minus_matrix_only,448,449,1.2245720153359942e-06,2.454953647694882e-06,0.0030197909012713844,0.0017316553188644337
joint_minus_matrix_only,449,450,9.43117603464812e-06,3.873112870070147e-05,0.0030131012129930804,0.0017316673637891267
joint_minus_matrix_only,450,451,-2.3008979777605318e-05,0.00012021935251425219,0.003006369261346139,0.0017316379781189125
joint_minus_matrix_only,451,452,-0.008740490502956739,0.035789356110282056,0.0029803806335490083,0.0017204751549989169
joint_minus_matrix_only,452,453,-0.00416111132865603,0.04929365617122257,0.0029646157506302336,0.0017151608365715146
joint_minus_matrix_only,453,454,0.001310903929117238,0.0214200830615547,0.0029609732135784435,0.0017168350433775395
joint_minus_matrix_only,454,455,-0.010867351748224605,0.03255762698647631,0.0029305812905854696,0.0017029559223708667
joint_minus_matrix_only,455,456,0.005223816657378342,0.15861997475318587,0.0029356103155126463,0.0017096274634403152
joint_minus_matrix_only,456,457,0.05226075957979094,0.18573659370473705,0.0030435428084322922,0.0017763717285486048
joint_minus_matrix_only,457,458,-0.017413738214659545,0.06911432449435913,0.002998876255980127,0.0017541319607137908
joint_minus_matrix_only,458,459,0.017708185034926896,0.22342489723254255,0.003030922680335131,0.0017767477781274906
joint_minus_matrix_only,459,460,-0.0020165965812293588,0.10952839463382777,0.0030199498123752084,0.0017741723035665335
joint_minus_matrix_only,460,461,0.010615795977363654,0.10569370476569001,0.0030364267021040334,0.0017877301528351972
joint_minus_matrix_only,461,462,0.0015034933041272736,0.16353912420640795,0.0030331086644460746,0.0017896503230831245
joint_minus_matrix_only,462,463,-0.0009027079144972375,0.13189575388835276,0.003024607980690258,0.0017884974394119918
joint_minus_matrix_only,463,464,0.014222679544154,0.18891580607283795,0.003048741755611516,0.0018066617811031205
joint_minus_matrix_only,464,465,-0.03527393251878232,0.17877496177712976,0.002966327402333249,0.0017616120588569103
joint_minus_matrix_only,465,466,-0.009014831132811107,0.04868071840496886,0.002940616761699892,0.0017500988645621325
joint_minus_matrix_only,466,467,-0.02954731321370353,0.0856347642120701,0.0028710494598253667,0.0017123628323607234
joint_minus_matrix_only,467,468,-0.005503166983293104,0.1948790134884333,0.002853155834946909,0.0017053345220372329
joint_minus_matrix_only,468,469,0.008056478638804335,0.1628054892636234,0.0028642503398591847,0.0017156237667866636
joint_minus_matrix_only,469,470,-0.0005626227299699296,0.017317211755832108,0.0028569591205616757,0.001714905219238809
joint_minus_matrix_only,470,471,0.009595465677212648,0.0740987842232792,0.00287126592853758,0.0017271599646758624
joint_minus_matrix_only,471,472,0.009513018093445727,0.042032916071609173,0.0028853374373615384,0.0017393094130710679
joint_minus_matrix_only,472,473,-0.0056200628952565845,0.0317959677655716,0.0028673556184765107,0.0017321318103951336
joint_minus_matrix_only,473,474,0.0007721151748425084,0.004366570926357481,0.002862935279987831,0.0017331179089581504
joint_minus_matrix_only,474,475,9.093908648012318e-07,1.609445758260023e-06,0.0028569099623265196,0.0017331190703768797
joint_minus_matrix_only,475,476,1.0335238622464183e-06,1.6513283134006503e-06,0.0028509102219095783,0.001733120390330727
joint_minus_matrix_only,476,477,1.3727637965807133e-06,3.2468497813196898e-06,0.0028449363488317727,0.001733122143541195
joint_minus_matrix_only,477,478,2.3556251176730857e-06,1.2428697605833714e-05,0.0028389895272340443,0.0017331251520023923
joint_minus_matrix_only,478,479,-3.6024127601920666e-06,0.00010168553434305953,0.0028330550972966873,0.0017331205512198125
joint_minus_matrix_only,479,480,0.001608774303946599,0.010607029326083572,0.002830504512310541,0.001735175179960485
joint_minus_matrix_only,480,481,0.007308655451340566,0.049724768309338176,0.0028398145974228694,0.001744509350396424
joint_minus_matrix_only,481,482,-0.004552982349594155,0.052596599617924136,0.0028244768444207597,0.0017386945581236348
joint_minus_matrix_only,482,483,0.002610189484689565,0.1197200467912885,0.0028240331852908817,0.0017420281334552948
joint_minus_matrix_only,483,484,0.0018638800643132037,0.045472212559482604,0.0028220493978508444,0.001744408567764762
joint_minus_matrix_only,484,485,0.0531353615279386,0.1265215728775411,0.002925788185747933,0.0018122698213125766
joint_minus_matrix_only,485,486,0.06689577063575583,0.3584491001506605,0.00305741366404013,0.0018977050328524946
joint_minus_matrix_only,486,487,-0.021873840277205982,0.0676198153315466,0.0030062201241197067,0.0018697690938011457
joint_minus_matrix_only,487,488,0.04909832892887866,0.19611780166684165,0.0031006711667524098,0.0019324744947320255
joint_minus_matrix_only,488,489,0.0522838117649876,0.1873263420791754,0.0032012501863807026,0.001999248200689864
joint_minus_matrix_only,489,490,0.009235969490142685,0.06185184763594691,0.0032135659400618494,0.0020110438194512214
joint_minus_matrix_only,490,491,0.02922807241055207,0.23083634497238031,0.0032665486416310757,0.0020483721367060767
joint_minus_matrix_only,491,492,0.034598261372517335,0.11980930822206479,0.0033302309845800316,0.0020925589328395604
joint_minus_matrix_only,492,493,0.004468470873430639,0.08770686759069908,0.003332539787600013,0.0020982657921926003
joint_minus_matrix_only,493,494,0.06793179774390581,0.27685591414860167,0.003463307516256502,0.0021850241545730677
joint_minus_matrix_only,494,495,-0.006152194941317247,0.07959587696582124,0.0034438822587664546,0.002177166945197184
joint_minus_matrix_only,495,496,0.01597290399873225,0.06879384481577222,0.003469142383242192,0.002197566567162359
joint_minus_matrix_only,496,497,-0.02297712461160474,0.20357379191893968,0.0034159305784235866,0.002168221580429786
joint_minus_matrix_only,497,498,0.010982114970847414,0.041845050854588284,0.003431123719773835,0.0021822472700477264
joint_minus_matrix_only,498,499,0.04306885243266219,0.2947451130287117,0.0035105580458517677,0.002237252190140526
joint_minus_matrix_only,499,500,0.01798170277628603,0.10173711353429872,0.0035395003353126367,0.002260217327785847
joint_minus_matrix_only,500,501,-0.0010710032531868565,0.006039517947786508,0.0035302977333395835,0.0022588495075391204
joint_minus_matrix_only,501,502,-0.06500294407895071,0.3676758631297928,0.0033937773313230685,0.0021758316990091705
joint_minus_matrix_only,502,503,3.0799660616300313e-06,1.472694152685392e-05,0.003387036382286764,0.002175835632554588
joint_minus_matrix_only,503,504,5.111342981090395e-07,1.399103732128413e-06,0.003380317086159802,0.0021758362853442404
joint_minus_matrix_only,504,505,4.1791652402997254e-07,1.6087578438603068e-06,0.003373624216516959,0.002175836819081819
joint_minus_matrix_only,505,506,4.7498490499724014e-07,5.053988218209064e-06,0.003366957913687686,0.0021758374257036645
joint_minus_matrix_only,506,507,6.624152102186189e-05,0.00037104920657558116,0.0033604476249447556,0.0021759220253473707
joint_minus_matrix_only,507,508,-0.003805151689378097,0.023068054292925452,0.0033463421144834904,0.0021710623169318177
joint_minus_matrix_only,508,509,0.0031018583045065717,0.011436194501955745,0.0033458617926564235,0.0021750238217907018
joint_minus_matrix_only,509,510,0.00990587112489337,0.03553959150736892,0.0033587245560529667,0.002187674998195419
joint_minus_matrix_only,510,511,0.013409001556808098,0.24327009936580035,0.003378392417111196,0.0022048001598260806
joint_minus_matrix_only,511,512,0.0017308875024171187,0.11781988416077373,0.0033751746340746833,0.002207010744120355
joint_minus_matrix_only,512,513,-0.034227191706009887,0.21587108572695685,0.003301875674347423,0.0021632978556069323
joint_minus_matrix_only,513,514,0.09625445565019919,0.5361952513070027,0.0034827172696311813,0.0022862281948792173
joint_minus_matrix_only,514,515,0.10649648613517003,0.6610219052341395,0.0036827440052924223,0.002422239032855169
joint_minus_matrix_only,515,516,0.12323887904702213,0.6436482624917752,0.003914441941419806,0.0025796322372574967
joint_minus_matrix_only,516,517,0.04600975073787728,0.2175757209240047,0.0039958642021479624,0.0026383930938831375
joint_minus_matrix_only,517,518,-0.005663299244788252,0.15772638872352593,0.00397721716846662,0.0026311602723699985
joint_minus_matrix_only,518,519,0.1534525941177371,0.37800774374291685,0.004265223675112613,0.002827140596913724
joint_minus_matrix_only,519,520,0.05216724216313011,0.19619444152086238,0.004357342941435722,0.0028937654272625487
joint_minus_matrix_only,520,521,0.02095927807284803,0.12948590602786206,0.004389208459922119,0.0029205333430643984
joint_minus_matrix_only,521,522,0.021529799808056915,0.22750942154937007,0.004422044841815097,0.0029480298945433977
joint_minus_matrix_only,522,523,0.14771474145049374,0.4997196675051406,0.004696027053303967,0.0031366821824750637
joint_minus_matrix_only,523,524,0.032392714238456695,0.24740527455692807,0.0047488833265580755,0.0031780521878881627
joint_minus_matrix_only,524,525,-0.03314147741210141,0.17519487639012735,0.00467671121086539,0.003135725907668365
joint_minus_matrix_only,525,526,0.008598510275874948,0.04760012397340074,0.0046841671026239635,0.0031467074022735694
joint_minus_matrix_only,526,527,-8.037238495478963e-05,0.0004686233589347111,0.0046751262307310245,0.003146604755549489
joint_minus_matrix_only,527,528,-0.0001425482210930568,0.0008007981509568384,0.004666001847299539,0.0031464227016272752
joint_minus_matrix_only,528,529,0.00019197248702344715,0.0010923026030213434,0.004657544324879357,0.0031466678772173436
joint_minus_matrix_only,529,530,-0.0008505915301287147,0.004808787676687341,0.004647151615718966,0.0031455815534240763
joint_minus_matrix_only,530,531,2.264946336902697e-06,7.046804111726303e-06,0.004638404183196589,0.0031455844460758476
joint_minus_matrix_only,531,532,1.0845864026157582e-06,1.9196061261357766e-06,0.004629687417037202,0.003145585831243667
joint_minus_matrix_only,532,533,7.246354158934366e-07,1.6490401347973383e-06,0.004621002683863428,0.0031455867567039683
joint_minus_matrix_only,533,534,-1.775759253142588e-06,1.3072007828009655e-05,0.004612345795393172,0.0031455844888122015
joint_minus_matrix_only,534,535,1.2585306863133256e-05,5.3807884377174474e-05,0.004603748112237041,0.0031456005620010435
joint_minus_matrix_only,535,536,-0.010000287271364323,0.05141792845174366,0.004576501777566143,0.003132828803033784
joint_minus_matrix_only,536,537,0.013057495045695717,0.17882593565689806,0.004592295061119456,0.003149505041917175
joint_minus_matrix_only,537,538,0.005344759873636706,0.026818807465555716,0.004593693694599972,0.0031563310443100704
joint_minus_matrix_only,538,539,0.02437587384568497,0.1986299786819016,0.00463039532753334,0.0031874624285318904
joint_minus_matrix_only,539,540,0.00037961369668579933,0.06372207940779172,0.004622523509698437,0.0031879472480678874
joint_minus_matrix_only,540,541,0.0073441152633364135,0.05261558447581903,0.004627554178374293,0.003197326705620041
joint_minus_matrix_only,541,542,0.10813268536000505,0.6136572449885618,0.004818523055093169,0.003335427197778413
joint_minus_matrix_only,542,543,0.011478245148098963,0.06118457088732286,0.004830787736664082,0.0033500865146980797
joint_minus_matrix_only,543,544,0.0025423412302943713,0.041703546887700706,0.0048265810335273735,0.0033533334383638457
joint_minus_matrix_only,544,545,0.04431279888343371,0.15956559783160232,0.00489903280939876,0.003409927051241794
joint_minus_matrix_only,545,546,0.0042621721614494856,0.15057809990239032,0.00489786639795563,0.0034153704384211675
joint_minus_matrix_only,546,547,0.04107780795468967,0.47186307679920003,0.004964008887090427,0.0034678325175459307
joint_minus_matrix_only,547,548,0.06686505794436914,0.43903684296466305,0.005076967005808089,0.0035532285047034902
joint_minus_matrix_only,548,549,-0.033833873357376136,0.18622499302306625,0.005006091158152016,0.0035100179384744017
joint_minus_matrix_only,549,550,0.0666710587609213,0.23476093327047381,0.005118209281066141,0.003595166161668426
joint_minus_matrix_only,550,551,-0.010360092178505835,0.0498865751871084,0.0050901179898509485,0.0035819348817469634
joint_minus_matrix_only,551,552,0.0076876501507046726,0.0363753497182372,0.005094823664055393,0.0035917530811731507
joint_minus_matrix_only,552,553,0.010453279929215476,0.21274931571689643,0.0051045134583866045,0.003605103374824767
joint_minus_matrix_only,553,554,0.009220077751891397,0.0332389535360889,0.0051119422748008726,0.003616878697624117
joint_minus_matrix_only,554,555,0.0018365470676130929,0.010325904063778844,0.005106040661814949,0.0036192242238918225
joint_minus_matrix_only,555,556,4.773609967014812e-05,0.00027604463448478223,0.005096942991739149,0.003619285189536356
joint_minus_matrix_only,556,557,-0.0006327256383008359,0.003570672583722985,0.005086656333516456,0.0036184771108156654
joint_minus_matrix_only,557,558,-0.00014817169949104037,0.0008323918540985137,0.005077274921270924,0.0036182878749287046
joint_minus_matrix_only,558,559,2.608529572242826e-07,2.0891161897204856e-06,0.0050681926063007735,0.0036182882080742435
joint_minus_matrix_only,559,560,5.972128072303478e-07,1.8732670649588801e-06,0.005059143328812392,0.0036182889707981345
joint_minus_matrix_only,560,561,7.627801034453331e-07,2.2807791128051614e-06,0.0050501266076916984,0.003618289944974512
joint_minus_matrix_only,561,562,6.714555471982727e-07,5.078378735526519e-06,0.005041141812047313,0.0036182908025167177
joint_minus_matrix_only,562,563,3.7223727517737787e-06,1.3685022457717245e-05,0.005032194353007712,0.0036182955565049065
joint_minus_matrix_only,563,564,-0.014060150454362156,0.05701523166737609,0.00499834267781734,0.0036003387870868196
joint_minus_matrix_only,564,565,0.0023327429109004758,0.023820204912492652,0.004993624802123682,0.00360331802452092
joint_minus_matrix_only,565,566,0.024566363343378042,0.1121100389938523,0.00502820561226724,0.003634692690348989
joint_minus_matrix_only,566,567,0.06527282342233627,0.3140753665960163,0.005134457142796462,0.003718055172369852
joint_minus_matrix_only,567,568,0.003932431539728808,0.11105256196930122,0.005132340900537541,0.003723077434872699
joint_minus_matrix_only,568,569,0.018134552672789208,0.0922390708949571,0.005155191887834996,0.003746237783113809
joint_minus_matrix_only,569,570,0.08058699181820023,0.3547952935182201,0.005287528378940899,0.003849158590033605
joint_minus_matrix_only,570,571,-0.03528430511835605,0.19271059007883376,0.00521647437982129,0.0038040956205337892
joint_minus_matrix_only,571,572,0.06172984435915517,0.3988427679926195,0.005315273977687259,0.0038829332250793257
joint_minus_matrix_only,572,573,0.07281863262870247,0.2917669040114017,0.005433080886327773,0.003975932755895037
joint_minus_matrix_only,573,574,-0.016795148423260155,0.10392035096975245,0.00539435574815776,0.003954483013336596
joint_minus_matrix_only,574,575,0.05191233243033637,0.19594971789160184,0.005475256577170245,0.004020782288471125
joint_minus_matrix_only,575,576,0.04446801392557841,0.21250535400387963,0.005542952336455675,0.004077574132565094
joint_minus_matrix_only,576,577,0.031558068259801855,0.16024394916429116,0.00558803919247534,0.004117878178873909
joint_minus_matrix_only,577,578,-0.011373768518537365,0.06449543150691488,0.005558693504394002,0.004103352293154194
joint_minus_matrix_only,578,579,-0.007035404379043641,0.07162002085239329,0.005536942040001191,0.00409436710237636
joint_minus_matrix_only,579,580,0.029962278378325106,0.21666733257890083,0.005579054688860371,0.0041326331028595335
joint_minus_matrix_only,580,581,-0.00301480110014888,0.044863449386606594,0.005564263198689959,0.0041287827821696885
joint_minus_matrix_only,581,582,-0.001147467546644791,0.006299373320468527,0.005552731015278731,0.004127317306375762
joint_minus_matrix_only,582,583,-2.5522400626076574e-06,1.456335954003225e-05,0.005543202227533719,0.004127314046809908
joint_minus_matrix_only,583,584,-9.241095257075333e-06,4.2231301788597573e-05,0.005533694619104284,0.00412730224464483
joint_minus_matrix_only,584,585,-4.862621469953276e-07,5.017475740927542e-06,0.005524234480845735,0.004127301623620377
joint_minus_matrix_only,585,586,4.137329272463899e-07,2.5475027774326432e-06,0.005514808165576248,0.004127302152014919
joint_minus_matrix_only,586,587,9.018413967200432e-07,1.8343338721177706e-06,0.005505414798754819,0.004127303303791927
joint_minus_matrix_only,587,588,9.979030203797225e-07,1.8182902595304884e-06,0.00549605354553078,0.004127304578252999
joint_minus_matrix_only,588,589,1.0148452179620135e-06,1.807892801581199e-06,0.005486724108009027,0.004127305874351618
joint_minus_matrix_only,589,590,2.077242320603037e-06,2.1252267048273393e-05,0.005477428096372266,0.00412730852727923
joint_minus_matrix_only,590,591,-2.764046692939942e-06,2.52476282377695e-05,0.005468155351629347,0.004127304997206825
joint_minus_matrix_only,591,592,0.07436110102206646,0.41605023782753225,0.005584528570667249,0.004222274474885072
joint_minus_matrix_only,592,593,-0.0012204573683663117,0.015959781888624316,0.005573053046318118,0.004220715780928026
joint_minus_matrix_only,593,594,0.0027056408114475793,0.08935520443853787,0.0055682257529934215,0.0042241712608915615
joint_minus_matrix_only,594,595,-0.003802925729363989,0.10008881791047912,0.00555247591856929,0.004219314395336817
joint_minus_matrix_only,595,596,0.013402526883595023,0.07714609141641657,0.005565647145020677,0.004236431287908459
joint_minus_matrix_only,596,597,0.022992564707839943,0.14658669982713637,0.005594837961708816,0.004265795993793312
joint_minus_matrix_only,597,598,0.04439739193471348,0.3301111982042571,0.0056597251757104965,0.004322497643773789
joint_minus_matrix_only,598,599,0.02437555392375889,0.13121527467321842,0.005690970298829108,0.0043536286194107736
joint_minus_matrix_only,599,600,-0.031417691494720845,0.27917295101439354,0.005629122529173191,0.00431350385377256
joint_minus_matrix_only,600,601,-0.010993230054208512,0.17138468912881977,0.005601464704575218,0.004299463968645857
joint_minus_matrix_only,601,602,-0.056724459728252886,0.17902210962938975,0.005497933268640288,0.0042270189370644355
joint_minus_matrix_only,602,603,-0.007376432101071645,0.1320483785406175,0.0054765827456391076,0.004217598206411727
joint_minus_matrix_only,603,604,0.005519806131390808,0.10199170076852034,0.005476654307536047,0.004224647767243643
joint_minus_matrix_only,604,605,0.008010212808452745,0.11309293981001281,0.005480842007537561,0.004234877924087133
joint_minus_matrix_only,605,606,0.07510963568749177,0.4660461433232066,0.005595741007009433,0.00433080338473527
joint_minus_matrix_only,606,607,-0.01484766257633443,0.05325978420132582,0.005562061594186791,0.004311840852709301
joint_minus_matrix_only,607,608,-0.018799159732049778,0.051681980800091246,0.005521993795952851,0.004287831708734781
joint_minus_matrix_only,608,609,-0.008669097840675327,0.08322471700696145,0.0054986915108352335,0.00427676006398296
joint_minus_matrix_only,609,610,8.340170286278781e-05,0.0005195839913789258,0.005489813986559869,0.004276866579567714
joint_minus_matrix_only,610,611,-4.412855654597851e-06,3.895076329086986e-05,0.005480821798602071,0.004276860943736738
joint_minus_matrix_only,611,612,-6.6302761963989656e-06,1.35175770723059e-05,0.00547185537364325,0.004276852475951046
joint_minus_matrix_only,612,613,-3.755448729737568e-07,2.6868489476048243e-06,0.005462928406402603,0.004276851996327964
joint_minus_matrix_only,613,614,5.588245849294836e-07,2.7194597987433735e-06,0.0054540320390055064,0.004276852710024752
joint_minus_matrix_only,614,615,4.5150470050315826e-07,1.860782004215476e-06,0.005445164428380621,0.004276853286659108
joint_minus_matrix_only,615,616,6.028000294792992e-07,1.6139278125930279e-06,0.005436325854308622,0.0042768540565186605
joint_minus_matrix_only,616,617,6.089597573198094e-07,1.8404564949342057e-06,0.005427515940379041,0.004276854834245043
joint_minus_matrix_only,617,618,-3.693158032016616e-07,5.453164991431268e-06,0.005418732954527614,0.00427685436257735
joint_minus_matrix_only,618,619,2.104614515819469e-06,2.627450651895134e-05,0.005409982343315963,0.004276857050463066
joint_minus_matrix_only,619,620,-0.05427966112257855,0.30705611195160587,0.005313708724822585,0.00420753436703704
joint_minus_matrix_only,620,621,-0.011412150813017668,0.06930625718955266,0.005286774973553921,0.004192959461784144
joint_minus_matrix_only,621,622,0.00862117089899766,0.0356943628407766,0.005292135738707368,0.00420396989715962
joint_minus_matrix_only,622,623,0.015304249959183912,0.10876599631222958,0.005308206548050026,0.004223515554834184
joint_minus_matrix_only,623,624,0.008856993262510816,0.05594744883323864,0.005313893706246278,0.004234827168196268
joint_minus_matrix_only,624,625,-0.005676201126211409,0.04541268903950969,0.005296309554514345,0.004227577869184503
joint_minus_matrix_only,625,626,-0.021305500811886088,0.12772164880536524,0.005253814649775685,0.0042003677787478665
joint_minus_matrix_only,626,627,0.09142645217881572,0.5209191001957727,0.005391251073266978,0.004317132085489649
joint_minus_matrix_only,627,628,0.06492811821194475,0.49175089949982553,0.005486055001831752,0.00440005433097106
joint_minus_matrix_only,628,629,0.09177950332144186,0.49743317234765466,0.005623246493595838,0.004517269533169581
joint_minus_matrix_only,629,630,-0.013543532245018019,0.14264004147251663,0.005592823035280578,0.004499972557122304
joint_minus_matrix_only,630,631,-0.0048102558364530035,0.02939280241369051,0.005576336380967213,0.004493829190792224
joint_minus_matrix_only,631,632,0.002096656438850906,0.13082246606015221,0.005570830558273991,0.004496506912936351
joint_minus_matrix_only,632,633,0.028394070904645047,0.17477292770254663,0.005606886230227183,0.004532770094168336
joint_minus_matrix_only,633,634,-0.012968328247108592,0.05179419524748347,0.005577587784679335,0.004516207733699487
joint_minus_matrix_only,634,635,-0.006260708353084407,0.032566401020124675,0.005558944798635613,0.0045082119375908225
joint_minus_matrix_only,635,636,0.006717249556709283,0.045676143610733966,0.0055607660325319545,0.004516790800370783
joint_minus_matrix_only,636,637,0.0010153540063686124,0.009414148154625301,0.0055536303778597985,0.004518087548782493
joint_minus_matrix_only,637,638,1.4489236631070112e-05,6.866737410340036e-05,0.005544948338453484,0.004518106053554691
joint_minus_matrix_only,638,639,1.955595705788893e-06,1.6220214795606886e-05,0.005536273858417885,0.004518108551122642
joint_minus_matrix_only,639,640,-3.123801231666011e-06,1.128700767227003e-05,0.005527618549574682,0.00451810456159361
joint_minus_matrix_only,640,641,-9.578612342635367e-08,8.423495699734509e-06,0.005518994970267822,0.004518104439261397
joint_minus_matrix_only,641,642,1.320364933672383e-06,7.53200473314104e-06,0.005510400461536772,0.004518106125551223
joint_minus_matrix_only,642,643,5.114821751085412e-07,1.9080673443618704e-06,0.00550183142735425,0.004518106778785162
joint_minus_matrix_only,643,644,1.047759626081563e-06,3.3822998170287943e-06,0.005493289837808088,0.004518108116920062
joint_minus_matrix_only,644,645,2.9615397497532184e-07,1.7136821500978455e-06,0.0054847735685308275,0.004518108495149916
joint_minus_matrix_only,645,646,4.219214321045216e-07,1.5931726474966182e-06,0.005476283860098785,0.0045181090340023185
joint_minus_matrix_only,646,647,9.13378276968299e-06,4.930683296365532e-05,0.005467833859979267,0.004518120699114413
joint_minus_matrix_only,647,648,1.2674377358281883e-05,7.22528667062997e-05,0.005459415403987568,0.004518136886058677
joint_minus_matrix_only,648,649,0.010391164602793889,0.058746894547373106,0.00546701440121223,0.004531407849791491
joint_minus_matrix_only,649,650,0.003652315736321321,0.02227216941948136,0.005464222557112398,0.004536072365418977
joint_minus_matrix_only,650,651,0.010837111582662443,0.05760220641584093,0.005472475842865932,0.0045499128655245484
joint_minus_matrix_only,651,652,0.011526492146475458,0.0690374611991532,0.0054817611439450875,0.004564633800577519
joint_minus_matrix_only,652,653,0.021384468895287407,0.13423793328895398,0.005506114448311615,0.004591944744249661
joint_minus_matrix_only,653,654,0.023223414189007186,0.209469667059202,0.005533205120697999,0.004621604277058098
joint_minus_matrix_only,654,655,0.02426317871254501,0.3065928445156046,0.005561800500227536,0.004652591733906815
joint_minus_matrix_only,655,656,0.07820358854502307,0.25499532065485225,0.005672534933222651,0.004752468603057547
joint_minus_matrix_only,656,657,-0.008941768529406011,0.0783122335188079,0.0056502909401288486,0.004741048719878229
joint_minus_matrix_only,657,658,-0.0048752033295433065,0.04940310702263065,0.005634294748229651,0.00473482240655825
joint_minus_matrix_only,658,659,0.03340872186614933,0.2061769889602445,0.005676441071625584,0.0047774899951484795
joint_minus_matrix_only,659,660,0.04291778137586916,0.1867280450632392,0.005732867344813831,0.004832301976471429
joint_minus_matrix_only,660,661,0.06523300695001272,0.2356024783451172,0.005822882684609895,0.004915613607314356
joint_minus_matrix_only,661,662,0.009037030224177772,0.052411481544163155,0.005827737892373594,0.004927155152939105
joint_minus_matrix_only,662,663,0.006484107247046201,0.09038171589744202,0.005828727891400249,0.004935436260534311
joint_minus_matrix_only,663,664,0.010551589289769644,0.04129078041458942,0.0058358406344700825,0.004948912108924821
joint_minus_matrix_only,664,665,-0.010275056110299764,0.054081254091254256,0.005811613722071932,0.004935789431900172
joint_minus_matrix_only,665,666,-1.7989243697766983e-06,3.289037176341481e-05,0.005802884874254452,0.004935787134423327
joint_minus_matrix_only,666,667,2.8612577025625897e-06,1.853627862471762e-05,0.005794189186673415,0.004935790788647724
joint_minus_matrix_only,667,668,-4.1305937008464677e-07,1.9891950346912614e-06,0.0057855146324128715,0.004935790261113408
joint_minus_matrix_only,668,669,6.284721021358284e-07,1.9025928856451152e-06,0.005776867567898206,0.00493579106375977
joint_minus_matrix_only,669,670,5.747842037324909e-07,1.3689026639442712e-06,0.005768246235385229,0.004935791797839213
joint_minus_matrix_only,670,671,3.7145131020981207e-07,1.2198461611036904e-06,0.005759650296809857,0.004935792272234245
joint_minus_matrix_only,671,672,3.9154600059226786e-07,1.2410915515146147e-06,0.0057510799712878185,0.004935792772292993
joint_minus_matrix_only,672,673,4.1557114293201324e-07,1.3786008506526248e-06,0.005742535150485226,0.004935793303035194
joint_minus_matrix_only,673,674,4.176927891858333e-07,1.5559358558524768e-06,0.00573401568838182,0.004935793836487032
joint_minus_matrix_only,674,675,3.894509144954664e-07,1.5434793540014886e-06,0.005725521427289276,0.004935794333870066
joint_minus_matrix_only,675,676,-1.573052051291021e-07,1.1283894294033843e-05,0.005717051488335882,0.0049357941329694205
joint_minus_matrix_only,676,677,0.0002977559957782382,0.0016994962400967877,0.005709046620547761,0.004936174408826098
joint_minus_matrix_only,677,678,0.004110481268289195,0.022337832381240978,0.00570668885454148,0.004941424065618293
joint_minus_matrix_only,678,679,0.00113451796589221,0.019903480251205283,0.005699955171347593,0.004942873002994911
joint_minus_matrix_only,679,680,0.015193311691658587,0.0588457043364577,0.005713915989759815,0.0049622769770583325
joint_minus_matrix_only,680,681,-0.024137154531121488,0.10912234128612813,0.005670081818657199,0.00493145047063289
joint_minus_matrix_only,681,682,0.05869503529603755,0.2062475911094841,0.005747831017304385,0.005006412201534598
joint_minus_matrix_only,682,683,-0.012887740008578395,0.12865540894307378,0.0057205461402533115,0.004989952763464894
joint_minus_matrix_only,683,684,0.023311390341954036,0.15621523101221738,0.00574626374873533,0.005019724654067645
joint_minus_matrix_only,684,685,0.08367852945112746,0.2747842393709749,0.005860033479687728,0.005126593784911996
joint_minus_matrix_only,685,686,-0.024016617391876598,0.0798654244140776,0.005816481510487196,0.005095921221193124
joint_minus_matrix_only,686,687,-0.011295407993984439,0.06723199045096989,0.005791573374381707,0.005081495412771689
joint_minus_matrix_only,687,688,0.021583746051320143,0.05937615801386873,0.005814527113737721,0.0051090608611130935
joint_minus_matrix_only,688,689,0.05701234121521472,0.1526361766221937,0.005888834536236237,0.005181873557428821
joint_minus_matrix_only,689,690,0.001559592838346943,0.012942531038949004,0.005882560272905962,0.0051838653745914605
joint_minus_matrix_only,690,691,0.005194692910818686,0.05854036012320735,0.005881564806390641,0.0051904997205822895
joint_minus_matrix_only,691,692,0.005012653004756307,0.02914857926728188,0.005880309153498105,0.005196901576271633
joint_minus_matrix_only,692,693,1.5908099169711957e-05,0.00011224784560660162,0.005871846814314371,0.005196921893128811
joint_minus_matrix_only,693,694,-1.0249026531237349e-05,5.575868329765037e-05,0.005863371171892402,0.005196908803695182
joint_minus_matrix_only,694,695,1.0780016512816224e-05,5.807137334007277e-05,0.005854950177424231,0.005196922571276936
joint_minus_matrix_only,695,696,1.9587213144228206e-06,9.904343732421607e-06,0.005846540706941314,0.0051969250728367234
joint_minus_matrix_only,696,697,1.203086941199888e-06,3.0161558344144055e-06,0.00583815428280932,0.005196926609346227
joint_minus_matrix_only,697,698,1.0520287589909218e-06,3.354983842451038e-06,0.005829791672130165,0.005196927952933404
joint_minus_matrix_only,698,699,1.0508276901299353e-06,3.5962344129810152e-06,0.005821452987088047,0.005196929294986647
joint_minus_matrix_only,699,700,1.1467350933566075e-06,3.5021115172678226e-06,0.005813138263870912,0.005196930759526997
joint_minus_matrix_only,700,701,9.520493472885345e-07,2.0458440314367934e-06,0.0058048469853908494,0.005196931975426546
joint_minus_matrix_only,701,702,7.717519052146794e-07,1.6244388511436734e-06,0.005796579071952836,0.0051969329610611625
joint_minus_matrix_only,702,703,-3.8528783321276256e-07,5.679695214046539e-06,0.005788333034456697,0.005196932468994965
joint_minus_matrix_only,703,704,-5.472380505114418e-08,4.715430251315674e-06,0.00578011089275462,0.005196932399105048
joint_minus_matrix_only,704,705,0.0013751846869255303,0.007804660458913326,0.005773862770476848,0.005198688701387201
joint_minus_matrix_only,705,706,0.0005874974827588726,0.0035618803177581778,0.005766516644006994,0.005199439017457136
joint_minus_matrix_only,706,707,-0.0033653078191768094,0.01903776878273903,0.0057536003434932965,0.0051951410508936915
joint_minus_matrix_only,707,708,-0.006881783001460554,0.037608215301142854,0.005735753756847881,0.005186352056000383
joint_minus_matrix_only,708,709,0.03449565530315645,0.21174561681930607,0.005776317792879346,0.005230407809899688
joint_minus_matrix_only,709,710,0.0035061347704218376,0.02162212642552004,0.0057731203520026446,0.005234885632084135
joint_minus_matrix_only,710,711,0.005113671939917847,0.031225801427894242,0.005772192857752175,0.005241416503016342
joint_minus_matrix_only,711,712,0.0670934893470941,0.3803672503025882,0.00585831827416979,0.0053271042288747005
joint_minus_matrix_only,712,713,0.025792887496249212,0.1386760345520347,0.005886276996781402,0.005360045336788174
joint_minus_matrix_only,713,714,0.030187789474963922,0.16959943192260257,0.005920312728543562,0.005398599346334743
joint_minus_matrix_only,714,715,-0.0076204804857125975,0.12601381009451326,0.005901374556215931,0.005388866931921316
joint_minus_matrix_only,715,716,0.023573074216875434,0.11295742295684032,0.005926055700993388,0.0054189730292608755
joint_minus_matrix_only,716,717,-0.0016820914106854207,0.0531230824906645,0.005915444617155621,0.005416824764368557
joint_minus_matrix_only,717,718,0.005127848476935937,0.025040888801720985,0.005914347686598213,0.005423373740712026
joint_minus_matrix_only,718,719,0.0022189673709003444,0.01255536122725992,0.005909208075588897,0.005426207670943062
joint_minus_matrix_only,719,720,-3.0355650105380905e-07,1.663864206845186e-05,0.0059010004205443285,0.005426207283259153
joint_minus_matrix_only,720,721,-4.175775033116558e-06,2.3330872092111764e-05,0.005892810162298034,0.0054262019502131316
joint_minus_matrix_only,721,722,1.3159713352121475e-06,4.903261644211966e-06,0.005884650198044623,0.005426203630891721
joint_minus_matrix_only,722,723,-4.148252858163838e-06,2.747878477540113e-05,0.005876505248596626,0.005426198332995351
joint_minus_matrix_only,723,724,-1.6657449366895405e-06,1.0476193199247759e-05,0.005868386227887325,0.005426196205607182
joint_minus_matrix_only,724,725,-3.602263754800053e-06,2.4224462056832774e-05,0.005860286933416094,0.005426191605014901
joint_minus_matrix_only,725,726,3.7258597862708716e-06,1.8015857698379333e-05,0.005852220044884924,0.0054261963634565195
joint_minus_matrix_only,726,727,3.4640273549196225e-06,1.5999939164449304e-05,0.005844174988464662,0.005426200787501672
joint_minus_matrix_only,727,728,2.5681435951138576e-06,1.1019139016431624e-05,0.005836150803238194,0.00542620406737855
joint_minus_matrix_only,728,729,1.5247092990324112e-06,4.860730886100849e-06,0.005828147200914545,0.005426206014644577
joint_minus_matrix_only,729,730,1.0150886221839557e-06,2.061114471435243e-06,0.00582016482815798,0.0054262073110540555
joint_minus_matrix_only,730,731,-1.988410263705032e-06,1.433734657557535e-05,0.005812200186244955,0.005426204771577347
joint_minus_matrix_only,731,732,-1.1689875068335826e-05,6.601183114132304e-05,0.005804244052281413,0.005426189841979559
joint_minus_matrix_only,732,733,-5.185705634900868e-05,0.00022072460328010745,0.00579625482839515,0.005426123613299674
joint_minus_matrix_only,733,734,0.010169714143290102,0.05806645031460928,0.005802213219832336,0.005439111753967988
joint_minus_matrix_only,734,735,0.017546894882733255,0.10008599236147268,0.005818192378557372,0.005461521581404429
joint_minus_matrix_only,735,736,0.011217806193639842,0.06585843517805948,0.005825528810371343,0.00547584828152402
joint_minus_matrix_only,736,737,0.011198237266674316,0.0638388303593706,0.005832818781139732,0.005490149989399722
joint_minus_matrix_only,737,738,0.0018346769043315943,0.010930545591476841,0.005827401244721292,0.005492493127208575
joint_minus_matrix_only,738,739,0.0003517323383671588,0.0025516191013719783,0.005819991679218783,0.005492942338368685
joint_minus_matrix_only,739,740,-0.0033257139318001506,0.018535001520667064,0.005807632617582271,0.005488694938711214
joint_minus_matrix_only,740,741,-0.0007389732375152002,0.0040125452861610724,0.00579879779186689,0.005487751167015793
joint_minus_matrix_only,741,742,0.017146009359790215,0.08829746947782732,0.0058140905298290505,0.005509649007832893
joint_minus_matrix_only,742,743,-0.0008613712945370124,0.004805446319771352,0.005805106059002178,0.005508548916779845
joint_minus_matrix_only,743,744,0.027343081131642064,0.15469807154643098,0.005834054950228846,0.00554346983776534
joint_minus_matrix_only,744,745,0.006220277502496619,0.03517517429795725,0.005834573369762092,0.0055514139980495
joint_minus_matrix_only,745,746,9.740202333774254e-06,4.227551005568176e-05,0.005826765282406289,0.005551426437643795
joint_minus_matrix_only,746,747,2.498644393266006e-06,1.0125581617999377e-05,0.005818968406050181,0.005551429628760518
joint_minus_matrix_only,747,748,3.941560272981959e-06,1.9307601334483876e-05,0.00581119430598898,0.005551434662681682
joint_minus_matrix_only,748,749,8.227064199450037e-07,4.820529882098196e-06,0.005803436800515591,0.005551435713392308
joint_minus_matrix_only,749,750,5.737088315768958e-07,3.434913193613391e-06,0.005795699649726678,0.005551436446098351
joint_minus_matrix_only,750,751,1.370668240256329e-06,6.632686190013226e-06,0.0057879841650642465,0.0055514381966325025
joint_minus_matrix_only,751,752,8.462196477570075e-07,2.7786998973816287e-06,0.005780288502902789,0.005551439277372793
joint_minus_matrix_only,752,753,1.220715431812534e-06,4.140687812914242e-06,0.0057726137780854305,0.005551440836396334
joint_minus_matrix_only,753,754,7.46797096145998e-07,1.949537055808251e-06,0.0057649587820894225,0.0055514417901601845
joint_minus_matrix_only,754,755,3.073188207917452e-07,1.2546085072242368e-06,0.005757323482138073,0.0055514421826491
joint_minus_matrix_only,755,756,4.182770709585077e-07,1.0907376891079675e-06,0.005749708528163118,0.005551442716847149
joint_minus_matrix_only,756,757,4.50475389252135e-07,1.091455943583218e-06,0.005742113735491025,0.005551443292166929
joint_minus_matrix_only,757,758,5.466971809436709e-07,1.0861747690434758e-06,0.0057345391087914085,0.005551443990375335
joint_minus_matrix_only,758,759,4.966488058970943e-07,1.0648188360925397e-06,0.005726984375642547,0.005551444624664998
joint_minus_matrix_only,759,760,4.889975835025901e-07,1.086643517484385e-06,0.005719449513302996,0.0055514452491829845
joint_minus_matrix_only,760,761,3.93639253517073e-07,1.0722352251546835e-06,0.0057119343281859785,0.005551445751915108
joint_minus_matrix_only,761,762,2.453419034478651e-07,1.2223348283032247e-06,0.005704438673348338,0.005551446065250873
joint_minus_matrix_only,762,763,2.261210933748266e-07,1.2894591581011078e-06,0.0056969626411697595,0.005551446354038986
joint_minus_matrix_only,763,764,2.715871724607671e-07,1.1541295462159948e-06,0.0056895062392666226,0.005551446700893614
joint_minus_matrix_only,764,765,3.493233634447938e-07,1.043862596830795e-06,0.005682069432840605,0.005551447147028177
joint_minus_matrix_only,765,766,3.6198904020116946e-07,1.0514452652246331e-06,0.005674652060198567,0.005551447609338573
joint_minus_matrix_only,766,767,2.9424872933436723e-07,1.0701985644595747e-06,0.005667253940496521,0.005551447985135162
joint_minus_matrix_only,767,768,3.317168254774112e-07,1.057564764143961e-06,0.005659875135517784,0.005551448408783727
joint_minus_matrix_only,768,769,4.353600454297031e-07,1.111898631207926e-06,0.005652515655965804,0.00555144896479911
joint_minus_matrix_only,769,770,1.3855853135504057e-06,5.936288096482786e-06,0.005645176526003917,0.00555145073438444
joint_minus_matrix_only,770,771,1.149093311315209e-06,4.1337701212018535e-06,0.005637856127258532,0.005551452201936562
joint_minus_matrix_only,771,772,7.754438539641696e-07,2.2948221919588e-06,0.005630554209274848,0.0055514531922863115
joint_minus_matrix_only,772,773,5.578856969505592e-07,1.382636824681248e-06,0.005623270902258576,0.005551453904784009
joint_minus_matrix_only,773,774,3.9667246155085115e-07,1.2655667676438086e-06,0.005616006206871241,0.005551454411389963
joint_minus_matrix_only,774,775,4.450807299516771e-07,1.2295208345697413e-06,0.005608760321547186,0.005551454979820012
joint_minus_matrix_only,775,776,4.940835412111856e-07,1.260758022619722e-06,0.005601533174333263,0.005551455610833476
joint_minus_matrix_only,776,777,4.974664948830926e-07,1.2521851073142703e-06,0.005594324634168734,0.005551456246167441
joint_minus_matrix_only,777,778,4.5685345881467477e-07,1.187063447442199e-06,0.005587134572753939,0.005551456829632905
joint_minus_matrix_only,778,779,6.118819232347679e-07,1.4397430014678669e-06,0.005579963170069948,0.005551457611091302
joint_minus_matrix_only,779,780,6.243304545834897e-07,2.2169149013840664e-06,0.00557281017155762,0.005551458408448204
joint_minus_matrix_only,780,781,1.039827878519512e-06,4.520725356436708e-06,0.00556567602259004,0.005551459736453156
joint_minus_matrix_only,781,782,1.2598564276168096e-06,5.291585298372222e-06,0.00555856040089418,0.005551461345465197
joint_minus_matrix_only,782,783,8.974762460407459e-07,2.793708145479627e-06,0.0055514624916673,0.0055514624916673
matrix_only_minus_fp16,0,1,0.0,0.0,0.0,0.0
matrix_only_minus_fp16,1,2,-3.6779997806153845e-10,0.0,-1.8389998903076922e-10,-4.697317727478142e-13
matrix_only_minus_fp16,2,3,-5.247393619260537e-10,0.0,-2.975131133291974e-10,-1.1398969859356222e-12
matrix_only_minus_fp16,3,4,-1.0719027526881013e-09,0.0,-4.911105231689234e-10,-2.5088660187429034e-12
matrix_only_minus_fp16,4,5,-1.899243263875159e-09,0.0,-7.727370713101705e-10,-4.9344640568976405e-12
matrix_only_minus_fp16,5,6,2.226729872175036e-09,0.0,-2.7282591406263606e-10,-2.0906200311313105e-12
matrix_only_minus_fp16,6,7,7.419359952756794e-09,0.0,8.260577811972826e-10,7.384935464088095e-12
matrix_only_minus_fp16,7,8,8.543806604015262e-09,0.0,1.79077638404953e-09,1.82965658651293e-11
matrix_only_minus_fp16,8,9,2.7832834944574153e-09,0.0,1.9010549518726282e-09,2.1851206343363544e-11
matrix_only_minus_fp16,9,10,1.1428901017013637e-09,0.0,1.8252384668555019e-09,2.3310836102879974e-11
matrix_only_minus_fp16,10,11,-3.2977844653662984e-09,0.0,1.3595091093807928e-09,1.909910626205456e-11
matrix_only_minus_fp16,11,12,8.503593172882615e-10,0.0,1.3170799600397485e-09,2.018513348719921e-11
matrix_only_minus_fp16,12,13,-1.7455195877497797e-09,0.0,1.0814953794405541e-09,1.795586198304879e-11
matrix_only_minus_fp16,13,14,-2.2928841249665647e-09,0.0,8.404682719829027e-10,1.5027529767254964e-11
matrix_only_minus_fp16,14,15,-3.1045203010409154e-09,0.0,5.774690337813148e-10,1.1062625168224422e-11
matrix_only_minus_fp16,15,16,-4.790284160965327e-09,0.0,2.419844591096497e-10,4.944765447962191e-12
matrix_only_minus_fp16,16,17,2.096463664744184e-09,0.0,3.510714712057988e-10,7.622241392718492e-12
matrix_only_minus_fp16,17,18,7.290696737908043e-09,0.0,7.366062082448124e-10,1.693347605160488e-11
matrix_only_minus_fp16,18,19,8.632650193164033e-09,0.0,1.152187470608982e-09,2.7958572083742856e-11
matrix_only_minus_fp16,19,20,9.804325733869571e-09,0.0,1.5847943837720114e-09,4.048006088817398e-11
matrix_only_minus_fp16,20,21,1.1730502182234196e-08,0.0,2.067923326555925e-09,5.5461545156672314e-11
matrix_only_minus_fp16,21,22,7.803175733872661e-09,0.0,2.328616617797595e-09,6.54272868346706e-11
matrix_only_minus_fp16,22,23,9.524249876088986e-09,0.0,2.6414702377233076e-09,7.759107977986727e-11
matrix_only_minus_fp16,23,24,9.181492155750346e-09,0.0,2.913971150974434e-09,8.931712340151522e-11
matrix_only_minus_fp16,24,25,2.5408245826483875e-09,0.0,2.8990452882413922e-09,9.256211009710703e-11
matrix_only_minus_fp16,25,26,-3.532249197549297e-09,0.0,2.6516878080186732e-09,8.805093615387677e-11
matrix_only_minus_fp16,26,27,-8.406717028988336e-09,0.0,2.2421172584998955e-09,7.731438822413432e-11
matrix_only_minus_fp16,27,28,-1.3882297164150363e-08,0.0,1.6662453148338147e-09,5.958476221627945e-11
matrix_only_minus_fp16,28,29,-1.987304381596479e-08,0.0,9.23511206875242e-10,3.420411877315711e-11
matrix_only_minus_fp16,29,30,-2.3286368788052295e-08,0.0,1.165152070443241e-10,4.464184177943452e-12
matrix_only_minus_fp16,30,31,-1.4016713191028623e-07,0.0,-4.408763732224403e-09,-1.745487556819368e-10
matrix_only_minus_fp16,31,32,-3.502214344157747e-07,0.0,-1.521540969108535e-08,-6.218302811171534e-10
matrix_only_minus_fp16,32,33,-8.370442580939334e-07,0.0,-4.0119314188141354e-08,-1.6908523221055742e-09
matrix_only_minus_fp16,33,34,-1.701025256614511e-06,0.0,-8.896948896538752e-08,-3.86329837142168e-09
matrix_only_minus_fp16,34,35,-2.459112672833748e-06,0.0,-1.566878656473407e-07,-7.0039275832144625e-09
matrix_only_minus_fp16,35,36,-1.9463202742788974e-06,0.0,-2.0639987699821726e-07,-9.489649517159415e-09
matrix_only_minus_fp16,36,37,1.265433963204912e-06,0.0,-1.666205840197543e-07,-7.873514187395798e-09
matrix_only_minus_fp16,37,38,1.3918032703281026e-06,0.0,-1.256094299579686e-07,-6.0959876607954116e-09
matrix_only_minus_fp16,38,39,1.7696615019237836e-06,0.0,-7.701273939689804e-08,-3.835883571493006e-09
matrix_only_minus_fp16,39,40,1.7017174518379596e-06,0.0,-3.2544484616026574e-08,-1.662553492517322e-09
matrix_only_minus_fp16,40,41,1.4964216261390592e-06,0.0,4.747371743853564e-09,2.4858523818390305e-10
matrix_only_minus_fp16,41,42,1.4207934497936575e-06,0.0,3.846275455456318e-08,2.0631362596317415e-09
matrix_only_minus_fp16,42,43,1.3215792504951544e-06,0.0,6.830267306480949e-08,3.750976937147903e-09
matrix_only_minus_fp16,43,44,1.182718670550496e-06,0.0,9.363030937130237e-08,5.261473323547003e-09
matrix_only_minus_fp16,44,45,1.0970263095266938e-06,0.0,1.1592799826364439e-07,6.662528635841632e-09
matrix_only_minus_fp16,45,46,9.550541637091015e-07,0.0,1.3416987142550216e-07,7.88226575424406e-09
matrix_only_minus_fp16,46,47,7.486768840172207e-07,0.0,1.4724448871468766e-07,8.83843035707576e-09
matrix_only_minus_fp16,47,48,5.746379499629688e-07,0.0,1.561485191573602e-07,9.57232301347802e-09
matrix_only_minus_fp16,48,49,3.500366542711524e-07,0.0,1.601054198739682e-07,1.0019368548945647e-08
matrix_only_minus_fp16,49,50,-7.857044781289628e-09,0.0,1.5674617058086304e-07,1.0009334008995086e-08
matrix_only_minus_fp16,50,51,2.9185301838413976e-09,0.0,1.5372994233778418e-07,1.0013061378323108e-08
matrix_only_minus_fp16,51,52,2.0620708035638497e-08,0.0,1.5117014937043526e-07,1.0039396893055725e-08
matrix_only_minus_fp16,52,53,2.9791713160289998e-08,0.0,1.4887999019665893e-07,1.0077445058011397e-08
matrix_only_minus_fp16,53,54,3.703854578195814e-08,0.0,1.4680885233712744e-07,1.0124748437043273e-08
matrix_only_minus_fp16,54,55,4.729546517691672e-08,0.0,1.4499951802512362e-07,1.0185151329989526e-08
matrix_only_minus_fp16,55,56,5.6580419923076e-08,0.0,1.4342060555901556e-07,1.0257412402688214e-08
matrix_only_minus_fp16,56,57,6.928829335249372e-08,0.0,1.4212003867819939e-07,1.0345903198796124e-08
matrix_only_minus_fp16,57,58,7.484813561375787e-08,0.0,1.409601782805366e-07,1.0441494687447155e-08
matrix_only_minus_fp16,58,59,7.633578739714148e-08,0.0,1.39864849621496e-07,1.0538986114518856e-08
matrix_only_minus_fp16,59,60,-4.281886617900159e-06,0.0,6.616899182946842e-08,5.0704208298443235e-09
matrix_only_minus_fp16,60,61,-4.605290404419236e-06,0.0,-1.041230974837919e-08,-8.111761106655563e-10
matrix_only_minus_fp16,61,62,-6.634818378120958e-06,0.0,-1.1725756891567885e-07,-9.28476280047521e-09
matrix_only_minus_fp16,62,63,-1.0566927048150803e-05,0.0,-2.831253384273475e-07,-2.2780199643579683e-08
matrix_only_minus_fp16,63,64,-2.773687079766292e-05,0.0,-7.120901112279033e-07,-5.8204044851322875e-08
matrix_only_minus_fp16,64,65,-8.793715807287744e-05,0.0,-2.054014233714819e-06,-1.7051203728156226e-07
matrix_only_minus_fp16,65,66,0.0010081432160430803,0.006254834239593188,1.325200440684269e-05,1.117027191381376e-06
matrix_only_minus_fp16,66,67,-0.0014707207338763943,0.008160488147859619,-8.89684243320563e-06,-7.612879221261522e-07
matrix_only_minus_fp16,67,68,0.00014436013464500362,0.002579199938493574,-6.643063358526081e-06,-5.769199340737849e-07
matrix_only_minus_fp16,68,69,-0.0010357787993118732,0.005697597373185094,-2.155807402451661e-05,-1.8997536496700464e-06
matrix_only_minus_fp16,69,70,0.0005763441192747536,0.021311874756678346,-1.3016614120241346e-05,-1.1636819775439262e-06
matrix_only_minus_fp16,70,71,-0.0011629631027116332,0.004586316386408599,-2.921304353702151e-05,-2.64894775367628e-06
matrix_only_minus_fp16,71,72,-0.0007062779477803368,0.016785598880965393,-3.8616722762623105e-05,-3.5509630126549983e-06
matrix_only_minus_fp16,72,73,0.0007209653058415193,0.008973344561461477,-2.8211489494073206e-05,-2.630189952831857e-06
matrix_only_minus_fp16,73,74,0.00024149151405157063,0.01641419319743687,-2.456685431102396e-05,-2.321771671795368e-06
matrix_only_minus_fp16,74,75,-0.0017171072182193517,0.00824927234289416,-4.713405916313499e-05,-4.514756624821359e-06
matrix_only_minus_fp16,75,76,0.0017530978165037684,0.010028638148928175,-2.3446797641202063e-05,-2.275806667600711e-06
matrix_only_minus_fp16,76,77,4.685241327929252e-05,0.00029151221579888756,-2.253382087600083e-05,-2.2159696136041685e-06
matrix_only_minus_fp16,77,78,-1.1012133501190084e-06,3.0341879681575876e-06,-2.225904385643825e-05,-2.2173760163501706e-06
matrix_only_minus_fp16,78,79,-2.0240251423768944e-07,2.771601010936078e-07,-2.1979845864764825e-05,-2.2176345125369363e-06
matrix_only_minus_fp16,79,80,-2.3277147108471502e-07,2.807150359210105e-07,-2.170800743484381e-05,-2.2179317941092015e-06
matrix_only_minus_fp16,80,81,-2.1746056092727196e-07,3.418407748196102e-07,-2.144269204133868e-05,-2.2182095215177945e-06
matrix_only_minus_fp16,81,82,-2.5533254353925496e-07,2.1109826950389437e-07,-2.1184309608438685e-05,-2.218535616720271e-06
matrix_only_minus_fp16,82,83,-3.5750890976137816e-07,2.2707020454081953e-07,-2.0933384298816075e-05,-2.2189922053661993e-06
matrix_only_minus_fp16,83,84,-4.499702631402992e-07,3.8442214617985744e-07,-2.0689534131724688e-05,-2.2195668800317676e-06
matrix_only_minus_fp16,84,85,-5.006150122233362e-07,3.6467916175562447e-07,-2.0452017436201144e-05,-2.2202062350920786e-06
matrix_only_minus_fp16,85,86,-1.8300572423245053e-06,1.4059302486957944e-06,-2.023548301534212e-05,-2.222543472949454e-06
matrix_only_minus_fp16,86,87,-1.4795775210239332e-06,3.4456684560152575e-07,-2.0019897894717768e-05,-2.2244330994130854e-06
matrix_only_minus_fp16,87,88,-4.849422553889972e-06,2.318661805744872e-06,-1.9847506129481084e-05,-2.2306264870936593e-06
matrix_only_minus_fp16,88,89,-2.3710996387045847e-05,6.5606425066350945e-06,-1.989091613237507e-05,-2.2609087302444206e-06
matrix_only_minus_fp16,89,90,-4.097465640528454e-05,1.5078756876473141e-05,-2.0125179913185174e-05,-2.3132390704810544e-06
matrix_only_minus_fp16,90,91,-3.693111282783616e-05,1.0741194934595361e-05,-2.030986049466485e-05,-2.36040524267497e-06
matrix_only_minus_fp16,91,92,7.065835169482715e-05,0.0006778101532504422,-1.9321075579561686e-05,-2.270164691340581e-06
matrix_only_minus_fp16,92,93,-0.0018445545312695613,0.010042051084440137,-3.8947241769776716e-05,-4.625917604839381e-06
matrix_only_minus_fp16,93,94,0.00012831441337904554,0.0008975585147251731,-3.716786245968287e-05,-4.462042236539196e-06
matrix_only_minus_fp16,94,95,0.004378777502715905,0.021664220253485175,9.315772963218029e-06,1.1302661960481644e-06
matrix_only_minus_fp16,95,96,-0.0009661392085992037,0.007977449208375731,-8.452164280571692e-07,-1.0362806780777554e-07
matrix_only_minus_fp16,96,97,0.0003130287194705041,0.0033718671227317555,2.390597344092943e-06,2.96153183112408e-07
matrix_only_minus_fp16,97,98,-0.00023922240607782467,0.005436794299700489,-7.484146633479885e-08,-9.36713116323153e-09
matrix_only_minus_fp16,98,99,-0.0030050735566971255,0.017722348301049958,-3.0428363842403415e-05,-3.847264393867099e-06
matrix_only_minus_fp16,99,100,0.002767732401110646,0.012204034808514676,-2.446756192872896e-06,-3.124848266759765e-07
matrix_only_minus_fp16,100,101,-0.0005009288258260875,0.028828685136294538,-7.382222228845344e-06,-9.522406706428859e-07
matrix_only_minus_fp16,101,102,0.000939204150125565,0.010605908909862832,1.898036323648872e-06,2.4725377396192203e-07
matrix_only_minus_fp16,102,103,-0.005662378593152685,0.022157547296535345,-5.309494066155819e-05,-6.984391938876748e-06
matrix_only_minus_fp16,103,104,0.00012552498219759836,0.0007822564316382182,-5.1377441403297065e-05,-6.82407906250689e-06
matrix_only_minus_fp16,104,105,2.2745864208634168e-06,1.9718593586389812e-05,-5.086646970973363e-05,-6.821174099006426e-06
matrix_only_minus_fp16,105,106,6.924653409607717e-07,7.790427899017175e-06,-5.038006466208556e-05,-6.820289724369182e-06
matrix_only_minus_fp16,106,107,-1.4499022724798434e-06,5.942523975531284e-07,-4.992277342479952e-05,-6.822141451409385e-06
matrix_only_minus_fp16,107,108,-6.107136286179745e-07,5.270354740880462e-07,-4.9466180278538575e-05,-6.8229214177294584e-06
matrix_only_minus_fp16,108,109,-3.9703182974796193e-07,6.052235352275656e-07,-4.901600460469649e-05,-6.823428482646127e-06
matrix_only_minus_fp16,109,110,-4.163717330810186e-07,6.20843867891857e-07,-4.857418976040908e-05,-6.823960247311621e-06
matrix_only_minus_fp16,110,111,-4.940758687898906e-07,8.196634246927412e-07,-4.814103558120528e-05,-6.824591250975461e-06
matrix_only_minus_fp16,111,112,-3.2279755826390835e-07,4.227617740216162e-07,-4.7714087027429064e-05,-6.825003508393429e-06
matrix_only_minus_fp16,112,113,-5.75621117751761e-07,1.0093460428385558e-06,-4.7296932461856666e-05,-6.825738656691958e-06
matrix_only_minus_fp16,113,114,-1.0107288930201727e-06,1.3360810914095545e-06,-4.689091313230548e-05,-6.82702949819007e-06
matrix_only_minus_fp16,114,115,-4.27280604523073e-06,2.123672190836086e-06,-4.6520320896765664e-05,-6.832486466319351e-06
matrix_only_minus_fp16,115,116,-4.517859415122409e-05,1.9318199180857026e-05,-4.650875428689035e-05,-6.890185820280052e-06
matrix_only_minus_fp16,116,117,6.981314679246401e-05,3.559479457912483e-05,-4.551455000416082e-05,-6.80102471326541e-06
matrix_only_minus_fp16,117,118,1.7375833079553945e-05,9.309998501614722e-06,-4.4981580655993734e-05,-6.778833355564829e-06
matrix_only_minus_fp16,118,119,-5.2329889665894564e-05,0.00042457190651719713,-4.504333115187522e-05,-6.84566590941654e-06
matrix_only_minus_fp16,119,120,0.0005622539983666579,0.003045433604890618,-3.998252007255415e-05,-6.127589283150061e-06
matrix_only_minus_fp16,120,121,0.015379333835223167,0.0649128965569141,8.744984650013774e-05,1.3513960953405703e-05
matrix_only_minus_fp16,121,122,-0.00023392548793858305,0.0013248858128390411,8.481562244736137e-05,1.3215205540968185e-05
matrix_only_minus_fp16,122,123,0.0035903099034845904,0.021324741654623336,0.00011331557595172903,1.7800531088202644e-05
matrix_only_minus_fp16,123,124,-0.004119749335742856,0.03137030520013096,7.917795569612759e-05,1.2539037683677933e-05
matrix_only_minus_fp16,124,125,0.007634638135407326,0.036201784124282745,0.00013962163713381715,2.2289533386624703e-05
matrix_only_minus_fp16,125,126,0.011140125761023852,0.027638462099741783,0.0002269272254186587,3.651702478001404e-05
matrix_only_minus_fp16,126,127,-0.017325415892522775,0.12559718820402518,8.871979929313565e-05,1.4390056845757633e-05
matrix_only_minus_fp16,127,128,0.0015066585382407273,0.03561980591285497,9.979744569116363e-05,1.6314269538274512e-05
matrix_only_minus_fp16,128,129,0.004163191086897219,0.020156275030001638,0.0001312966212043889,2.1631244106470206e-05
matrix_only_minus_fp16,129,130,0.0020566977871938705,0.015129295663486928,0.00014610739940430797,2.425793348985956e-05
matrix_only_minus_fp16,130,131,0.012454312196548101,0.04953366258810485,0.00024006316121456594,4.016382390690695e-05
matrix_only_minus_fp16,131,132,0.001333428652842408,0.01037809238232202,0.00024834623312083756,4.186679792075422e-05
matrix_only_minus_fp16,132,133,-0.004899805627607645,0.01996862510447706,0.00020963832439355567,3.5609064041306394e-05
matrix_only_minus_fp16,133,134,-0.0034092305293646295,0.014647710108226956,0.00018263184041028568,3.1255002062552086e-05
matrix_only_minus_fp16,134,135,0.0005798614921661254,0.003532045232298012,0.00018557428227514373,3.1995565909507536e-05
matrix_only_minus_fp16,135,136,-5.176971139701191e-06,2.9676785499863267e-06,0.0001841716995294464,3.198895419668545e-05
matrix_only_minus_fp16,136,137,-3.0563979202530377e-06,1.960476014577547e-06,0.00018280507108090838,3.198505075106571e-05
matrix_only_minus_fp16,137,138,-2.872190795776552e-06,1.2338308166078526e-06,0.00018145958367600488,3.198138256358707e-05
matrix_only_minus_fp16,138,139,-1.8941311540360139e-06,1.7297723309405601e-06,0.00018014049220240746,3.197896349442482e-05
matrix_only_minus_fp16,139,140,-2.1439520054015097e-06,4.1352773931834475e-06,0.00017883846045806597,3.197622536925828e-05
matrix_only_minus_fp16,140,141,-9.336724666243341e-07,3.0698918410052173e-06,0.0001775634807919334,3.197503293954356e-05
matrix_only_minus_fp16,141,142,-3.575381281336974e-06,3.624141607093363e-06,0.000176287855002685,3.1970466679925e-05
matrix_only_minus_fp16,142,143,-1.6505400992660865e-05,1.0985441014062636e-05,0.00017493965041530496,3.194938698517064e-05
matrix_only_minus_fp16,143,144,-8.475410546457504e-05,0.00026094565621598,0.00017313622155502802,3.184114419402814e-05
matrix_only_minus_fp16,144,145,-0.00011072553796962281,0.00011481105189495068,0.00017117855424796146,3.169973226814101e-05
matrix_only_minus_fp16,145,146,0.000736590366750995,0.005082415828931434,0.00017505123789524253,3.264046070588175e-05
matrix_only_minus_fp16,146,147,0.0007847828681320911,0.008496015316702682,0.00017919907211454085,3.3642737676676255e-05
matrix_only_minus_fp16,147,148,-0.00019902529071636572,0.024465785685571704,0.00017664350209541308,3.338855467448421e-05
matrix_only_minus_fp16,148,149,0.007099764880104137,0.055232503149592486,0.0002231074039612435,4.2455942771679795e-05
matrix_only_minus_fp16,149,150,-0.0029737231252215815,0.028626522839319775,0.00020179520043335796,3.86580843742065e-05
matrix_only_minus_fp16,150,151,0.0017811471362299543,0.02872401893074886,0.00021225448477638173,4.093285721741206e-05
matrix_only_minus_fp16,151,152,0.010240112393976307,0.06010146755989203,0.00027822723417901286,5.401090625186456e-05
matrix_only_minus_fp16,152,153,-0.005320339359398131,0.020807253704562014,0.00024163529565890082,4.7216092255187515e-05
matrix_only_minus_fp16,153,154,0.003821986559450232,0.02851782346278163,0.000264884329839364,5.2097301143374275e-05
matrix_only_minus_fp16,154,155,0.01288522685684199,0.04654960819735338,0.0003463058945297035,6.855352956845982e-05
matrix_only_minus_fp16,155,156,0.006809419544962879,0.04810005887105584,0.0003877361102376085,7.725010625423617e-05
matrix_only_minus_fp16,156,157,0.04176825367656099,0.1690955297420621,0.000651306285819286,0.00013059398068151714
matrix_only_minus_fp16,157,158,-0.004886541230456211,0.04957665367306779,0.0006162566179947576,0.00012435318728374418
matrix_only_minus_fp16,158,159,0.002865460167968903,0.02506340193356426,0.0006304025522713244,0.00012801277881371723
matrix_only_minus_fp16,159,160,-0.0010615910306453378,0.04117713687538017,0.0006198275923780955,0.00012665697928543456
matrix_only_minus_fp16,160,161,-0.0012886506209087711,0.006958244984690251,0.0006079736904322143,0.0001250111930518346
matrix_only_minus_fp16,161,162,-0.0029615927508978403,0.02563955446961053,0.0005859393296832632,0.00012122882683101998
matrix_only_minus_fp16,162,163,0.0006189780040082178,0.0035919468349862407,0.0005861420209367905,0.00012201934790893595
matrix_only_minus_fp16,163,164,-6.5420708411630894e-06,2.209432579940047e-05,0.0005825280935479007,0.00012201099277376208
matrix_only_minus_fp16,164,165,-7.436733390102878e-06,1.1046583106489352e-05,0.0005789525491422156,0.00012200149502996881
matrix_only_minus_fp16,165,166,-3.552701342459541e-06,3.597998321208518e-06,0.0005754434813682116,0.00012199695773578944
matrix_only_minus_fp16,166,167,-3.169417422765212e-06,2.722898983442283e-06,0.0005719787334712595,0.00012199290994853173
matrix_only_minus_fp16,167,168,-2.8467164350374793e-06,3.8210445859867915e-06,0.0005685571534122936,0.00012198927429535802
matrix_only_minus_fp16,168,169,-2.5297226574987093e-06,2.3588285631197033e-06,0.0005651779411278571,0.00012198604348736636
matrix_only_minus_fp16,169,170,-8.040111327805523e-06,7.597308193180121e-06,0.000561806070231059,0.00012197577514595152
matrix_only_minus_fp16,170,171,-4.7392317183264574e-05,7.380457464083131e-05,0.0005582435065619695,0.00012191524855951057
matrix_only_minus_fp16,171,172,-2.4128991945631134e-05,0.000326059186584037,0.0005548576199427391,0.00012188443247784309
matrix_only_minus_fp16,172,173,0.0022379604404997072,0.013701309305048589,0.0005645865379806407,0.00012474261950274693
matrix_only_minus_fp16,173,174,-0.002345299945711475,0.03597233451117751,0.0005478630524421804,0.00012174734498715119
matrix_only_minus_fp16,174,175,-0.026862671406720773,0.148802845692698,0.0003912314269612492,8.743997409734177e-05
matrix_only_minus_fp16,175,176,0.006904355719699201,0.022902030947841216,0.00042823781498816933,9.625779749414789e-05
matrix_only_minus_fp16,176,177,0.002523736638325128,0.014599537996314709,0.0004400767913912031,9.94809605060574e-05
matrix_only_minus_fp16,177,178,0.004083684537841658,0.036633703058251185,0.0004605464978319358,0.0001046963941431476
matrix_only_minus_fp16,178,179,-0.009209995893603808,0.03747150758176652,0.0004065211213434681,9.293394728030753e-05
matrix_only_minus_fp16,179,180,-0.016047905443567403,0.15356392558106965,0.00031510764042729655,7.243853802926357e-05
matrix_only_minus_fp16,180,181,-0.03146590789823708,0.11305071521848105,0.00013952191921920608,3.2252193331642784e-05
matrix_only_minus_fp16,181,182,-0.005488711082036979,0.05443556727401428,0.00010859756206944688,2.524234520643593e-05
matrix_only_minus_fp16,182,183,-0.018375883359352023,0.04943638366265624,7.589469602662856e-06,1.773784083380974e-06
matrix_only_minus_fp16,183,184,0.00033672334105204135,0.0486774205025195,9.378240643148551e-06,2.2038266645457646e-06
matrix_only_minus_fp16,184,185,0.007399807728036906,0.04095759128388618,4.932650814257425e-05,1.1654411246968373e-05
matrix_only_minus_fp16,185,186,-0.011832531154287895,0.06338471429073898,-1.4554447031783074e-05,-3.4573782221093893e-06
matrix_only_minus_fp16,186,187,0.010364647879521224,0.06834477120385853,4.0949308725184804e-05,9.779719963741454e-06
matrix_only_minus_fp16,187,188,-0.0063153191065383986,0.05307021516880363,7.139370346123206e-06,1.7141783206528258e-06
matrix_only_minus_fp16,188,189,0.009559275424599983,0.037107431530607214,5.767977274958276e-05,1.3922703767140667e-05
matrix_only_minus_fp16,189,190,-0.001476103941580212,0.00819548326146708,4.960722688468912e-05,1.2037513548008855e-05
matrix_only_minus_fp16,190,191,0.00029879414117489806,0.0019677402665511674,5.091187041500427e-05,1.2419115260875882e-05
matrix_only_minus_fp16,191,192,-3.292930067404483e-05,6.596743131537735e-05,5.047519764891559e-05,1.2377059959887348e-05
matrix_only_minus_fp16,192,193,-6.785086063494438e-06,1.7410186057541916e-05,5.017851224107925e-05,1.2368394460444822e-05
matrix_only_minus_fp16,193,194,-5.3423832310186395e-06,5.4359248646716085e-06,4.989232205823344e-05,1.2361571493355412e-05
matrix_only_minus_fp16,194,195,-4.155204986731424e-06,3.97255122073253e-06,4.9615155252874696e-05,1.2356264718148872e-05
matrix_only_minus_fp16,195,196,-7.760842135517228e-06,1.1098538064331415e-05,4.932242057232158e-05,1.234635304236913e-05
matrix_only_minus_fp16,196,197,-2.512475625408445e-05,5.093724193292519e-05,4.894451612142606e-05,1.2314265231061217e-05
matrix_only_minus_fp16,197,198,-0.00010622886284077755,0.00023839450659509154,4.816081218727355e-05,1.2178596185287564e-05
matrix_only_minus_fp16,198,199,-0.00033407803605523467,0.0007766458143637319,4.624001395489909e-05,1.1751932026851748e-05
matrix_only_minus_fp16,199,200,-0.00013613221783430503,0.000676371963776051,4.5328152795953214e-05,1.1578072233959953e-05
matrix_only_minus_fp16,200,201,0.004555640568620537,0.018720481511348037,6.776751804881178e-05,1.7396259422491915e-05
matrix_only_minus_fp16,201,202,-0.0011367393126217027,0.010410953904943177,6.180461294648253e-05,1.5944485076870336e-05
matrix_only_minus_fp16,202,203,0.014608452651525805,0.061372306834614754,0.00013346297766854816,3.460151272888286e-05
matrix_only_minus_fp16,203,204,0.012688472760101235,0.052640761177993524,0.00019500714326870834,5.080645878265198e-05
matrix_only_minus_fp16,204,205,0.003069264485235283,0.025377431029215133,0.0002090279107904966,5.4726336797001025e-05
matrix_only_minus_fp16,205,206,-0.014206506139677649,0.06842434646531768,0.00013904959015715598,3.65826507948584e-05
matrix_only_minus_fp16,206,207,-0.17064681868147225,0.9014238561048531,-0.0006860029135705223,-0.00018135709209335648
matrix_only_minus_fp16,207,208,-0.010392165559886703,0.02939485329316771,-0.0007326671570624271,-0.0001946293341877201
matrix_only_minus_fp16,208,209,-0.04228114908416639,0.2197543984057176,-0.0009314637213069436,-0.0002486282474497461
matrix_only_minus_fp16,209,210,0.00701265518205163,0.05443005136264165,-0.0008936345836719026,-0.00023967211056334553
matrix_only_minus_fp16,210,211,0.029970869719500835,0.16773664021115864,-0.0007473573120928848,-0.00020139513774150537
matrix_only_minus_fp16,211,212,-0.01559139708738457,0.051648809226443514,-0.0008173763676367137,-0.00022130752227200932
matrix_only_minus_fp16,212,213,-0.015130331032024637,0.08608946148661623,-0.0008845733378920558,-0.00024063106126565506
matrix_only_minus_fp16,213,214,0.017305598884216407,0.11283223909995489,-0.0007995725331158481,-0.0002185294024096954
matrix_only_minus_fp16,214,215,0.013582143017431322,0.08373734210200158,-0.000732680832880745,-0.00020118311503111133
matrix_only_minus_fp16,215,216,0.004118348887417349,0.06530718088651576,-0.0007102223619534392,-0.00019592341019405217
matrix_only_minus_fp16,216,217,-0.0012663254450560688,0.04983741580895472,-0.0007127850489723452,-0.00019754068407024127
matrix_only_minus_fp16,217,218,0.002585370397897076,0.010413345309976401,-0.0006976558955463386,-0.00019423880616743528
matrix_only_minus_fp16,218,219,-0.003371372908860552,0.013230086879238842,-0.0007098646490317918,-0.00019854451869471572
matrix_only_minus_fp16,219,220,-0.00027507637296348824,0.0015634982494925826,-0.0007078883386860269,-0.00019889582951586963
matrix_only_minus_fp16,220,221,-4.227532141640022e-06,6.799120430305013e-06,-0.0007047043531360523,-0.00019890122866292152
matrix_only_minus_fp16,221,222,-2.4790358676211785e-06,4.017892527130042e-06,-0.0007015411760312395,-0.00019890439473682652
matrix_only_minus_fp16,222,223,-2.1380598326717762e-06,3.1025147466935797e-06,-0.0006984048391872996,-0.00019890712533686823
matrix_only_minus_fp16,223,224,-2.4043322082817896e-06,3.969043917613729e-06,-0.0006952976940668576,-0.00019891019600380087
matrix_only_minus_fp16,224,225,2.2982144877975794e-06,2.4693733419300337e-05,-0.0006921972678066146,-0.0001989072608639697
matrix_only_minus_fp16,225,226,-4.10374066048454e-05,0.0001630419313627729,-0.0006893160294827132,-0.00019895967134494658
matrix_only_minus_fp16,226,227,-0.0008482477332336516,0.0030821792875075247,-0.0006900161691468142,-0.0002000430017833037
matrix_only_minus_fp16,227,228,-0.008279561446130245,0.043970335901383995,-0.0007233036484318289,-0.00021061715433263984
matrix_only_minus_fp16,228,229,0.020904259108809255,0.12397802827977301,-0.0006288601429416933,-0.00018391950540695755
matrix_only_minus_fp16,229,230,-0.015066306007979268,0.15068482400646555,-0.0006916316467027263,-0.00020316127553209076
matrix_only_minus_fp16,230,231,0.0004557833332715307,0.06564370383199561,-0.0006866644822872535,-0.0002025791767667376
matrix_only_minus_fp16,231,232,0.02440133717737544,0.08724330296056787,-0.0005785265440990519,-0.000171415272325645
matrix_only_minus_fp16,232,233,0.0026694388967706665,0.02884946685286357,-0.0005645867782584095,-0.0001680060272467553
matrix_only_minus_fp16,233,234,-0.012248225279057216,0.077061846539615,-0.0006145168573216521,-0.00018364871598118337
matrix_only_minus_fp16,234,235,-0.0023649483527337237,0.029755064804457703,-0.0006219655019829801,-0.00018666908424776543
matrix_only_minus_fp16,235,236,0.016389145697480005,0.08463643690824837,-0.0005498845223242385,-0.00016573786368904252
matrix_only_minus_fp16,236,237,-0.042477491568233904,0.1969321918270983,-0.0007267942566951655,-0.00021998753363570143
matrix_only_minus_fp16,237,238,0.004130335774265844,0.037104980856235315,-0.0007063861473213796,-0.00021471251987546406
matrix_only_minus_fp16,238,239,-0.012148650821308869,0.11726401042741288,-0.0007542617317313691,-0.0002302280381657691
matrix_only_minus_fp16,239,240,-0.002826093775010253,0.060778563293823556,-0.0007628943652450317,-0.00023383735333181046
matrix_only_minus_fp16,240,241,0.0031196945175571643,0.0768016526177046,-0.0007467840379304996,-0.00022985306914591365
matrix_only_minus_fp16,241,242,0.0578815945549609,0.30250531202231706,-0.0005045180106871464,-0.00015593021530816017
matrix_only_minus_fp16,242,243,0.00792813464366712,0.08285850295197879,-0.0004698157363893923,-0.00014580488370705277
matrix_only_minus_fp16,243,244,-0.04423422945797158,0.23105356921440953,-0.0006491780877073524,-0.00020229815249118004
matrix_only_minus_fp16,244,245,0.010846196755399998,0.04124208106129151,-0.0006022581903885469,-0.00018844604935529244
matrix_only_minus_fp16,245,246,-0.00455653528217467,0.01371910175464857,-0.0006183324875096288,-0.00019426537921758452
matrix_only_minus_fp16,246,247,-0.0009123252535716039,0.011887377055102307,-0.0006195227416232398,-0.00019543054556952775
matrix_only_minus_fp16,247,248,0.0019137118271481488,0.01079894339160572,-0.0006093080861040004,-0.00019298646916193115
matrix_only_minus_fp16,248,249,-8.549444124908025e-06,3.059259686265284e-05,-0.0006068954007948472,-0.0001929973879922311
matrix_only_minus_fp16,249,250,-1.96549989365226e-06,2.407095741599132e-06,-0.0006044756811912423,-0.00019299989820920893
matrix_only_minus_fp16,250,251,-1.453146260706862e-06,1.764825279082752e-06,-0.0006020732009723958,-0.00019300175407927373
matrix_only_minus_fp16,251,252,-1.5048642073670446e-06,1.7623423636386295e-06,-0.0005996899932868201,-0.0001930036760003559
matrix_only_minus_fp16,252,253,-2.160980478702466e-06,2.880798305988553e-06,-0.0005973282185326378,-0.00019300643587325333
matrix_only_minus_fp16,253,254,-1.6289299660719174e-06,1.3529463797132883e-05,-0.0005949829457430057,-0.0001930085162435804
matrix_only_minus_fp16,254,255,-4.082253400443474e-05,0.00018219980327095303,-0.0005928097676577563,-0.00019306065230233443
matrix_only_minus_fp16,255,256,0.0030774092418155014,0.021989701338950337,-0.0005784729746520017,-0.00018913037230001588
matrix_only_minus_fp16,256,257,0.00430591399881659,0.03598176561502259,-0.0005594675778680772,-0.00018363112070510324
matrix_only_minus_fp16,257,258,0.021521736330532778,0.13342382223049282,-0.0004738815162076089,-0.00015614486740940368
matrix_only_minus_fp16,258,259,-0.03272131347406667,0.16125238625943253,-0.0005983889755043619,-0.00019793453979007628
matrix_only_minus_fp16,259,260,0.024460265631336395,0.17710489922648046,-0.0005020095347088205,-0.00016669537550995317
matrix_only_minus_fp16,260,261,-0.03315046842036033,0.08555943589244164,-0.0006270994154967574,-0.00020903313849891914
matrix_only_minus_fp16,261,262,0.009375663663403748,0.07208713319695927,-0.000588920930462786,-0.00019705911083173683
matrix_only_minus_fp16,262,263,-0.01371724373726683,0.0583977168853429,-0.0006388385076749689,-0.00021457794063667535
matrix_only_minus_fp16,263,264,0.018262591853848383,0.09787002342339762,-0.0005672421805479861,-0.00019125406853725201
matrix_only_minus_fp16,264,265,-0.03143025686080771,0.14295806942951117,-0.0006837063868885888,-0.0002313948818971597
matrix_only_minus_fp16,265,266,0.007927072389142406,0.038249588657020474,-0.0006513350381065174,-0.00022127090694295482
matrix_only_minus_fp16,266,267,-0.01474817170234213,0.09274968288345445,-0.00070413217917107,-0.00024010637527289362
matrix_only_minus_fp16,267,268,-0.03060902897543976,0.11785026883895817,-0.000815717614978043,-0.0002791983663015524
matrix_only_minus_fp16,268,269,0.0500784115789661,0.18687791182493407,-0.0006265201086808527,-0.00021524126339099537
matrix_only_minus_fp16,269,270,0.021562097071132144,0.17140104823852026,-0.0005443400450519158,-0.00018770346381100542
matrix_only_minus_fp16,270,271,-0.01006177441741974,0.09360724586610869,-0.0005794597290827932,-0.00020055375042329112
matrix_only_minus_fp16,271,272,0.005036025318089997,0.04716328390129437,-0.0005588145634681875,-0.0001941220450362031
matrix_only_minus_fp16,272,273,0.006945021281145351,0.024503762325856812,-0.00053132798528279,-0.00018525228605645167
matrix_only_minus_fp16,273,274,0.0022971135252819446,0.007757803230192863,-0.0005210052060471524,-0.00018231855230768805
matrix_only_minus_fp16,274,275,0.0025363526733886903,0.010745413288994657,-0.0005098875410310218,-0.00017907927686274715
matrix_only_minus_fp16,275,276,-0.009917913115328825,0.0560427870333005,-0.0005439745902132603,-0.00019174583256559367
matrix_only_minus_fp16,276,277,-3.6496657516279914e-06,1.3077568350929764e-05,-0.000542023958717009,-0.00019175049369682184
matrix_only_minus_fp16,277,278,-1.2458071131417375e-06,2.31857404241457e-06,-0.0005400787135673549,-0.00019175208476593188
matrix_only_minus_fp16,278,279,-1.0416954372014735e-06,1.763990471754133e-06,-0.0005381466812443074,-0.00019175341515601757
matrix_only_minus_fp16,279,280,-1.0542469160555136e-06,1.8299173865060728e-06,-0.0005362284939788495,-0.00019175476157608923
matrix_only_minus_fp16,280,281,-1.259611631549724e-06,2.2153661452888013e-06,-0.0005343246901270796,-0.0001917563702754909
matrix_only_minus_fp16,281,282,-2.417099597587214e-06,4.024385188646717e-06,-0.0005324384929975425,-0.0001917594572481571
matrix_only_minus_fp16,282,283,-8.14102150381748e-05,0.00043686736548910276,-0.0005308447534994531,-0.00019186342942572828
matrix_only_minus_fp16,283,284,0.009475559710009837,0.03840215532774238,-0.0004956109349659696,-0.00017976182060068372
matrix_only_minus_fp16,284,285,-0.011705741218496156,0.06756558229631268,-0.0005349447254344964,-0.00019471168167156002
matrix_only_minus_fp16,285,286,0.0017085777722443277,0.11792602311943844,-0.0005271002411768781,-0.00019252959000841272
matrix_only_minus_fp16,286,287,-0.021294505234281547,0.09352376825055582,-0.0005994605373201,-0.00021972563756177357
matrix_only_minus_fp16,287,288,-0.003461151345296575,0.03449485370420261,-0.0006093969637366854,-0.00022414600965027512
matrix_only_minus_fp16,288,289,0.003676904527753327,0.0978898331174466,-0.0005945654706865467,-0.00021945009071316985
matrix_only_minus_fp16,289,290,0.0071211737641708375,0.09253963155261097,-0.0005679594733249698,-0.0002103553604907295
matrix_only_minus_fp16,290,291,-0.03246628387876783,0.09358230776272901,-0.0006775757083952199,-0.00025181932457600124
matrix_only_minus_fp16,291,292,-0.07778883006584847,0.46980975781530226,-0.0009416553466056762,-0.00035116648941105674
matrix_only_minus_fp16,292,293,-0.0507874534261792,0.27384547056850167,-0.0011117775243516613,-0.0004160291374649256
matrix_only_minus_fp16,293,294,-0.04831227525405378,0.336885025574127,-0.0012723234349969065,-0.0004777306384279572
matrix_only_minus_fp16,294,295,0.016836889215694616,0.08722196760774327,-0.0012109362734691385,-0.00045622758706691686
matrix_only_minus_fp16,295,296,0.03243305702498435,0.11506835410618141,-0.0010972741339473362,-0.0004148060582993761
matrix_only_minus_fp16,296,297,0.09499336957793642,0.2704945900666535,-0.0007737366130319025,-0.00029348630149485954
matrix_only_minus_fp16,297,298,0.015667117737588505,0.0511454399080358,-0.0007185659608486125,-0.0002734772111531118
matrix_only_minus_fp16,298,299,0.006362227155940927,0.04904678230326966,-0.0006948843785182125,-0.00026535176140095215
matrix_only_minus_fp16,299,300,0.002249885385878835,0.02296798150439669,-0.0006850684793035557,-0.0002624783445607493
matrix_only_minus_fp16,300,301,-0.0019526319012562283,0.07713804829896728,-0.0006892796534628669,-0.0002649721273209744
matrix_only_minus_fp16,301,302,0.008882006781647736,0.049348964813512884,-0.0006575866520221037,-0.00025362856821286754
matrix_only_minus_fp16,302,303,-0.003677489552738245,0.017247530008485147,-0.0006675533282620907,-0.0002583252343083186
matrix_only_minus_fp16,303,304,-0.0004347834902605168,0.00243498645804473,-0.0006667876380055066,-0.0002588805133507969
matrix_only_minus_fp16,304,305,-2.3697926591221632e-06,7.31964864922219e-06,-0.0006646092188404364,-0.00025888353990591713
matrix_only_minus_fp16,305,306,-1.0092926477811799e-06,2.15272959532397e-06,-0.0006624405916306565,-0.0002588848289131301
matrix_only_minus_fp16,306,307,-8.479341483878182e-07,1.8903694611415157e-06,-0.0006602855666877175,-0.000258885911843077
matrix_only_minus_fp16,307,308,-8.90934172828351e-07,1.8628206005706886e-06,-0.0006581446750237082,-0.00025888704969004105
matrix_only_minus_fp16,308,309,-1.4256248518178982e-06,3.152099460039861e-06,-0.0006560193706542196,-0.00025888887041143534
matrix_only_minus_fp16,309,310,-1.8889226872548731e-06,3.0591298199788236e-06,-0.0006539092724349717,-0.00025889128282866053
matrix_only_minus_fp16,310,311,-0.001233062792532401,0.006949951749369228,-0.0006557715024031308,-0.0002604660756671439
matrix_only_minus_fp16,311,312,0.0008078251391675393,0.004651823000027998,-0.0006510804875263013,-0.0002594343705085645
matrix_only_minus_fp16,312,313,-0.007033598181409084,0.037339221648764645,-0.0006714719178581951,-0.0002684172545205812
matrix_only_minus_fp16,313,314,-0.02597679968306809,0.13441527571655032,-0.0007520621336709655,-0.0003015932438987014
matrix_only_minus_fp16,314,315,0.006920641651353726,0.03020290975411307,-0.0007277043438772366,-0.0002927546211000377
matrix_only_minus_fp16,315,316,0.0036847323541343993,0.03473566587571471,-0.0007137409366050478,-0.0002880487049389465
matrix_only_minus_fp16,316,317,-0.024631065666328108,0.11691646681241183,-0.0007891899105158462,-0.000319506004640515
matrix_only_minus_fp16,317,318,0.007571470173315676,0.07722669318132715,-0.0007628985266044261,-0.0003098361832186558
matrix_only_minus_fp16,318,319,-0.01926585065555446,0.1494184173986058,-0.0008209015113346769,-0.0003344413564696832
matrix_only_minus_fp16,319,320,0.0335427137479352,0.1383669900246865,-0.0007135152136494589,-0.00029160264159364856
matrix_only_minus_fp16,320,321,0.0004237775078923074,0.09700387948383167,-0.0007099722456695777,-0.00029106141872277706
matrix_only_minus_fp16,321,322,-0.01203269428074175,0.05764819253638976,-0.0007451359786977524,-0.00030642884436867977
matrix_only_minus_fp16,322,323,-0.009078407057516032,0.04534081847727042,-0.0007709355795609669,-0.00031802323396959426
matrix_only_minus_fp16,323,324,-0.01122731102429102,0.06388079448092684,-0.0008032083432792693,-0.00033236207308107694
matrix_only_minus_fp16,324,325,0.019325153502168214,0.08525458975847085,-0.0007412749222163544,-0.000307681161839483
matrix_only_minus_fp16,325,326,-0.04798340970080431,0.23966000193515247,-0.0008861894460770532,-0.0003689626557102418
matrix_only_minus_fp16,326,327,0.014681743226540327,0.09206515252684175,-0.0008385810892800582,-0.0003502120257912887
matrix_only_minus_fp16,327,328,-0.008172611511748765,0.02506334828140246,-0.0008609409381290484,-0.0003606495883861148
matrix_only_minus_fp16,328,329,0.007744262083001602,0.05536499319430823,-0.0008347853058459767,-0.00035075908764154064
matrix_only_minus_fp16,329,330,0.0055080731015805864,0.05585204977389542,-0.0008155645227931687,-0.00034372451152202515
matrix_only_minus_fp16,330,331,0.040470721665101,0.21581216050128246,-0.0006908325403524008,-0.0002920377661004402
matrix_only_minus_fp16,331,332,-3.4059184088167894e-06,8.358151536551996e-06,-0.000688761978238113,-0.00029204211593237997
matrix_only_minus_fp16,332,333,-3.7856611495822534e-06,1.0326804610859182e-05,-0.0006867049923009102,-0.0002920469507486629
matrix_only_minus_fp16,333,334,-1.3976683790021158e-06,3.179572036925781e-06,-0.0006846531739658144,-0.0002920487357657497
matrix_only_minus_fp16,334,335,-1.319289046344749e-06,3.25677485294056e-06,-0.0006826133713242638,-0.0002920504206815177
matrix_only_minus_fp16,335,336,-1.232355179257155e-06,3.1779078257118287e-06,-0.0006805854516333561,-0.0002920519945706356
matrix_only_minus_fp16,336,337,-1.4652718792916825e-06,3.920609938508877e-06,-0.0006785702582216231,-0.0002920538659268033
matrix_only_minus_fp16,337,338,-2.4207284124843784e-06,5.581709729208356e-06,-0.0006765698158257381,-0.00029205695753397123
matrix_only_minus_fp16,338,339,7.15480933461776e-05,0.0004185954349346986,-0.0006743629783355554,-0.00029196558065868876
matrix_only_minus_fp16,339,340,0.0010010858904878504,0.005672903109111622,-0.0006694351875448981,-0.00029068705461719713
matrix_only_minus_fp16,340,341,-0.03572340647046961,0.20290798488308873,-0.0007722327572895453,-0.0003363108176701596
matrix_only_minus_fp16,341,342,0.043178856695832116,0.20907647471095683,-0.0006437207998242776,-0.0002811654068197994
matrix_only_minus_fp16,342,343,0.002428266654957849,0.02920075425701927,-0.0006347645681776821,-0.0002780641722668518
matrix_only_minus_fp16,343,344,0.021047088109803002,0.135125218219123,-0.0005717359266719248,-0.0002511841108239363
matrix_only_minus_fp16,344,345,0.0087389763153029,0.08240760664945794,-0.0005447483549560557,-0.0002400232215323617
matrix_only_minus_fp16,345,346,-0.025508445611221536,0.194164525112408,-0.0006168977689915051,-0.0002726010575620189
matrix_only_minus_fp16,346,347,0.004167049341155983,0.15193180141157034,-0.0006031111778959791,-0.00026727915546603413
matrix_only_minus_fp16,347,348,-0.019779772071177995,0.059737389924051094,-0.0006582165252904677,-0.0002925406779068745
matrix_only_minus_fp16,348,349,0.02980097180646324,0.22522996179299598,-0.0005709409140246979,-0.00025448068837116163
matrix_only_minus_fp16,349,350,-0.0003654934761304898,0.06879112931600534,-0.0005703539213450001,-0.00025494747441985957
matrix_only_minus_fp16,350,351,0.010638722959330426,0.08232081864560599,-0.0005384192293772638,-0.00024136034420360099
matrix_only_minus_fp16,351,352,0.020257438282785492,0.09111185513424379,-0.0004793400887177104,-0.00021548877551549688
matrix_only_minus_fp16,352,353,0.042179954730467116,0.08823692397349112,-0.000358492228040133,-0.000161619101530226
matrix_only_minus_fp16,353,354,-0.07477788091245964,0.18820231798840859,-0.000568716489860527,-0.0002571208651476712
matrix_only_minus_fp16,354,355,-0.04491261190239121,0.1821746637143651,-0.0006936288713042756,-0.0003144805227497035
matrix_only_minus_fp16,355,356,-0.0171985739417228,0.08387832840870546,-0.0007399910765582601,-0.000336445495855352
matrix_only_minus_fp16,356,357,-0.02065250085365481,0.13498174048453815,-0.0007957684148694548,-0.0003628216144423951
matrix_only_minus_fp16,357,358,-0.013847419611036877,0.08937790269186946,-0.0008322255411157325,-0.00038050669695968356
matrix_only_minus_fp16,358,359,0.004638689384426178,0.02675456498581325,-0.0008169862237743903,-0.0003745824448722939
matrix_only_minus_fp16,359,360,-4.899138279224232e-06,4.366137003859981e-05,-0.0008147304263146812,-0.0003745887017538764
matrix_only_minus_fp16,360,361,-2.8933073618666733e-06,8.74729355226865e-06,-0.0008124815700294936,-0.0003745923969101497
matrix_only_minus_fp16,361,362,-1.1379566557294385e-06,2.4044042481591113e-06,-0.000810240289329566,-0.0003745938502392118
matrix_only_minus_fp16,362,363,-7.000184509204301e-07,1.2558522456161436e-06,-0.0008080101508422972,-0.00037459474426022204
matrix_only_minus_fp16,363,364,-6.563856424316321e-07,1.074016644013415e-06,-0.0008057921459928467,-0.0003745955825560616
matrix_only_minus_fp16,364,365,-6.985865242593301e-07,1.1728200144690375e-06,-0.0008035864102134808,-0.000374596474748302
matrix_only_minus_fp16,365,366,-8.184121655006533e-07,1.2935683354679486e-06,-0.0008013930550275573,-0.00037459751997456704
matrix_only_minus_fp16,366,367,0.0006637643141578746,0.0037760614975139153,-0.0007974008006156079,-0.0003737498005439695
matrix_only_minus_fp16,367,368,0.010227523291980518,0.05790728447681242,-0.0007674417677552926,-0.00036068782954527166
matrix_only_minus_fp16,368,369,0.019112776113521406,0.10203799896080717,-0.0007135658385377403,-0.00033627815379364776
matrix_only_minus_fp16,369,370,0.011124808624657131,0.11096242696475062,-0.0006815702318804569,-0.00032207022451566933
matrix_only_minus_fp16,370,371,-0.05248615744873804,0.24471948447366942,-0.0008212052378558141,-0.00038910235407983024
matrix_only_minus_fp16,371,372,-0.011048904337795935,0.08769834930137847,-0.0008486990526405997,-0.0004032133430169899
matrix_only_minus_fp16,372,373,0.01576024289823118,0.2791510226844967,-0.0008041710581342409,-0.0003830853188813178
matrix_only_minus_fp16,373,374,-0.05543864851542829,0.23109841982130352,-0.0009502525486617647,-0.00045388819054853133
matrix_only_minus_fp16,374,375,0.004798009211356353,0.05192235900396834,-0.0009349238506350499,-0.0004477604648635296
matrix_only_minus_fp16,375,376,0.010703163325602724,0.08458408105782521,-0.0009039714911237792,-0.0004340910353289157
matrix_only_minus_fp16,376,377,-0.05807763538019679,0.3643798158332063,-0.0010556257719966523,-0.0005082642605909807
matrix_only_minus_fp16,377,378,0.012990802545452035,0.08594085023199574,-0.0010184659087229785,-0.0004916731973145414
matrix_only_minus_fp16,378,379,-0.010822248995204556,0.1182557721194172,-0.0010443334102704228,-0.0005054947158269353
matrix_only_minus_fp16,379,380,-0.00321308434337929,0.03714559448507531,-0.0010500406495680783,-0.0005095982718210342
matrix_only_minus_fp16,380,381,0.022036905348897413,0.0602480290239688,-0.000989444990779455,-0.0004814540759731447
matrix_only_minus_fp16,381,382,-0.0026270322435062443,0.10013871964064593,-0.0009937318684043938,-0.00048480916185246286
matrix_only_minus_fp16,382,383,-0.021050625552164717,0.13774979392216885,-0.0010460997370304,-0.0005116937411017155
matrix_only_minus_fp16,383,384,-0.07423004541130176,0.28956759856822495,-0.0012366829288904821,-0.0006064958425210027
matrix_only_minus_fp16,384,385,0.006997147485805873,0.05640761825603272,-0.0012152963563847772,-0.000597559511121506
matrix_only_minus_fp16,385,386,-0.00564440340961452,0.020403506109518552,-0.0012267707269889992,-0.0006047682000226739
matrix_only_minus_fp16,386,387,0.021638145430968838,0.11405419531960534,-0.0011676882562966018,-0.0005771332761006193
matrix_only_minus_fp16,387,388,-0.004062697722107523,0.022920881391873673,-0.0011751496208992074,-0.0005823219066524808
matrix_only_minus_fp16,388,389,-0.0022552797983991972,0.012740228037138809,-0.0011779263051601326,-0.0005852022129084184
matrix_only_minus_fp16,389,390,-3.0210597654814104e-05,0.00016471029001393579,-0.0011749834443716576,-0.0005852407960471859
matrix_only_minus_fp16,390,391,-1.2462280752724485e-06,3.461019357253547e-06,-0.001171981558907984,-0.000585242387653923
matrix_only_minus_fp16,391,392,-7.919463972628171e-07,2.071519051253655e-06,-0.00116899383030464,-0.0005852433990797177
matrix_only_minus_fp16,392,393,-8.970761104348304e-07,2.5056917070198956e-06,-0.0011660215739326446,-0.000585244544770791
matrix_only_minus_fp16,393,394,-1.930543180255542e-06,5.444839452811965e-06,-0.001163067028169314,-0.0005852470103431797
matrix_only_minus_fp16,394,395,0.0012158659601756786,0.006898776815337067,-0.0011570444130089466,-0.0005836941802535554
matrix_only_minus_fp16,395,396,0.004857370982098216,0.027514844935313993,-0.0011418564953445348,-0.0005774906413236727
matrix_only_minus_fp16,396,397,-0.0007630442657989709,0.026941505990332983,-0.0011409023083683491,-0.0005784651550730966
matrix_only_minus_fp16,397,398,0.007571864708213777,0.04887656730334693,-0.0011190109339548266,-0.0005687948297752502
matrix_only_minus_fp16,398,399,-0.01542149179665785,0.0681991913999251,-0.00115485675065333,-0.0005884902215972908
matrix_only_minus_fp16,399,400,0.009370419338164074,0.0601000619228517,-0.0011285435604312867,-0.0005765228916634926
matrix_only_minus_fp16,400,401,-0.046982959597429236,0.2447527352079905,-0.0012428937251120794,-0.0006365266714814099
matrix_only_minus_fp16,401,402,-0.01132291426753964,0.060130056585251064,-0.0012679684030783172,-0.000650987609243274
matrix_only_minus_fp16,402,403,-0.0001416807228237938,0.04606121330121781,-0.0012651736445665194,-0.0006511685552494347
matrix_only_minus_fp16,403,404,-0.012743358291964216,0.11985826592103865,-0.0012935849927036426,-0.0006674435977679075
matrix_only_minus_fp16,404,405,0.04823366662331579,0.24131225152234992,-0.0011712954825406317,-0.0006058424909692923
matrix_only_minus_fp16,405,406,0.019336109968592245,0.1849513171774012,-0.0011207846316757721,-0.0005811475867948448
matrix_only_minus_fp16,406,407,-0.0027553868332711607,0.09539809012999577,-0.001124800853301314,-0.0005846665993533011
matrix_only_minus_fp16,407,408,0.026190791274748444,0.0891165971644912,-0.0010578508725953095,-0.0005512173129232265
matrix_only_minus_fp16,408,409,-0.021792585987728826,0.1865016295148447,-0.0011085470464709416,-0.0005790494789356514
matrix_only_minus_fp16,409,410,-0.06235553175092002,0.4762791201682915,-0.001257929935993988,-0.0006586861733812708
matrix_only_minus_fp16,410,411,0.05796445189217411,0.2752831156859514,-0.0011138365495507569,-0.0005846574991894778
matrix_only_minus_fp16,411,412,0.003663207016417279,0.13530628808806258,-0.0011022417836139412,-0.0005799790738811542
matrix_only_minus_fp16,412,413,0.020197155372937356,0.10625805754280855,-0.001050669393404374,-0.0005541844948608
matrix_only_minus_fp16,413,414,0.012786079843278706,0.11349228416072496,-0.0010172472937988591,-0.0005378548909741094
matrix_only_minus_fp16,414,415,-0.004653694329028875,0.01714327488608719,-0.001026009816775317,-0.0005437983064645677
matrix_only_minus_fp16,415,416,-0.026898079624855343,0.172761932471838,-0.0010882022922755095,-0.0005781508985780485
matrix_only_minus_fp16,416,417,-6.147067806310556e-05,0.00029072413766660405,-0.0010857401061502995,-0.0005782294051911557
matrix_only_minus_fp16,417,418,-1.002536519435058e-05,5.412225665973497e-05,-0.0010831666259087781,-0.0005782422089781217
matrix_only_minus_fp16,418,419,-9.954191273784648e-07,3.1177501567542965e-06,-0.0010805838783985598,-0.0005782434802669178
matrix_only_minus_fp16,419,420,-8.034677164274303e-07,1.8953472024837062e-06,-0.0010780129726588408,-0.0005782445064070411
matrix_only_minus_fp16,420,421,-8.57636463334306e-07,1.794665247556362e-06,-0.0010754544089149084,-0.0005782456017281947
matrix_only_minus_fp16,421,422,-1.216687256444722e-05,6.331441204541756e-05,-0.0010729347702031775,-0.0005782611405181875
matrix_only_minus_fp16,422,423,-5.5571724510883044e-05,0.00021152100269381167,-0.0010705296566199806,-0.0005783321133464263
matrix_only_minus_fp16,423,424,-0.0027495268039241403,0.014366659746853397,-0.001074489555552302,-0.0005818436418316424
matrix_only_minus_fp16,424,425,0.009490876043194395,0.042537681222056534,-0.0010496298717905448,-0.0005697224719169624
matrix_only_minus_fp16,425,426,-0.011571582165516622,0.08762177824433695,-0.001074329290320418,-0.000584500993201147
matrix_only_minus_fp16,426,427,0.003546284934297191,0.2483726407908768,-0.0010635081797241242,-0.0005799718936682005
matrix_only_minus_fp16,427,428,-0.017093387295158222,0.0555978706517107,-0.0011009611683115868,-0.000601802528783345
matrix_only_minus_fp16,428,429,-0.009400781107333262,0.13820900500182112,-0.001120308067936346,-0.0006138086349229789
matrix_only_minus_fp16,429,430,-0.03974529291854842,0.19719526257342082,-0.0012101336141005599,-0.000664568906849605
matrix_only_minus_fp16,430,431,0.02589480298100584,0.10333844390122757,-0.001147245130121195,-0.0006314976386746296
matrix_only_minus_fp16,431,432,0.01792694553989866,0.10748566749799793,-0.0011030919109776304,-0.0006086024336428306
matrix_only_minus_fp16,432,433,0.008422929922126801,0.08564614727886347,-0.0010810918605547563,-0.000597845179591583
matrix_only_minus_fp16,433,434,-0.036054808754375625,0.20437883302539614,-0.0011616764616925923,-0.0006438921894950001
matrix_only_minus_fp16,434,435,0.006552411187774582,0.1235362922624173,-0.0011439429268662313,-0.0006355238482590173
matrix_only_minus_fp16,435,436,0.015545681983252123,0.14254033295942478,-0.0011056639706503635,-0.0006156698482804068
matrix_only_minus_fp16,436,437,-0.002113223465452756,0.09626016293148684,-0.0011079695987849226,-0.0006183687288237691
matrix_only_minus_fp16,437,438,0.0009853430070247918,0.14741773507795305,-0.0011031903462602431,-0.000617110308635998
matrix_only_minus_fp16,438,439,-0.044729924620978884,0.16836559450645153,-0.0012025678730819252,-0.0006742366491481037
matrix_only_minus_fp16,439,440,-0.009973522574194225,0.36913505421457204,-0.0012225018610389988,-0.0006869742258712126
matrix_only_minus_fp16,440,441,0.01805331710558389,0.12802174342925504,-0.0011787925209786295,-0.0006639176267580787
matrix_only_minus_fp16,441,442,0.044829164534628214,0.30139959812444805,-0.0010747021204003334,-0.0006066645430612356
matrix_only_minus_fp16,442,443,-0.008884754774970546,0.0328387319111635,-0.0010923320360991375,-0.0006180116117393588
matrix_only_minus_fp16,443,444,-0.004892798075864814,0.05521945118936216,-0.0011008916442968079,-0.0006242603959997226
matrix_only_minus_fp16,444,445,-0.001489107352913485,0.008100402852923093,-0.0011017640391476318,-0.0006261621933853081
matrix_only_minus_fp16,445,446,0.0032315760815638185,0.01828811647943354,-0.0010920480299083685,-0.0006220350208673465
matrix_only_minus_fp16,446,447,-9.205995670100848e-07,2.8318059082062762e-06,-0.0010896070289456363,-0.0006220361966011486
matrix_only_minus_fp16,447,448,-7.949950090254491e-07,1.5138705080273884e-06,-0.0010871766449413137,-0.000622037211920445
matrix_only_minus_fp16,448,449,-1.1913607813683883e-06,1.928051557098517e-06,-0.0010847579694754782,-0.0006220387334540099
matrix_only_minus_fp16,449,450,-9.052598491846242e-06,3.458008771183442e-05,-0.0010823675130955147,-0.0006220502948824798
matrix_only_minus_fp16,450,451,-4.913485723928652e-05,0.000176675182396725,-0.0010800765315969422,-0.000622113046935148
matrix_only_minus_fp16,451,452,0.005115488775688355,0.020872397941433606,-0.0010663695287047182,-0.0006155798556507442
matrix_only_minus_fp16,452,453,-0.0063595258696946206,0.040600188242583594,-0.0010780542005391332,-0.000623701855484326
matrix_only_minus_fp16,453,454,-0.0069755456789828175,0.029337202529448353,-0.0010910442698749121,-0.0006326105983693616
matrix_only_minus_fp16,454,455,-0.01540507556299725,0.05486439014436554,-0.0011225036793103458,-0.0006522850243757437
matrix_only_minus_fp16,455,456,0.040857009349552144,0.14925513275044838,-0.0010304433437207348,-0.0006001049358067115
matrix_only_minus_fp16,456,457,-0.05081259531772414,0.30596230516121725,-0.0011393758425697579,-0.00066499969355604
matrix_only_minus_fp16,457,458,0.011839576254252812,0.1399559690361698,-0.00111103751921425,-0.0006498789065135716
matrix_only_minus_fp16,458,459,0.03471470076407728,0.12951070872456874,-0.001032985801821458,-0.0006055434010677512
matrix_only_minus_fp16,459,460,-0.015572069012675022,0.06819566814213021,-0.0010645925044537484,-0.000625431100956225
matrix_only_minus_fp16,460,461,-0.0028594267672771866,0.07566880665144664,-0.0010684858542646448,-0.000629082986993616
matrix_only_minus_fp16,461,462,0.00324091662625349,0.08906649019652847,-0.0010591581432678526,-0.0006249438852998058
matrix_only_minus_fp16,462,463,0.025990607634687482,0.1866811215604178,-0.0010007353230130894,-0.0005917502612452878
matrix_only_minus_fp16,463,464,0.03665748596827152,0.14807239476370643,-0.0009195753633335968,-0.0005449335486421314
matrix_only_minus_fp16,464,465,0.07394055201090177,0.19929849520151766,-0.0007585858420986823,-0.00045050117059500293
matrix_only_minus_fp16,465,466,-0.0013756587780856186,0.20259780222255827,-0.0007599100329484399,-0.0004522580783575645
matrix_only_minus_fp16,466,467,0.014836707607683627,0.0732150362592312,-0.0007265125647672147,-0.0004333095373515827
matrix_only_minus_fp16,467,468,0.04012989409533438,0.2874651274379755,-0.0006392125505362286,-0.0003820580761825734
matrix_only_minus_fp16,468,469,0.00242042178300415,0.1500457336128644,-0.0006326888099529865,-0.00037896686062318096
matrix_only_minus_fp16,469,470,-0.05223004708602073,0.22341164503458458,-0.0007424704233063221,-0.00044567190160149607
matrix_only_minus_fp16,470,471,-0.013494634491400698,0.0997560051458521,-0.000769545081624994,-0.000462906428410437
matrix_only_minus_fp16,471,472,0.014723533596569001,0.05024973822995084,-0.0007367207623915319,-0.00044410242637139596
matrix_only_minus_fp16,472,473,-0.08784470138810964,0.49690267887468614,-0.0009208813979638744,-0.0005562923387444605
matrix_only_minus_fp16,473,474,1.5275218803361865e-05,9.008873868231559e-05,-0.0009189063840044501,-0.0005562728301636135
matrix_only_minus_fp16,474,475,-7.029043059760635e-07,1.6239612365034955e-06,-0.00091697332404719,-0.0005562737278702621
matrix_only_minus_fp16,475,476,-5.458283978465515e-07,1.340053461382166e-06,-0.0009150480561991872,-0.00055627442496911
matrix_only_minus_fp16,476,477,-9.015440084439219e-07,2.6375351604536537e-06,-0.0009131316064880952,-0.0005562755763663109
matrix_only_minus_fp16,477,478,-2.579628489919381e-06,8.773137038303098e-06,-0.0009112266860320322,-0.0005562788709109979
matrix_only_minus_fp16,478,479,-1.3013722715801102e-05,7.418706625805285e-05,-0.0009093515023925412,-0.0005562954912465227
matrix_only_minus_fp16,479,480,-0.000829751144870283,0.004952072864290556,-0.00090918566831437,-0.0005573551989666635
matrix_only_minus_fp16,480,481,0.02512117108907827,0.18387439026371352,-0.000855068502498585,-0.0005252719664135625
matrix_only_minus_fp16,481,482,-0.025643154924134062,0.09145521599589997,-0.0009064960676887,-0.0005580218449884462
matrix_only_minus_fp16,482,483,0.010393155836796852,0.054406620479852355,-0.0008831013432487715,-0.0005447483381726138
matrix_only_minus_fp16,483,484,0.06222083533265495,0.18235319579610323,-0.0007527213087944247,-0.00046528366980396114
matrix_only_minus_fp16,484,485,-0.013802431567320953,0.12666176840148602,-0.0007796279278841701,-0.00048291129632672096
matrix_only_minus_fp16,485,486,0.08402650541554593,0.2345688827661627,-0.000605129711128141,-0.0003755977517347082
matrix_only_minus_fp16,486,487,-0.029493710003757244,0.16450138508315976,-0.0006644491778481187,-0.0004132653251750113
matrix_only_minus_fp16,487,488,0.03112435796363469,0.09107976101143228,-0.0005993081796073753,-0.00037351518729042036
matrix_only_minus_fp16,488,489,0.043258969486144765,0.10892446825935068,-0.000509618450229559,-0.0003182674612544756
matrix_only_minus_fp16,489,490,-0.014504127787563074,0.08568874487890443,-0.0005381786733669742,-0.00033679125153233383
matrix_only_minus_fp16,490,491,-0.07213101461189432,0.45093943875825027,-0.0006839889298609199,-0.00042891259841853347
matrix_only_minus_fp16,491,492,-0.003460201861972212,0.11034507010058595,-0.0006896316390725286,-0.000433331757884654
matrix_only_minus_fp16,492,493,0.026367946481157003,0.09536296509107678,-0.0006347481134736856,-0.0003996562195945428
matrix_only_minus_fp16,493,494,0.06005612684442749,0.2644999028083872,-0.0005118920912916991,-0.0003229561853104718
matrix_only_minus_fp16,494,495,0.03335632104648984,0.2790769619038962,-0.00044347145869012074,-0.0002803555198615706
matrix_only_minus_fp16,495,496,-0.00703119789011938,0.1080011129399999,-0.00045675316520509863,-0.0002893353383674699
matrix_only_minus_fp16,496,497,0.09023504503720378,0.5311429461061562,-0.00027427469799703265,-0.00017409262439913823
matrix_only_minus_fp16,497,498,0.018208784264947764,0.05902202429218756,-0.00023716012176621992,-0.00015083747208119734
matrix_only_minus_fp16,498,499,0.06470559879542231,0.2642310213326674,-0.00010701431231293605,-6.819941487120701e-05
matrix_only_minus_fp16,499,500,-0.00807223971815857,0.045588405801680304,-0.00012294476312462742,-7.850878871304434e-05
matrix_only_minus_fp16,500,501,0.006108972024869472,0.03456204217628265,-0.00011050580745996852,-7.070678101844729e-05
matrix_only_minus_fp16,501,502,0.02777939315927855,0.1572368012776478,-5.494823979714274e-05,-3.522862883546061e-05
matrix_only_minus_fp16,502,503,-1.5069716270134e-06,5.80224854851586e-06,-5.48419947311982e-05,-3.523055344801111e-05
matrix_only_minus_fp16,503,504,-4.744242791553411e-07,9.170261966683932e-07,-5.4734122567602736e-05,-3.523115935385923e-05
matrix_only_minus_fp16,504,505,-9.8642422724047e-07,1.4713074491940574e-06,-5.4627691481780354e-05,-3.523241915491581e-05
matrix_only_minus_fp16,505,506,-2.8860024977892984e-06,8.01869376373116e-06,-5.452543517944039e-05,-3.5236104981860586e-05
matrix_only_minus_fp16,506,507,-6.491354564467459e-05,0.0002808501570110455,-5.454592454919435e-05,-3.5319008616145e-05
matrix_only_minus_fp16,507,508,-0.004096953734568068,0.029740753171786916,-6.250342023820791e-05,-4.055138886463553e-05
matrix_only_minus_fp16,508,509,-0.0015055498787106564,0.007261828560252079,-6.533848204267234e-05,-4.247418564459799e-05
matrix_only_minus_fp16,509,510,0.012736669841605774,0.05171662821809798,-4.023650493747944e-05,-2.6207685208319943e-05
matrix_only_minus_fp16,510,511,0.04067674760031604,0.17419767609567133,3.944448156986577e-05,2.5742184013028615e-05
matrix_only_minus_fp16,511,512,-0.010281096180926357,0.20414405273134376,1.9287175588427906e-05,1.261179297736282e-05
matrix_only_minus_fp16,512,513,-0.03464779638314694,0.11837266173810802,-4.828998534477939e-05,-3.16382662603727e-05
matrix_only_minus_fp16,513,514,-0.0022004702878707667,0.08363040514831548,-5.247710655591938e-05,-3.4448573141433665e-05
matrix_only_minus_fp16,514,515,-0.06256086095022068,0.5649579993386487,-0.00017385260916497717,-0.00011434750155806289
matrix_only_minus_fp16,515,516,-0.08446705237142332,0.5633746893684984,-0.0003372115234329198,-0.0002222236859404682
matrix_only_minus_fp16,516,517,-0.05274591678098606,0.27655570575052474,-0.0004385823266390188,-0.0002895875643325322
matrix_only_minus_fp16,517,518,0.050007836941479374,0.16318811553237667,-0.0003411954168550067,-0.00022572059505861236
matrix_only_minus_fp16,518,519,0.0023657042039023054,0.2248459692873312,-0.0003359798106493083,-0.00022269926146486718
matrix_only_minus_fp16,519,520,-0.127612486268344,0.5872375779559099,-0.0005807423230679518,-0.00038567817113069596
matrix_only_minus_fp16,520,521,0.011645307336157741,0.2780656626127437,-0.0005572758170041788,-0.00037080549254045616
matrix_only_minus_fp16,521,522,0.002135351714054292,0.16245770140235155,-0.000552117526714795,-0.0003680783511431967
matrix_only_minus_fp16,522,523,-0.06598494427010414,0.6375847513449375,-0.0006772280941017727,-0.00045235031061970256
matrix_only_minus_fp16,523,524,-0.0893165515155335,0.6191682226394963,-0.0008463871082648102,-0.0005664199804990556
matrix_only_minus_fp16,524,525,0.006508691783043877,0.5366338903585157,-0.0008323774341861269,-0.0005581074750290123
matrix_only_minus_fp16,525,526,-0.031394613715215874,0.13007841721722319,-0.0008904805449865637,-0.000598202767130182
matrix_only_minus_fp16,526,527,-0.0006032106490649763,0.0033584645165125565,-0.0008899354408197294,-0.0005989731511008906
matrix_only_minus_fp16,527,528,-0.00044605613645062116,0.002516420131352082,-0.0008890947603190308,-0.0005995428268817985
matrix_only_minus_fp16,528,529,-0.0011621226937139097,0.0065745154556231585,-0.00088961088117611,-0.000601027019338649
matrix_only_minus_fp16,529,530,0.0842211053392443,0.4764299292441745,-0.0007290246241564486,-0.0004934649435541735
matrix_only_minus_fp16,530,531,-4.2453276774193e-07,1.4126579129958535e-06,-0.0007276524959240784,-0.0004934654857416164
matrix_only_minus_fp16,531,532,-3.4821611570744977e-07,1.133207726841633e-06,-0.0007262853826161675,-0.0004934659304620704
matrix_only_minus_fp16,532,533,-1.1327753219633614e-07,1.218392165912707e-06,-0.0007249229584040027,-0.0004934660751332483
matrix_only_minus_fp16,533,534,-5.972865366260389e-07,1.797825779315166e-06,-0.0007235665432881467,-0.0004934668379513031
matrix_only_minus_fp16,534,535,-2.3866800948253798e-06,8.631511934207873e-06,-0.0007222185435438596,-0.0004934698860740292
matrix_only_minus_fp16,535,536,0.021776229759845958,0.0901967549146931,-0.0006802438265599235,-0.0004656586092415313
matrix_only_minus_fp16,536,537,-0.02970561777536888,0.1959637713897789,-0.0007342948022560296,-0.0005035968184054763
matrix_only_minus_fp16,537,538,0.01597688784497918,0.09576597034261786,-0.0007032331244730646,-0.0004831921085140597
matrix_only_minus_fp16,538,539,0.039925846933236586,0.3043729844825219,-0.0006278544972787982,-0.000432201243976082
matrix_only_minus_fp16,539,540,0.011276576131964691,0.18434892044784698,-0.0006058092553727918,-0.00041779948646399436
matrix_only_minus_fp16,540,541,-0.024885164183189024,0.14033260811016626,-0.000650687915128459,-0.00044958130534418435
matrix_only_minus_fp16,541,542,0.004635038773047139,0.07619465243487508,-0.0006409356518661424,-0.0004436617155957205
matrix_only_minus_fp16,542,543,0.01753002564427386,0.07028377209964226,-0.0006074716347461792,-0.0004212734325251281
matrix_only_minus_fp16,543,544,-0.018773636933111612,0.05575486544596259,-0.00064086532095641,-0.00044524998033242276
matrix_only_minus_fp16,544,545,0.011492564571114488,0.07694940289231891,-0.000618602146842518,-0.0004305723755161843
matrix_only_minus_fp16,545,546,0.019943992242632293,0.09177146158699923,-0.0005809417175577658,-0.00040510112105560683
matrix_only_minus_fp16,546,547,0.06422104793348733,0.3817979370746069,-0.0004624737291646303,-0.0003230819027497481
matrix_only_minus_fp16,547,548,0.042182547639946825,0.2507378548557248,-0.00038465434710420796,-0.00026920891725811744
matrix_only_minus_fp16,548,549,-0.07601076297008809,0.24733156891844785,-0.0005224068218273117,-0.00036628524289041394
matrix_only_minus_fp16,549,550,0.0036535776003423313,0.1640509614841616,-0.0005148141228779121,-0.0003616191156869114
matrix_only_minus_fp16,550,551,-0.018785581261771586,0.09171587782966784,-0.0005479734098813492,-0.00038561091806465315
matrix_only_minus_fp16,551,552,0.0014054918716682463,0.07166414902826847,-0.0005444345235017305,-0.00038381590928857626
matrix_only_minus_fp16,552,553,0.014138036964127076,0.7270028596461767,-0.0005178839421497796,-0.00036575966795508063
matrix_only_minus_fp16,553,554,0.004659243237612461,0.02494657678218418,-0.0005085389472404615,-0.0003598091657359077
matrix_only_minus_fp16,554,555,0.0008062324177252394,0.0045697567787528195,-0.0005061699898261089,-0.00035877949470433006
matrix_only_minus_fp16,555,556,0.00021024114396066488,0.0011923105891315192,-0.0005048814805926797,-0.00035851098749620675
matrix_only_minus_fp16,556,557,-0.0006197666042153386,0.003502810797914074,-0.0005050877375471184,-0.0003593025157263665
matrix_only_minus_fp16,557,558,-1.5813757558697494e-05,8.354284426625376e-05,-0.0005042109024575335,-0.0003593227120961733
matrix_only_minus_fp16,558,559,-4.42724283737839e-07,1.2832829878262324e-06,-0.0005033097071477414,-0.00035932327751671446
matrix_only_minus_fp16,559,560,-5.17299723896826e-07,1.2499856028371343e-06,-0.0005024118635630559,-0.0003593239381804742
matrix_only_minus_fp16,560,561,-5.435837736447101e-07,1.3379099073299712e-06,-0.0005015172676989038,-0.00035932463241262455
matrix_only_minus_fp16,561,562,-9.526234383806443e-07,3.747036973409313e-06,-0.0005006265832785111,-0.0003593258490453681
matrix_only_minus_fp16,562,563,-2.0291698435738305e-06,5.021600996071085e-06,-0.0004997409750841328,-0.0003593284405777354
matrix_only_minus_fp16,563,564,0.0023523481516335223,0.14020175697417078,-0.0004946840794693852,-0.0003563241645220093
matrix_only_minus_fp16,564,565,-0.012297190538272693,0.048281888007207244,-0.000515573471431869,-0.0003720293887088199
matrix_only_minus_fp16,565,566,-0.0041987917875275105,0.022657064632986078,-0.0005220809242871616,-0.00037739183032762895
matrix_only_minus_fp16,566,567,0.01983779274022835,0.24661767603948956,-0.00048617285785944455,-0.00035205620741545987
matrix_only_minus_fp16,567,568,-0.0028534201046830476,0.12179924164449277,-0.0004903405466742752,-0.0003557004221085419
matrix_only_minus_fp16,568,569,-0.03434513309607056,0.1096484614319631,-0.0005498393033515973,-0.0003995639381954775
matrix_only_minus_fp16,569,570,0.1240446568414349,0.33312629922920056,-0.000331252468009867,-0.0002411416433788304
matrix_only_minus_fp16,570,571,-0.04021181633932715,0.170813714371665,-0.0004010958373116485,-0.0002924977306576645
matrix_only_minus_fp16,571,572,0.002401518943398448,0.09636295086410922,-0.0003961961611215959,-0.00028943065665587846
matrix_only_minus_fp16,572,573,0.08731533861204549,0.3433581131956348,-0.00024312192940577197,-0.00017791681423947296
matrix_only_minus_fp16,573,574,-0.163762984778438,0.7489632589125385,-0.0005279997392472918,-0.00038706494294756764
matrix_only_minus_fp16,574,575,-0.06192495397007205,0.2025784312660861,-0.0006347770509530737,-0.0004661517296270975
matrix_only_minus_fp16,575,576,-0.00121677440467159,0.1048260315866581,-0.0006357874630255016,-0.00046770571992680573
matrix_only_minus_fp16,576,577,0.020855221831305785,0.0994130409306524,-0.0005985413463975445,-0.0004410706984308853
matrix_only_minus_fp16,577,578,-0.07861619816435395,0.36429460712803735,-0.0007335199914113097,-0.0005414745275041341
matrix_only_minus_fp16,578,579,-0.013325137463455095,0.08662313477968472,-0.0007552671718466186,-0.0005584925830130168
matrix_only_minus_fp16,579,580,0.03809541837495473,0.38673391736075197,-0.0006882832312486853,-0.0005098394305545817
matrix_only_minus_fp16,580,581,0.003260798991125967,0.49613135678048736,-0.0006814861878366807,-0.0005056749363130415
matrix_only_minus_fp16,581,582,0.0021733013845320133,0.01212713837938911,-0.0006765810545508237,-0.0005028993279036774
matrix_only_minus_fp16,582,583,8.176180524450863e-06,3.080315401701462e-05,-0.0006754065138388595,-0.0005028888857829567
matrix_only_minus_fp16,583,584,9.68267511248385e-06,5.531532585272411e-05,-0.000674233415912573,-0.0005028765196589306
matrix_only_minus_fp16,584,585,5.996067932268236e-07,4.418092872226935e-06,-0.0006730798551899989,-0.0005028757538775854
matrix_only_minus_fp16,585,586,-1.1538455228995518e-06,4.094741323880579e-06,-0.0006719332237741846,-0.0005028772274989427
matrix_only_minus_fp16,586,587,-7.129556208428593e-07,1.4166664272405677e-06,-0.0006707897480192385,-0.0005028781380425198
matrix_only_minus_fp16,587,588,-6.658838589981997e-07,1.1474973379986554e-06,-0.000669650081583592,-0.0005028789884689044
matrix_only_minus_fp16,588,589,-8.253437443806633e-07,1.3141799562831966e-06,-0.000668514555712897,-0.0005028800425477604
matrix_only_minus_fp16,589,590,-2.272165238698251e-06,5.876168420378302e-06,-0.0006673853313222626,-0.000502882944419074
matrix_only_minus_fp16,590,591,2.157423272431916e-06,2.6187744386342075e-05,-0.0006662524332603426,-0.0005028801890892241
matrix_only_minus_fp16,591,592,0.05695341402202149,0.2913433511686519,-0.0005689219155993938,-0.0004301427510023514
matrix_only_minus_fp16,592,593,-0.046737205846087496,0.26327009807314095,-0.0006467773691078055,-0.0004898326690688745
matrix_only_minus_fp16,593,594,0.0020237533239649886,0.03432870028771831,-0.0006422815261901744,-0.00048724805435116676
matrix_only_minus_fp16,594,595,-0.018843681381762928,0.14439793854277014,-0.0006728721141827338,-0.0005113140586701489
matrix_only_minus_fp16,595,596,-0.006692539326216042,0.05918227370942588,-0.0006829722269546018,-0.0005198613630459038
matrix_only_minus_fp16,596,597,-0.031553875800983,0.15312895008305494,-0.0007346822831925054,-0.0005601600550011823
matrix_only_minus_fp16,597,598,-0.00446176967670308,0.3332160278981108,-0.0007409148708070717,-0.0005658583559931404
matrix_only_minus_fp16,598,599,0.013316863231563668,0.08187956460289447,-0.0007174461260618782,-0.0005488508678302236
matrix_only_minus_fp16,599,600,0.11597580413799723,0.28978437932842427,-0.0005229573756217798,-0.00040073362116611476
matrix_only_minus_fp16,600,601,-0.04038720102255927,0.2145600056003198,-0.0005892872319394793,-0.00045231369910041767
matrix_only_minus_fp16,601,602,0.06883314182600195,0.2658934421172663,-0.00047396758234156977,-0.00036440419485265005
matrix_only_minus_fp16,602,603,-0.020930598243743197,0.09612310491899032,-0.000507892342974077,-0.00039113548252026623
matrix_only_minus_fp16,603,604,0.004030989688003717,0.10042226258803064,-0.0005003776376247758,-0.00038598734754197265
matrix_only_minus_fp16,604,605,-0.0209328670068678,0.1472592069282547,-0.0005341503473260037,-0.00041272153273592884
matrix_only_minus_fp16,605,606,-0.042691168619969674,0.5968650668601085,-0.0006037163840795415,-0.00046724409802324665
matrix_only_minus_fp16,606,607,-0.004781557536031288,0.037920623224695034,-0.0006105991536873696,-0.0004733508126286505
matrix_only_minus_fp16,607,608,-0.025604307081027178,0.18487367556464154,-0.0006517072259362837,-0.0005060510770999496
matrix_only_minus_fp16,608,609,-0.07682745734462805,0.3419122262847664,-0.0007767905594645132,-0.0006041704351390658
matrix_only_minus_fp16,609,610,0.00014472343199507613,0.0007406102783423299,-0.0007752798807899893,-0.0006039856031697234
matrix_only_minus_fp16,610,611,7.869960155744132e-06,2.7771221312023146e-05,-0.0007739981298228113,-0.0006039755521350418
matrix_only_minus_fp16,611,612,1.2472430921613796e-06,7.73063918258633e-06,-0.0007727313890173947,-0.0006039739592319866
matrix_only_minus_fp16,612,613,-4.78691495016139e-07,5.943989182399751e-06,-0.0007714715966886472,-0.0006039745705876638
matrix_only_minus_fp16,613,614,-9.947028593443033e-07,2.332882531700536e-06,-0.0007702167483273616,-0.0006039758409616858
matrix_only_minus_fp16,614,615,-7.627740256851667e-07,1.6994054823871523e-06,-0.0007689656036537004,-0.0006039768151303011
matrix_only_minus_fp16,615,616,-6.686491930019441e-07,1.207471752715967e-06,-0.0007677183683380176,-0.0006039776690884021
matrix_only_minus_fp16,616,617,-7.260160857719589e-07,1.356285060926646e-06,-0.0007664752689016284,-0.0006039785963120111
matrix_only_minus_fp16,617,618,-4.806552276725103e-07,3.7925074896512676e-06,-0.000765235795416719,-0.0006039792101756479
matrix_only_minus_fp16,618,619,-3.017548814860482e-06,7.88641714974139e-06,-0.0007640044250667967,-0.0006039830640055519
matrix_only_minus_fp16,619,620,0.048382314281243205,0.27369100379196426,-0.0006847361690888773,-0.0005421921134547942
matrix_only_minus_fp16,620,621,0.010593700222100431,0.06106529460462477,-0.0006665744357697318,-0.0005286624835415114
matrix_only_minus_fp16,621,622,0.24742864298768763,1.3775320992422504,-0.00026770752672880375,-0.00021266166235672532
matrix_only_minus_fp16,622,623,0.034960293260195965,0.13128784181014463,-0.0002111617790772392,-0.0001680125011048787
matrix_only_minus_fp16,623,624,0.03717178201082141,0.13885061864043932,-0.00015125321531137554,-0.00012053896086117283
matrix_only_minus_fp16,624,625,0.020603531004550008,0.09701918876072296,-0.00011804556055959731,-9.422538358843975e-05
matrix_only_minus_fp16,625,626,0.017422829450696124,0.11748800890200306,-9.002499344896509e-05,-7.197400497963237e-05
matrix_only_minus_fp16,626,627,0.02629441255392543,0.14012955934562946,-4.794455078967602e-05,-3.839237975111988e-05
matrix_only_minus_fp16,627,628,-0.024287865480574312,0.1689507182883237,-8.654315099633908e-05,-6.941136503920937e-05
matrix_only_minus_fp16,628,629,0.30425686663318413,1.7045186614915322,0.00039730964675275523,0.00031916700869410346
matrix_only_minus_fp16,629,630,0.016579224155020177,0.08559639314679174,0.00042299522533730677,0.00034034098590358014
matrix_only_minus_fp16,630,631,-0.01326898789213337,0.03582551263063331,0.0004012963614427415,0.00032339464121375463
matrix_only_minus_fp16,631,632,-0.006235631201997308,0.09122146679687249,0.0003907948937790704,0.00031543087211797257
matrix_only_minus_fp16,632,633,-0.031431570943779394,0.11526426396861564,0.0003405225938777142,0.0002752883804911789
matrix_only_minus_fp16,633,634,-0.01512588869394316,0.11725401230382758,0.0003161276233921922,0.00025597051498167287
matrix_only_minus_fp16,634,635,-0.023283818921629486,0.09690480891501684,0.00027896235324255175,0.00022623383692084337
matrix_only_minus_fp16,635,636,-0.009356554753376083,0.05613565340040275,0.00026381216911264846,0.00021428421399188305
matrix_only_minus_fp16,636,637,-0.0040362415559366755,0.018505683649222254,0.00025706169230723335,0.0002091293716471362
matrix_only_minus_fp16,637,638,-2.9893177446576994e-07,1.3737507934065033e-05,0.0002566583057491117,0.00020912898986964656
matrix_only_minus_fp16,638,639,-1.6186101491239723e-07,1.0542657025146025e-05,0.00025625639625495805,0.00020912878315059797
matrix_only_minus_fp16,639,640,1.4718785063455613e-07,5.900538313220381e-06,0.0002558562256168267,0.0002091289711299733
matrix_only_minus_fp16,640,641,7.499287120959046e-08,5.8454839281172365e-06,0.000255457190932356,0.00020912906690630928
matrix_only_minus_fp16,641,642,-7.722597958677632e-07,1.973678354542904e-06,0.0002550580796383868,0.00020912808062304513
matrix_only_minus_fp16,642,643,-5.599339750551501e-07,9.491602907294891e-07,0.00025466053995936127,0.00020912736550941162
matrix_only_minus_fp16,643,644,-1.2111784128257154e-06,3.783279379188171e-06,0.00025426322362648545,0.0002091258186659727
matrix_only_minus_fp16,644,645,-8.956685547649063e-07,2.2661926111091364e-06,0.00025386762844480917,0.00020912467477254395
matrix_only_minus_fp16,645,646,-8.632354117663639e-07,2.3599682661560397e-06,0.0002534733082221211,0.0002091235723007538
matrix_only_minus_fp16,646,647,-1.0646719623490398e-05,5.880567959276489e-05,0.0002530650856133948,0.00020910997495768383
matrix_only_minus_fp16,647,648,-4.1327533179739494e-05,0.000236505329663524,0.0002526107760164917,0.00020905719394468278
matrix_only_minus_fp16,648,649,0.001995911609712443,0.011319209952003513,0.0002552969098126335,0.00021160625091749572
matrix_only_minus_fp16,649,650,0.00047442562945319497,0.06751632357433121,0.0002556340309197729,0.00021221215849023293
matrix_only_minus_fp16,650,651,-0.007964618429863008,0.10763367051782283,0.0002430069150045918,0.00020204023201531195
matrix_only_minus_fp16,651,652,0.024259547570893304,0.0992999048336326,0.00027984210005963607,0.00023302305139065482
matrix_only_minus_fp16,652,653,-0.002605052490215368,0.04468317533939089,0.0002754241910393067,0.00022969603671605017
matrix_only_minus_fp16,653,654,0.02661260347626264,0.08728753167558045,0.00031569510737756865,0.00026368403604716463
matrix_only_minus_fp16,654,655,0.007183494577154746,0.22980152679889565,0.0003261802974077628,0.000272858358623352
matrix_only_minus_fp16,655,656,-0.06437541241946315,0.26152445921752215,0.0002275498207052155,0.0001906419953801039
matrix_only_minus_fp16,656,657,-0.016654750856216895,0.09910609851559984,0.00020185377705693192,0.00016937156005926473
matrix_only_minus_fp16,657,658,0.038571825880426236,0.17182968203973567,0.0002601668045696515,0.00021863315122200598
matrix_only_minus_fp16,658,659,0.0061808861931452914,0.1699682384107989,0.00026915120424882545,0.00022652700332053126
matrix_only_minus_fp16,659,660,-0.008695622398190089,0.14068564050231544,0.0002555682139420998,0.0002154214830163293
matrix_only_minus_fp16,660,661,0.1316708361958341,0.6050392642378656,0.00045438102480729214,0.00038358347049504484
matrix_only_minus_fp16,661,662,0.1871195188956781,1.112096011103585,0.0007363525321651029,0.0006225611446913131
matrix_only_minus_fp16,662,663,0.0033898225474729175,0.08492241882848854,0.0007403547493827618,0.000626890419975442
matrix_only_minus_fp16,663,664,0.005881340648474746,0.05050941104076774,0.0007480971980259727,0.0006344017107142348
matrix_only_minus_fp16,664,665,-0.010837151295526155,0.07678316590480168,0.0007306757717198794,0.0006205611598898082
matrix_only_minus_fp16,665,666,1.270466062849426e-05,3.977475225442759e-05,0.000729597737018541,0.0006205773855100234
matrix_only_minus_fp16,666,667,-1.3312866723426102e-06,8.331127928809226e-06,0.0007285018914058109,0.0006205756852716167
matrix_only_minus_fp16,667,668,2.1146250110759614e-07,1.4373476892074175e-06,0.0007274116362727199,0.0006205759553386678
matrix_only_minus_fp16,668,669,-5.123722748307198e-07,1.4302711104088657e-06,0.0007263235585319915,0.0006205753009679467
matrix_only_minus_fp16,669,670,-6.730930634526332e-07,9.359815431636992e-07,0.0007252384889027445,0.0006205744413344046
matrix_only_minus_fp16,670,671,-4.726202784316664e-07,8.548244592979008e-07,0.0007241569522273628,0.0006205738377325165
matrix_only_minus_fp16,671,672,-4.288267897567276e-07,6.738319557796202e-07,0.0007230786995800155,0.0006205732900610094
matrix_only_minus_fp16,672,673,-4.440659999289167e-07,7.403296573808252e-07,0.0007220036286058997,0.00062057272292691
matrix_only_minus_fp16,673,674,-3.4103865811593117e-07,7.109436775158356e-07,0.0007209319006129263,0.0006205722873730681
matrix_only_minus_fp16,674,675,-2.2890030056918477e-07,1.0253761902054527e-06,0.0007198635142412025,0.0006205719950355194
matrix_only_minus_fp16,675,676,5.953433931388894e-07,8.06186178412851e-06,0.000718799508071309,0.0006205727553719091
matrix_only_minus_fp16,676,677,-0.0006543125392268532,0.003706750453208812,0.0007167712775730841,0.0006197371071736627
matrix_only_minus_fp16,677,678,0.0001298477557657953,0.0011053247626207725,0.000715905608661864,0.0006199029408336447
matrix_only_minus_fp16,678,679,0.004534795909427613,0.03166083573869936,0.0007215298948191035,0.0006256945064906402
matrix_only_minus_fp16,679,680,-0.0021385502009090072,0.044203588041959854,0.0007173238946783272,0.0006229632801804119
matrix_only_minus_fp16,680,681,-0.009001418411515999,0.0642947266817927,0.0007030526137588055,0.0006114672157978883
matrix_only_minus_fp16,681,682,0.02080587604535471,0.13316836956866374,0.0007325288944502952,0.0006380392158558127
matrix_only_minus_fp16,682,683,0.02409768745768781,0.14776781827433638,0.0007667384970319024,0.0006688153173343414
matrix_only_minus_fp16,683,684,-0.003944604198396227,0.06691641791538798,0.0007598505691146096,0.0006637775086518428
matrix_only_minus_fp16,684,685,0.01595910141062251,0.09114204644598296,0.000782039256474475,0.0006841595027905688
matrix_only_minus_fp16,685,686,0.00566776565694793,0.0372154076541713,0.0007891613066209379,0.0006913980285337975
matrix_only_minus_fp16,686,687,-0.04916661252149693,0.13739807354285535,0.0007164454786324112,0.0006286054199495102
matrix_only_minus_fp16,687,688,0.002227393682759318,0.040708512580031456,0.0007186416242779442,0.0006314501117538003
matrix_only_minus_fp16,688,689,0.015358232234971769,0.06801987564286596,0.0007398892158754682,0.00065106471230932
matrix_only_minus_fp16,689,690,-0.008748216784808804,0.044263264294038526,0.0007261383376136066,0.0006398920216518373
matrix_only_minus_fp16,690,691,-0.010620428972970278,0.04535932355013539,0.0007097178349933696,0.0006263282554028332
matrix_only_minus_fp16,691,692,-0.006288791456396163,0.03563372627744615,0.0006996043822601475,0.0006182965932618417
matrix_only_minus_fp16,692,693,2.946914250313503e-05,9.723517314672821e-05,0.0006986373761421724,0.0006183342294591641
matrix_only_minus_fp16,693,694,6.468172093740242e-06,3.410416545673919e-05,0.0006976400141766846,0.0006183424902153501
matrix_only_minus_fp16,694,695,-9.963817899042176e-07,3.2857209662293725e-06,0.000696634781952272,0.0006183412176970997
matrix_only_minus_fp16,695,696,2.544640075637625e-09,1.746858374872139e-06,0.0006956338735653291,0.0006183412209469592
matrix_only_minus_fp16,696,697,-1.47906618529201e-07,1.1436070539875032e-06,0.0006946356213699435,0.0006183410320496176
matrix_only_minus_fp16,697,698,-4.211828568301516e-07,2.184861023991285e-06,0.0006936398379827992,0.0006183404941404774
matrix_only_minus_fp16,698,699,-3.948648703980094e-07,1.1398784225795124e-06,0.000692646941412194,0.0006183399898430697
matrix_only_minus_fp16,699,700,-1.9681229465073392e-07,9.222115511720475e-07,0.0006916571646211843,0.0006183397384863717
matrix_only_minus_fp16,700,701,-1.6879258705313309e-07,5.07389988420003e-07,0.000690670251700773,0.0006183395229147406
matrix_only_minus_fp16,701,702,-3.87361108078913e-07,1.1400199673717395e-06,0.0006896858391469141,0.0006183390282006816
matrix_only_minus_fp16,702,703,-1.1010156899701093e-07,2.0269346838938783e-06,0.0006887046215925531,0.0006183388875856511
matrix_only_minus_fp16,703,704,-1.029419756356226e-05,5.8898573187059296e-05,0.0006877117255426153,0.0006183257404623259
matrix_only_minus_fp16,704,705,-0.0020293948771677142,0.011572925054818611,0.0006838576736238774,0.0006157339206958283
matrix_only_minus_fp16,705,706,0.002152448922346787,0.011852531394267125,0.0006859378311999724,0.0006184828976081488
matrix_only_minus_fp16,706,707,-0.002285364735264676,0.012818055632103954,0.0006817351401582967,0.0006155641686997647
matrix_only_minus_fp16,707,708,-0.000934175307137353,0.008518968469815147,0.0006794527807694608,0.0006143710967877117
matrix_only_minus_fp16,708,709,0.0020276386100107555,0.09658342780114833,0.0006813543122634541,0.0006169606735565631
matrix_only_minus_fp16,709,710,-0.0037087559850766554,0.018017394714087663,0.0006751710583235386,0.000612224075874473
matrix_only_minus_fp16,710,711,-0.0048053351011287885,0.03960112280147816,0.0006674628921358419,0.0006060869940084082
matrix_only_minus_fp16,711,712,0.011933904504584725,0.06659214996578526,0.0006832865460859104,0.0006213282513578139
matrix_only_minus_fp16,712,713,-0.002402883508104375,0.04825057234034641,0.0006789581168373971,0.0006182594346169401
matrix_only_minus_fp16,713,714,-0.0005068942358089877,0.06299971450882857,0.0006772972592006374,0.0006176120601139913
matrix_only_minus_fp16,714,715,0.010700494207518535,0.10145250521479036,0.0006913157164710116,0.0006312780808132481
matrix_only_minus_fp16,715,716,0.028859062848375507,0.16829612679496314,0.0007306561454261857,0.0006681351214880575
matrix_only_minus_fp16,716,717,-0.010213893862675369,0.06826812898146467,0.00071539178000345,0.0006550905571679101
matrix_only_minus_fp16,717,718,-0.00582239965574196,0.03044524644984271,0.0007062862209007407,0.0006476545422819053
matrix_only_minus_fp16,718,719,-0.0015955653373476216,0.009042327489061388,0.000703084758371883,0.0006456167832303753
matrix_only_minus_fp16,719,720,1.6414081233184884e-06,1.614568475106898e-05,0.0007021105314965381,0.0006456188795370465
matrix_only_minus_fp16,720,721,5.625185491996096e-06,2.7094418604885562e-05,0.000701144532403605,0.0006456260636819914
matrix_only_minus_fp16,721,722,2.769714791983148e-06,1.5773962000201717e-05,0.0007001772542628691,0.000645629600993348
matrix_only_minus_fp16,722,723,3.743248186013839e-06,2.1812232849043365e-05,0.0006992139983761789,0.0006456343816423721
matrix_only_minus_fp16,723,724,2.968818093242474e-06,1.577321026773137e-05,0.0006982523337625283,0.0006456381732363607
matrix_only_minus_fp16,724,725,3.3023478173695802e-06,1.9950309138397895e-05,0.0006972937820577767,0.0006456423907942377
matrix_only_minus_fp16,725,726,2.6665622889243366e-06,1.5331709851778414e-05,0.0006963369952536872,0.0006456457963654877
matrix_only_minus_fp16,726,727,3.5860344656588186e-09,6.426872933586039e-07,0.0006953791776344033,0.0006456458009453527
matrix_only_minus_fp16,727,728,2.1918609570730226e-06,1.3419834435757666e-05,0.0006944269972543521,0.0006456486002569199
matrix_only_minus_fp16,728,729,1.7563262385482371e-06,1.1143222805434479e-05,0.000693476831724838,0.0006456508433300216
matrix_only_minus_fp16,729,730,2.1882449573826255e-06,1.3745676111857494e-05,0.0006925298610580331,0.0006456536380234536
matrix_only_minus_fp16,730,731,5.798462085237105e-06,3.400952839806159e-05,0.0006915904200197666,0.0006456610434667298
matrix_only_minus_fp16,731,732,1.7600135119708463e-05,9.989672359326062e-05,0.0006906696682644388,0.0006456835212893604
matrix_only_minus_fp16,732,733,4.561745293767175e-05,0.0001946019199126685,0.0006897896515996003,0.0006457417811270844
matrix_only_minus_fp16,733,734,0.0015543146613658811,0.008192099691160538,0.0006909674785883826,0.0006477268573229538
matrix_only_minus_fp16,734,735,-0.0016767896466330307,0.010405080838324149,0.0006877460403227753,0.0006455853635213791
matrix_only_minus_fp16,735,736,0.0007993074051126392,0.003091764241499478,0.0006878976182640658,0.000646606190347832
matrix_only_minus_fp16,736,737,0.004155567049683803,0.022392825267143278,0.0006926027328250154,0.0006519134279591779
matrix_only_minus_fp16,737,738,-0.006215628049007855,0.03559280376500909,0.0006832419865081685,0.0006439752056743657
matrix_only_minus_fp16,738,739,-0.0001049057855315889,0.001925292263290072,0.0006821754807273296,0.0006438412263824988
matrix_only_minus_fp16,739,740,0.005611351245099997,0.03133486370674371,0.0006888365290575628,0.0006510077030684501
matrix_only_minus_fp16,740,741,-0.0006137594748128958,0.003699827736045984,0.0006870786397136085,0.0006502238467787789
matrix_only_minus_fp16,741,742,-0.018691939135507492,0.07410166122384641,0.0006609613650839304,0.0006263516384320259
matrix_only_minus_fp16,742,743,-1.7321416204888132e-05,0.0002175599810520851,0.0006600484676663144,0.0006263295165722498
matrix_only_minus_fp16,743,744,-0.005651264610243209,0.03199451996106081,0.0006515655199809521,0.0006191120649627437
matrix_only_minus_fp16,744,745,-0.007557450094917553,0.042750346140200166,0.000640546707075048,0.0006094601491327085
matrix_only_minus_fp16,745,746,-1.5848332587926134e-06,6.5062783201833394e-06,0.0006396859409351905,0.0006094581250800155
matrix_only_minus_fp16,746,747,2.3690461998879406e-08,1.9828275241094542e-06,0.0006388296327016254,0.0006094581553360334
matrix_only_minus_fp16,747,748,2.179110957635142e-06,1.3520622093633237e-05,0.0006379784956404702,0.0006094609383640763
matrix_only_minus_fp16,748,749,5.152459804568818e-07,3.863175012309726e-06,0.0006371274098598827,0.0006094615964049198
matrix_only_minus_fp16,749,750,6.63014774971291e-07,4.158016002346721e-06,0.000636278790666436,0.0006094624431670843
matrix_only_minus_fp16,750,751,-5.606793104279654e-07,3.0391085627925045e-06,0.0006354308020246561,0.0006094617271015539
matrix_only_minus_fp16,751,752,-6.431979435135286e-07,1.7129733700482435e-06,0.0006345849589395918,0.0006094609056482414
matrix_only_minus_fp16,752,753,-7.997308185947879e-07,2.7608254657084823e-06,0.000633741154570723,0.000609459884280657
matrix_only_minus_fp16,753,754,-1.162511085265718e-06,4.030241229353208e-06,0.0006328991072687919,0.00060945839959217
matrix_only_minus_fp16,754,755,1.7892070552022858e-07,1.222510523978359e-06,0.0006320610672865888,0.0006094586280988181
matrix_only_minus_fp16,755,756,-3.076269469751939e-08,6.479572910915292e-07,0.000631224966982381,0.0006094585888105748
matrix_only_minus_fp16,756,757,-1.1915922658822691e-07,4.5724004296244895e-07,0.0006303909588896347,0.0006094584366276545
matrix_only_minus_fp16,757,758,-3.049741161151265e-08,4.5109934103531535e-07,0.0006295592683140393,0.0006094583976782143
matrix_only_minus_fp16,758,759,-4.414947448090851e-08,4.233817439238728e-07,0.0006287297512945553,0.0006094583412931896
matrix_only_minus_fp16,759,760,-7.453862140195847e-08,4.788426747813482e-07,0.0006279023772288763,0.0006094582460969936
matrix_only_minus_fp16,760,761,-4.982854523691927e-08,5.588507516257144e-07,0.0006270772100727997,0.0006094581824590046
matrix_only_minus_fp16,761,762,7.707065309377332e-08,1.0859869268905654e-06,0.0006262543752441651,0.0006094582808889576
matrix_only_minus_fp16,762,763,2.7290455103304943e-08,9.867457722727163e-07,0.0006254336320137729,0.0006094583157426677
matrix_only_minus_fp16,763,764,2.0318954210419736e-08,7.770781892360562e-07,0.000624615028200868,0.000609458341692801
matrix_only_minus_fp16,764,765,-6.66355894973859e-08,4.4889118411222816e-07,0.0006237984508625799,0.000609458256589877
matrix_only_minus_fp16,765,766,-1.1560103106518039e-07,4.014050571979576e-07,0.0006229839416564523,0.0006094581089512675
matrix_only_minus_fp16,766,767,-6.12128687546568e-08,5.38738042653839e-07,0.0006221716272437728,0.0006094580307739128
matrix_only_minus_fp16,767,768,-1.3097104649170416e-07,4.112683778886164e-07,0.0006213613374022488,0.000609457863505654
matrix_only_minus_fp16,768,769,-1.8168455965838128e-07,4.133014347141329e-07,0.0006205530889991774,0.0006094576314691793
matrix_only_minus_fp16,769,770,-1.3192672660076286e-07,4.810207703297888e-07,0.0006197470045631699,0.0006094574629803842
matrix_only_minus_fp16,770,771,-2.5286406664067034e-07,5.443320132484794e-07,0.0006189428542796035,0.0006094571400377705
matrix_only_minus_fp16,771,772,-1.965468421041115e-07,4.5535492447796643e-07,0.0006181408602366997,0.0006094568890200921
matrix_only_minus_fp16,772,773,-2.0063726299314007e-07,4.7344660459210786e-07,0.0006173409359191063,0.000609456632778377
matrix_only_minus_fp16,773,774,-1.741962717156173e-07,4.7308348001413584e-07,0.0006165431127509008,0.0006094564103054882
matrix_only_minus_fp16,774,775,-1.6387722067310626e-07,4.6833530655297624e-07,0.0006157473617960989,0.0006094562010114644
matrix_only_minus_fp16,775,776,-1.5520456517100981e-07,4.467325106343445e-07,0.0006149536729219222,0.0006094560027936291
matrix_only_minus_fp16,776,777,-1.4909362475408684e-07,4.5284255531380006e-07,0.0006141620348697387,0.0006094558123803154
matrix_only_minus_fp16,777,778,-1.5336635079606316e-07,4.5927532808259753e-07,0.0006133724263848791,0.0006094556165101352
matrix_only_minus_fp16,778,779,-1.8253747154940707e-07,4.754754484665733e-07,0.0006125848076892996,0.0006094553833843734
matrix_only_minus_fp16,779,780,-4.377011432540322e-08,5.035154220721071e-07,0.0006117993864357053,0.0006094553274838444
matrix_only_minus_fp16,780,781,-7.789575231377105e-08,6.814655480377486e-07,0.000611015932809344,0.0006094552280001247
matrix_only_minus_fp16,781,782,-2.0779416170093466e-07,7.777557654833803e-07,0.0006102343167901997,0.0006094549626180539
matrix_only_minus_fp16,782,783,-2.885347785908193e-07,9.530404453814769e-07,0.0006094545941189752,0.0006094545941189752
